3.660129904747009277e-01,7.114340662956237793e-01,-7.118485711998800980e-08,3.886357545852661133e-01,7.264001369476318359e-01,-5.857663229107856750e-03,3.959852457046508789e-01,7.548025846481323242e-01,-6.333817727863788605e-03,3.973107933998107910e-01,7.815777063369750977e-01,-4.769875667989253998e-03,4.006862938404083252e-01,8.005031347274780273e-01,-1.745753455907106400e-03,3.767311573028564453e-01,7.808741331100463867e-01,-5.380638875067234039e-03,3.825229406356811523e-01,8.133429288864135742e-01,-3.618910675868391991e-03,3.911718726158142090e-01,8.221861720085144043e-01,-7.145217387005686760e-04,3.980723619461059570e-01,8.235999941825866699e-01,2.069333568215370178e-03,3.633802235126495361e-01,7.812005281448364258e-01,-9.040180011652410030e-04,3.709406852722167969e-01,8.140500783920288086e-01,1.331259496510028839e-03,3.816394507884979248e-01,8.209271430969238281e-01,4.453463479876518250e-03,3.897252380847930908e-01,8.202635645866394043e-01,7.082737516611814499e-03,3.553299605846405029e-01,7.776193618774414062e-01,3.504210850223898888e-03,3.623783588409423828e-01,8.065503835678100586e-01,5.508083384484052658e-03,3.721778392791748047e-01,8.136523962020874023e-01,7.803680375218391418e-03,3.799627721309661865e-01,8.141280412673950195e-01,9.493191726505756378e-03,3.510314226150512695e-01,7.724900841712951660e-01,7.545780390501022339e-03,3.561344742774963379e-01,7.939416766166687012e-01,9.476357139647006989e-03,3.641555607318878174e-01,8.022840619087219238e-01,1.119622588157653809e-02,3.711400926113128662e-01,8.046339154243469238e-01,1.274919789284467697e-02,5.967797040939331055e-01,4.799350500106811523e-01,1.439037049522084999e-07,5.688377618789672852e-01,4.745016396045684814e-01,-3.663452574983239174e-03,5.442772507667541504e-01,4.531263709068298340e-01,-7.011393085122108459e-03,5.256850123405456543e-01,4.395308792591094971e-01,-1.075786817818880081e-02,5.078282356262207031e-01,4.342838823795318604e-01,-1.513786241412162781e-02,5.498182773590087891e-01,4.225029349327087402e-01,-1.075110025703907013e-02,5.316253304481506348e-01,3.975709080696105957e-01,-1.997390389442443848e-02,5.191580057144165039e-01,3.844395577907562256e-01,-2.634524740278720856e-02,5.072463154792785645e-01,3.726855516433715820e-01,-3.145674243569374084e-02,5.606826543807983398e-01,4.189656078815460205e-01,-1.665046252310276031e-02,5.457828044891357422e-01,3.891541361808776855e-01,-2.583118528127670288e-02,5.346329212188720703e-01,3.710030019283294678e-01,-3.305171802639961243e-02,5.244782567024230957e-01,3.552563488483428955e-01,-3.846342116594314575e-02,5.745308995246887207e-01,4.236940741539001465e-01,-2.301920764148235321e-02,5.688705444335937500e-01,3.946943879127502441e-01,-3.442900255322456360e-02,5.630469322204589844e-01,3.765500485897064209e-01,-4.164070263504981995e-02,5.557511448860168457e-01,3.592243194580078125e-01,-4.668165370821952820e-02,5.899446010589599609e-01,4.355639219284057617e-01,-2.927181310951709747e-02,5.957018733024597168e-01,4.132791161537170410e-01,-4.075822234153747559e-02,5.986362099647521973e-01,3.981975913047790527e-01,-4.569138959050178528e-02,5.996199846267700195e-01,3.830367922782897949e-01,-4.903734847903251648e-02
3.660129904747009277e-01,7.114340662956237793e-01,-7.118485711998800980e-08,3.886357545852661133e-01,7.264001369476318359e-01,-5.857663229107856750e-03,3.959852457046508789e-01,7.548025846481323242e-01,-6.333817727863788605e-03,3.973107933998107910e-01,7.815777063369750977e-01,-4.769875667989253998e-03,4.006862938404083252e-01,8.005031347274780273e-01,-1.745753455907106400e-03,3.767311573028564453e-01,7.808741331100463867e-01,-5.380638875067234039e-03,3.825229406356811523e-01,8.133429288864135742e-01,-3.618910675868391991e-03,3.911718726158142090e-01,8.221861720085144043e-01,-7.145217387005686760e-04,3.980723619461059570e-01,8.235999941825866699e-01,2.069333568215370178e-03,3.633802235126495361e-01,7.812005281448364258e-01,-9.040180011652410030e-04,3.709406852722167969e-01,8.140500783920288086e-01,1.331259496510028839e-03,3.816394507884979248e-01,8.209271430969238281e-01,4.453463479876518250e-03,3.897252380847930908e-01,8.202635645866394043e-01,7.082737516611814499e-03,3.553299605846405029e-01,7.776193618774414062e-01,3.504210850223898888e-03,3.623783588409423828e-01,8.065503835678100586e-01,5.508083384484052658e-03,3.721778392791748047e-01,8.136523962020874023e-01,7.803680375218391418e-03,3.799627721309661865e-01,8.141280412673950195e-01,9.493191726505756378e-03,3.510314226150512695e-01,7.724900841712951660e-01,7.545780390501022339e-03,3.561344742774963379e-01,7.939416766166687012e-01,9.476357139647006989e-03,3.641555607318878174e-01,8.022840619087219238e-01,1.119622588157653809e-02,3.711400926113128662e-01,8.046339154243469238e-01,1.274919789284467697e-02,5.967797040939331055e-01,4.799350500106811523e-01,1.439037049522084999e-07,5.688377618789672852e-01,4.745016396045684814e-01,-3.663452574983239174e-03,5.442772507667541504e-01,4.531263709068298340e-01,-7.011393085122108459e-03,5.256850123405456543e-01,4.395308792591094971e-01,-1.075786817818880081e-02,5.078282356262207031e-01,4.342838823795318604e-01,-1.513786241412162781e-02,5.498182773590087891e-01,4.225029349327087402e-01,-1.075110025703907013e-02,5.316253304481506348e-01,3.975709080696105957e-01,-1.997390389442443848e-02,5.191580057144165039e-01,3.844395577907562256e-01,-2.634524740278720856e-02,5.072463154792785645e-01,3.726855516433715820e-01,-3.145674243569374084e-02,5.606826543807983398e-01,4.189656078815460205e-01,-1.665046252310276031e-02,5.457828044891357422e-01,3.891541361808776855e-01,-2.583118528127670288e-02,5.346329212188720703e-01,3.710030019283294678e-01,-3.305171802639961243e-02,5.244782567024230957e-01,3.552563488483428955e-01,-3.846342116594314575e-02,5.745308995246887207e-01,4.236940741539001465e-01,-2.301920764148235321e-02,5.688705444335937500e-01,3.946943879127502441e-01,-3.442900255322456360e-02,5.630469322204589844e-01,3.765500485897064209e-01,-4.164070263504981995e-02,5.557511448860168457e-01,3.592243194580078125e-01,-4.668165370821952820e-02,5.899446010589599609e-01,4.355639219284057617e-01,-2.927181310951709747e-02,5.957018733024597168e-01,4.132791161537170410e-01,-4.075822234153747559e-02,5.986362099647521973e-01,3.981975913047790527e-01,-4.569138959050178528e-02,5.996199846267700195e-01,3.830367922782897949e-01,-4.903734847903251648e-02
-1.000000000000000000e+00,-1.000000000000000000e+00,-1.000000000000000000e+00,-1.000000000000000000e+00,-1.000000000000000000e+00,-1.000000000000000000e+00,-1.000000000000000000e+00,-1.000000000000000000e+00,-1.000000000000000000e+00,-1.000000000000000000e+00,-1.000000000000000000e+00,-1.000000000000000000e+00,-1.000000000000000000e+00,-1.000000000000000000e+00,-1.000000000000000000e+00,-1.000000000000000000e+00,-1.000000000000000000e+00,-1.000000000000000000e+00,-1.000000000000000000e+00,-1.000000000000000000e+00,-1.000000000000000000e+00,-1.000000000000000000e+00,-1.000000000000000000e+00,-1.000000000000000000e+00,-1.000000000000000000e+00,-1.000000000000000000e+00,-1.000000000000000000e+00,-1.000000000000000000e+00,-1.000000000000000000e+00,-1.000000000000000000e+00,-1.000000000000000000e+00,-1.000000000000000000e+00,-1.000000000000000000e+00,-1.000000000000000000e+00,-1.000000000000000000e+00,-1.000000000000000000e+00,-1.000000000000000000e+00,-1.000000000000000000e+00,-1.000000000000000000e+00,-1.000000000000000000e+00,-1.000000000000000000e+00,-1.000000000000000000e+00,-1.000000000000000000e+00,-1.000000000000000000e+00,-1.000000000000000000e+00,-1.000000000000000000e+00,-1.000000000000000000e+00,-1.000000000000000000e+00,-1.000000000000000000e+00,-1.000000000000000000e+00,-1.000000000000000000e+00,-1.000000000000000000e+00,-1.000000000000000000e+00,-1.000000000000000000e+00,-1.000000000000000000e+00,-1.000000000000000000e+00,-1.000000000000000000e+00,-1.000000000000000000e+00,-1.000000000000000000e+00,-1.000000000000000000e+00,-1.000000000000000000e+00,-1.000000000000000000e+00,-1.000000000000000000e+00,-1.000000000000000000e+00,-1.000000000000000000e+00,-1.000000000000000000e+00,-1.000000000000000000e+00,-1.000000000000000000e+00,-1.000000000000000000e+00,-1.000000000000000000e+00,-1.000000000000000000e+00,-1.000000000000000000e+00,-1.000000000000000000e+00,-1.000000000000000000e+00,-1.000000000000000000e+00,-1.000000000000000000e+00,-1.000000000000000000e+00,-1.000000000000000000e+00,-1.000000000000000000e+00,-1.000000000000000000e+00,-1.000000000000000000e+00,-1.000000000000000000e+00,-1.000000000000000000e+00,-1.000000000000000000e+00,-1.000000000000000000e+00,-1.000000000000000000e+00,-1.000000000000000000e+00,-1.000000000000000000e+00,-1.000000000000000000e+00,-1.000000000000000000e+00,-1.000000000000000000e+00,-1.000000000000000000e+00,-1.000000000000000000e+00,-1.000000000000000000e+00,-1.000000000000000000e+00,-1.000000000000000000e+00,-1.000000000000000000e+00,-1.000000000000000000e+00,-1.000000000000000000e+00,-1.000000000000000000e+00,-1.000000000000000000e+00,-1.000000000000000000e+00,-1.000000000000000000e+00,-1.000000000000000000e+00,-1.000000000000000000e+00,-1.000000000000000000e+00,-1.000000000000000000e+00,-1.000000000000000000e+00,-1.000000000000000000e+00,-1.000000000000000000e+00,-1.000000000000000000e+00,-1.000000000000000000e+00,-1.000000000000000000e+00,-1.000000000000000000e+00,-1.000000000000000000e+00,-1.000000000000000000e+00,-1.000000000000000000e+00,-1.000000000000000000e+00,-1.000000000000000000e+00,-1.000000000000000000e+00,-1.000000000000000000e+00,-1.000000000000000000e+00,-1.000000000000000000e+00,-1.000000000000000000e+00,-1.000000000000000000e+00,-1.000000000000000000e+00
-1.000000000000000000e+00,-1.000000000000000000e+00,-1.000000000000000000e+00,-1.000000000000000000e+00,-1.000000000000000000e+00,-1.000000000000000000e+00,-1.000000000000000000e+00,-1.000000000000000000e+00,-1.000000000000000000e+00,-1.000000000000000000e+00,-1.000000000000000000e+00,-1.000000000000000000e+00,-1.000000000000000000e+00,-1.000000000000000000e+00,-1.000000000000000000e+00,-1.000000000000000000e+00,-1.000000000000000000e+00,-1.000000000000000000e+00,-1.000000000000000000e+00,-1.000000000000000000e+00,-1.000000000000000000e+00,-1.000000000000000000e+00,-1.000000000000000000e+00,-1.000000000000000000e+00,-1.000000000000000000e+00,-1.000000000000000000e+00,-1.000000000000000000e+00,-1.000000000000000000e+00,-1.000000000000000000e+00,-1.000000000000000000e+00,-1.000000000000000000e+00,-1.000000000000000000e+00,-1.000000000000000000e+00,-1.000000000000000000e+00,-1.000000000000000000e+00,-1.000000000000000000e+00,-1.000000000000000000e+00,-1.000000000000000000e+00,-1.000000000000000000e+00,-1.000000000000000000e+00,-1.000000000000000000e+00,-1.000000000000000000e+00,-1.000000000000000000e+00,-1.000000000000000000e+00,-1.000000000000000000e+00,-1.000000000000000000e+00,-1.000000000000000000e+00,-1.000000000000000000e+00,-1.000000000000000000e+00,-1.000000000000000000e+00,-1.000000000000000000e+00,-1.000000000000000000e+00,-1.000000000000000000e+00,-1.000000000000000000e+00,-1.000000000000000000e+00,-1.000000000000000000e+00,-1.000000000000000000e+00,-1.000000000000000000e+00,-1.000000000000000000e+00,-1.000000000000000000e+00,-1.000000000000000000e+00,-1.000000000000000000e+00,-1.000000000000000000e+00,-1.000000000000000000e+00,-1.000000000000000000e+00,-1.000000000000000000e+00,-1.000000000000000000e+00,-1.000000000000000000e+00,-1.000000000000000000e+00,-1.000000000000000000e+00,-1.000000000000000000e+00,-1.000000000000000000e+00,-1.000000000000000000e+00,-1.000000000000000000e+00,-1.000000000000000000e+00,-1.000000000000000000e+00,-1.000000000000000000e+00,-1.000000000000000000e+00,-1.000000000000000000e+00,-1.000000000000000000e+00,-1.000000000000000000e+00,-1.000000000000000000e+00,-1.000000000000000000e+00,-1.000000000000000000e+00,-1.000000000000000000e+00,-1.000000000000000000e+00,-1.000000000000000000e+00,-1.000000000000000000e+00,-1.000000000000000000e+00,-1.000000000000000000e+00,-1.000000000000000000e+00,-1.000000000000000000e+00,-1.000000000000000000e+00,-1.000000000000000000e+00,-1.000000000000000000e+00,-1.000000000000000000e+00,-1.000000000000000000e+00,-1.000000000000000000e+00,-1.000000000000000000e+00,-1.000000000000000000e+00,-1.000000000000000000e+00,-1.000000000000000000e+00,-1.000000000000000000e+00,-1.000000000000000000e+00,-1.000000000000000000e+00,-1.000000000000000000e+00,-1.000000000000000000e+00,-1.000000000000000000e+00,-1.000000000000000000e+00,-1.000000000000000000e+00,-1.000000000000000000e+00,-1.000000000000000000e+00,-1.000000000000000000e+00,-1.000000000000000000e+00,-1.000000000000000000e+00,-1.000000000000000000e+00,-1.000000000000000000e+00,-1.000000000000000000e+00,-1.000000000000000000e+00,-1.000000000000000000e+00,-1.000000000000000000e+00,-1.000000000000000000e+00,-1.000000000000000000e+00,-1.000000000000000000e+00,-1.000000000000000000e+00,-1.000000000000000000e+00
3.395707011222839355e-01,5.265385508537292480e-01,-7.073505781107769508e-09,3.513799011707305908e-01,5.337057113647460938e-01,-2.566357143223285675e-02,3.499583601951599121e-01,5.401486754417419434e-01,-4.119181632995605469e-02,3.377004861831665039e-01,5.491310954093933105e-01,-5.271017923951148987e-02,3.226554393768310547e-01,5.603766441345214844e-01,-6.322433799505233765e-02,3.155077099800109863e-01,5.173008441925048828e-01,-3.753536194562911987e-02,2.960789799690246582e-01,5.132774710655212402e-01,-5.462453141808509827e-02,2.864201068878173828e-01,5.234645605087280273e-01,-6.610409170389175415e-02,2.789171338081359863e-01,5.380534529685974121e-01,-7.338208705186843872e-02,3.015879392623901367e-01,5.277965068817138672e-01,-3.159536421298980713e-02,2.793616950511932373e-01,5.284477472305297852e-01,-4.588493704795837402e-02,2.688646018505096436e-01,5.413959026336669922e-01,-5.425281822681427002e-02,2.632161080837249756e-01,5.575597286224365234e-01,-6.036704406142234802e-02,2.935465872287750244e-01,5.405139327049255371e-01,-2.740648761391639709e-02,2.722525298595428467e-01,5.425948500633239746e-01,-4.011004790663719177e-02,2.614662349224090576e-01,5.554834604263305664e-01,-4.749406874179840088e-02,2.546720206737518311e-01,5.718073844909667969e-01,-5.240126326680183411e-02,2.904402315616607666e-01,5.518874526023864746e-01,-2.498658932745456696e-02,2.719092071056365967e-01,5.574760437011718750e-01,-3.565771132707595825e-02,2.615144550800323486e-01,5.672748088836669922e-01,-4.171546176075935364e-02,2.543646693229675293e-01,5.810391902923583984e-01,-4.583786800503730774e-02,7.414525747299194336e-01,3.137995004653930664e-01,1.002790526172248065e-07,7.270234823226928711e-01,2.948210835456848145e-01,-1.550276018679141998e-02,7.228712439537048340e-01,2.719322741031646729e-01,-2.532523125410079956e-02,7.276695370674133301e-01,2.559749782085418701e-01,-3.324170410633087158e-02,7.311277985572814941e-01,2.410140037536621094e-01,-4.204750806093215942e-02,7.362693548202514648e-01,2.593531608581542969e-01,-2.805843949317932129e-02,7.451415061950683594e-01,2.266535907983779907e-01,-4.000464081764221191e-02,7.524116635322570801e-01,2.060648053884506226e-01,-4.701729118824005127e-02,7.595018148422241211e-01,1.870106458663940430e-01,-5.179432034492492676e-02,7.548137903213500977e-01,2.667795121669769287e-01,-2.768883667886257172e-02,7.720074057579040527e-01,2.274051457643508911e-01,-3.918602317571640015e-02,7.828693985939025879e-01,2.020234763622283936e-01,-4.683998599648475647e-02,7.924516201019287109e-01,1.792680025100708008e-01,-5.261344462633132935e-02,7.707461118698120117e-01,2.797834873199462891e-01,-2.804291248321533203e-02,7.923206090927124023e-01,2.457302659749984741e-01,-4.033365100622177124e-02,8.065766692161560059e-01,2.233903408050537109e-01,-4.873169213533401489e-02,8.186199665069580078e-01,2.031985819339752197e-01,-5.385637655854225159e-02,7.841790914535522461e-01,2.956462502479553223e-01,-2.898073382675647736e-02,8.061501383781433105e-01,2.725437581539154053e-01,-3.885474056005477905e-02,8.211361169815063477e-01,2.559484541416168213e-01,-4.385704174637794495e-02,8.336032032966613770e-01,2.387664765119552612e-01,-4.729019477963447571e-02
3.375268876552581787e-01,5.313209891319274902e-01,2.822624090015324327e-08,3.499342203140258789e-01,5.346701741218566895e-01,-2.450678311288356781e-02,3.496585190296173096e-01,5.390968322753906250e-01,-3.902091085910797119e-02,3.373103439807891846e-01,5.493623614311218262e-01,-4.958992451429367065e-02,3.242267966270446777e-01,5.633358359336853027e-01,-5.918896570801734924e-02,3.156861662864685059e-01,5.194578170776367188e-01,-3.614310920238494873e-02,2.979696691036224365e-01,5.158345699310302734e-01,-5.199075490236282349e-02,2.878820002079010010e-01,5.236219763755798340e-01,-6.262165307998657227e-02,2.791464328765869141e-01,5.375666618347167969e-01,-6.982187926769256592e-02,3.003990948200225830e-01,5.310694575309753418e-01,-3.067946806550025940e-02,2.803380191326141357e-01,5.305577516555786133e-01,-4.451138898730278015e-02,2.692164182662963867e-01,5.431321859359741211e-01,-5.222433060407638550e-02,2.628231942653656006e-01,5.594670772552490234e-01,-5.793593823909759521e-02,2.918681204319000244e-01,5.438424944877624512e-01,-2.676930092275142670e-02,2.725955545902252197e-01,5.462713837623596191e-01,-3.902927413582801819e-02,2.607234418392181396e-01,5.580491423606872559e-01,-4.548442736268043518e-02,2.523315846920013428e-01,5.728119015693664551e-01,-4.981599003076553345e-02,2.884577810764312744e-01,5.553775429725646973e-01,-2.461183629930019379e-02,2.718148231506347656e-01,5.599196553230285645e-01,-3.472622856497764587e-02,2.604503333568572998e-01,5.687822103500366211e-01,-3.994288668036460876e-02,2.525243461132049561e-01,5.807648301124572754e-01,-4.341187328100204468e-02,7.325866222381591797e-01,3.405450284481048584e-01,2.102722760355391074e-07,7.128694057464599609e-01,3.183120191097259521e-01,-1.189658045768737793e-02,7.078931927680969238e-01,2.874886691570281982e-01,-1.810203120112419128e-02,7.151937484741210938e-01,2.627296149730682373e-01,-2.261071652173995972e-02,7.221726775169372559e-01,2.429909855127334595e-01,-2.733785659074783325e-02,7.325183153152465820e-01,2.637965679168701172e-01,-1.670372486114501953e-02,7.432037591934204102e-01,2.296842932701110840e-01,-2.647612802684307098e-02,7.522266507148742676e-01,2.067229747772216797e-01,-3.347071632742881775e-02,7.605436444282531738e-01,1.862770169973373413e-01,-3.842125833034515381e-02,7.521410584449768066e-01,2.702477574348449707e-01,-1.759661361575126648e-02,7.681180238723754883e-01,2.329574525356292725e-01,-2.642461657524108887e-02,7.803386449813842773e-01,2.072655856609344482e-01,-3.385266289114952087e-02,7.913890480995178223e-01,1.831373274326324463e-01,-3.923146426677703857e-02,7.678579688072204590e-01,2.831102907657623291e-01,-1.956439204514026642e-02,7.880914807319641113e-01,2.504415512084960938e-01,-2.951884828507900238e-02,8.030489683151245117e-01,2.281638085842132568e-01,-3.680464625358581543e-02,8.151588439941406250e-01,2.081924378871917725e-01,-4.115812480449676514e-02,7.812351584434509277e-01,3.002685308456420898e-01,-2.211608551442623138e-02,8.026393651962280273e-01,2.742543220520019531e-01,-3.119270689785480499e-02,8.181009292602539062e-01,2.570422887802124023e-01,-3.564782068133354187e-02,8.309831023216247559e-01,2.404821813106536865e-01,-3.820063546299934387e-02
3.375268876552581787e-01,5.313209891319274902e-01,2.822624090015324327e-08,3.499342203140258789e-01,5.346701741218566895e-01,-2.450678311288356781e-02,3.496585190296173096e-01,5.390968322753906250e-01,-3.902091085910797119e-02,3.373103439807891846e-01,5.493623614311218262e-01,-4.958992451429367065e-02,3.242267966270446777e-01,5.633358359336853027e-01,-5.918896570801734924e-02,3.156861662864685059e-01,5.194578170776367188e-01,-3.614310920238494873e-02,2.979696691036224365e-01,5.158345699310302734e-01,-5.199075490236282349e-02,2.878820002079010010e-01,5.236219763755798340e-01,-6.262165307998657227e-02,2.791464328765869141e-01,5.375666618347167969e-01,-6.982187926769256592e-02,3.003990948200225830e-01,5.310694575309753418e-01,-3.067946806550025940e-02,2.803380191326141357e-01,5.305577516555786133e-01,-4.451138898730278015e-02,2.692164182662963867e-01,5.431321859359741211e-01,-5.222433060407638550e-02,2.628231942653656006e-01,5.594670772552490234e-01,-5.793593823909759521e-02,2.918681204319000244e-01,5.438424944877624512e-01,-2.676930092275142670e-02,2.725955545902252197e-01,5.462713837623596191e-01,-3.902927413582801819e-02,2.607234418392181396e-01,5.580491423606872559e-01,-4.548442736268043518e-02,2.523315846920013428e-01,5.728119015693664551e-01,-4.981599003076553345e-02,2.884577810764312744e-01,5.553775429725646973e-01,-2.461183629930019379e-02,2.718148231506347656e-01,5.599196553230285645e-01,-3.472622856497764587e-02,2.604503333568572998e-01,5.687822103500366211e-01,-3.994288668036460876e-02,2.525243461132049561e-01,5.807648301124572754e-01,-4.341187328100204468e-02,7.325866222381591797e-01,3.405450284481048584e-01,2.102722760355391074e-07,7.128694057464599609e-01,3.183120191097259521e-01,-1.189658045768737793e-02,7.078931927680969238e-01,2.874886691570281982e-01,-1.810203120112419128e-02,7.151937484741210938e-01,2.627296149730682373e-01,-2.261071652173995972e-02,7.221726775169372559e-01,2.429909855127334595e-01,-2.733785659074783325e-02,7.325183153152465820e-01,2.637965679168701172e-01,-1.670372486114501953e-02,7.432037591934204102e-01,2.296842932701110840e-01,-2.647612802684307098e-02,7.522266507148742676e-01,2.067229747772216797e-01,-3.347071632742881775e-02,7.605436444282531738e-01,1.862770169973373413e-01,-3.842125833034515381e-02,7.521410584449768066e-01,2.702477574348449707e-01,-1.759661361575126648e-02,7.681180238723754883e-01,2.329574525356292725e-01,-2.642461657524108887e-02,7.803386449813842773e-01,2.072655856609344482e-01,-3.385266289114952087e-02,7.913890480995178223e-01,1.831373274326324463e-01,-3.923146426677703857e-02,7.678579688072204590e-01,2.831102907657623291e-01,-1.956439204514026642e-02,7.880914807319641113e-01,2.504415512084960938e-01,-2.951884828507900238e-02,8.030489683151245117e-01,2.281638085842132568e-01,-3.680464625358581543e-02,8.151588439941406250e-01,2.081924378871917725e-01,-4.115812480449676514e-02,7.812351584434509277e-01,3.002685308456420898e-01,-2.211608551442623138e-02,8.026393651962280273e-01,2.742543220520019531e-01,-3.119270689785480499e-02,8.181009292602539062e-01,2.570422887802124023e-01,-3.564782068133354187e-02,8.309831023216247559e-01,2.404821813106536865e-01,-3.820063546299934387e-02
3.381564021110534668e-01,5.288202762603759766e-01,1.925299564220495085e-08,3.504700064659118652e-01,5.328057408332824707e-01,-2.448281086981296539e-02,3.502648770809173584e-01,5.372208952903747559e-01,-3.897617384791374207e-02,3.380120694637298584e-01,5.475263595581054688e-01,-4.966562986373901367e-02,3.243414461612701416e-01,5.614663362503051758e-01,-5.921955779194831848e-02,3.158231079578399658e-01,5.183478593826293945e-01,-3.446675837039947510e-02,2.974623739719390869e-01,5.141761302947998047e-01,-5.050582066178321838e-02,2.881019413471221924e-01,5.218225717544555664e-01,-6.146785616874694824e-02,2.801892757415771484e-01,5.356252193450927734e-01,-6.867447495460510254e-02,3.012379705905914307e-01,5.290845036506652832e-01,-2.908677980303764343e-02,2.810798585414886475e-01,5.267972350120544434e-01,-4.302621632814407349e-02,2.707614898681640625e-01,5.387027859687805176e-01,-5.096265673637390137e-02,2.654555141925811768e-01,5.550382733345031738e-01,-5.657442659139633179e-02,2.930356562137603760e-01,5.413125753402709961e-01,-2.544933930039405823e-02,2.738593518733978271e-01,5.419297814369201660e-01,-3.727466613054275513e-02,2.623230218887329102e-01,5.530895590782165527e-01,-4.371715337038040161e-02,2.542987465858459473e-01,5.680339932441711426e-01,-4.795866087079048157e-02,2.896846234798431396e-01,5.526283979415893555e-01,-2.364635840058326721e-02,2.731962502002716064e-01,5.559374094009399414e-01,-3.341369703412055969e-02,2.621332108974456787e-01,5.643082857131958008e-01,-3.865687176585197449e-02,2.544468641281127930e-01,5.764207839965820312e-01,-4.206743091344833374e-02,7.313910722732543945e-01,3.537446856498718262e-01,2.403240273451956455e-07,7.110922932624816895e-01,3.269049525260925293e-01,-1.050466019660234451e-02,7.065054774284362793e-01,2.887455224990844727e-01,-1.544038672000169754e-02,7.141869664192199707e-01,2.594936192035675049e-01,-1.917205937206745148e-02,7.227936983108520508e-01,2.378929406404495239e-01,-2.298328466713428497e-02,7.344489693641662598e-01,2.605712413787841797e-01,-1.067981217056512833e-02,7.454882860183715820e-01,2.251162827014923096e-01,-1.930745877325534821e-02,7.546010017395019531e-01,2.026751935482025146e-01,-2.643864229321479797e-02,7.635782361030578613e-01,1.829050332307815552e-01,-3.164449706673622131e-02,7.531409263610839844e-01,2.674031853675842285e-01,-1.221410464495420456e-02,7.697634100914001465e-01,2.288629114627838135e-01,-2.021651715040206909e-02,7.827712297439575195e-01,2.036496698856353760e-01,-2.749415673315525055e-02,7.941005229949951172e-01,1.802935004234313965e-01,-3.264542296528816223e-02,7.681705951690673828e-01,2.811582386493682861e-01,-1.519481651484966278e-02,7.899238467216491699e-01,2.466767430305480957e-01,-2.487577311694622040e-02,8.059543371200561523e-01,2.233956158161163330e-01,-3.254763782024383545e-02,8.187929987907409668e-01,2.010192871093750000e-01,-3.727481141686439514e-02,7.805262207984924316e-01,2.998043596744537354e-01,-1.875380240380764008e-02,8.028159141540527344e-01,2.726387679576873779e-01,-2.778257057070732117e-02,8.188367486000061035e-01,2.554017007350921631e-01,-3.236826881766319275e-02,8.324398398399353027e-01,2.375106364488601685e-01,-3.517035767436027527e-02
3.386075198650360107e-01,5.309778451919555664e-01,4.158799882247876667e-08,3.508840799331665039e-01,5.349208712577819824e-01,-2.594266645610332489e-02,3.502355217933654785e-01,5.396906137466430664e-01,-4.136001691222190857e-02,3.374182283878326416e-01,5.496185421943664551e-01,-5.250483751296997070e-02,3.237862586975097656e-01,5.634815096855163574e-01,-6.268276274204254150e-02,3.179521262645721436e-01,5.206415653228759766e-01,-3.954772278666496277e-02,2.989712655544281006e-01,5.149185061454772949e-01,-5.641107633709907532e-02,2.889938950538635254e-01,5.224506258964538574e-01,-6.727234274148941040e-02,2.805397510528564453e-01,5.363240242004394531e-01,-7.440482079982757568e-02,3.031903505325317383e-01,5.314095020294189453e-01,-3.346768766641616821e-02,2.816236317157745361e-01,5.290182828903198242e-01,-4.811873286962509155e-02,2.703643739223480225e-01,5.416197180747985840e-01,-5.613261833786964417e-02,2.640833854675292969e-01,5.580643415451049805e-01,-6.202583387494087219e-02,2.945680022239685059e-01,5.432978868484497070e-01,-2.892751246690750122e-02,2.748536467552185059e-01,5.430987477302551270e-01,-4.150699824094772339e-02,2.626658380031585693e-01,5.550267696380615234e-01,-4.859478026628494263e-02,2.541945278644561768e-01,5.701180100440979004e-01,-5.345895886421203613e-02,2.909446656703948975e-01,5.536846518516540527e-01,-2.621490135788917542e-02,2.739537954330444336e-01,5.559098720550537109e-01,-3.670031577348709106e-02,2.623392045497894287e-01,5.638376474380493164e-01,-4.268015548586845398e-02,2.542808949947357178e-01,5.753577351570129395e-01,-4.675699770450592041e-02,7.276812791824340820e-01,3.608404397964477539e-01,2.577920383828313788e-07,7.088463306427001953e-01,3.301924765110015869e-01,-1.210563443601131439e-02,7.042253017425537109e-01,2.906941175460815430e-01,-1.748019829392433167e-02,7.124036550521850586e-01,2.592371106147766113e-01,-2.168945781886577606e-02,7.238914966583251953e-01,2.358718812465667725e-01,-2.548915892839431763e-02,7.350891828536987305e-01,2.586482167243957520e-01,-7.883988320827484131e-03,7.474802136421203613e-01,2.220868766307830811e-01,-1.658396050333976746e-02,7.568811178207397461e-01,1.991886496543884277e-01,-2.440734580159187317e-02,7.663303613662719727e-01,1.789721250534057617e-01,-3.023348934948444366e-02,7.541106939315795898e-01,2.646326422691345215e-01,-8.812773972749710083e-03,7.719907760620117188e-01,2.248483300209045410e-01,-1.651987992227077484e-02,7.851957082748413086e-01,1.989287137985229492e-01,-2.413553558290004730e-02,7.965937852859497070e-01,1.750524640083312988e-01,-2.972815185785293579e-02,7.687735557556152344e-01,2.785742282867431641e-01,-1.168686524033546448e-02,7.917503118515014648e-01,2.437772899866104126e-01,-2.145439013838768005e-02,8.081513047218322754e-01,2.216370999813079834e-01,-2.841683849692344666e-02,8.212458491325378418e-01,2.000990808010101318e-01,-3.272534161806106567e-02,7.804078459739685059e-01,2.982268929481506348e-01,-1.551796309649944305e-02,8.035945296287536621e-01,2.715052366256713867e-01,-2.467774413526058197e-02,8.199923038482666016e-01,2.552414536476135254e-01,-2.870011143386363983e-02,8.339982032775878906e-01,2.385334223508834839e-01,-3.105517849326133728e-02
3.391270339488983154e-01,5.290377140045166016e-01,4.633317018942761933e-08,3.511852025985717773e-01,5.337285995483398438e-01,-2.568535134196281433e-02,3.505722284317016602e-01,5.393446683883666992e-01,-4.077064990997314453e-02,3.381020724773406982e-01,5.500505566596984863e-01,-5.164105445146560669e-02,3.243620693683624268e-01,5.641847252845764160e-01,-6.151734292507171631e-02,3.171252012252807617e-01,5.205504894256591797e-01,-3.789614886045455933e-02,2.982089519500732422e-01,5.159458518028259277e-01,-5.399701744318008423e-02,2.883706390857696533e-01,5.239802002906799316e-01,-6.453010439872741699e-02,2.799584567546844482e-01,5.377283692359924316e-01,-7.155645638704299927e-02,3.026707768440246582e-01,5.311396121978759766e-01,-3.184279054403305054e-02,2.810641527175903320e-01,5.306679606437683105e-01,-4.558607563376426697e-02,2.692883610725402832e-01,5.440663695335388184e-01,-5.336596444249153137e-02,2.618478238582611084e-01,5.606522560119628906e-01,-5.930743739008903503e-02,2.945588827133178711e-01,5.429273247718811035e-01,-2.740295231342315674e-02,2.746794819831848145e-01,5.440729260444641113e-01,-3.953905776143074036e-02,2.625854313373565674e-01,5.562013983726501465e-01,-4.644364118576049805e-02,2.537267804145812988e-01,5.710637569427490234e-01,-5.127625912427902222e-02,2.912672162055969238e-01,5.532760620117187500e-01,-2.478853985667228699e-02,2.742914259433746338e-01,5.559743642807006836e-01,-3.501406684517860413e-02,2.629455029964447021e-01,5.641043186187744141e-01,-4.076895490288734436e-02,2.546770572662353516e-01,5.755728483200073242e-01,-4.472749307751655579e-02,7.248144745826721191e-01,3.645154237747192383e-01,2.531477036882279208e-07,7.071782946586608887e-01,3.298184275627136230e-01,-1.448404882103204727e-02,7.023703455924987793e-01,2.896617352962493896e-01,-2.136679738759994507e-02,7.107043266296386719e-01,2.565774619579315186e-01,-2.691053785383701324e-02,7.241152524948120117e-01,2.322980761528015137e-01,-3.183540329337120056e-02,7.350724935531616211e-01,2.569852471351623535e-01,-8.324057795107364655e-03,7.484846711158752441e-01,2.204344868659973145e-01,-1.779088750481605530e-02,7.581747770309448242e-01,1.979343891143798828e-01,-2.651684917509555817e-02,7.685254812240600586e-01,1.773296296596527100e-01,-3.315159305930137634e-02,7.545325160026550293e-01,2.632593810558319092e-01,-8.558931760489940643e-03,7.730336785316467285e-01,2.240076214075088501e-01,-1.670641079545021057e-02,7.863456010818481445e-01,1.982871890068054199e-01,-2.509043179452419281e-02,7.981102466583251953e-01,1.742113828659057617e-01,-3.155632317066192627e-02,7.690864801406860352e-01,2.777369618415832520e-01,-1.111589465290307999e-02,7.925571799278259277e-01,2.439794540405273438e-01,-2.115741930902004242e-02,8.091000914573669434e-01,2.215174287557601929e-01,-2.854811213910579681e-02,8.222784399986267090e-01,1.998738944530487061e-01,-3.342277556657791138e-02,7.803095579147338867e-01,2.977364063262939453e-01,-1.493370346724987030e-02,8.036987781524658203e-01,2.723501920700073242e-01,-2.420933172106742859e-02,8.200956583023071289e-01,2.557836771011352539e-01,-2.860488370060920715e-02,8.341180682182312012e-01,2.390093505382537842e-01,-3.143884614109992981e-02
3.391270339488983154e-01,5.290377140045166016e-01,4.633317018942761933e-08,3.511852025985717773e-01,5.337285995483398438e-01,-2.568535134196281433e-02,3.505722284317016602e-01,5.393446683883666992e-01,-4.077064990997314453e-02,3.381020724773406982e-01,5.500505566596984863e-01,-5.164105445146560669e-02,3.243620693683624268e-01,5.641847252845764160e-01,-6.151734292507171631e-02,3.171252012252807617e-01,5.205504894256591797e-01,-3.789614886045455933e-02,2.982089519500732422e-01,5.159458518028259277e-01,-5.399701744318008423e-02,2.883706390857696533e-01,5.239802002906799316e-01,-6.453010439872741699e-02,2.799584567546844482e-01,5.377283692359924316e-01,-7.155645638704299927e-02,3.026707768440246582e-01,5.311396121978759766e-01,-3.184279054403305054e-02,2.810641527175903320e-01,5.306679606437683105e-01,-4.558607563376426697e-02,2.692883610725402832e-01,5.440663695335388184e-01,-5.336596444249153137e-02,2.618478238582611084e-01,5.606522560119628906e-01,-5.930743739008903503e-02,2.945588827133178711e-01,5.429273247718811035e-01,-2.740295231342315674e-02,2.746794819831848145e-01,5.440729260444641113e-01,-3.953905776143074036e-02,2.625854313373565674e-01,5.562013983726501465e-01,-4.644364118576049805e-02,2.537267804145812988e-01,5.710637569427490234e-01,-5.127625912427902222e-02,2.912672162055969238e-01,5.532760620117187500e-01,-2.478853985667228699e-02,2.742914259433746338e-01,5.559743642807006836e-01,-3.501406684517860413e-02,2.629455029964447021e-01,5.641043186187744141e-01,-4.076895490288734436e-02,2.546770572662353516e-01,5.755728483200073242e-01,-4.472749307751655579e-02,7.248144745826721191e-01,3.645154237747192383e-01,2.531477036882279208e-07,7.071782946586608887e-01,3.298184275627136230e-01,-1.448404882103204727e-02,7.023703455924987793e-01,2.896617352962493896e-01,-2.136679738759994507e-02,7.107043266296386719e-01,2.565774619579315186e-01,-2.691053785383701324e-02,7.241152524948120117e-01,2.322980761528015137e-01,-3.183540329337120056e-02,7.350724935531616211e-01,2.569852471351623535e-01,-8.324057795107364655e-03,7.484846711158752441e-01,2.204344868659973145e-01,-1.779088750481605530e-02,7.581747770309448242e-01,1.979343891143798828e-01,-2.651684917509555817e-02,7.685254812240600586e-01,1.773296296596527100e-01,-3.315159305930137634e-02,7.545325160026550293e-01,2.632593810558319092e-01,-8.558931760489940643e-03,7.730336785316467285e-01,2.240076214075088501e-01,-1.670641079545021057e-02,7.863456010818481445e-01,1.982871890068054199e-01,-2.509043179452419281e-02,7.981102466583251953e-01,1.742113828659057617e-01,-3.155632317066192627e-02,7.690864801406860352e-01,2.777369618415832520e-01,-1.111589465290307999e-02,7.925571799278259277e-01,2.439794540405273438e-01,-2.115741930902004242e-02,8.091000914573669434e-01,2.215174287557601929e-01,-2.854811213910579681e-02,8.222784399986267090e-01,1.998738944530487061e-01,-3.342277556657791138e-02,7.803095579147338867e-01,2.977364063262939453e-01,-1.493370346724987030e-02,8.036987781524658203e-01,2.723501920700073242e-01,-2.420933172106742859e-02,8.200956583023071289e-01,2.557836771011352539e-01,-2.860488370060920715e-02,8.341180682182312012e-01,2.390093505382537842e-01,-3.143884614109992981e-02
3.393113315105438232e-01,5.317906141281127930e-01,4.652858365261636209e-08,3.509636521339416504e-01,5.358670949935913086e-01,-2.580028772354125977e-02,3.501213788986206055e-01,5.410097241401672363e-01,-4.095556586980819702e-02,3.372391462326049805e-01,5.514389872550964355e-01,-5.185794830322265625e-02,3.237085938453674316e-01,5.655889511108398438e-01,-6.170369684696197510e-02,3.161703050136566162e-01,5.203989744186401367e-01,-3.792457655072212219e-02,2.973327338695526123e-01,5.170244574546813965e-01,-5.422332510352134705e-02,2.873174846172332764e-01,5.259124040603637695e-01,-6.500960141420364380e-02,2.792434990406036377e-01,5.403168201446533203e-01,-7.214941829442977905e-02,3.014517724514007568e-01,5.319261550903320312e-01,-3.175492584705352783e-02,2.800884842872619629e-01,5.318559408187866211e-01,-4.550528898835182190e-02,2.682629227638244629e-01,5.458775758743286133e-01,-5.339732393622398376e-02,2.613213658332824707e-01,5.631295442581176758e-01,-5.946018546819686890e-02,2.934904992580413818e-01,5.444636344909667969e-01,-2.721169404685497284e-02,2.735447585582733154e-01,5.459230542182922363e-01,-3.947841376066207886e-02,2.615779042243957520e-01,5.584074258804321289e-01,-4.670038446784019470e-02,2.534714937210083008e-01,5.735881924629211426e-01,-5.172362178564071655e-02,2.905995547771453857e-01,5.554953813552856445e-01,-2.448509074747562408e-02,2.732466757297515869e-01,5.584244728088378906e-01,-3.479420393705368042e-02,2.616558074951171875e-01,5.669367313385009766e-01,-4.077931866049766541e-02,2.538618743419647217e-01,5.788133144378662109e-01,-4.491427168250083923e-02,7.224314808845520020e-01,3.639107644557952881e-01,2.571783568328100955e-07,7.060974836349487305e-01,3.261139392852783203e-01,-1.377939805388450623e-02,7.017579674720764160e-01,2.843866646289825439e-01,-2.048801816999912262e-02,7.101224064826965332e-01,2.504784166812896729e-01,-2.605789713561534882e-02,7.242544889450073242e-01,2.272396832704544067e-01,-3.099671192467212677e-02,7.356365919113159180e-01,2.532631754875183105e-01,-7.318424060940742493e-03,7.498902678489685059e-01,2.165676951408386230e-01,-1.670036464929580688e-02,7.601130604743957520e-01,1.948187798261642456e-01,-2.550490014255046844e-02,7.710016369819641113e-01,1.747156381607055664e-01,-3.223410621285438538e-02,7.547402977943420410e-01,2.607141137123107910e-01,-8.020529523491859436e-03,7.747497558593750000e-01,2.220740169286727905e-01,-1.607416011393070221e-02,7.887371778488159180e-01,1.966668963432312012e-01,-2.463608048856258392e-02,8.011522889137268066e-01,1.723146140575408936e-01,-3.129366412758827209e-02,7.686546444892883301e-01,2.759825885295867920e-01,-1.105438917875289917e-02,7.931935787200927734e-01,2.430071383714675903e-01,-2.110416814684867859e-02,8.102349638938903809e-01,2.209459990262985229e-01,-2.869130857288837433e-02,8.239247202873229980e-01,1.995977312326431274e-01,-3.374626114964485168e-02,7.789686322212219238e-01,2.968901395797729492e-01,-1.531674712896347046e-02,8.027951121330261230e-01,2.728823125362396240e-01,-2.461749687790870667e-02,8.194838762283325195e-01,2.574935555458068848e-01,-2.907524257898330688e-02,8.338602781295776367e-01,2.419355362653732300e-01,-3.197310119867324829e-02
3.392237424850463867e-01,5.277813076972961426e-01,3.398278636268514674e-08,3.510638475418090820e-01,5.343196988105773926e-01,-2.547162398695945740e-02,3.502575755119323730e-01,5.419545173645019531e-01,-4.041333124041557312e-02,3.376514017581939697e-01,5.534438490867614746e-01,-5.108410492539405823e-02,3.244783878326416016e-01,5.674834251403808594e-01,-6.071105599403381348e-02,3.166191875934600830e-01,5.214952826499938965e-01,-3.788638859987258911e-02,2.981312870979309082e-01,5.191980004310607910e-01,-5.434057489037513733e-02,2.880666255950927734e-01,5.281911492347717285e-01,-6.526815891265869141e-02,2.799346745014190674e-01,5.427937507629394531e-01,-7.242961227893829346e-02,3.018625080585479736e-01,5.320065021514892578e-01,-3.190023452043533325e-02,2.794002890586853027e-01,5.341390967369079590e-01,-4.598340764641761780e-02,2.670177817344665527e-01,5.496057868003845215e-01,-5.407612025737762451e-02,2.596989572048187256e-01,5.683997869491577148e-01,-6.005224585533142090e-02,2.935574650764465332e-01,5.437369346618652344e-01,-2.747196704149246216e-02,2.731620669364929199e-01,5.467513799667358398e-01,-3.982492536306381226e-02,2.613551914691925049e-01,5.603558421134948730e-01,-4.687854275107383728e-02,2.535964250564575195e-01,5.766189694404602051e-01,-5.160584673285484314e-02,2.905229628086090088e-01,5.542505383491516113e-01,-2.484628930687904358e-02,2.730494737625122070e-01,5.592318177223205566e-01,-3.521989658474922180e-02,2.615129649639129639e-01,5.689187645912170410e-01,-4.103245586156845093e-02,2.537413835525512695e-01,5.817607045173645020e-01,-4.488184675574302673e-02,7.174124121665954590e-01,3.620065748691558838e-01,2.511714001229847781e-07,7.012760043144226074e-01,3.237594962120056152e-01,-1.404411718249320984e-02,6.972740888595581055e-01,2.815476059913635254e-01,-2.092787064611911774e-02,7.070249319076538086e-01,2.475693225860595703e-01,-2.660478837788105011e-02,7.218338251113891602e-01,2.239294648170471191e-01,-3.165241330862045288e-02,7.331140041351318359e-01,2.512884438037872314e-01,-8.151168935000896454e-03,7.481412291526794434e-01,2.155827879905700684e-01,-1.764953322708606720e-02,7.585493326187133789e-01,1.941621601581573486e-01,-2.636290714144706726e-02,7.698410153388977051e-01,1.745403558015823364e-01,-3.307142108678817749e-02,7.523607611656188965e-01,2.591183781623840332e-01,-8.845931850373744965e-03,7.735798954963684082e-01,2.209098637104034424e-01,-1.685833558440208435e-02,7.882620692253112793e-01,1.960767507553100586e-01,-2.522523514926433563e-02,8.017610311508178711e-01,1.727853715419769287e-01,-3.187482431530952454e-02,7.659223079681396484e-01,2.749178409576416016e-01,-1.184911746531724930e-02,7.914904952049255371e-01,2.425211966037750244e-01,-2.180050872266292572e-02,8.089676499366760254e-01,2.219752669334411621e-01,-2.907578647136688232e-02,8.235123753547668457e-01,2.024687975645065308e-01,-3.405149281024932861e-02,7.757554650306701660e-01,2.966006398200988770e-01,-1.614456810057163239e-02,8.001303672790527344e-01,2.737833559513092041e-01,-2.546447329223155975e-02,8.170527219772338867e-01,2.588440179824829102e-01,-2.989991195499897003e-02,8.319564461708068848e-01,2.438014447689056396e-01,-3.285412862896919250e-02
3.400648832321166992e-01,5.321404933929443359e-01,3.660964154050816433e-08,3.519470095634460449e-01,5.363605022430419922e-01,-2.557364292442798615e-02,3.503776788711547852e-01,5.420311689376831055e-01,-4.036778584122657776e-02,3.369476497173309326e-01,5.531416535377502441e-01,-5.083525180816650391e-02,3.244530558586120605e-01,5.691229701042175293e-01,-6.023135036230087280e-02,3.157370984554290771e-01,5.224640369415283203e-01,-3.797926008701324463e-02,2.971483469009399414e-01,5.194256305694580078e-01,-5.389052256941795349e-02,2.875899374485015869e-01,5.279022455215454102e-01,-6.427522003650665283e-02,2.798214256763458252e-01,5.427353382110595703e-01,-7.114809751510620117e-02,3.014953434467315674e-01,5.340341329574584961e-01,-3.179385140538215637e-02,2.794688344001770020e-01,5.341222882270812988e-01,-4.565267264842987061e-02,2.679165005683898926e-01,5.479403138160705566e-01,-5.318857729434967041e-02,2.616950869560241699e-01,5.651422142982482910e-01,-5.878821015357971191e-02,2.937006056308746338e-01,5.464172959327697754e-01,-2.713750302791595459e-02,2.733319699764251709e-01,5.478184223175048828e-01,-3.935346007347106934e-02,2.618558704853057861e-01,5.603331327438354492e-01,-4.609450325369834900e-02,2.544017434120178223e-01,5.754050016403198242e-01,-5.063127353787422180e-02,2.908832430839538574e-01,5.573560595512390137e-01,-2.429204434156417847e-02,2.734286487102508545e-01,5.617482662200927734e-01,-3.446258977055549622e-02,2.619316279888153076e-01,5.709624290466308594e-01,-4.016889631748199463e-02,2.542522847652435303e-01,5.828585624694824219e-01,-4.399275779724121094e-02,7.147665619850158691e-01,3.610864579677581787e-01,2.358684412229195004e-07,6.991809606552124023e-01,3.221471607685089111e-01,-1.355984061956405640e-02,6.949879527091979980e-01,2.802191376686096191e-01,-2.051565237343311310e-02,7.042177915573120117e-01,2.476073354482650757e-01,-2.640289999544620514e-02,7.182916402816772461e-01,2.240532487630844116e-01,-3.175139427185058594e-02,7.310634851455688477e-01,2.515072524547576904e-01,-8.398769423365592957e-03,7.457986474037170410e-01,2.161976397037506104e-01,-1.812279410660266876e-02,7.559485435485839844e-01,1.947425305843353271e-01,-2.678545750677585602e-02,7.669938206672668457e-01,1.751592755317687988e-01,-3.335892409086227417e-02,7.502655386924743652e-01,2.597500085830688477e-01,-9.465180337429046631e-03,7.717632651329040527e-01,2.219121158123016357e-01,-1.772361621260643005e-02,7.863667607307434082e-01,1.968994736671447754e-01,-2.581218071281909943e-02,7.997506856918334961e-01,1.734642982482910156e-01,-3.225415199995040894e-02,7.636261582374572754e-01,2.755231559276580811e-01,-1.283209491521120071e-02,7.897142767906188965e-01,2.438320070505142212e-01,-2.292091771960258484e-02,8.072959780693054199e-01,2.230853289365768433e-01,-2.998056262731552124e-02,8.219559192657470703e-01,2.036043554544448853e-01,-3.479908034205436707e-02,7.728362679481506348e-01,2.968006432056427002e-01,-1.745480857789516449e-02,7.974002361297607422e-01,2.750325500965118408e-01,-2.683879062533378601e-02,8.147073984146118164e-01,2.602965235710144043e-01,-3.115208446979522705e-02,8.299867510795593262e-01,2.456801086664199829e-01,-3.401816263794898987e-02
3.398389816284179688e-01,5.294940471649169922e-01,2.291720591074408730e-08,3.517332077026367188e-01,5.360338091850280762e-01,-2.394595183432102203e-02,3.504714667797088623e-01,5.424705743789672852e-01,-3.783441707491874695e-02,3.376050293445587158e-01,5.535275340080261230e-01,-4.783927276730537415e-02,3.249327838420867920e-01,5.685207843780517578e-01,-5.678946152329444885e-02,3.156759738922119141e-01,5.226794481277465820e-01,-3.459753841161727905e-02,2.970819771289825439e-01,5.194587707519531250e-01,-4.980816692113876343e-02,2.877144813537597656e-01,5.279653072357177734e-01,-6.002379581332206726e-02,2.801762819290161133e-01,5.426802635192871094e-01,-6.677645444869995117e-02,3.013815581798553467e-01,5.331515073776245117e-01,-2.921538613736629486e-02,2.791598737239837646e-01,5.337421298027038574e-01,-4.231829941272735596e-02,2.677635550498962402e-01,5.479663610458374023e-01,-4.992432147264480591e-02,2.614685595035552979e-01,5.659629702568054199e-01,-5.552574619650840759e-02,2.935779988765716553e-01,5.446602106094360352e-01,-2.536555752158164978e-02,2.730566859245300293e-01,5.471278429031372070e-01,-3.684175014495849609e-02,2.616649270057678223e-01,5.600928068161010742e-01,-4.351060837507247925e-02,2.541656494140625000e-01,5.761141180992126465e-01,-4.799820110201835632e-02,2.907440960407257080e-01,5.549818873405456543e-01,-2.325321547687053680e-02,2.730519175529479980e-01,5.602366924285888672e-01,-3.284900635480880737e-02,2.617216408252716064e-01,5.698361992835998535e-01,-3.827604278922080994e-02,2.539625465869903564e-01,5.826153755187988281e-01,-4.188299551606178284e-02,7.154921293258666992e-01,3.607418835163116455e-01,2.366954987564895418e-07,7.004929780960083008e-01,3.216171860694885254e-01,-1.385165937244892120e-02,6.966466307640075684e-01,2.794477641582489014e-01,-2.074424363672733307e-02,7.053622007369995117e-01,2.461647987365722656e-01,-2.656348235905170441e-02,7.193452119827270508e-01,2.224780023097991943e-01,-3.178671002388000488e-02,7.312400937080383301e-01,2.516172826290130615e-01,-8.114787749946117401e-03,7.464172840118408203e-01,2.158356904983520508e-01,-1.790745742619037628e-02,7.567375898361206055e-01,1.944834887981414795e-01,-2.663788758218288422e-02,7.679930329322814941e-01,1.745008081197738647e-01,-3.331008553504943848e-02,7.504553794860839844e-01,2.600497603416442871e-01,-8.966241963207721710e-03,7.719880938529968262e-01,2.227823436260223389e-01,-1.744586229324340820e-02,7.865295410156250000e-01,1.980759203433990479e-01,-2.588031813502311707e-02,7.997435331344604492e-01,1.740884780883789062e-01,-3.248754143714904785e-02,7.638386487960815430e-01,2.759342491626739502e-01,-1.214260607957839966e-02,7.891348600387573242e-01,2.443085014820098877e-01,-2.244554460048675537e-02,8.062191009521484375e-01,2.234352976083755493e-01,-2.978354878723621368e-02,8.204175829887390137e-01,2.034143209457397461e-01,-3.469223529100418091e-02,7.731719613075256348e-01,2.971090376377105713e-01,-1.659345254302024841e-02,7.971047163009643555e-01,2.753335237503051758e-01,-2.618575282394886017e-02,8.141986727714538574e-01,2.606293261051177979e-01,-3.074836544692516327e-02,8.294057846069335938e-01,2.460324168205261230e-01,-3.371502831578254700e-02
3.400604426860809326e-01,5.326498746871948242e-01,3.642239931878066272e-08,3.519663810729980469e-01,5.373431444168090820e-01,-2.559810690581798553e-02,3.511208891868591309e-01,5.434272289276123047e-01,-4.076944664120674133e-02,3.384877145290374756e-01,5.545392632484436035e-01,-5.181252956390380859e-02,3.250403404235839844e-01,5.697298645973205566e-01,-6.182625144720077515e-02,3.156609237194061279e-01,5.236910581588745117e-01,-3.753539919853210449e-02,2.968005239963531494e-01,5.211769342422485352e-01,-5.405513197183609009e-02,2.874670922756195068e-01,5.305625200271606445e-01,-6.516104936599731445e-02,2.798469066619873047e-01,5.463764071464538574e-01,-7.248456031084060669e-02,3.015170991420745850e-01,5.355108976364135742e-01,-3.174134716391563416e-02,2.790821790695190430e-01,5.358417034149169922e-01,-4.608641192317008972e-02,2.674842476844787598e-01,5.511714816093444824e-01,-5.449439957737922668e-02,2.613418698310852051e-01,5.701028108596801758e-01,-6.065869331359863281e-02,2.940627038478851318e-01,5.481615066528320312e-01,-2.758076228201389313e-02,2.732054591178894043e-01,5.507287383079528809e-01,-4.016714170575141907e-02,2.611314952373504639e-01,5.645338296890258789e-01,-4.774741828441619873e-02,2.537027597427368164e-01,5.809965729713439941e-01,-5.283294245600700378e-02,2.916794717311859131e-01,5.590538382530212402e-01,-2.522286772727966309e-02,2.738977670669555664e-01,5.637841820716857910e-01,-3.555926680564880371e-02,2.622260451316833496e-01,5.734217762947082520e-01,-4.156722500920295715e-02,2.548866271972656250e-01,5.860063433647155762e-01,-4.565415158867835999e-02,7.095320224761962891e-01,3.615099191665649414e-01,2.318140843726723688e-07,6.953591108322143555e-01,3.236199319362640381e-01,-1.388881448656320572e-02,6.898320317268371582e-01,2.821909189224243164e-01,-2.162158489227294922e-02,6.965160369873046875e-01,2.493918687105178833e-01,-2.825504727661609650e-02,7.106789946556091309e-01,2.259535938501358032e-01,-3.435761108994483948e-02,7.235778570175170898e-01,2.536399960517883301e-01,-1.003669016063213348e-02,7.370030283927917480e-01,2.174022793769836426e-01,-2.106147445738315582e-02,7.471476793289184570e-01,1.962489187717437744e-01,-3.017887845635414124e-02,7.586026191711425781e-01,1.777375936508178711e-01,-3.674146160483360291e-02,7.424809336662292480e-01,2.619033157825469971e-01,-1.093991380184888840e-02,7.631707191467285156e-01,2.238111644983291626e-01,-2.054148912429809570e-02,7.775903940200805664e-01,1.990758627653121948e-01,-2.871351502835750580e-02,7.912808060646057129e-01,1.761747300624847412e-01,-3.487445786595344543e-02,7.561529278755187988e-01,2.774922251701354980e-01,-1.415823772549629211e-02,7.821418046951293945e-01,2.454942464828491211e-01,-2.544621750712394714e-02,8.002846837043762207e-01,2.251833677291870117e-01,-3.252362087368965149e-02,8.155769109725952148e-01,2.064471989870071411e-01,-3.696715831756591797e-02,7.659710645675659180e-01,2.984445095062255859e-01,-1.855652034282684326e-02,7.913262248039245605e-01,2.767203748226165771e-01,-2.848381176590919495e-02,8.091428279876708984e-01,2.627671957015991211e-01,-3.272400796413421631e-02,8.247171640396118164e-01,2.486805170774459839e-01,-3.534698113799095154e-02
3.390232920646667480e-01,5.329419970512390137e-01,3.909631018927939294e-08,3.518399298191070557e-01,5.384733080863952637e-01,-2.586489170789718628e-02,3.515782654285430908e-01,5.449397563934326172e-01,-4.110456630587577820e-02,3.393948972225189209e-01,5.560587644577026367e-01,-5.210826173424720764e-02,3.259162306785583496e-01,5.703679323196411133e-01,-6.206256523728370667e-02,3.168089389801025391e-01,5.246819853782653809e-01,-3.835827857255935669e-02,2.975079417228698730e-01,5.219781994819641113e-01,-5.476732924580574036e-02,2.880890667438507080e-01,5.312540531158447266e-01,-6.564792990684509277e-02,2.803821563720703125e-01,5.469232797622680664e-01,-7.280647754669189453e-02,3.022534847259521484e-01,5.358453989028930664e-01,-3.237117081880569458e-02,2.795727252960205078e-01,5.366986393928527832e-01,-4.670979827642440796e-02,2.677155435085296631e-01,5.522524118423461914e-01,-5.492836236953735352e-02,2.609006464481353760e-01,5.714547634124755859e-01,-6.092473119497299194e-02,2.941702306270599365e-01,5.480346679687500000e-01,-2.795912139117717743e-02,2.732701599597930908e-01,5.510028004646301270e-01,-4.048115387558937073e-02,2.615823149681091309e-01,5.648112893104553223e-01,-4.747939854860305786e-02,2.540812790393829346e-01,5.812321901321411133e-01,-5.214178934693336487e-02,2.909695506095886230e-01,5.589350461959838867e-01,-2.538793720304965973e-02,2.735189199447631836e-01,5.642141699790954590e-01,-3.569545596837997437e-02,2.621875703334808350e-01,5.740674734115600586e-01,-4.128393903374671936e-02,2.547603249549865723e-01,5.867086648941040039e-01,-4.499722272157669067e-02,7.073181271553039551e-01,3.633453845977783203e-01,2.341924982829368673e-07,6.925098896026611328e-01,3.247711360454559326e-01,-1.281960029155015945e-02,6.878597736358642578e-01,2.830128073692321777e-01,-1.951261423528194427e-02,6.942138075828552246e-01,2.502281665802001953e-01,-2.538511343300342560e-02,7.073365449905395508e-01,2.273211628198623657e-01,-3.081083670258522034e-02,7.213117480278015137e-01,2.560956180095672607e-01,-8.535901084542274475e-03,7.354819774627685547e-01,2.204236984252929688e-01,-1.861320622265338898e-02,7.452821731567382812e-01,1.985499709844589233e-01,-2.707546204328536987e-02,7.562040090560913086e-01,1.791172474622726440e-01,-3.339644148945808411e-02,7.401814460754394531e-01,2.638057172298431396e-01,-9.861557744443416595e-03,7.605499029159545898e-01,2.258287966251373291e-01,-1.872866973280906677e-02,7.749292254447937012e-01,2.008259594440460205e-01,-2.669216133654117584e-02,7.884353399276733398e-01,1.778098642826080322e-01,-3.285782039165496826e-02,7.539700865745544434e-01,2.794634401798248291e-01,-1.338482555001974106e-02,7.793722152709960938e-01,2.482255846261978149e-01,-2.408872731029987335e-02,7.964821457862854004e-01,2.279481142759323120e-01,-3.106427006423473358e-02,8.109179139137268066e-01,2.088303267955780029e-01,-3.560024127364158630e-02,7.639117836952209473e-01,3.004992902278900146e-01,-1.804573833942413330e-02,7.888333201408386230e-01,2.790809273719787598e-01,-2.799426019191741943e-02,8.067842721939086914e-01,2.654240429401397705e-01,-3.243505209684371948e-02,8.228650689125061035e-01,2.520770728588104248e-01,-3.521682694554328918e-02
3.390232920646667480e-01,5.329419970512390137e-01,3.909631018927939294e-08,3.518399298191070557e-01,5.384733080863952637e-01,-2.586489170789718628e-02,3.515782654285430908e-01,5.449397563934326172e-01,-4.110456630587577820e-02,3.393948972225189209e-01,5.560587644577026367e-01,-5.210826173424720764e-02,3.259162306785583496e-01,5.703679323196411133e-01,-6.206256523728370667e-02,3.168089389801025391e-01,5.246819853782653809e-01,-3.835827857255935669e-02,2.975079417228698730e-01,5.219781994819641113e-01,-5.476732924580574036e-02,2.880890667438507080e-01,5.312540531158447266e-01,-6.564792990684509277e-02,2.803821563720703125e-01,5.469232797622680664e-01,-7.280647754669189453e-02,3.022534847259521484e-01,5.358453989028930664e-01,-3.237117081880569458e-02,2.795727252960205078e-01,5.366986393928527832e-01,-4.670979827642440796e-02,2.677155435085296631e-01,5.522524118423461914e-01,-5.492836236953735352e-02,2.609006464481353760e-01,5.714547634124755859e-01,-6.092473119497299194e-02,2.941702306270599365e-01,5.480346679687500000e-01,-2.795912139117717743e-02,2.732701599597930908e-01,5.510028004646301270e-01,-4.048115387558937073e-02,2.615823149681091309e-01,5.648112893104553223e-01,-4.747939854860305786e-02,2.540812790393829346e-01,5.812321901321411133e-01,-5.214178934693336487e-02,2.909695506095886230e-01,5.589350461959838867e-01,-2.538793720304965973e-02,2.735189199447631836e-01,5.642141699790954590e-01,-3.569545596837997437e-02,2.621875703334808350e-01,5.740674734115600586e-01,-4.128393903374671936e-02,2.547603249549865723e-01,5.867086648941040039e-01,-4.499722272157669067e-02,7.073181271553039551e-01,3.633453845977783203e-01,2.341924982829368673e-07,6.925098896026611328e-01,3.247711360454559326e-01,-1.281960029155015945e-02,6.878597736358642578e-01,2.830128073692321777e-01,-1.951261423528194427e-02,6.942138075828552246e-01,2.502281665802001953e-01,-2.538511343300342560e-02,7.073365449905395508e-01,2.273211628198623657e-01,-3.081083670258522034e-02,7.213117480278015137e-01,2.560956180095672607e-01,-8.535901084542274475e-03,7.354819774627685547e-01,2.204236984252929688e-01,-1.861320622265338898e-02,7.452821731567382812e-01,1.985499709844589233e-01,-2.707546204328536987e-02,7.562040090560913086e-01,1.791172474622726440e-01,-3.339644148945808411e-02,7.401814460754394531e-01,2.638057172298431396e-01,-9.861557744443416595e-03,7.605499029159545898e-01,2.258287966251373291e-01,-1.872866973280906677e-02,7.749292254447937012e-01,2.008259594440460205e-01,-2.669216133654117584e-02,7.884353399276733398e-01,1.778098642826080322e-01,-3.285782039165496826e-02,7.539700865745544434e-01,2.794634401798248291e-01,-1.338482555001974106e-02,7.793722152709960938e-01,2.482255846261978149e-01,-2.408872731029987335e-02,7.964821457862854004e-01,2.279481142759323120e-01,-3.106427006423473358e-02,8.109179139137268066e-01,2.088303267955780029e-01,-3.560024127364158630e-02,7.639117836952209473e-01,3.004992902278900146e-01,-1.804573833942413330e-02,7.888333201408386230e-01,2.790809273719787598e-01,-2.799426019191741943e-02,8.067842721939086914e-01,2.654240429401397705e-01,-3.243505209684371948e-02,8.228650689125061035e-01,2.520770728588104248e-01,-3.521682694554328918e-02
3.384628295898437500e-01,5.332245826721191406e-01,4.132234110443278041e-08,3.515444695949554443e-01,5.385085344314575195e-01,-2.624567970633506775e-02,3.515332937240600586e-01,5.450740456581115723e-01,-4.173168167471885681e-02,3.392665386199951172e-01,5.564299225807189941e-01,-5.285605415701866150e-02,3.256135880947113037e-01,5.708823800086975098e-01,-6.289348751306533813e-02,3.167982697486877441e-01,5.249143242835998535e-01,-3.914880007505416870e-02,2.977255582809448242e-01,5.219035744667053223e-01,-5.573175102472305298e-02,2.883567810058593750e-01,5.310419797897338867e-01,-6.670366227626800537e-02,2.807255685329437256e-01,5.468397736549377441e-01,-7.390645891427993774e-02,3.020510673522949219e-01,5.362355709075927734e-01,-3.295766189694404602e-02,2.793515026569366455e-01,5.362979173660278320e-01,-4.740800336003303528e-02,2.676240205764770508e-01,5.512365102767944336e-01,-5.567716434597969055e-02,2.611429691314697266e-01,5.702469348907470703e-01,-6.171132996678352356e-02,2.938429415225982666e-01,5.485962033271789551e-01,-2.831681445240974426e-02,2.730063498020172119e-01,5.508580207824707031e-01,-4.083579406142234802e-02,2.614412009716033936e-01,5.642060637474060059e-01,-4.788487777113914490e-02,2.542339861392974854e-01,5.804980993270874023e-01,-5.260611325502395630e-02,2.906630039215087891e-01,5.597256422042846680e-01,-2.552913315594196320e-02,2.733352184295654297e-01,5.650140643119812012e-01,-3.583706915378570557e-02,2.620803117752075195e-01,5.746941566467285156e-01,-4.148526489734649658e-02,2.548789680004119873e-01,5.872879028320312500e-01,-4.525010287761688232e-02,7.077844738960266113e-01,3.635505437850952148e-01,2.356898676225682721e-07,6.936296820640563965e-01,3.246718049049377441e-01,-1.248983945697546005e-02,6.887859106063842773e-01,2.838614881038665771e-01,-1.942720264196395874e-02,6.939853429794311523e-01,2.515081465244293213e-01,-2.559979259967803955e-02,7.066237330436706543e-01,2.287983894348144531e-01,-3.136781230568885803e-02,7.215690016746520996e-01,2.553246617317199707e-01,-8.562955074012279510e-03,7.359822392463684082e-01,2.199922502040863037e-01,-1.880227215588092804e-02,7.458648681640625000e-01,1.983922719955444336e-01,-2.760734967887401581e-02,7.566962838172912598e-01,1.786108464002609253e-01,-3.423342108726501465e-02,7.401824593544006348e-01,2.636002600193023682e-01,-1.009277161210775375e-02,7.604573369026184082e-01,2.262489944696426392e-01,-1.909031532704830170e-02,7.750045657157897949e-01,2.018720209598541260e-01,-2.722826600074768066e-02,7.882146239280700684e-01,1.786292195320129395e-01,-3.351160511374473572e-02,7.539141178131103516e-01,2.797873914241790771e-01,-1.377126760780811310e-02,7.787383794784545898e-01,2.481322437524795532e-01,-2.455605007708072662e-02,7.961027622222900391e-01,2.275245487689971924e-01,-3.157304599881172180e-02,8.104692697525024414e-01,2.078019380569458008e-01,-3.609438240528106689e-02,7.638788819313049316e-01,3.013594448566436768e-01,-1.853277161717414856e-02,7.885141372680664062e-01,2.788967788219451904e-01,-2.852452732622623444e-02,8.062932491302490234e-01,2.645193636417388916e-01,-3.293241187930107117e-02,8.219381570816040039e-01,2.503809332847595215e-01,-3.565222769975662231e-02
3.389731645584106445e-01,5.378298759460449219e-01,3.220031530304368061e-08,3.512793481349945068e-01,5.410785079002380371e-01,-2.539895288646221161e-02,3.518113493919372559e-01,5.462156534194946289e-01,-4.065205156803131104e-02,3.397254347801208496e-01,5.576006770133972168e-01,-5.184437334537506104e-02,3.262262940406799316e-01,5.727654099464416504e-01,-6.187626719474792480e-02,3.171593844890594482e-01,5.257195234298706055e-01,-3.743482381105422974e-02,2.977948784828186035e-01,5.238153934478759766e-01,-5.413600802421569824e-02,2.885796725749969482e-01,5.339741110801696777e-01,-6.509631127119064331e-02,2.813669145107269287e-01,5.504713058471679688e-01,-7.207504659891128540e-02,3.026412129402160645e-01,5.375986099243164062e-01,-3.155150637030601501e-02,2.812010943889617920e-01,5.378086566925048828e-01,-4.540393874049186707e-02,2.697223126888275146e-01,5.527431964874267578e-01,-5.292414128780364990e-02,2.638298869132995605e-01,5.712826848030090332e-01,-5.848783627152442932e-02,2.948144972324371338e-01,5.504659414291381836e-01,-2.735033072531223297e-02,2.750223875045776367e-01,5.526660680770874023e-01,-3.955144807696342468e-02,2.632841467857360840e-01,5.656455755233764648e-01,-4.601359367370605469e-02,2.558758258819580078e-01,5.814726948738098145e-01,-5.028827115893363953e-02,2.916870415210723877e-01,5.618101358413696289e-01,-2.496480941772460938e-02,2.745929360389709473e-01,5.664278864860534668e-01,-3.493766859173774719e-02,2.635231614112854004e-01,5.755990147590637207e-01,-4.001833871006965637e-02,2.564469873905181885e-01,5.877786874771118164e-01,-4.332246258854866028e-02,6.883425712585449219e-01,3.721625208854675293e-01,1.464119918637152296e-07,6.732957363128662109e-01,3.334697782993316650e-01,-6.838592234998941422e-03,6.696528196334838867e-01,2.919335365295410156e-01,-9.883486665785312653e-03,6.746296882629394531e-01,2.617061734199523926e-01,-1.338853314518928528e-02,6.793232560157775879e-01,2.378406971693038940e-01,-1.698691211640834808e-02,6.988790631294250488e-01,2.660549283027648926e-01,-2.556798281148076057e-03,7.074866890907287598e-01,2.285813689231872559e-01,-1.049625128507614136e-02,7.145099639892578125e-01,2.063443064689636230e-01,-1.771090924739837646e-02,7.221179008483886719e-01,1.864781975746154785e-01,-2.320602536201477051e-02,7.171235084533691406e-01,2.732017934322357178e-01,-6.678651552647352219e-03,7.343431711196899414e-01,2.329957485198974609e-01,-1.389607135206460953e-02,7.464827895164489746e-01,2.086742520332336426e-01,-2.107840962707996368e-02,7.578625679016113281e-01,1.867714077234268188e-01,-2.651355601847171783e-02,7.310484647750854492e-01,2.884085774421691895e-01,-1.257259771227836609e-02,7.546454668045043945e-01,2.535709738731384277e-01,-2.233390137553215027e-02,7.713613510131835938e-01,2.333774715662002563e-01,-2.945659868419170380e-02,7.855741381645202637e-01,2.141235321760177612e-01,-3.404527157545089722e-02,7.413671016693115234e-01,3.098433315753936768e-01,-1.909987628459930420e-02,7.667131423950195312e-01,2.865941226482391357e-01,-2.843295037746429443e-02,7.844621539115905762e-01,2.730545699596405029e-01,-3.257753700017929077e-02,7.995784282684326172e-01,2.591318190097808838e-01,-3.519627079367637634e-02
3.403995931148529053e-01,5.321810245513916016e-01,2.332108728353432525e-08,3.522257804870605469e-01,5.387312173843383789e-01,-2.422355487942695618e-02,3.518990576267242432e-01,5.461384654045104980e-01,-3.877231106162071228e-02,3.399429917335510254e-01,5.581694245338439941e-01,-4.940485581755638123e-02,3.269315958023071289e-01,5.726797580718994141e-01,-5.889279767870903015e-02,3.174984753131866455e-01,5.272763967514038086e-01,-3.571533411741256714e-02,2.984177470207214355e-01,5.236988663673400879e-01,-5.213328450918197632e-02,2.897273302078247070e-01,5.335159301757812500e-01,-6.309203058481216431e-02,2.829498946666717529e-01,5.493857860565185547e-01,-6.992795318365097046e-02,3.038633167743682861e-01,5.378285050392150879e-01,-3.026079945266246796e-02,2.820011079311370850e-01,5.387542247772216797e-01,-4.393322765827178955e-02,2.703839242458343506e-01,5.541466474533081055e-01,-5.173571035265922546e-02,2.640892267227172852e-01,5.734517574310302734e-01,-5.734913796186447144e-02,2.963923811912536621e-01,5.498814582824707031e-01,-2.641946822404861450e-02,2.758726477622985840e-01,5.519289374351501465e-01,-3.811792656779289246e-02,2.643756866455078125e-01,5.650163292884826660e-01,-4.466535151004791260e-02,2.573326230049133301e-01,5.815201997756958008e-01,-4.894510284066200256e-02,2.936885654926300049e-01,5.607415437698364258e-01,-2.433304116129875183e-02,2.761021852493286133e-01,5.659478306770324707e-01,-3.409403190016746521e-02,2.650766670703887939e-01,5.749807953834533691e-01,-3.934037312865257263e-02,2.579645514488220215e-01,5.874213576316833496e-01,-4.266320541501045227e-02,6.792826056480407715e-01,3.755740821361541748e-01,1.533853861701572896e-07,6.631075143814086914e-01,3.406317830085754395e-01,-8.202203549444675446e-03,6.575146913528442383e-01,3.002819120883941650e-01,-1.264570560306310654e-02,6.601750850677490234e-01,2.695178389549255371e-01,-1.722069457173347473e-02,6.644265651702880859e-01,2.454842478036880493e-01,-2.180016785860061646e-02,6.909702420234680176e-01,2.729514837265014648e-01,-4.773141350597143173e-03,6.995130777359008789e-01,2.357023656368255615e-01,-1.327751483768224716e-02,7.031962275505065918e-01,2.125445008277893066e-01,-2.095687203109264374e-02,7.074864506721496582e-01,1.919743120670318604e-01,-2.671201340854167938e-02,7.074536681175231934e-01,2.793776392936706543e-01,-8.112115785479545593e-03,7.239021062850952148e-01,2.392483651638031006e-01,-1.588047109544277191e-02,7.340729236602783203e-01,2.138470709323883057e-01,-2.314939163625240326e-02,7.434526085853576660e-01,1.915189921855926514e-01,-2.864572405815124512e-02,7.204090952873229980e-01,2.927447855472564697e-01,-1.321888994425535202e-02,7.432447671890258789e-01,2.583518624305725098e-01,-2.299090102314949036e-02,7.590010166168212891e-01,2.369152456521987915e-01,-2.990690246224403381e-02,7.722015976905822754e-01,2.176882773637771606e-01,-3.447078913450241089e-02,7.301501035690307617e-01,3.119452893733978271e-01,-1.905043981969356537e-02,7.551536560058593750e-01,2.893296778202056885e-01,-2.790667489171028137e-02,7.724434733390808105e-01,2.758259177207946777e-01,-3.162602335214614868e-02,7.870647907257080078e-01,2.628344893455505371e-01,-3.408427163958549500e-02
3.394731879234313965e-01,5.354692339897155762e-01,4.145957532841748616e-08,3.522601127624511719e-01,5.401448011398315430e-01,-2.566133253276348114e-02,3.520102202892303467e-01,5.467957258224487305e-01,-4.078676179051399231e-02,3.395685255527496338e-01,5.584459304809570312e-01,-5.153470113873481750e-02,3.269124329090118408e-01,5.740264654159545898e-01,-6.113852933049201965e-02,3.180148601531982422e-01,5.274397730827331543e-01,-3.883166611194610596e-02,2.992808818817138672e-01,5.247280001640319824e-01,-5.514190718531608582e-02,2.902681231498718262e-01,5.340139865875244141e-01,-6.551891565322875977e-02,2.831892371177673340e-01,5.492329001426696777e-01,-7.215765118598937988e-02,3.039537966251373291e-01,5.388906598091125488e-01,-3.254052251577377319e-02,2.815650999546051025e-01,5.393398404121398926e-01,-4.655845835804939270e-02,2.703410685062408447e-01,5.537860989570617676e-01,-5.396700650453567505e-02,2.646296918392181396e-01,5.713134407997131348e-01,-5.944046750664710999e-02,2.959453463554382324e-01,5.513199567794799805e-01,-2.774497307837009430e-02,2.751830220222473145e-01,5.529649257659912109e-01,-3.997398167848587036e-02,2.639682888984680176e-01,5.664175748825073242e-01,-4.652950540184974670e-02,2.572135925292968750e-01,5.822220444679260254e-01,-5.088373273611068726e-02,2.926141917705535889e-01,5.623766779899597168e-01,-2.475041151046752930e-02,2.751066386699676514e-01,5.677752494812011719e-01,-3.498718887567520142e-02,2.638567984104156494e-01,5.773795247077941895e-01,-4.063412174582481384e-02,2.567397058010101318e-01,5.894820094108581543e-01,-4.434244334697723389e-02,6.797339320182800293e-01,3.760333359241485596e-01,1.709726547005629982e-07,6.630154252052307129e-01,3.405312895774841309e-01,-7.852179929614067078e-03,6.576545238494873047e-01,3.000919520854949951e-01,-1.188788469880819321e-02,6.603443622589111328e-01,2.698957324028015137e-01,-1.596350781619548798e-02,6.633743643760681152e-01,2.446889430284500122e-01,-2.005861140787601471e-02,6.908634305000305176e-01,2.717337906360626221e-01,-5.176411941647529602e-03,6.994043588638305664e-01,2.352536916732788086e-01,-1.318868063390254974e-02,7.035086750984191895e-01,2.129272073507308960e-01,-2.033059112727642059e-02,7.082212567329406738e-01,1.923453509807586670e-01,-2.571633085608482361e-02,7.074595689773559570e-01,2.786895930767059326e-01,-8.518722839653491974e-03,7.240119576454162598e-01,2.390411049127578735e-01,-1.597060635685920715e-02,7.340430021286010742e-01,2.132123112678527832e-01,-2.302524819970130920e-02,7.427529096603393555e-01,1.897398829460144043e-01,-2.829457446932792664e-02,7.205764055252075195e-01,2.931407690048217773e-01,-1.344675570726394653e-02,7.427334785461425781e-01,2.585271000862121582e-01,-2.297893539071083069e-02,7.580542564392089844e-01,2.364637851715087891e-01,-2.950504422187805176e-02,7.709577083587646484e-01,2.166073918342590332e-01,-3.371878340840339661e-02,7.305358648300170898e-01,3.133096694946289062e-01,-1.902677677571773529e-02,7.556082010269165039e-01,2.903718948364257812e-01,-2.790102735161781311e-02,7.728612422943115234e-01,2.761428058147430420e-01,-3.151920810341835022e-02,7.876663208007812500e-01,2.624918818473815918e-01,-3.374598547816276550e-02
3.387162983417510986e-01,5.333222746849060059e-01,2.669346521599891275e-08,3.517535924911499023e-01,5.395953655242919922e-01,-2.483351901173591614e-02,3.520661890506744385e-01,5.473155379295349121e-01,-3.947076946496963501e-02,3.399402201175689697e-01,5.596190690994262695e-01,-4.998997226357460022e-02,3.264669179916381836e-01,5.743812322616577148e-01,-5.935790762305259705e-02,3.174427747726440430e-01,5.275138020515441895e-01,-3.649541735649108887e-02,2.991034090518951416e-01,5.263161659240722656e-01,-5.247442051768302917e-02,2.899090051651000977e-01,5.360772609710693359e-01,-6.286681443452835083e-02,2.824946641921997070e-01,5.514061450958251953e-01,-6.954288482666015625e-02,3.029322922229766846e-01,5.380560755729675293e-01,-3.059582039713859558e-02,2.816348969936370850e-01,5.402711629867553711e-01,-4.417124390602111816e-02,2.710536122322082520e-01,5.548530220985412598e-01,-5.152732133865356445e-02,2.658651769161224365e-01,5.723267793655395508e-01,-5.686388909816741943e-02,2.948490381240844727e-01,5.498548150062561035e-01,-2.629554085433483124e-02,2.747058868408203125e-01,5.539401173591613770e-01,-3.843703120946884155e-02,2.633741796016693115e-01,5.680344700813293457e-01,-4.500833153724670410e-02,2.563327550888061523e-01,5.845094323158264160e-01,-4.921674728393554688e-02,2.914835810661315918e-01,5.603161454200744629e-01,-2.372093498706817627e-02,2.739860415458679199e-01,5.667030215263366699e-01,-3.384201228618621826e-02,2.627602815628051758e-01,5.766499042510986328e-01,-3.925082832574844360e-02,2.555261254310607910e-01,5.893452763557434082e-01,-4.268609732389450073e-02,6.698340773582458496e-01,3.805699646472930908e-01,1.338210182666443870e-07,6.520940661430358887e-01,3.475899994373321533e-01,-7.532161194831132889e-03,6.448096036911010742e-01,3.075990378856658936e-01,-1.170113775879144669e-02,6.445513367652893066e-01,2.775348722934722900e-01,-1.610944420099258423e-02,6.501292586326599121e-01,2.555358707904815674e-01,-2.040825597941875458e-02,6.783174276351928711e-01,2.773268222808837891e-01,-3.922645933926105499e-03,6.843271851539611816e-01,2.399488240480422974e-01,-1.191352587193250656e-02,6.862280964851379395e-01,2.170009315013885498e-01,-1.916211843490600586e-02,6.883943676948547363e-01,1.969572752714157104e-01,-2.453360334038734436e-02,6.951147317886352539e-01,2.830444276332855225e-01,-7.283321116119623184e-03,7.095479369163513184e-01,2.428822815418243408e-01,-1.437371503561735153e-02,7.179998755455017090e-01,2.174708843231201172e-01,-2.095122821629047394e-02,7.253173589706420898e-01,1.958056986331939697e-01,-2.587508969008922577e-02,7.087333798408508301e-01,2.961032390594482422e-01,-1.238322444260120392e-02,7.294815182685852051e-01,2.614129483699798584e-01,-2.139014564454555511e-02,7.431111335754394531e-01,2.399313449859619141e-01,-2.766116522252559662e-02,7.542907595634460449e-01,2.209827601909637451e-01,-3.172506764531135559e-02,7.192078232765197754e-01,3.149247169494628906e-01,-1.819172129034996033e-02,7.436921596527099609e-01,2.918832898139953613e-01,-2.650283277034759521e-02,7.604286074638366699e-01,2.770948410034179688e-01,-3.002243861556053162e-02,7.744341492652893066e-01,2.628101706504821777e-01,-3.223842754960060120e-02
3.387162983417510986e-01,5.333222746849060059e-01,2.669346521599891275e-08,3.517535924911499023e-01,5.395953655242919922e-01,-2.483351901173591614e-02,3.520661890506744385e-01,5.473155379295349121e-01,-3.947076946496963501e-02,3.399402201175689697e-01,5.596190690994262695e-01,-4.998997226357460022e-02,3.264669179916381836e-01,5.743812322616577148e-01,-5.935790762305259705e-02,3.174427747726440430e-01,5.275138020515441895e-01,-3.649541735649108887e-02,2.991034090518951416e-01,5.263161659240722656e-01,-5.247442051768302917e-02,2.899090051651000977e-01,5.360772609710693359e-01,-6.286681443452835083e-02,2.824946641921997070e-01,5.514061450958251953e-01,-6.954288482666015625e-02,3.029322922229766846e-01,5.380560755729675293e-01,-3.059582039713859558e-02,2.816348969936370850e-01,5.402711629867553711e-01,-4.417124390602111816e-02,2.710536122322082520e-01,5.548530220985412598e-01,-5.152732133865356445e-02,2.658651769161224365e-01,5.723267793655395508e-01,-5.686388909816741943e-02,2.948490381240844727e-01,5.498548150062561035e-01,-2.629554085433483124e-02,2.747058868408203125e-01,5.539401173591613770e-01,-3.843703120946884155e-02,2.633741796016693115e-01,5.680344700813293457e-01,-4.500833153724670410e-02,2.563327550888061523e-01,5.845094323158264160e-01,-4.921674728393554688e-02,2.914835810661315918e-01,5.603161454200744629e-01,-2.372093498706817627e-02,2.739860415458679199e-01,5.667030215263366699e-01,-3.384201228618621826e-02,2.627602815628051758e-01,5.766499042510986328e-01,-3.925082832574844360e-02,2.555261254310607910e-01,5.893452763557434082e-01,-4.268609732389450073e-02,6.698340773582458496e-01,3.805699646472930908e-01,1.338210182666443870e-07,6.520940661430358887e-01,3.475899994373321533e-01,-7.532161194831132889e-03,6.448096036911010742e-01,3.075990378856658936e-01,-1.170113775879144669e-02,6.445513367652893066e-01,2.775348722934722900e-01,-1.610944420099258423e-02,6.501292586326599121e-01,2.555358707904815674e-01,-2.040825597941875458e-02,6.783174276351928711e-01,2.773268222808837891e-01,-3.922645933926105499e-03,6.843271851539611816e-01,2.399488240480422974e-01,-1.191352587193250656e-02,6.862280964851379395e-01,2.170009315013885498e-01,-1.916211843490600586e-02,6.883943676948547363e-01,1.969572752714157104e-01,-2.453360334038734436e-02,6.951147317886352539e-01,2.830444276332855225e-01,-7.283321116119623184e-03,7.095479369163513184e-01,2.428822815418243408e-01,-1.437371503561735153e-02,7.179998755455017090e-01,2.174708843231201172e-01,-2.095122821629047394e-02,7.253173589706420898e-01,1.958056986331939697e-01,-2.587508969008922577e-02,7.087333798408508301e-01,2.961032390594482422e-01,-1.238322444260120392e-02,7.294815182685852051e-01,2.614129483699798584e-01,-2.139014564454555511e-02,7.431111335754394531e-01,2.399313449859619141e-01,-2.766116522252559662e-02,7.542907595634460449e-01,2.209827601909637451e-01,-3.172506764531135559e-02,7.192078232765197754e-01,3.149247169494628906e-01,-1.819172129034996033e-02,7.436921596527099609e-01,2.918832898139953613e-01,-2.650283277034759521e-02,7.604286074638366699e-01,2.770948410034179688e-01,-3.002243861556053162e-02,7.744341492652893066e-01,2.628101706504821777e-01,-3.223842754960060120e-02
3.402304649353027344e-01,5.341002941131591797e-01,2.594812720246864046e-08,3.523212075233459473e-01,5.399504899978637695e-01,-2.443444542586803436e-02,3.521449267864227295e-01,5.477021932601928711e-01,-3.857374563813209534e-02,3.399614691734313965e-01,5.605594515800476074e-01,-4.866247996687889099e-02,3.269997239112854004e-01,5.761923193931579590e-01,-5.758015438914299011e-02,3.164658546447753906e-01,5.279104113578796387e-01,-3.475947305560112000e-02,2.991836667060852051e-01,5.284128189086914062e-01,-4.967091605067253113e-02,2.901291251182556152e-01,5.384758114814758301e-01,-5.970029905438423157e-02,2.822581231594085693e-01,5.540741682052612305e-01,-6.648555397987365723e-02,3.023451268672943115e-01,5.394394397735595703e-01,-2.905283868312835693e-02,2.815233469009399414e-01,5.422616004943847656e-01,-4.181187599897384644e-02,2.703620791435241699e-01,5.572619438171386719e-01,-4.888517037034034729e-02,2.641509175300598145e-01,5.751118063926696777e-01,-5.421575158834457397e-02,2.948563694953918457e-01,5.519083142280578613e-01,-2.495089918375015259e-02,2.751516401767730713e-01,5.565638542175292969e-01,-3.646371513605117798e-02,2.639304399490356445e-01,5.702707767486572266e-01,-4.255561530590057373e-02,2.564995288848876953e-01,5.861859917640686035e-01,-4.661053791642189026e-02,2.920954823493957520e-01,5.629276037216186523e-01,-2.262615039944648743e-02,2.752228975296020508e-01,5.691800713539123535e-01,-3.235821053385734558e-02,2.644511461257934570e-01,5.789581537246704102e-01,-3.731520101428031921e-02,2.572898268699645996e-01,5.911706686019897461e-01,-4.049814119935035706e-02,6.639654636383056641e-01,3.892492353916168213e-01,1.217150753518581041e-07,6.447420120239257812e-01,3.562514781951904297e-01,-6.250053644180297852e-03,6.361714005470275879e-01,3.165173232555389404e-01,-9.596690535545349121e-03,6.333013176918029785e-01,2.869708240032196045e-01,-1.343037839978933334e-02,6.331081986427307129e-01,2.634674310684204102e-01,-1.744981855154037476e-02,6.621795296669006348e-01,2.861096262931823730e-01,-3.750016912817955017e-03,6.654452681541442871e-01,2.483904659748077393e-01,-1.170958485454320908e-02,6.671246290206909180e-01,2.249198406934738159e-01,-1.879420876502990723e-02,6.695256829261779785e-01,2.042881250381469727e-01,-2.409691922366619110e-02,6.802960634231567383e-01,2.896300554275512695e-01,-7.739264983683824539e-03,6.922761201858520508e-01,2.487419098615646362e-01,-1.482405792921781540e-02,6.993409991264343262e-01,2.226950824260711670e-01,-2.154764905571937561e-02,7.053304910659790039e-01,2.001424133777618408e-01,-2.666114456951618195e-02,6.953091621398925781e-01,3.012329638004302979e-01,-1.322766952216625214e-02,7.137578725814819336e-01,2.655317485332489014e-01,-2.205768972635269165e-02,7.259428501129150391e-01,2.429541498422622681e-01,-2.845936641097068787e-02,7.357273101806640625e-01,2.229989618062973022e-01,-3.274791315197944641e-02,7.071174979209899902e-01,3.189588189125061035e-01,-1.928769238293170929e-02,7.296484112739562988e-01,2.943299710750579834e-01,-2.740032598376274109e-02,7.453824877738952637e-01,2.784027755260467529e-01,-3.087772615253925323e-02,7.582765817642211914e-01,2.636352479457855225e-01,-3.317755460739135742e-02
3.366407155990600586e-01,5.382333993911743164e-01,3.486413291398093861e-08,3.504044413566589355e-01,5.429791808128356934e-01,-2.516428939998149872e-02,3.514747321605682373e-01,5.496185421943664551e-01,-4.018912836909294128e-02,3.403556048870086670e-01,5.615154504776000977e-01,-5.103812739253044128e-02,3.279302716255187988e-01,5.764024853706359863e-01,-6.072738766670227051e-02,3.165698051452636719e-01,5.295730233192443848e-01,-3.762209787964820862e-02,2.991150021553039551e-01,5.290459394454956055e-01,-5.389285460114479065e-02,2.906374335289001465e-01,5.392438173294067383e-01,-6.442829966545104980e-02,2.838448584079742432e-01,5.551996827125549316e-01,-7.119944691658020020e-02,3.020801246166229248e-01,5.415613055229187012e-01,-3.169494122266769409e-02,2.811527550220489502e-01,5.421987771987915039e-01,-4.547140002250671387e-02,2.708225250244140625e-01,5.565710663795471191e-01,-5.285412818193435669e-02,2.655944824218750000e-01,5.740456581115722656e-01,-5.834306403994560242e-02,2.941584885120391846e-01,5.545219182968139648e-01,-2.734447456896305084e-02,2.743814289569854736e-01,5.577247738838195801e-01,-3.977260738611221313e-02,2.635319828987121582e-01,5.716188549995422363e-01,-4.647247493267059326e-02,2.570194303989410400e-01,5.877291560173034668e-01,-5.084231495857238770e-02,2.909016907215118408e-01,5.659845471382141113e-01,-2.472410723567008972e-02,2.738093733787536621e-01,5.724866986274719238e-01,-3.500985726714134216e-02,2.631678581237792969e-01,5.824411511421203613e-01,-4.045313596725463867e-02,2.564029097557067871e-01,5.949391722679138184e-01,-4.402398318052291870e-02,6.531618237495422363e-01,3.995596468448638916e-01,1.097528823379434471e-07,6.302738189697265625e-01,3.718293905258178711e-01,-6.537647917866706848e-03,6.170803904533386230e-01,3.336240351200103760e-01,-9.725023992359638214e-03,6.117826700210571289e-01,3.042941987514495850e-01,-1.332339365035295486e-02,6.060026884078979492e-01,2.830038070678710938e-01,-1.734697632491588593e-02,6.401906609535217285e-01,2.994794845581054688e-01,-3.983207978308200836e-03,6.402470469474792480e-01,2.643144726753234863e-01,-1.096562948077917099e-02,6.398880481719970703e-01,2.427286207675933838e-01,-1.729136705398559570e-02,6.402643322944641113e-01,2.230064570903778076e-01,-2.227173931896686554e-02,6.583861112594604492e-01,3.003638684749603271e-01,-7.896864786744117737e-03,6.663395762443542480e-01,2.591868638992309570e-01,-1.425568573176860809e-02,6.688813567161560059e-01,2.336026132106781006e-01,-2.053315378725528717e-02,6.705803275108337402e-01,2.108412533998489380e-01,-2.554772980511188507e-02,6.743322610855102539e-01,3.099938333034515381e-01,-1.332715712487697601e-02,6.895493268966674805e-01,2.724958658218383789e-01,-2.170544676482677460e-02,6.978358030319213867e-01,2.485037595033645630e-01,-2.835710532963275909e-02,7.041575908660888672e-01,2.271330058574676514e-01,-3.303768113255500793e-02,6.874708533287048340e-01,3.262198567390441895e-01,-1.937060803174972534e-02,7.068421244621276855e-01,2.993606925010681152e-01,-2.721959538757801056e-02,7.198847532272338867e-01,2.824296355247497559e-01,-3.122075460851192474e-02,7.305185794830322266e-01,2.667400240898132324e-01,-3.413377329707145691e-02
3.369853496551513672e-01,5.386759042739868164e-01,2.611307259314799012e-08,3.503208160400390625e-01,5.429486036300659180e-01,-2.466899156570434570e-02,3.513902425765991211e-01,5.491042137145996094e-01,-3.956483677029609680e-02,3.404719829559326172e-01,5.614336729049682617e-01,-5.050712078809738159e-02,3.279839456081390381e-01,5.769148468971252441e-01,-6.034909561276435852e-02,3.168427944183349609e-01,5.308890342712402344e-01,-3.679112717509269714e-02,2.989836335182189941e-01,5.281544327735900879e-01,-5.318001657724380493e-02,2.904981374740600586e-01,5.382329821586608887e-01,-6.393413245677947998e-02,2.836170792579650879e-01,5.548072457313537598e-01,-7.081624120473861694e-02,3.026873469352722168e-01,5.426967740058898926e-01,-3.120262548327445984e-02,2.819992303848266602e-01,5.424008369445800781e-01,-4.496217519044876099e-02,2.713165581226348877e-01,5.563606619834899902e-01,-5.249046161770820618e-02,2.657774388790130615e-01,5.740657448768615723e-01,-5.804946273565292358e-02,2.947669625282287598e-01,5.554124712944030762e-01,-2.721431292593479156e-02,2.749668955802917480e-01,5.582339763641357422e-01,-3.937517479062080383e-02,2.636501789093017578e-01,5.715157389640808105e-01,-4.593978822231292725e-02,2.564706802368164062e-01,5.876857638359069824e-01,-5.026177316904067993e-02,2.914180159568786621e-01,5.666130185127258301e-01,-2.497129514813423157e-02,2.743661403656005859e-01,5.726097822189331055e-01,-3.505170345306396484e-02,2.636879086494445801e-01,5.823395848274230957e-01,-4.031137004494667053e-02,2.567732036113739014e-01,5.950059890747070312e-01,-4.374194145202636719e-02,6.519151329994201660e-01,3.975486755371093750e-01,1.579031874143765890e-07,6.295567154884338379e-01,3.712045550346374512e-01,-7.104506716132164001e-03,6.160609722137451172e-01,3.340106010437011719e-01,-1.069066207855939865e-02,6.110226511955261230e-01,3.059280514717102051e-01,-1.426247972995042801e-02,6.056779623031616211e-01,2.836122214794158936e-01,-1.816669106483459473e-02,6.400664448738098145e-01,2.996051907539367676e-01,-6.775674875825643539e-03,6.392599344253540039e-01,2.648059129714965820e-01,-1.467644423246383667e-02,6.386193037033081055e-01,2.439310848712921143e-01,-2.129676565527915955e-02,6.390208005905151367e-01,2.240011096000671387e-01,-2.635321021080017090e-02,6.581254601478576660e-01,3.004554808139801025e-01,-1.041925977915525436e-02,6.649913787841796875e-01,2.596297562122344971e-01,-1.785492710769176483e-02,6.680528521537780762e-01,2.336350083351135254e-01,-2.488260902464389801e-02,6.702783703804016113e-01,2.097827494144439697e-01,-3.018375113606452942e-02,6.737006902694702148e-01,3.099298477172851562e-01,-1.534231752157211304e-02,6.875091791152954102e-01,2.729484140872955322e-01,-2.522869594395160675e-02,6.962055563926696777e-01,2.488611638545989990e-01,-3.229158371686935425e-02,7.029815912246704102e-01,2.270015478134155273e-01,-3.687147051095962524e-02,6.863186359405517578e-01,3.259145319461822510e-01,-2.067476697266101837e-02,7.052730321884155273e-01,2.992959320545196533e-01,-2.991235256195068359e-02,7.186053991317749023e-01,2.824431955814361572e-01,-3.397841006517410278e-02,7.295291423797607422e-01,2.668081521987915039e-01,-3.657488897442817688e-02
3.369853496551513672e-01,5.386759042739868164e-01,2.611307259314799012e-08,3.503208160400390625e-01,5.429486036300659180e-01,-2.466899156570434570e-02,3.513902425765991211e-01,5.491042137145996094e-01,-3.956483677029609680e-02,3.404719829559326172e-01,5.614336729049682617e-01,-5.050712078809738159e-02,3.279839456081390381e-01,5.769148468971252441e-01,-6.034909561276435852e-02,3.168427944183349609e-01,5.308890342712402344e-01,-3.679112717509269714e-02,2.989836335182189941e-01,5.281544327735900879e-01,-5.318001657724380493e-02,2.904981374740600586e-01,5.382329821586608887e-01,-6.393413245677947998e-02,2.836170792579650879e-01,5.548072457313537598e-01,-7.081624120473861694e-02,3.026873469352722168e-01,5.426967740058898926e-01,-3.120262548327445984e-02,2.819992303848266602e-01,5.424008369445800781e-01,-4.496217519044876099e-02,2.713165581226348877e-01,5.563606619834899902e-01,-5.249046161770820618e-02,2.657774388790130615e-01,5.740657448768615723e-01,-5.804946273565292358e-02,2.947669625282287598e-01,5.554124712944030762e-01,-2.721431292593479156e-02,2.749668955802917480e-01,5.582339763641357422e-01,-3.937517479062080383e-02,2.636501789093017578e-01,5.715157389640808105e-01,-4.593978822231292725e-02,2.564706802368164062e-01,5.876857638359069824e-01,-5.026177316904067993e-02,2.914180159568786621e-01,5.666130185127258301e-01,-2.497129514813423157e-02,2.743661403656005859e-01,5.726097822189331055e-01,-3.505170345306396484e-02,2.636879086494445801e-01,5.823395848274230957e-01,-4.031137004494667053e-02,2.567732036113739014e-01,5.950059890747070312e-01,-4.374194145202636719e-02,6.519151329994201660e-01,3.975486755371093750e-01,1.579031874143765890e-07,6.295567154884338379e-01,3.712045550346374512e-01,-7.104506716132164001e-03,6.160609722137451172e-01,3.340106010437011719e-01,-1.069066207855939865e-02,6.110226511955261230e-01,3.059280514717102051e-01,-1.426247972995042801e-02,6.056779623031616211e-01,2.836122214794158936e-01,-1.816669106483459473e-02,6.400664448738098145e-01,2.996051907539367676e-01,-6.775674875825643539e-03,6.392599344253540039e-01,2.648059129714965820e-01,-1.467644423246383667e-02,6.386193037033081055e-01,2.439310848712921143e-01,-2.129676565527915955e-02,6.390208005905151367e-01,2.240011096000671387e-01,-2.635321021080017090e-02,6.581254601478576660e-01,3.004554808139801025e-01,-1.041925977915525436e-02,6.649913787841796875e-01,2.596297562122344971e-01,-1.785492710769176483e-02,6.680528521537780762e-01,2.336350083351135254e-01,-2.488260902464389801e-02,6.702783703804016113e-01,2.097827494144439697e-01,-3.018375113606452942e-02,6.737006902694702148e-01,3.099298477172851562e-01,-1.534231752157211304e-02,6.875091791152954102e-01,2.729484140872955322e-01,-2.522869594395160675e-02,6.962055563926696777e-01,2.488611638545989990e-01,-3.229158371686935425e-02,7.029815912246704102e-01,2.270015478134155273e-01,-3.687147051095962524e-02,6.863186359405517578e-01,3.259145319461822510e-01,-2.067476697266101837e-02,7.052730321884155273e-01,2.992959320545196533e-01,-2.991235256195068359e-02,7.186053991317749023e-01,2.824431955814361572e-01,-3.397841006517410278e-02,7.295291423797607422e-01,2.668081521987915039e-01,-3.657488897442817688e-02
3.398775160312652588e-01,5.370225906372070312e-01,2.426688539003407641e-08,3.517373204231262207e-01,5.425213575363159180e-01,-2.410458959639072418e-02,3.516464829444885254e-01,5.499380230903625488e-01,-3.840171918272972107e-02,3.396534323692321777e-01,5.630360245704650879e-01,-4.873663187026977539e-02,3.268351256847381592e-01,5.788417458534240723e-01,-5.786447599530220032e-02,3.165950179100036621e-01,5.299403667449951172e-01,-3.531304746866226196e-02,2.980782687664031982e-01,5.295980572700500488e-01,-5.084411427378654480e-02,2.893681228160858154e-01,5.407100915908813477e-01,-6.117750704288482666e-02,2.823080122470855713e-01,5.576471090316772461e-01,-6.787050515413284302e-02,3.027707040309906006e-01,5.418706536293029785e-01,-2.973369136452674866e-02,2.812289595603942871e-01,5.445005297660827637e-01,-4.262441396713256836e-02,2.694995999336242676e-01,5.609762072563171387e-01,-4.977258667349815369e-02,2.631300091743469238e-01,5.807566642761230469e-01,-5.513695254921913147e-02,2.955675721168518066e-01,5.547649264335632324e-01,-2.572706528007984161e-02,2.754949033260345459e-01,5.591254234313964844e-01,-3.739969804883003235e-02,2.641893029212951660e-01,5.735256671905517578e-01,-4.371408000588417053e-02,2.570848762989044189e-01,5.905212759971618652e-01,-4.786505550146102905e-02,2.930028736591339111e-01,5.662015676498413086e-01,-2.342838793992996216e-02,2.757071852684020996e-01,5.725550055503845215e-01,-3.327539563179016113e-02,2.649080157279968262e-01,5.828334689140319824e-01,-3.830650076270103455e-02,2.579527497291564941e-01,5.958973765373229980e-01,-4.151918739080429077e-02,6.410515904426574707e-01,4.121552407741546631e-01,7.040696914373256732e-08,6.147955656051635742e-01,3.884066641330718994e-01,-6.296652369201183319e-03,5.967470407485961914e-01,3.541084527969360352e-01,-1.012754999101161957e-02,5.857198238372802734e-01,3.280620276927947998e-01,-1.447805296629667282e-02,5.752088427543640137e-01,3.089199960231781006e-01,-1.919609867036342621e-02,6.143261194229125977e-01,3.153654932975769043e-01,-4.796753637492656708e-03,6.067661046981811523e-01,2.820703387260437012e-01,-1.321838051080703735e-02,6.004005074501037598e-01,2.617313265800476074e-01,-2.053424157202243805e-02,5.938851833343505859e-01,2.441073656082153320e-01,-2.576544880867004395e-02,6.304217576980590820e-01,3.131713271141052246e-01,-8.651253767311573029e-03,6.285863518714904785e-01,2.744105458259582520e-01,-1.593629270792007446e-02,6.255375742912292480e-01,2.502179443836212158e-01,-2.222882397472858429e-02,6.220110654830932617e-01,2.304108738899230957e-01,-2.697566896677017212e-02,6.462685465812683105e-01,3.202301263809204102e-01,-1.406724937260150909e-02,6.525488495826721191e-01,2.830570638179779053e-01,-2.266953885555267334e-02,6.541008949279785156e-01,2.604381144046783447e-01,-2.861087210476398468e-02,6.537613868713378906e-01,2.410401105880737305e-01,-3.273930773138999939e-02,6.604521870613098145e-01,3.349419832229614258e-01,-2.011713944375514984e-02,6.747002005577087402e-01,3.080716431140899658e-01,-2.766931802034378052e-02,6.831237673759460449e-01,2.901278734207153320e-01,-3.124391660094261169e-02,6.887764334678649902e-01,2.735354900360107422e-01,-3.384639322757720947e-02
3.384783565998077393e-01,5.345243215560913086e-01,2.510998520222074148e-08,3.509238958358764648e-01,5.414943695068359375e-01,-2.491688169538974762e-02,3.508600592613220215e-01,5.502840876579284668e-01,-3.969692438840866089e-02,3.391961455345153809e-01,5.637688040733337402e-01,-5.035955458879470825e-02,3.269890248775482178e-01,5.797988176345825195e-01,-5.989276990294456482e-02,3.151272535324096680e-01,5.304660797119140625e-01,-3.628648072481155396e-02,2.976574897766113281e-01,5.330574512481689453e-01,-5.231523513793945312e-02,2.894163429737091064e-01,5.445881485939025879e-01,-6.317565590143203735e-02,2.828414738178253174e-01,5.607081651687622070e-01,-7.024509459733963013e-02,3.014751970767974854e-01,5.417581200599670410e-01,-3.049481473863124847e-02,2.803631722927093506e-01,5.466462373733520508e-01,-4.392840713262557983e-02,2.692784368991851807e-01,5.637292265892028809e-01,-5.153559520840644836e-02,2.634024322032928467e-01,5.830436348915100098e-01,-5.721528083086013794e-02,2.944854795932769775e-01,5.541701316833496094e-01,-2.635183744132518768e-02,2.742310762405395508e-01,5.604056119918823242e-01,-3.847300261259078979e-02,2.627297639846801758e-01,5.755803585052490234e-01,-4.529971629381179810e-02,2.556820511817932129e-01,5.926991701126098633e-01,-4.981109872460365295e-02,2.923280596733093262e-01,5.651103854179382324e-01,-2.394944056868553162e-02,2.748996615409851074e-01,5.723766088485717773e-01,-3.393507748842239380e-02,2.639339268207550049e-01,5.828510522842407227e-01,-3.927124291658401489e-02,2.571765184402465820e-01,5.958391427993774414e-01,-4.280578345060348511e-02,6.307076811790466309e-01,4.249988496303558350e-01,3.204675280699120776e-08,6.002771258354187012e-01,4.082673192024230957e-01,-5.458660423755645752e-03,5.763506293296813965e-01,3.801202774047851562e-01,-8.478528819978237152e-03,5.589947700500488281e-01,3.583358824253082275e-01,-1.220715418457984924e-02,5.437359809875488281e-01,3.445529341697692871e-01,-1.618059910833835602e-02,5.828470587730407715e-01,3.398239314556121826e-01,-2.327051246538758278e-03,5.648741722106933594e-01,3.119890391826629639e-01,-1.008500158786773682e-02,5.524162054061889648e-01,2.973989844322204590e-01,-1.670037768781185150e-02,5.411328077316284180e-01,2.851542830467224121e-01,-2.134141325950622559e-02,5.953606367111206055e-01,3.331575393676757812e-01,-6.237608846276998520e-03,5.807104110717773438e-01,2.978014051914215088e-01,-1.353225484490394592e-02,5.692708492279052734e-01,2.783797383308410645e-01,-1.960546337068080902e-02,5.589511394500732422e-01,2.633493542671203613e-01,-2.374374307692050934e-02,6.105543375015258789e-01,3.360670208930969238e-01,-1.183320488780736923e-02,6.050687432289123535e-01,3.015197217464447021e-01,-2.108046226203441620e-02,5.981900691986083984e-01,2.800774872303009033e-01,-2.827801182866096497e-02,5.912925601005554199e-01,2.613200545310974121e-01,-3.270087391138076782e-02,6.260997653007507324e-01,3.467194736003875732e-01,-1.786357909440994263e-02,6.309411525726318359e-01,3.185306489467620850e-01,-2.572373673319816589e-02,6.330964565277099609e-01,2.994765043258666992e-01,-3.013859875500202179e-02,6.333431601524353027e-01,2.817031443119049072e-01,-3.315730020403862000e-02
3.363672792911529541e-01,5.343498587608337402e-01,2.975037283192705218e-08,3.503237962722778320e-01,5.422821044921875000e-01,-2.564928680658340454e-02,3.510148227214813232e-01,5.516495108604431152e-01,-4.074144735932350159e-02,3.392770588397979736e-01,5.649175643920898438e-01,-5.142174661159515381e-02,3.269894123077392578e-01,5.811635851860046387e-01,-6.085487827658653259e-02,3.154030740261077881e-01,5.327174067497253418e-01,-3.840329125523567200e-02,2.978298962116241455e-01,5.340382456779479980e-01,-5.471652373671531677e-02,2.889596819877624512e-01,5.444835424423217773e-01,-6.537210941314697266e-02,2.818654775619506836e-01,5.605267286300659180e-01,-7.224493473768234253e-02,3.011669814586639404e-01,5.440050363540649414e-01,-3.206023573875427246e-02,2.801594734191894531e-01,5.474473237991333008e-01,-4.596891254186630249e-02,2.698037624359130859e-01,5.634086132049560547e-01,-5.322535708546638489e-02,2.649399042129516602e-01,5.819051265716552734e-01,-5.853244289755821228e-02,2.934862375259399414e-01,5.563337802886962891e-01,-2.725933678448200226e-02,2.736802995204925537e-01,5.621372461318969727e-01,-3.972712531685829163e-02,2.627999186515808105e-01,5.771013498306274414e-01,-4.648002982139587402e-02,2.562917470932006836e-01,5.938941240310668945e-01,-5.083078891038894653e-02,2.908457219600677490e-01,5.672405362129211426e-01,-2.422048710286617279e-02,2.738694548606872559e-01,5.750423669815063477e-01,-3.429712355136871338e-02,2.631857395172119141e-01,5.861124396324157715e-01,-3.973866999149322510e-02,2.567313909530639648e-01,5.993828773498535156e-01,-4.331918060779571533e-02,6.191098690032958984e-01,4.248397052288055420e-01,7.352483066824788693e-08,5.898463726043701172e-01,4.153815209865570068e-01,-3.250884357839822769e-03,5.624039173126220703e-01,3.887996077537536621e-01,-4.081279039382934570e-03,5.447039604187011719e-01,3.706410229206085205e-01,-5.821716971695423126e-03,5.290702581405639648e-01,3.608536422252655029e-01,-7.793452590703964233e-03,5.679631829261779785e-01,3.482638597488403320e-01,-4.881647764705121517e-04,5.509160757064819336e-01,3.210654854774475098e-01,-7.671074941754341125e-03,5.379719138145446777e-01,3.087512254714965820e-01,-1.383653283119201660e-02,5.248296260833740234e-01,2.991964221000671387e-01,-1.849303953349590302e-02,5.802031755447387695e-01,3.405119180679321289e-01,-5.414146464318037033e-03,5.659754276275634766e-01,3.075580894947052002e-01,-1.219428703188896179e-02,5.544349551200866699e-01,2.905369102954864502e-01,-1.845422573387622833e-02,5.428180098533630371e-01,2.769081890583038330e-01,-2.285379357635974884e-02,5.954686403274536133e-01,3.418919444084167480e-01,-1.168530061841011047e-02,5.878006815910339355e-01,3.082126975059509277e-01,-2.028970047831535339e-02,5.811213254928588867e-01,2.886581718921661377e-01,-2.603343129158020020e-02,5.733340382575988770e-01,2.712305188179016113e-01,-2.989615686237812042e-02,6.117420792579650879e-01,3.509439826011657715e-01,-1.828557066619396210e-02,6.154590845108032227e-01,3.238547146320343018e-01,-2.623146213591098785e-02,6.169251203536987305e-01,3.054084777832031250e-01,-2.994166314601898193e-02,6.167406439781188965e-01,2.877918481826782227e-01,-3.256845846772193909e-02
3.363672792911529541e-01,5.343498587608337402e-01,2.975037283192705218e-08,3.503237962722778320e-01,5.422821044921875000e-01,-2.564928680658340454e-02,3.510148227214813232e-01,5.516495108604431152e-01,-4.074144735932350159e-02,3.392770588397979736e-01,5.649175643920898438e-01,-5.142174661159515381e-02,3.269894123077392578e-01,5.811635851860046387e-01,-6.085487827658653259e-02,3.154030740261077881e-01,5.327174067497253418e-01,-3.840329125523567200e-02,2.978298962116241455e-01,5.340382456779479980e-01,-5.471652373671531677e-02,2.889596819877624512e-01,5.444835424423217773e-01,-6.537210941314697266e-02,2.818654775619506836e-01,5.605267286300659180e-01,-7.224493473768234253e-02,3.011669814586639404e-01,5.440050363540649414e-01,-3.206023573875427246e-02,2.801594734191894531e-01,5.474473237991333008e-01,-4.596891254186630249e-02,2.698037624359130859e-01,5.634086132049560547e-01,-5.322535708546638489e-02,2.649399042129516602e-01,5.819051265716552734e-01,-5.853244289755821228e-02,2.934862375259399414e-01,5.563337802886962891e-01,-2.725933678448200226e-02,2.736802995204925537e-01,5.621372461318969727e-01,-3.972712531685829163e-02,2.627999186515808105e-01,5.771013498306274414e-01,-4.648002982139587402e-02,2.562917470932006836e-01,5.938941240310668945e-01,-5.083078891038894653e-02,2.908457219600677490e-01,5.672405362129211426e-01,-2.422048710286617279e-02,2.738694548606872559e-01,5.750423669815063477e-01,-3.429712355136871338e-02,2.631857395172119141e-01,5.861124396324157715e-01,-3.973866999149322510e-02,2.567313909530639648e-01,5.993828773498535156e-01,-4.331918060779571533e-02,6.191098690032958984e-01,4.248397052288055420e-01,7.352483066824788693e-08,5.898463726043701172e-01,4.153815209865570068e-01,-3.250884357839822769e-03,5.624039173126220703e-01,3.887996077537536621e-01,-4.081279039382934570e-03,5.447039604187011719e-01,3.706410229206085205e-01,-5.821716971695423126e-03,5.290702581405639648e-01,3.608536422252655029e-01,-7.793452590703964233e-03,5.679631829261779785e-01,3.482638597488403320e-01,-4.881647764705121517e-04,5.509160757064819336e-01,3.210654854774475098e-01,-7.671074941754341125e-03,5.379719138145446777e-01,3.087512254714965820e-01,-1.383653283119201660e-02,5.248296260833740234e-01,2.991964221000671387e-01,-1.849303953349590302e-02,5.802031755447387695e-01,3.405119180679321289e-01,-5.414146464318037033e-03,5.659754276275634766e-01,3.075580894947052002e-01,-1.219428703188896179e-02,5.544349551200866699e-01,2.905369102954864502e-01,-1.845422573387622833e-02,5.428180098533630371e-01,2.769081890583038330e-01,-2.285379357635974884e-02,5.954686403274536133e-01,3.418919444084167480e-01,-1.168530061841011047e-02,5.878006815910339355e-01,3.082126975059509277e-01,-2.028970047831535339e-02,5.811213254928588867e-01,2.886581718921661377e-01,-2.603343129158020020e-02,5.733340382575988770e-01,2.712305188179016113e-01,-2.989615686237812042e-02,6.117420792579650879e-01,3.509439826011657715e-01,-1.828557066619396210e-02,6.154590845108032227e-01,3.238547146320343018e-01,-2.623146213591098785e-02,6.169251203536987305e-01,3.054084777832031250e-01,-2.994166314601898193e-02,6.167406439781188965e-01,2.877918481826782227e-01,-3.256845846772193909e-02
3.379748761653900146e-01,5.361407399177551270e-01,2.403580445786701603e-08,3.508287966251373291e-01,5.423063039779663086e-01,-2.538644708693027496e-02,3.508093655109405518e-01,5.507761836051940918e-01,-4.012529551982879639e-02,3.391966521739959717e-01,5.645700097084045410e-01,-5.051989108324050903e-02,3.276657164096832275e-01,5.814733505249023438e-01,-5.964894592761993408e-02,3.136543929576873779e-01,5.325968265533447266e-01,-3.720038011670112610e-02,2.967658340930938721e-01,5.337673425674438477e-01,-5.333968624472618103e-02,2.886144220829010010e-01,5.451841354370117188e-01,-6.403947621583938599e-02,2.822390794754028320e-01,5.620421171188354492e-01,-7.098302990198135376e-02,3.000734746456146240e-01,5.446640849113464355e-01,-3.084862977266311646e-02,2.801836431026458740e-01,5.478714704513549805e-01,-4.477327316999435425e-02,2.698983848094940186e-01,5.640313625335693359e-01,-5.210737138986587524e-02,2.647412717342376709e-01,5.823130011558532715e-01,-5.745229125022888184e-02,2.929360866546630859e-01,5.575374364852905273e-01,-2.610326558351516724e-02,2.738765776157379150e-01,5.638542175292968750e-01,-3.855169937014579773e-02,2.632635235786437988e-01,5.787602066993713379e-01,-4.510558396577835083e-02,2.562310099601745605e-01,5.951303243637084961e-01,-4.929911717772483826e-02,2.907496094703674316e-01,5.692600011825561523e-01,-2.314041182398796082e-02,2.744625806808471680e-01,5.767692923545837402e-01,-3.322282060980796814e-02,2.643473148345947266e-01,5.872520804405212402e-01,-3.849882259964942932e-02,2.580308616161346436e-01,5.993929505348205566e-01,-4.191649705171585083e-02,6.144672036170959473e-01,4.249167740345001221e-01,5.398885605245595798e-08,5.867488980293273926e-01,4.179739356040954590e-01,-3.003596793860197067e-03,5.588667392730712891e-01,3.912758529186248779e-01,-3.614076180383563042e-03,5.410370230674743652e-01,3.726595044136047363e-01,-4.765340592712163925e-03,5.253241658210754395e-01,3.635307252407073975e-01,-6.178087554872035980e-03,5.648633837699890137e-01,3.508719801902770996e-01,-2.436422277241945267e-03,5.467012524604797363e-01,3.251577615737915039e-01,-9.438640438020229340e-03,5.336102843284606934e-01,3.142952919006347656e-01,-1.517913211137056351e-02,5.201671719551086426e-01,3.068900108337402344e-01,-1.954020000994205475e-02,5.762584209442138672e-01,3.436560630798339844e-01,-7.303840480744838715e-03,5.601037144660949707e-01,3.117359876632690430e-01,-1.358475163578987122e-02,5.481697320938110352e-01,2.956484556198120117e-01,-1.931791007518768311e-02,5.365350246429443359e-01,2.832608520984649658e-01,-2.348263747990131378e-02,5.907604694366455078e-01,3.452229201793670654e-01,-1.331734098494052887e-02,5.814833045005798340e-01,3.129186630249023438e-01,-2.178819663822650909e-02,5.739835500717163086e-01,2.930071651935577393e-01,-2.803789637982845306e-02,5.655415058135986328e-01,2.755013704299926758e-01,-3.242475911974906921e-02,6.064982414245605469e-01,3.542697131633758545e-01,-1.950000412762165070e-02,6.088492870330810547e-01,3.267603516578674316e-01,-2.803235873579978943e-02,6.102038621902465820e-01,3.084191381931304932e-01,-3.217703476548194885e-02,6.098216772079467773e-01,2.910814881324768066e-01,-3.511302545666694641e-02
3.363422453403472900e-01,5.333435535430908203e-01,2.257235509617316893e-09,3.497780263423919678e-01,5.419331192970275879e-01,-2.437671832740306854e-02,3.496230244636535645e-01,5.525472760200500488e-01,-3.838660195469856262e-02,3.377579152584075928e-01,5.672864913940429688e-01,-4.832735285162925720e-02,3.258110880851745605e-01,5.844410061836242676e-01,-5.704551562666893005e-02,3.131347298622131348e-01,5.325880646705627441e-01,-3.477504849433898926e-02,2.975593507289886475e-01,5.387247800827026367e-01,-5.030531063675880432e-02,2.899189293384552002e-01,5.507088303565979004e-01,-6.085260212421417236e-02,2.836238145828247070e-01,5.667591691017150879e-01,-6.776221841573715210e-02,2.992677986621856689e-01,5.429479479789733887e-01,-2.901514060795307159e-02,2.801612615585327148e-01,5.516113638877868652e-01,-4.237484186887741089e-02,2.705385684967041016e-01,5.681017041206359863e-01,-4.995410889387130737e-02,2.649388909339904785e-01,5.856633186340332031e-01,-5.552138015627861023e-02,2.919315993785858154e-01,5.543744564056396484e-01,-2.483153343200683594e-02,2.738865017890930176e-01,5.652220845222473145e-01,-3.710830211639404297e-02,2.633892297744750977e-01,5.811826586723327637e-01,-4.395465180277824402e-02,2.562753856182098389e-01,5.976828336715698242e-01,-4.831843078136444092e-02,2.894887030124664307e-01,5.649127960205078125e-01,-2.234452031552791595e-02,2.734746336936950684e-01,5.759635567665100098e-01,-3.223274648189544678e-02,2.633651793003082275e-01,5.880642533302307129e-01,-3.741465136408805847e-02,2.567720115184783936e-01,6.009237766265869141e-01,-4.075650125741958618e-02,6.101375222206115723e-01,4.282923042774200439e-01,6.125364393483323511e-08,5.815726518630981445e-01,4.245501756668090820e-01,-3.736534388735890388e-03,5.529945492744445801e-01,4.011005461215972900e-01,-5.247965920716524124e-03,5.344330072402954102e-01,3.847319185733795166e-01,-7.464145310223102570e-03,5.174787640571594238e-01,3.764019012451171875e-01,-9.874457493424415588e-03,5.547246932983398438e-01,3.618091940879821777e-01,-1.877922564744949341e-03,5.356992483139038086e-01,3.387344777584075928e-01,-9.685566648840904236e-03,5.217001438140869141e-01,3.286044597625732422e-01,-1.620602235198020935e-02,5.076713562011718750e-01,3.211936354637145996e-01,-2.114981785416603088e-02,5.650266408920288086e-01,3.536667227745056152e-01,-6.870902609080076218e-03,5.467770695686340332e-01,3.238669335842132568e-01,-1.434713788330554962e-02,5.331230163574218750e-01,3.081206977367401123e-01,-2.095367759466171265e-02,5.201719999313354492e-01,2.953166663646697998e-01,-2.558872103691101074e-02,5.791699290275573730e-01,3.540292680263519287e-01,-1.323953457176685333e-02,5.667384862899780273e-01,3.227401077747344971e-01,-2.277545258402824402e-02,5.562894940376281738e-01,3.040817081928253174e-01,-2.946704439818859100e-02,5.450996756553649902e-01,2.867422699928283691e-01,-3.395272418856620789e-02,5.950742959976196289e-01,3.613233566284179688e-01,-1.985708251595497131e-02,5.947372913360595703e-01,3.342699110507965088e-01,-2.888719551265239716e-02,5.930628776550292969e-01,3.160693943500518799e-01,-3.343973308801651001e-02,5.896680951118469238e-01,2.982924580574035645e-01,-3.667366504669189453e-02
3.378967046737670898e-01,5.289496779441833496e-01,-1.915380032357916207e-08,3.503510653972625732e-01,5.397251844406127930e-01,-2.246162481606006622e-02,3.495956063270568848e-01,5.526114106178283691e-01,-3.515075147151947021e-02,3.379400968551635742e-01,5.683812499046325684e-01,-4.396819323301315308e-02,3.265093564987182617e-01,5.857577323913574219e-01,-5.158069729804992676e-02,3.123736381530761719e-01,5.320758819580078125e-01,-3.106373921036720276e-02,2.987500429153442383e-01,5.405196547508239746e-01,-4.460471123456954956e-02,2.913334369659423828e-01,5.526896119117736816e-01,-5.404116958379745483e-02,2.852064967155456543e-01,5.681186318397521973e-01,-6.049149483442306519e-02,2.984490692615509033e-01,5.407106876373291016e-01,-2.591022662818431854e-02,2.798647582530975342e-01,5.543079376220703125e-01,-3.778387978672981262e-02,2.703092098236083984e-01,5.726611018180847168e-01,-4.461291059851646423e-02,2.651489377021789551e-01,5.913592576980590820e-01,-4.973042011260986328e-02,2.911053597927093506e-01,5.508886575698852539e-01,-2.225104160606861115e-02,2.725368440151214600e-01,5.656040310859680176e-01,-3.365607187151908875e-02,2.628151774406433105e-01,5.828731656074523926e-01,-3.989307209849357605e-02,2.565469443798065186e-01,6.007367372512817383e-01,-4.386276379227638245e-02,2.884546816349029541e-01,5.610136985778808594e-01,-2.012922242283821106e-02,2.725917994976043701e-01,5.739266276359558105e-01,-2.963115088641643524e-02,2.632978260517120361e-01,5.865455269813537598e-01,-3.439375758171081543e-02,2.574348747730255127e-01,5.999885201454162598e-01,-3.741008415818214417e-02,6.084715723991394043e-01,4.295291900634765625e-01,7.010464742052135989e-08,5.804525613784790039e-01,4.271406531333923340e-01,-3.988966811448335648e-03,5.521805882453918457e-01,4.052656888961791992e-01,-6.049185991287231445e-03,5.333386659622192383e-01,3.889147639274597168e-01,-8.580895140767097473e-03,5.162591338157653809e-01,3.777350187301635742e-01,-1.138645131140947342e-02,5.528851151466369629e-01,3.641191720962524414e-01,-3.743492299690842628e-03,5.319684147834777832e-01,3.429032266139984131e-01,-1.212405879050493240e-02,5.169379711151123047e-01,3.347827196121215820e-01,-1.912426017224788666e-02,5.017352104187011719e-01,3.292924463748931885e-01,-2.439531125128269196e-02,5.627938508987426758e-01,3.565432429313659668e-01,-8.896835148334503174e-03,5.435179471969604492e-01,3.267706334590911865e-01,-1.668490655720233917e-02,5.291875600814819336e-01,3.112085461616516113e-01,-2.375892549753189087e-02,5.157727003097534180e-01,2.985082864761352539e-01,-2.890104986727237701e-02,5.762160420417785645e-01,3.571337163448333740e-01,-1.529948320239782333e-02,5.628219842910766602e-01,3.261137902736663818e-01,-2.526053413748741150e-02,5.519183874130249023e-01,3.064936101436614990e-01,-3.270757943391799927e-02,5.407316088676452637e-01,2.891389429569244385e-01,-3.788464516401290894e-02,5.915039777755737305e-01,3.648090064525604248e-01,-2.189132571220397949e-02,5.893256068229675293e-01,3.375333249568939209e-01,-3.179844841361045837e-02,5.883057117462158203e-01,3.191261589527130127e-01,-3.659247234463691711e-02,5.860135555267333984e-01,3.017850518226623535e-01,-3.993953391909599304e-02
3.383740484714508057e-01,5.294606685638427734e-01,-1.659918424934403447e-08,3.503948450088500977e-01,5.403674840927124023e-01,-2.198158204555511475e-02,3.497354686260223389e-01,5.529525876045227051e-01,-3.428127989172935486e-02,3.384839892387390137e-01,5.688932538032531738e-01,-4.285793751478195190e-02,3.269843459129333496e-01,5.862966775894165039e-01,-5.023081973195075989e-02,3.113683462142944336e-01,5.325626730918884277e-01,-2.926975116133689880e-02,2.983878850936889648e-01,5.415799021720886230e-01,-4.217668622732162476e-02,2.907728552818298340e-01,5.535337328910827637e-01,-5.129630118608474731e-02,2.841510474681854248e-01,5.685492753982543945e-01,-5.771373212337493896e-02,2.974804639816284180e-01,5.408455729484558105e-01,-2.434164099395275116e-02,2.794293165206909180e-01,5.564650297164916992e-01,-3.588134795427322388e-02,2.693199217319488525e-01,5.752332210540771484e-01,-4.262166842818260193e-02,2.629954516887664795e-01,5.942578911781311035e-01,-4.775082692503929138e-02,2.903749644756317139e-01,5.502932071685791016e-01,-2.095846831798553467e-02,2.727347314357757568e-01,5.666118860244750977e-01,-3.226051479578018188e-02,2.632294893264770508e-01,5.834923982620239258e-01,-3.809192776679992676e-02,2.563247978687286377e-01,6.009553670883178711e-01,-4.178164899349212646e-02,2.879250645637512207e-01,5.599199533462524414e-01,-1.912193745374679565e-02,2.728992700576782227e-01,5.726631879806518555e-01,-2.858455665409564972e-02,2.641191482543945312e-01,5.847553014755249023e-01,-3.299253806471824646e-02,2.581167817115783691e-01,5.975517630577087402e-01,-3.572757542133331299e-02,6.075258255004882812e-01,4.300689399242401123e-01,6.884823022801356274e-08,5.807593464851379395e-01,4.271215796470642090e-01,-3.985279705375432968e-03,5.525981783866882324e-01,4.050372242927551270e-01,-5.831670481711626053e-03,5.336105823516845703e-01,3.894657790660858154e-01,-8.191914297640323639e-03,5.165458321571350098e-01,3.798332214355468750e-01,-1.090898644179105759e-02,5.524832606315612793e-01,3.646949231624603271e-01,-3.978119697421789169e-03,5.323677062988281250e-01,3.431571125984191895e-01,-1.248790416866540909e-02,5.181242823600769043e-01,3.347476124763488770e-01,-1.954274252057075500e-02,5.036402940750122070e-01,3.291087746620178223e-01,-2.492926083505153656e-02,5.620934963226318359e-01,3.567229211330413818e-01,-9.231433272361755371e-03,5.431789159774780273e-01,3.267449438571929932e-01,-1.739095337688922882e-02,5.287431478500366211e-01,3.114973306655883789e-01,-2.483592927455902100e-02,5.148333907127380371e-01,2.992417514324188232e-01,-3.021633997559547424e-02,5.755342841148376465e-01,3.571897149085998535e-01,-1.568948850035667419e-02,5.625998377799987793e-01,3.261628448963165283e-01,-2.587436512112617493e-02,5.522034168243408203e-01,3.067654967308044434e-01,-3.341150283813476562e-02,5.412007570266723633e-01,2.891353368759155273e-01,-3.865119814872741699e-02,5.910342931747436523e-01,3.650042712688446045e-01,-2.233465574681758881e-02,5.893235206604003906e-01,3.377114534378051758e-01,-3.230150043964385986e-02,5.882805585861206055e-01,3.189480602741241455e-01,-3.714267536997795105e-02,5.858467817306518555e-01,3.011813461780548096e-01,-4.056871682405471802e-02
3.383740484714508057e-01,5.294606685638427734e-01,-1.659918424934403447e-08,3.503948450088500977e-01,5.403674840927124023e-01,-2.198158204555511475e-02,3.497354686260223389e-01,5.529525876045227051e-01,-3.428127989172935486e-02,3.384839892387390137e-01,5.688932538032531738e-01,-4.285793751478195190e-02,3.269843459129333496e-01,5.862966775894165039e-01,-5.023081973195075989e-02,3.113683462142944336e-01,5.325626730918884277e-01,-2.926975116133689880e-02,2.983878850936889648e-01,5.415799021720886230e-01,-4.217668622732162476e-02,2.907728552818298340e-01,5.535337328910827637e-01,-5.129630118608474731e-02,2.841510474681854248e-01,5.685492753982543945e-01,-5.771373212337493896e-02,2.974804639816284180e-01,5.408455729484558105e-01,-2.434164099395275116e-02,2.794293165206909180e-01,5.564650297164916992e-01,-3.588134795427322388e-02,2.693199217319488525e-01,5.752332210540771484e-01,-4.262166842818260193e-02,2.629954516887664795e-01,5.942578911781311035e-01,-4.775082692503929138e-02,2.903749644756317139e-01,5.502932071685791016e-01,-2.095846831798553467e-02,2.727347314357757568e-01,5.666118860244750977e-01,-3.226051479578018188e-02,2.632294893264770508e-01,5.834923982620239258e-01,-3.809192776679992676e-02,2.563247978687286377e-01,6.009553670883178711e-01,-4.178164899349212646e-02,2.879250645637512207e-01,5.599199533462524414e-01,-1.912193745374679565e-02,2.728992700576782227e-01,5.726631879806518555e-01,-2.858455665409564972e-02,2.641191482543945312e-01,5.847553014755249023e-01,-3.299253806471824646e-02,2.581167817115783691e-01,5.975517630577087402e-01,-3.572757542133331299e-02,6.075258255004882812e-01,4.300689399242401123e-01,6.884823022801356274e-08,5.807593464851379395e-01,4.271215796470642090e-01,-3.985279705375432968e-03,5.525981783866882324e-01,4.050372242927551270e-01,-5.831670481711626053e-03,5.336105823516845703e-01,3.894657790660858154e-01,-8.191914297640323639e-03,5.165458321571350098e-01,3.798332214355468750e-01,-1.090898644179105759e-02,5.524832606315612793e-01,3.646949231624603271e-01,-3.978119697421789169e-03,5.323677062988281250e-01,3.431571125984191895e-01,-1.248790416866540909e-02,5.181242823600769043e-01,3.347476124763488770e-01,-1.954274252057075500e-02,5.036402940750122070e-01,3.291087746620178223e-01,-2.492926083505153656e-02,5.620934963226318359e-01,3.567229211330413818e-01,-9.231433272361755371e-03,5.431789159774780273e-01,3.267449438571929932e-01,-1.739095337688922882e-02,5.287431478500366211e-01,3.114973306655883789e-01,-2.483592927455902100e-02,5.148333907127380371e-01,2.992417514324188232e-01,-3.021633997559547424e-02,5.755342841148376465e-01,3.571897149085998535e-01,-1.568948850035667419e-02,5.625998377799987793e-01,3.261628448963165283e-01,-2.587436512112617493e-02,5.522034168243408203e-01,3.067654967308044434e-01,-3.341150283813476562e-02,5.412007570266723633e-01,2.891353368759155273e-01,-3.865119814872741699e-02,5.910342931747436523e-01,3.650042712688446045e-01,-2.233465574681758881e-02,5.893235206604003906e-01,3.377114534378051758e-01,-3.230150043964385986e-02,5.882805585861206055e-01,3.189480602741241455e-01,-3.714267536997795105e-02,5.858467817306518555e-01,3.011813461780548096e-01,-4.056871682405471802e-02
3.357379436492919922e-01,5.328229665756225586e-01,-9.951823365383916098e-09,3.489911556243896484e-01,5.420194864273071289e-01,-2.326981909573078156e-02,3.490470945835113525e-01,5.533787608146667480e-01,-3.648566827178001404e-02,3.380157947540283203e-01,5.680888295173645020e-01,-4.579434543848037720e-02,3.264677226543426514e-01,5.850588679313659668e-01,-5.389771983027458191e-02,3.104929327964782715e-01,5.337841510772705078e-01,-3.185567632317543030e-02,2.967537939548492432e-01,5.412585735321044922e-01,-4.588099569082260132e-02,2.893327772617340088e-01,5.528879761695861816e-01,-5.567594990134239197e-02,2.832177281379699707e-01,5.682247281074523926e-01,-6.233264878392219543e-02,2.968068718910217285e-01,5.433286428451538086e-01,-2.635180391371250153e-02,2.789622843265533447e-01,5.552635788917541504e-01,-3.856215998530387878e-02,2.697891592979431152e-01,5.725412368774414062e-01,-4.561856016516685486e-02,2.644606530666351318e-01,5.904577374458312988e-01,-5.095416679978370667e-02,2.897174060344696045e-01,5.540071129798889160e-01,-2.245311625301837921e-02,2.723000049591064453e-01,5.676456689834594727e-01,-3.402567654848098755e-02,2.628584802150726318e-01,5.838285088539123535e-01,-4.035236313939094543e-02,2.562626898288726807e-01,6.005645394325256348e-01,-4.444461688399314880e-02,2.873325347900390625e-01,5.642736554145812988e-01,-2.019528113305568695e-02,2.721496820449829102e-01,5.766605734825134277e-01,-2.979533001780509949e-02,2.630962133407592773e-01,5.888814926147460938e-01,-3.467777371406555176e-02,2.569551467895507812e-01,6.017901897430419922e-01,-3.783942013978958130e-02,6.077464818954467773e-01,4.295643866062164307e-01,6.316700051911539049e-08,5.801175236701965332e-01,4.272838532924652100e-01,-3.692457685247063637e-03,5.520648360252380371e-01,4.057327210903167725e-01,-5.570636130869388580e-03,5.333436727523803711e-01,3.903214633464813232e-01,-7.997651584446430206e-03,5.162659883499145508e-01,3.808346986770629883e-01,-1.085756625980138779e-02,5.520250201225280762e-01,3.653714656829833984e-01,-3.919123671948909760e-03,5.308843851089477539e-01,3.455187082290649414e-01,-1.234610658138990402e-02,5.162984132766723633e-01,3.375578522682189941e-01,-1.940239220857620239e-02,5.016468167304992676e-01,3.317491114139556885e-01,-2.480633929371833801e-02,5.617899894714355469e-01,3.569986820220947266e-01,-9.358934126794338226e-03,5.423807501792907715e-01,3.274850845336914062e-01,-1.738125272095203400e-02,5.277340412139892578e-01,3.122912049293518066e-01,-2.481639757752418518e-02,5.139006972312927246e-01,2.997665107250213623e-01,-3.021971695125102997e-02,5.754218697547912598e-01,3.572176098823547363e-01,-1.595123670995235443e-02,5.621132254600524902e-01,3.256956636905670166e-01,-2.599388919770717621e-02,5.516235828399658203e-01,3.060973882675170898e-01,-3.359999135136604309e-02,5.408526659011840820e-01,2.883756458759307861e-01,-3.893790766596794128e-02,5.910817980766296387e-01,3.647796511650085449e-01,-2.268543280661106110e-02,5.892440676689147949e-01,3.374036848545074463e-01,-3.258430957794189453e-02,5.883821845054626465e-01,3.187163770198822021e-01,-3.735161572694778442e-02,5.862100720405578613e-01,3.011707663536071777e-01,-4.074032604694366455e-02
3.379252552986145020e-01,5.305767059326171875e-01,-1.820772510541246447e-08,3.500878512859344482e-01,5.408239960670471191e-01,-2.284995466470718384e-02,3.498080968856811523e-01,5.533223748207092285e-01,-3.578475862741470337e-02,3.384349942207336426e-01,5.686059594154357910e-01,-4.487195611000061035e-02,3.267948925495147705e-01,5.855537056922912598e-01,-5.268412083387374878e-02,3.109696805477142334e-01,5.328683257102966309e-01,-3.109243698418140411e-02,2.964959144592285156e-01,5.414057970046997070e-01,-4.504951089620590210e-02,2.891997694969177246e-01,5.542933940887451172e-01,-5.490534007549285889e-02,2.831576466560363770e-01,5.707788467407226562e-01,-6.162600964307785034e-02,2.973231077194213867e-01,5.419624447822570801e-01,-2.585491351783275604e-02,2.786657512187957764e-01,5.554725527763366699e-01,-3.813219442963600159e-02,2.690165936946868896e-01,5.743548274040222168e-01,-4.525575041770935059e-02,2.633595764636993408e-01,5.939242243766784668e-01,-5.050928145647048950e-02,2.904619574546813965e-01,5.522711277008056641e-01,-2.220454253256320953e-02,2.727189958095550537e-01,5.670845508575439453e-01,-3.372720256447792053e-02,2.632854580879211426e-01,5.841693282127380371e-01,-3.995779901742935181e-02,2.566984891891479492e-01,6.019846796989440918e-01,-4.390753805637359619e-02,2.884962260723114014e-01,5.623248815536499023e-01,-2.018241398036479950e-02,2.735736072063446045e-01,5.753927230834960938e-01,-2.971757762134075165e-02,2.649111747741699219e-01,5.883126258850097656e-01,-3.441831469535827637e-02,2.591672241687774658e-01,6.017813682556152344e-01,-3.733566030859947205e-02,6.085448265075683594e-01,4.295733273029327393e-01,6.533471719194494653e-08,5.813437700271606445e-01,4.274275600910186768e-01,-3.905308898538351059e-03,5.531291961669921875e-01,4.058747589588165283e-01,-5.354304797947406769e-03,5.340328812599182129e-01,3.903439939022064209e-01,-7.364979479461908340e-03,5.171997547149658203e-01,3.808308243751525879e-01,-9.818494319915771484e-03,5.534958839416503906e-01,3.663977682590484619e-01,-3.210964845493435860e-03,5.320750474929809570e-01,3.467535376548767090e-01,-1.115859951823949814e-02,5.175780653953552246e-01,3.380118906497955322e-01,-1.785120368003845215e-02,5.032357573509216309e-01,3.312244713306427002e-01,-2.302449196577072144e-02,5.631952285766601562e-01,3.565728068351745605e-01,-8.219968527555465698e-03,5.437433123588562012e-01,3.274207711219787598e-01,-1.588685996830463409e-02,5.291128754615783691e-01,3.110216259956359863e-01,-2.328196354210376740e-02,5.151264071464538574e-01,2.974975109100341797e-01,-2.867245674133300781e-02,5.765833854675292969e-01,3.552531898021697998e-01,-1.438936311751604080e-02,5.639337301254272461e-01,3.240312933921813965e-01,-2.411386184394359589e-02,5.538895130157470703e-01,3.042409420013427734e-01,-3.163967654109001160e-02,5.431468486785888672e-01,2.865582704544067383e-01,-3.685671836137771606e-02,5.919386148452758789e-01,3.612515032291412354e-01,-2.074423246085643768e-02,5.910731554031372070e-01,3.341801166534423828e-01,-3.023678436875343323e-02,5.899050831794738770e-01,3.152801096439361572e-01,-3.493943065404891968e-02,5.871482491493225098e-01,2.978304624557495117e-01,-3.825053572654724121e-02
3.362840712070465088e-01,5.331621766090393066e-01,-1.285777440074298283e-08,3.495944738388061523e-01,5.421643853187561035e-01,-2.473045326769351959e-02,3.496853411197662354e-01,5.536032319068908691e-01,-3.876861929893493652e-02,3.381451666355133057e-01,5.692121982574462891e-01,-4.857200756669044495e-02,3.258580565452575684e-01,5.864714384078979492e-01,-5.704910680651664734e-02,3.122118115425109863e-01,5.323481559753417969e-01,-3.458971157670021057e-02,2.976011037826538086e-01,5.403439998626708984e-01,-5.000125616788864136e-02,2.903629541397094727e-01,5.534164905548095703e-01,-6.056857854127883911e-02,2.847076058387756348e-01,5.702309012413024902e-01,-6.755012273788452148e-02,2.982279956340789795e-01,5.425494313240051270e-01,-2.848507091403007507e-02,2.808119952678680420e-01,5.555456280708312988e-01,-4.169562831521034241e-02,2.715605199337005615e-01,5.739050507545471191e-01,-4.909054934978485107e-02,2.661793828010559082e-01,5.927838683128356934e-01,-5.465915054082870483e-02,2.909647524356842041e-01,5.538643598556518555e-01,-2.403405867516994476e-02,2.740999460220336914e-01,5.682296752929687500e-01,-3.645955398678779602e-02,2.645419836044311523e-01,5.855571627616882324e-01,-4.295255243778228760e-02,2.579153180122375488e-01,6.033751368522644043e-01,-4.711741954088211060e-02,2.886008024215698242e-01,5.648269653320312500e-01,-2.129389904439449310e-02,2.740623950958251953e-01,5.780083537101745605e-01,-3.139936178922653198e-02,2.654938995838165283e-01,5.908496379852294922e-01,-3.634132072329521179e-02,2.600378096103668213e-01,6.041854619979858398e-01,-3.950742259621620178e-02,6.149295568466186523e-01,4.262814819812774658e-01,7.883530628305379651e-08,5.876457691192626953e-01,4.246846437454223633e-01,-5.485904403030872345e-03,5.591748952865600586e-01,4.012528359889984131e-01,-7.114973384886980057e-03,5.388393998146057129e-01,3.844466209411621094e-01,-9.164113551378250122e-03,5.210492014884948730e-01,3.762161135673522949e-01,-1.154584810137748718e-02,5.616135001182556152e-01,3.594080805778503418e-01,-2.641370985656976700e-03,5.402544140815734863e-01,3.392020463943481445e-01,-9.944362565875053406e-03,5.254625082015991211e-01,3.294990360736846924e-01,-1.640505902469158173e-02,5.115805268287658691e-01,3.208416104316711426e-01,-2.167464792728424072e-02,5.713795423507690430e-01,3.490093648433685303e-01,-6.910352967679500580e-03,5.524940490722656250e-01,3.192332386970520020e-01,-1.399058755487203598e-02,5.382820367813110352e-01,3.021808862686157227e-01,-2.117324247956275940e-02,5.254899859428405762e-01,2.878341078758239746e-01,-2.646818757057189941e-02,5.850221514701843262e-01,3.478024601936340332e-01,-1.255103480070829391e-02,5.740280747413635254e-01,3.141666948795318604e-01,-2.220157347619533539e-02,5.653176307678222656e-01,2.938280999660491943e-01,-2.962094731628894806e-02,5.565222501754760742e-01,2.753499746322631836e-01,-3.478194773197174072e-02,6.005794405937194824e-01,3.547191023826599121e-01,-1.855997182428836823e-02,6.015437841415405273e-01,3.280580937862396240e-01,-2.862518839538097382e-02,6.014512181282043457e-01,3.095290958881378174e-01,-3.373001515865325928e-02,6.001660823822021484e-01,2.917494773864746094e-01,-3.722120448946952820e-02
3.342549502849578857e-01,5.378008484840393066e-01,-4.830648769882373017e-09,3.486838936805725098e-01,5.450192093849182129e-01,-2.550666406750679016e-02,3.501264154911041260e-01,5.553017258644104004e-01,-4.039524868130683899e-02,3.389744460582733154e-01,5.695016384124755859e-01,-5.085045099258422852e-02,3.263223171234130859e-01,5.857890248298645020e-01,-5.997177585959434509e-02,3.137736320495605469e-01,5.355372428894042969e-01,-3.744889423251152039e-02,2.988587021827697754e-01,5.403415560722351074e-01,-5.404375493526458740e-02,2.918009459972381592e-01,5.529791116714477539e-01,-6.507190316915512085e-02,2.863611876964569092e-01,5.701807737350463867e-01,-7.218358665704727173e-02,2.989051938056945801e-01,5.463063716888427734e-01,-3.109713271260261536e-02,2.818515002727508545e-01,5.549045205116271973e-01,-4.527535289525985718e-02,2.727329432964324951e-01,5.723012685775756836e-01,-5.274537205696105957e-02,2.677943706512451172e-01,5.910741686820983887e-01,-5.829567462205886841e-02,2.907303869724273682e-01,5.579710006713867188e-01,-2.637985721230506897e-02,2.745075821876525879e-01,5.694085955619812012e-01,-3.946232050657272339e-02,2.651868462562561035e-01,5.856623053550720215e-01,-4.592060297727584839e-02,2.592364251613616943e-01,6.028303503990173340e-01,-4.999696835875511169e-02,2.877481579780578613e-01,5.687949061393737793e-01,-2.340595796704292297e-02,2.736205756664276123e-01,5.803145170211791992e-01,-3.393784910440444946e-02,2.650865912437438965e-01,5.923646688461303711e-01,-3.895539045333862305e-02,2.599506676197052002e-01,6.052801012992858887e-01,-4.213220626115798950e-02,6.182977557182312012e-01,4.270433485507965088e-01,7.242660871042971849e-08,5.911045074462890625e-01,4.230555593967437744e-01,-3.686018753796815872e-03,5.632157921791076660e-01,3.987191319465637207e-01,-4.561388865113258362e-03,5.445126295089721680e-01,3.819541037082672119e-01,-6.176719442009925842e-03,5.286659598350524902e-01,3.716324567794799805e-01,-8.284639567136764526e-03,5.678165555000305176e-01,3.550803065299987793e-01,-1.843000645749270916e-03,5.466173291206359863e-01,3.343972563743591309e-01,-8.703734725713729858e-03,5.319268703460693359e-01,3.238082528114318848e-01,-1.487165689468383789e-02,5.180860161781311035e-01,3.142688870429992676e-01,-1.998756453394889832e-02,5.781681537628173828e-01,3.450515270233154297e-01,-7.018683943897485733e-03,5.604133605957031250e-01,3.129639029502868652e-01,-1.372795645147562027e-02,5.470983982086181641e-01,2.940878272056579590e-01,-2.076800167560577393e-02,5.350979566574096680e-01,2.786179482936859131e-01,-2.601474896073341370e-02,5.919530987739562988e-01,3.444495797157287598e-01,-1.335835084319114685e-02,5.826005935668945312e-01,3.095581233501434326e-01,-2.267730422317981720e-02,5.748474597930908203e-01,2.876836061477661133e-01,-3.019487485289573669e-02,5.666854381561279297e-01,2.683712542057037354e-01,-3.549091890454292297e-02,6.073303222656250000e-01,3.521384596824645996e-01,-1.989929378032684326e-02,6.092649698257446289e-01,3.240842223167419434e-01,-2.963552065193653107e-02,6.103349924087524414e-01,3.048074543476104736e-01,-3.449092060327529907e-02,6.100859642028808594e-01,2.871482372283935547e-01,-3.787404298782348633e-02
3.342549502849578857e-01,5.378008484840393066e-01,-4.830648769882373017e-09,3.486838936805725098e-01,5.450192093849182129e-01,-2.550666406750679016e-02,3.501264154911041260e-01,5.553017258644104004e-01,-4.039524868130683899e-02,3.389744460582733154e-01,5.695016384124755859e-01,-5.085045099258422852e-02,3.263223171234130859e-01,5.857890248298645020e-01,-5.997177585959434509e-02,3.137736320495605469e-01,5.355372428894042969e-01,-3.744889423251152039e-02,2.988587021827697754e-01,5.403415560722351074e-01,-5.404375493526458740e-02,2.918009459972381592e-01,5.529791116714477539e-01,-6.507190316915512085e-02,2.863611876964569092e-01,5.701807737350463867e-01,-7.218358665704727173e-02,2.989051938056945801e-01,5.463063716888427734e-01,-3.109713271260261536e-02,2.818515002727508545e-01,5.549045205116271973e-01,-4.527535289525985718e-02,2.727329432964324951e-01,5.723012685775756836e-01,-5.274537205696105957e-02,2.677943706512451172e-01,5.910741686820983887e-01,-5.829567462205886841e-02,2.907303869724273682e-01,5.579710006713867188e-01,-2.637985721230506897e-02,2.745075821876525879e-01,5.694085955619812012e-01,-3.946232050657272339e-02,2.651868462562561035e-01,5.856623053550720215e-01,-4.592060297727584839e-02,2.592364251613616943e-01,6.028303503990173340e-01,-4.999696835875511169e-02,2.877481579780578613e-01,5.687949061393737793e-01,-2.340595796704292297e-02,2.736205756664276123e-01,5.803145170211791992e-01,-3.393784910440444946e-02,2.650865912437438965e-01,5.923646688461303711e-01,-3.895539045333862305e-02,2.599506676197052002e-01,6.052801012992858887e-01,-4.213220626115798950e-02,6.182977557182312012e-01,4.270433485507965088e-01,7.242660871042971849e-08,5.911045074462890625e-01,4.230555593967437744e-01,-3.686018753796815872e-03,5.632157921791076660e-01,3.987191319465637207e-01,-4.561388865113258362e-03,5.445126295089721680e-01,3.819541037082672119e-01,-6.176719442009925842e-03,5.286659598350524902e-01,3.716324567794799805e-01,-8.284639567136764526e-03,5.678165555000305176e-01,3.550803065299987793e-01,-1.843000645749270916e-03,5.466173291206359863e-01,3.343972563743591309e-01,-8.703734725713729858e-03,5.319268703460693359e-01,3.238082528114318848e-01,-1.487165689468383789e-02,5.180860161781311035e-01,3.142688870429992676e-01,-1.998756453394889832e-02,5.781681537628173828e-01,3.450515270233154297e-01,-7.018683943897485733e-03,5.604133605957031250e-01,3.129639029502868652e-01,-1.372795645147562027e-02,5.470983982086181641e-01,2.940878272056579590e-01,-2.076800167560577393e-02,5.350979566574096680e-01,2.786179482936859131e-01,-2.601474896073341370e-02,5.919530987739562988e-01,3.444495797157287598e-01,-1.335835084319114685e-02,5.826005935668945312e-01,3.095581233501434326e-01,-2.267730422317981720e-02,5.748474597930908203e-01,2.876836061477661133e-01,-3.019487485289573669e-02,5.666854381561279297e-01,2.683712542057037354e-01,-3.549091890454292297e-02,6.073303222656250000e-01,3.521384596824645996e-01,-1.989929378032684326e-02,6.092649698257446289e-01,3.240842223167419434e-01,-2.963552065193653107e-02,6.103349924087524414e-01,3.048074543476104736e-01,-3.449092060327529907e-02,6.100859642028808594e-01,2.871482372283935547e-01,-3.787404298782348633e-02
3.360332250595092773e-01,5.340901017189025879e-01,-9.286166502420201141e-09,3.497195243835449219e-01,5.420449376106262207e-01,-2.557523921132087708e-02,3.504176139831542969e-01,5.537244677543640137e-01,-4.026567563414573669e-02,3.391594886779785156e-01,5.695942640304565430e-01,-5.034483224153518677e-02,3.261073231697082520e-01,5.863677263259887695e-01,-5.896255001425743103e-02,3.143360614776611328e-01,5.340424180030822754e-01,-3.699361905455589294e-02,2.995065450668334961e-01,5.400988459587097168e-01,-5.292862653732299805e-02,2.923634648323059082e-01,5.530984401702880859e-01,-6.351533532142639160e-02,2.868477106094360352e-01,5.701261162757873535e-01,-7.028010487556457520e-02,3.003135919570922852e-01,5.443201065063476562e-01,-3.038001433014869690e-02,2.824348807334899902e-01,5.549616813659667969e-01,-4.396679624915122986e-02,2.732761502265930176e-01,5.722193121910095215e-01,-5.102056637406349182e-02,2.684126198291778564e-01,5.903323888778686523e-01,-5.606643483042716980e-02,2.927930355072021484e-01,5.561054348945617676e-01,-2.537730708718299866e-02,2.762292325496673584e-01,5.697134137153625488e-01,-3.770042955875396729e-02,2.662650644779205322e-01,5.860698223114013672e-01,-4.378438368439674377e-02,2.591119110584259033e-01,6.028690338134765625e-01,-4.756753519177436829e-02,2.903551459312438965e-01,5.677643418312072754e-01,-2.214933186769485474e-02,2.758210301399230957e-01,5.809673666954040527e-01,-3.217447549104690552e-02,2.665612995624542236e-01,5.938062071800231934e-01,-3.692317381501197815e-02,2.602309584617614746e-01,6.069079041481018066e-01,-3.984288871288299561e-02,6.243389248847961426e-01,4.251976609230041504e-01,9.477354012688010698e-08,5.961611866950988770e-01,4.197515845298767090e-01,-4.583077970892190933e-03,5.683331489562988281e-01,3.950211107730865479e-01,-5.937214940786361694e-03,5.495820045471191406e-01,3.774760067462921143e-01,-7.885685190558433533e-03,5.331916809082031250e-01,3.676781654357910156e-01,-1.016000844538211823e-02,5.743808150291442871e-01,3.513183891773223877e-01,-3.021123819053173065e-03,5.528700947761535645e-01,3.286752700805664062e-01,-1.013635564595460892e-02,5.381910800933837891e-01,3.159555792808532715e-01,-1.621098257601261139e-02,5.247751474380493164e-01,3.041785061359405518e-01,-2.113139070570468903e-02,5.860077142715454102e-01,3.408800661563873291e-01,-7.870281115174293518e-03,5.694004893302917480e-01,3.066765964031219482e-01,-1.441549323499202728e-02,5.569292306900024414e-01,2.855919897556304932e-01,-2.094138227403163910e-02,5.460417866706848145e-01,2.681985199451446533e-01,-2.583573013544082642e-02,6.008015871047973633e-01,3.404563963413238525e-01,-1.396969985216856003e-02,5.930693745613098145e-01,3.042832016944885254e-01,-2.319924719631671906e-02,5.861388444900512695e-01,2.812083959579467773e-01,-3.029959648847579956e-02,5.792022943496704102e-01,2.607195675373077393e-01,-3.525356948375701904e-02,6.168426871299743652e-01,3.489453792572021484e-01,-2.040539309382438660e-02,6.216275095939636230e-01,3.192486763000488281e-01,-3.003211133182048798e-02,6.238147616386413574e-01,2.983293235301971436e-01,-3.477839380502700806e-02,6.245299577713012695e-01,2.790130078792572021e-01,-3.802603483200073242e-02
3.350350260734558105e-01,5.344848632812500000e-01,-7.131622403733217652e-09,3.487842082977294922e-01,5.428735613822937012e-01,-2.485301345586776733e-02,3.498207628726959229e-01,5.549071431159973145e-01,-3.933033347129821777e-02,3.390128612518310547e-01,5.706219077110290527e-01,-4.936827346682548523e-02,3.272951245307922363e-01,5.878648757934570312e-01,-5.807300284504890442e-02,3.131180107593536377e-01,5.346066951751708984e-01,-3.627455979585647583e-02,3.000429272651672363e-01,5.429315567016601562e-01,-5.195000395178794861e-02,2.931217551231384277e-01,5.559576749801635742e-01,-6.242946162819862366e-02,2.874259054660797119e-01,5.721094012260437012e-01,-6.931114196777343750e-02,2.990178763866424561e-01,5.448644161224365234e-01,-3.017621301114559174e-02,2.817634642124176025e-01,5.583776235580444336e-01,-4.378256946802139282e-02,2.734026014804840088e-01,5.766372084617614746e-01,-5.092637985944747925e-02,2.688086032867431641e-01,5.944378972053527832e-01,-5.615610256791114807e-02,2.915339767932891846e-01,5.563775300979614258e-01,-2.559721283614635468e-02,2.751937508583068848e-01,5.715280175209045410e-01,-3.811895847320556641e-02,2.661968767642974854e-01,5.889488458633422852e-01,-4.425814002752304077e-02,2.599322795867919922e-01,6.059455871582031250e-01,-4.814900830388069153e-02,2.891279160976409912e-01,5.675117373466491699e-01,-2.272376790642738342e-02,2.748995125293731689e-01,5.810952186584472656e-01,-3.286043927073478699e-02,2.664052248001098633e-01,5.942110419273376465e-01,-3.761919215321540833e-02,2.607657611370086670e-01,6.072652935981750488e-01,-4.063025861978530884e-02,6.362958550453186035e-01,4.206257760524749756e-01,1.336413362196253729e-07,6.073198318481445312e-01,4.119769334793090820e-01,-5.269648507237434387e-03,5.815448164939880371e-01,3.855726420879364014e-01,-7.164523005485534668e-03,5.646873712539672852e-01,3.659868240356445312e-01,-9.468970820307731628e-03,5.514615774154663086e-01,3.509390354156494141e-01,-1.217805035412311554e-02,5.919678211212158203e-01,3.415950834751129150e-01,-5.679964553564786911e-03,5.717095136642456055e-01,3.122603297233581543e-01,-1.276617404073476791e-02,5.595498681068420410e-01,2.940115928649902344e-01,-1.833827421069145203e-02,5.491707324981689453e-01,2.779026627540588379e-01,-2.266738750040531158e-02,6.060345172882080078e-01,3.316522836685180664e-01,-1.009149476885795593e-02,5.940387248992919922e-01,2.916242480278015137e-01,-1.658942177891731262e-02,5.852759480476379395e-01,2.660415172576904297e-01,-2.320959605276584625e-02,5.773882865905761719e-01,2.449903190135955811e-01,-2.809981442987918854e-02,6.216593384742736816e-01,3.319163024425506592e-01,-1.551625318825244904e-02,6.192390322685241699e-01,2.928095161914825439e-01,-2.447414770722389221e-02,6.165390014648437500e-01,2.661713957786560059e-01,-3.204391896724700928e-02,6.135786771774291992e-01,2.431782782077789307e-01,-3.721746057271957397e-02,6.376111507415771484e-01,3.412649035453796387e-01,-2.120120637118816376e-02,6.459968090057373047e-01,3.095731437206268311e-01,-3.023384511470794678e-02,6.516336798667907715e-01,2.883546054363250732e-01,-3.443735837936401367e-02,6.561031937599182129e-01,2.701499164104461670e-01,-3.712435439229011536e-02
3.350350260734558105e-01,5.344848632812500000e-01,-7.131622403733217652e-09,3.487842082977294922e-01,5.428735613822937012e-01,-2.485301345586776733e-02,3.498207628726959229e-01,5.549071431159973145e-01,-3.933033347129821777e-02,3.390128612518310547e-01,5.706219077110290527e-01,-4.936827346682548523e-02,3.272951245307922363e-01,5.878648757934570312e-01,-5.807300284504890442e-02,3.131180107593536377e-01,5.346066951751708984e-01,-3.627455979585647583e-02,3.000429272651672363e-01,5.429315567016601562e-01,-5.195000395178794861e-02,2.931217551231384277e-01,5.559576749801635742e-01,-6.242946162819862366e-02,2.874259054660797119e-01,5.721094012260437012e-01,-6.931114196777343750e-02,2.990178763866424561e-01,5.448644161224365234e-01,-3.017621301114559174e-02,2.817634642124176025e-01,5.583776235580444336e-01,-4.378256946802139282e-02,2.734026014804840088e-01,5.766372084617614746e-01,-5.092637985944747925e-02,2.688086032867431641e-01,5.944378972053527832e-01,-5.615610256791114807e-02,2.915339767932891846e-01,5.563775300979614258e-01,-2.559721283614635468e-02,2.751937508583068848e-01,5.715280175209045410e-01,-3.811895847320556641e-02,2.661968767642974854e-01,5.889488458633422852e-01,-4.425814002752304077e-02,2.599322795867919922e-01,6.059455871582031250e-01,-4.814900830388069153e-02,2.891279160976409912e-01,5.675117373466491699e-01,-2.272376790642738342e-02,2.748995125293731689e-01,5.810952186584472656e-01,-3.286043927073478699e-02,2.664052248001098633e-01,5.942110419273376465e-01,-3.761919215321540833e-02,2.607657611370086670e-01,6.072652935981750488e-01,-4.063025861978530884e-02,6.362958550453186035e-01,4.206257760524749756e-01,1.336413362196253729e-07,6.073198318481445312e-01,4.119769334793090820e-01,-5.269648507237434387e-03,5.815448164939880371e-01,3.855726420879364014e-01,-7.164523005485534668e-03,5.646873712539672852e-01,3.659868240356445312e-01,-9.468970820307731628e-03,5.514615774154663086e-01,3.509390354156494141e-01,-1.217805035412311554e-02,5.919678211212158203e-01,3.415950834751129150e-01,-5.679964553564786911e-03,5.717095136642456055e-01,3.122603297233581543e-01,-1.276617404073476791e-02,5.595498681068420410e-01,2.940115928649902344e-01,-1.833827421069145203e-02,5.491707324981689453e-01,2.779026627540588379e-01,-2.266738750040531158e-02,6.060345172882080078e-01,3.316522836685180664e-01,-1.009149476885795593e-02,5.940387248992919922e-01,2.916242480278015137e-01,-1.658942177891731262e-02,5.852759480476379395e-01,2.660415172576904297e-01,-2.320959605276584625e-02,5.773882865905761719e-01,2.449903190135955811e-01,-2.809981442987918854e-02,6.216593384742736816e-01,3.319163024425506592e-01,-1.551625318825244904e-02,6.192390322685241699e-01,2.928095161914825439e-01,-2.447414770722389221e-02,6.165390014648437500e-01,2.661713957786560059e-01,-3.204391896724700928e-02,6.135786771774291992e-01,2.431782782077789307e-01,-3.721746057271957397e-02,6.376111507415771484e-01,3.412649035453796387e-01,-2.120120637118816376e-02,6.459968090057373047e-01,3.095731437206268311e-01,-3.023384511470794678e-02,6.516336798667907715e-01,2.883546054363250732e-01,-3.443735837936401367e-02,6.561031937599182129e-01,2.701499164104461670e-01,-3.712435439229011536e-02
3.343364000320434570e-01,5.341937541961669922e-01,-8.988192412573425827e-09,3.484728336334228516e-01,5.423994660377502441e-01,-2.575517818331718445e-02,3.503886461257934570e-01,5.548641681671142578e-01,-4.102240875363349915e-02,3.401985764503479004e-01,5.706208348274230957e-01,-5.173879489302635193e-02,3.277710974216461182e-01,5.877732038497924805e-01,-6.102566048502922058e-02,3.131372630596160889e-01,5.340293049812316895e-01,-3.794452175498008728e-02,2.994714379310607910e-01,5.427218675613403320e-01,-5.457556247711181641e-02,2.929660677909851074e-01,5.566067099571228027e-01,-6.562118977308273315e-02,2.878991663455963135e-01,5.733446478843688965e-01,-7.266887277364730835e-02,2.989269495010375977e-01,5.437776446342468262e-01,-3.153829649090766907e-02,2.819960117340087891e-01,5.576799511909484863e-01,-4.576682299375534058e-02,2.732907831668853760e-01,5.765992999076843262e-01,-5.316340923309326172e-02,2.682697474956512451e-01,5.953136086463928223e-01,-5.856648087501525879e-02,2.913501560688018799e-01,5.550131797790527344e-01,-2.676133066415786743e-02,2.753772437572479248e-01,5.707922577857971191e-01,-3.995762020349502563e-02,2.660415768623352051e-01,5.885236859321594238e-01,-4.653401300311088562e-02,2.593072652816772461e-01,6.060337424278259277e-01,-5.065327137708663940e-02,2.887785732746124268e-01,5.660155415534973145e-01,-2.371264435350894928e-02,2.748502194881439209e-01,5.803089737892150879e-01,-3.435319662094116211e-02,2.663939893245697021e-01,5.939235687255859375e-01,-3.938967734575271606e-02,2.606914043426513672e-01,6.075310111045837402e-01,-4.257771372795104980e-02,6.401861906051635742e-01,4.196233153343200684e-01,1.410236194487879402e-07,6.120188832283020020e-01,4.097632765769958496e-01,-5.417305510491132736e-03,5.864059925079345703e-01,3.826118111610412598e-01,-7.840288802981376648e-03,5.695954561233520508e-01,3.628212213516235352e-01,-1.059100497514009476e-02,5.551342368125915527e-01,3.491360545158386230e-01,-1.382405962795019150e-02,5.966926217079162598e-01,3.376945555210113525e-01,-6.205828860402107239e-03,5.789374709129333496e-01,3.064028620719909668e-01,-1.385108102113008499e-02,5.673013329505920410e-01,2.875252366065979004e-01,-1.999873295426368713e-02,5.574592351913452148e-01,2.707685232162475586e-01,-2.466383203864097595e-02,6.116631627082824707e-01,3.289886713027954102e-01,-1.082309801131486893e-02,6.004825234413146973e-01,2.882064580917358398e-01,-1.763722114264965057e-02,5.917786359786987305e-01,2.618638277053833008e-01,-2.445765025913715363e-02,5.842730402946472168e-01,2.401542961597442627e-01,-2.950573898851871490e-02,6.280729770660400391e-01,3.306889533996582031e-01,-1.649039052426815033e-02,6.266036629676818848e-01,2.897798120975494385e-01,-2.577125094830989838e-02,6.254447102546691895e-01,2.635172307491302490e-01,-3.309779614210128784e-02,6.237251758575439453e-01,2.406785488128662109e-01,-3.812475502490997314e-02,6.441451311111450195e-01,3.414508104324340820e-01,-2.241333760321140289e-02,6.530412435531616211e-01,3.107756376266479492e-01,-3.232930973172187805e-02,6.595758199691772461e-01,2.898245453834533691e-01,-3.686280176043510437e-02,6.645151376724243164e-01,2.712073028087615967e-01,-3.966468572616577148e-02
3.339334726333618164e-01,5.333563685417175293e-01,-1.010220973540754130e-08,3.481657505035400391e-01,5.434339046478271484e-01,-2.555205486714839935e-02,3.505241274833679199e-01,5.562651753425598145e-01,-4.093708097934722900e-02,3.402892649173736572e-01,5.713486671447753906e-01,-5.177165567874908447e-02,3.280496895313262939e-01,5.879403352737426758e-01,-6.136916950345039368e-02,3.142589628696441650e-01,5.357675552368164062e-01,-3.936371207237243652e-02,3.001416325569152832e-01,5.440381169319152832e-01,-5.627956986427307129e-02,2.926339507102966309e-01,5.575502514839172363e-01,-6.734942644834518433e-02,2.871217131614685059e-01,5.743261575698852539e-01,-7.437035441398620605e-02,2.996462285518646240e-01,5.442587733268737793e-01,-3.296378627419471741e-02,2.823064923286437988e-01,5.588364601135253906e-01,-4.736232385039329529e-02,2.731648087501525879e-01,5.780084729194641113e-01,-5.489966645836830139e-02,2.683049142360687256e-01,5.972050428390502930e-01,-6.051132082939147949e-02,2.915701568126678467e-01,5.542269349098205566e-01,-2.802244573831558228e-02,2.756797373294830322e-01,5.702552199363708496e-01,-4.127752780914306641e-02,2.664102613925933838e-01,5.890445709228515625e-01,-4.837272316217422485e-02,2.605573236942291260e-01,6.076225638389587402e-01,-5.295628681778907776e-02,2.886292040348052979e-01,5.637371540069580078e-01,-2.473555505275726318e-02,2.749185562133789062e-01,5.782836079597473145e-01,-3.550122305750846863e-02,2.663581371307373047e-01,5.927594900131225586e-01,-4.110842570662498474e-02,2.611212134361267090e-01,6.071645617485046387e-01,-4.478145763278007507e-02,6.522281169891357422e-01,4.175684452056884766e-01,1.519015171425053268e-07,6.247717142105102539e-01,4.015630185604095459e-01,-6.860751193016767502e-03,6.029948592185974121e-01,3.717311024665832520e-01,-1.012240257114171982e-02,5.897232890129089355e-01,3.467663824558258057e-01,-1.337203290313482285e-02,5.775142908096313477e-01,3.285928964614868164e-01,-1.713899523019790649e-02,6.204814314842224121e-01,3.252542018890380859e-01,-8.304198272526264191e-03,6.068590283393859863e-01,2.882120609283447266e-01,-1.729043759405612946e-02,5.986000299453735352e-01,2.660647034645080566e-01,-2.451209351420402527e-02,5.920584201812744141e-01,2.464735358953475952e-01,-2.987662144005298615e-02,6.373621225357055664e-01,3.188494443893432617e-01,-1.248723082244396210e-02,6.311301589012145996e-01,2.743472158908843994e-01,-1.957225054502487183e-02,6.273742914199829102e-01,2.455851733684539795e-01,-2.666167728602886200e-02,6.247932910919189453e-01,2.217746376991271973e-01,-3.211228176951408386e-02,6.536809802055358887e-01,3.234738111495971680e-01,-1.783533208072185516e-02,6.577876806259155273e-01,2.818099260330200195e-01,-2.659322693943977356e-02,6.595118045806884766e-01,2.536780238151550293e-01,-3.339836001396179199e-02,6.609247326850891113e-01,2.300089895725250244e-01,-3.833791613578796387e-02,6.686087846755981445e-01,3.378415703773498535e-01,-2.368790097534656525e-02,6.783744692802429199e-01,3.110632896423339844e-01,-3.251435607671737671e-02,6.833850145339965820e-01,2.930615842342376709e-01,-3.595494106411933899e-02,6.872713565826416016e-01,2.776376307010650635e-01,-3.817498683929443359e-02
3.339257836341857910e-01,5.317148566246032715e-01,-1.190171605713885583e-08,3.486663997173309326e-01,5.433273911476135254e-01,-2.472651563584804535e-02,3.508507013320922852e-01,5.568471550941467285e-01,-3.937338292598724365e-02,3.405909836292266846e-01,5.718977451324462891e-01,-4.949630424380302429e-02,3.287935554981231689e-01,5.885319709777832031e-01,-5.824633315205574036e-02,3.144035935401916504e-01,5.360704660415649414e-01,-3.773852810263633728e-02,3.008727729320526123e-01,5.453330278396606445e-01,-5.370979756116867065e-02,2.938898503780364990e-01,5.588074922561645508e-01,-6.404452770948410034e-02,2.885385751724243164e-01,5.751668810844421387e-01,-7.062171399593353271e-02,2.998214364051818848e-01,5.441361665725708008e-01,-3.157764300704002380e-02,2.829024791717529297e-01,5.605239272117614746e-01,-4.533617943525314331e-02,2.739650905132293701e-01,5.800481438636779785e-01,-5.225112661719322205e-02,2.687421739101409912e-01,5.991770625114440918e-01,-5.736443400382995605e-02,2.917945683002471924e-01,5.538027286529541016e-01,-2.681564353406429291e-02,2.760754525661468506e-01,5.712426900863647461e-01,-3.956536576151847839e-02,2.669462859630584717e-01,5.900070071220397949e-01,-4.583739861845970154e-02,2.604185044765472412e-01,6.083791255950927734e-01,-4.978593438863754272e-02,2.888854146003723145e-01,5.633558630943298340e-01,-2.367798797786235809e-02,2.752464711666107178e-01,5.787560939788818359e-01,-3.398777917027473450e-02,2.670430243015289307e-01,5.931584239006042480e-01,-3.888583928346633911e-02,2.616238594055175781e-01,6.072227358818054199e-01,-4.196715354919433594e-02,6.591526269912719727e-01,4.138388335704803467e-01,1.532062157139080227e-07,6.335283517837524414e-01,3.956348001956939697e-01,-6.241211667656898499e-03,6.150847077369689941e-01,3.635199964046478271e-01,-1.003730576485395432e-02,6.032412648200988770e-01,3.383298516273498535e-01,-1.414021942764520645e-02,5.933757424354553223e-01,3.186598122119903564e-01,-1.879506930708885193e-02,6.335282921791076660e-01,3.186225891113281250e-01,-8.707030676305294037e-03,6.228137016296386719e-01,2.792317569255828857e-01,-1.692859828472137451e-02,6.163651943206787109e-01,2.560654282569885254e-01,-2.333882264792919159e-02,6.113190054893493652e-01,2.346832454204559326e-01,-2.829177305102348328e-02,6.509631872177124023e-01,3.134682178497314453e-01,-1.320385653525590897e-02,6.487495303153991699e-01,2.680055201053619385e-01,-2.143502980470657349e-02,6.458906531333923340e-01,2.392815649509429932e-01,-2.921500056982040405e-02,6.425198912620544434e-01,2.137366831302642822e-01,-3.494634479284286499e-02,6.680204868316650391e-01,3.183805048465728760e-01,-1.858385838568210602e-02,6.773131489753723145e-01,2.749461531639099121e-01,-2.924211882054805756e-02,6.826988458633422852e-01,2.462901771068572998e-01,-3.747721016407012939e-02,6.862925887107849121e-01,2.210305333137512207e-01,-4.294071719050407410e-02,6.835312247276306152e-01,3.314709365367889404e-01,-2.417526580393314362e-02,6.999260783195495605e-01,2.983442544937133789e-01,-3.467161580920219421e-02,7.118555307388305664e-01,2.762063443660736084e-01,-3.950709849596023560e-02,7.218946218490600586e-01,2.567702233791351318e-01,-4.249201714992523193e-02
3.339257836341857910e-01,5.317148566246032715e-01,-1.190171605713885583e-08,3.486663997173309326e-01,5.433273911476135254e-01,-2.472651563584804535e-02,3.508507013320922852e-01,5.568471550941467285e-01,-3.937338292598724365e-02,3.405909836292266846e-01,5.718977451324462891e-01,-4.949630424380302429e-02,3.287935554981231689e-01,5.885319709777832031e-01,-5.824633315205574036e-02,3.144035935401916504e-01,5.360704660415649414e-01,-3.773852810263633728e-02,3.008727729320526123e-01,5.453330278396606445e-01,-5.370979756116867065e-02,2.938898503780364990e-01,5.588074922561645508e-01,-6.404452770948410034e-02,2.885385751724243164e-01,5.751668810844421387e-01,-7.062171399593353271e-02,2.998214364051818848e-01,5.441361665725708008e-01,-3.157764300704002380e-02,2.829024791717529297e-01,5.605239272117614746e-01,-4.533617943525314331e-02,2.739650905132293701e-01,5.800481438636779785e-01,-5.225112661719322205e-02,2.687421739101409912e-01,5.991770625114440918e-01,-5.736443400382995605e-02,2.917945683002471924e-01,5.538027286529541016e-01,-2.681564353406429291e-02,2.760754525661468506e-01,5.712426900863647461e-01,-3.956536576151847839e-02,2.669462859630584717e-01,5.900070071220397949e-01,-4.583739861845970154e-02,2.604185044765472412e-01,6.083791255950927734e-01,-4.978593438863754272e-02,2.888854146003723145e-01,5.633558630943298340e-01,-2.367798797786235809e-02,2.752464711666107178e-01,5.787560939788818359e-01,-3.398777917027473450e-02,2.670430243015289307e-01,5.931584239006042480e-01,-3.888583928346633911e-02,2.616238594055175781e-01,6.072227358818054199e-01,-4.196715354919433594e-02,6.591526269912719727e-01,4.138388335704803467e-01,1.532062157139080227e-07,6.335283517837524414e-01,3.956348001956939697e-01,-6.241211667656898499e-03,6.150847077369689941e-01,3.635199964046478271e-01,-1.003730576485395432e-02,6.032412648200988770e-01,3.383298516273498535e-01,-1.414021942764520645e-02,5.933757424354553223e-01,3.186598122119903564e-01,-1.879506930708885193e-02,6.335282921791076660e-01,3.186225891113281250e-01,-8.707030676305294037e-03,6.228137016296386719e-01,2.792317569255828857e-01,-1.692859828472137451e-02,6.163651943206787109e-01,2.560654282569885254e-01,-2.333882264792919159e-02,6.113190054893493652e-01,2.346832454204559326e-01,-2.829177305102348328e-02,6.509631872177124023e-01,3.134682178497314453e-01,-1.320385653525590897e-02,6.487495303153991699e-01,2.680055201053619385e-01,-2.143502980470657349e-02,6.458906531333923340e-01,2.392815649509429932e-01,-2.921500056982040405e-02,6.425198912620544434e-01,2.137366831302642822e-01,-3.494634479284286499e-02,6.680204868316650391e-01,3.183805048465728760e-01,-1.858385838568210602e-02,6.773131489753723145e-01,2.749461531639099121e-01,-2.924211882054805756e-02,6.826988458633422852e-01,2.462901771068572998e-01,-3.747721016407012939e-02,6.862925887107849121e-01,2.210305333137512207e-01,-4.294071719050407410e-02,6.835312247276306152e-01,3.314709365367889404e-01,-2.417526580393314362e-02,6.999260783195495605e-01,2.983442544937133789e-01,-3.467161580920219421e-02,7.118555307388305664e-01,2.762063443660736084e-01,-3.950709849596023560e-02,7.218946218490600586e-01,2.567702233791351318e-01,-4.249201714992523193e-02
3.336834907531738281e-01,5.319222211837768555e-01,-1.582016473378189403e-08,3.479550480842590332e-01,5.426038503646850586e-01,-2.458167821168899536e-02,3.505196869373321533e-01,5.568113327026367188e-01,-3.937518596649169922e-02,3.406110405921936035e-01,5.731030106544494629e-01,-4.961814358830451965e-02,3.292374610900878906e-01,5.906002521514892578e-01,-5.848845094442367554e-02,3.137749731540679932e-01,5.355895161628723145e-01,-3.759543597698211670e-02,3.020521998405456543e-01,5.478812456130981445e-01,-5.347938463091850281e-02,2.951589226722717285e-01,5.615275502204895020e-01,-6.376410275697708130e-02,2.893688380718231201e-01,5.773451328277587891e-01,-7.043413072824478149e-02,2.988715469837188721e-01,5.438274145126342773e-01,-3.161257132887840271e-02,2.831419706344604492e-01,5.621000528335571289e-01,-4.521222785115242004e-02,2.748323082923889160e-01,5.817802548408508301e-01,-5.191931501030921936e-02,2.702189683914184570e-01,6.003633141517639160e-01,-5.696273967623710632e-02,2.907513082027435303e-01,5.536041259765625000e-01,-2.701086364686489105e-02,2.754617929458618164e-01,5.725576281547546387e-01,-3.965554013848304749e-02,2.668974995613098145e-01,5.912244915962219238e-01,-4.567383974790573120e-02,2.608816325664520264e-01,6.091849803924560547e-01,-4.952231794595718384e-02,2.879102826118469238e-01,5.634740591049194336e-01,-2.401391789317131042e-02,2.748332619667053223e-01,5.798677206039428711e-01,-3.429426625370979309e-02,2.669706344604492188e-01,5.941715836524963379e-01,-3.905018419027328491e-02,2.618768513202667236e-01,6.077567934989929199e-01,-4.204887151718139648e-02,6.709199547767639160e-01,4.094744324684143066e-01,1.906725515254947823e-07,6.464943885803222656e-01,3.881251215934753418e-01,-7.408691570162773132e-03,6.302771568298339844e-01,3.526033759117126465e-01,-1.166491024196147919e-02,6.202642917633056641e-01,3.255228996276855469e-01,-1.598894223570823669e-02,6.135481595993041992e-01,3.034660816192626953e-01,-2.079120464622974396e-02,6.528511047363281250e-01,3.087437152862548828e-01,-8.933685719966888428e-03,6.477906703948974609e-01,2.692615389823913574e-01,-1.754191331565380096e-02,6.443514823913574219e-01,2.463496327400207520e-01,-2.467903308570384979e-02,6.421120762825012207e-01,2.249704897403717041e-01,-3.013182058930397034e-02,6.712563633918762207e-01,3.051826655864715576e-01,-1.300349552184343338e-02,6.754060983657836914e-01,2.568982243537902832e-01,-2.099935151636600494e-02,6.775478720664978027e-01,2.263449430465698242e-01,-2.916278503835201263e-02,6.790403723716735840e-01,1.992575079202651978e-01,-3.527654707431793213e-02,6.885814070701599121e-01,3.123132288455963135e-01,-1.812803931534290314e-02,7.022941708564758301e-01,2.680314183235168457e-01,-2.848326042294502258e-02,7.117462158203125000e-01,2.391418367624282837e-01,-3.721449151635169983e-02,7.190290689468383789e-01,2.143012881278991699e-01,-4.307612776756286621e-02,7.037580013275146484e-01,3.276549577713012695e-01,-2.356210909783840179e-02,7.230344414710998535e-01,2.945563495159149170e-01,-3.367327898740768433e-02,7.373431921005249023e-01,2.734539508819580078e-01,-3.847469761967658997e-02,7.493773102760314941e-01,2.553243637084960938e-01,-4.154338687658309937e-02
3.333563804626464844e-01,5.320963263511657715e-01,-2.518337716139740223e-08,3.477073609828948975e-01,5.432562232017517090e-01,-2.470408566296100616e-02,3.500956296920776367e-01,5.569543242454528809e-01,-3.981010243296623230e-02,3.405486941337585449e-01,5.723367929458618164e-01,-5.044949427247047424e-02,3.294990658760070801e-01,5.894497632980346680e-01,-5.979610979557037354e-02,3.135055601596832275e-01,5.360858440399169922e-01,-3.853864595293998718e-02,3.007941842079162598e-01,5.482639670372009277e-01,-5.508834123611450195e-02,2.941978573799133301e-01,5.618937611579895020e-01,-6.586139649152755737e-02,2.894670665264129639e-01,5.775138735771179199e-01,-7.254601269960403442e-02,2.989104688167572021e-01,5.435664057731628418e-01,-3.226570785045623779e-02,2.829681634902954102e-01,5.604397654533386230e-01,-4.648210108280181885e-02,2.752779126167297363e-01,5.804064869880676270e-01,-5.366018414497375488e-02,2.718504667282104492e-01,5.994520783424377441e-01,-5.884946882724761963e-02,2.906732857227325439e-01,5.532171726226806641e-01,-2.732953801751136780e-02,2.756634056568145752e-01,5.710279941558837891e-01,-4.019723832607269287e-02,2.673881649971008301e-01,5.903800725936889648e-01,-4.679181054234504700e-02,2.623039186000823975e-01,6.087939143180847168e-01,-5.091761797666549683e-02,2.875716984272003174e-01,5.632714033126831055e-01,-2.396992594003677368e-02,2.748397588729858398e-01,5.802006721496582031e-01,-3.413289412856101990e-02,2.671300470829010010e-01,5.952086448669433594e-01,-3.919723629951477051e-02,2.624548673629760742e-01,6.090863347053527832e-01,-4.243063554167747498e-02,6.793630123138427734e-01,4.089198112487792969e-01,1.750784548448791611e-07,6.551072001457214355e-01,3.845801651477813721e-01,-8.507866412401199341e-03,6.403619647026062012e-01,3.473427891731262207e-01,-1.297876704484224319e-02,6.360839009284973145e-01,3.171611130237579346e-01,-1.718859374523162842e-02,6.319046616554260254e-01,2.935412526130676270e-01,-2.166017517447471619e-02,6.686199307441711426e-01,3.036375641822814941e-01,-9.451058693230152130e-03,6.667724251747131348e-01,2.619067132472991943e-01,-1.818823441863059998e-02,6.652527451515197754e-01,2.360696494579315186e-01,-2.543432079255580902e-02,6.652392148971557617e-01,2.127214670181274414e-01,-3.094012849032878876e-02,6.878116726875305176e-01,3.022895455360412598e-01,-1.286598574370145798e-02,6.936216354370117188e-01,2.554146647453308105e-01,-2.074587531387805939e-02,6.966609358787536621e-01,2.247822880744934082e-01,-2.820830419659614563e-02,6.993473172187805176e-01,1.975629627704620361e-01,-3.388627246022224426e-02,7.044366598129272461e-01,3.105061054229736328e-01,-1.755685545504093170e-02,7.181671857833862305e-01,2.662032842636108398e-01,-2.742768637835979462e-02,7.277685403823852539e-01,2.384054511785507202e-01,-3.453051298856735229e-02,7.357404232025146484e-01,2.140406966209411621e-01,-3.938522562384605408e-02,7.185218334197998047e-01,3.267764151096343994e-01,-2.287594042718410492e-02,7.375392317771911621e-01,2.955746948719024658e-01,-3.262830525636672974e-02,7.512841820716857910e-01,2.741993665695190430e-01,-3.690104931592941284e-02,7.629421353340148926e-01,2.546634674072265625e-01,-3.958322852849960327e-02
3.337140977382659912e-01,5.314028263092041016e-01,-3.288649352839456697e-08,3.477323949337005615e-01,5.430571436882019043e-01,-2.465397864580154419e-02,3.502623736858367920e-01,5.567314028739929199e-01,-3.984452411532402039e-02,3.411215543746948242e-01,5.723826885223388672e-01,-5.065299570560455322e-02,3.304090797901153564e-01,5.895149111747741699e-01,-6.019793078303337097e-02,3.135690987110137939e-01,5.355718731880187988e-01,-3.815476596355438232e-02,3.004734516143798828e-01,5.479393005371093750e-01,-5.476455762982368469e-02,2.941728532314300537e-01,5.620535612106323242e-01,-6.557954102754592896e-02,2.899870276451110840e-01,5.782440900802612305e-01,-7.224580645561218262e-02,2.992734909057617188e-01,5.423325896263122559e-01,-3.184938430786132812e-02,2.840668559074401855e-01,5.607966184616088867e-01,-4.610060527920722961e-02,2.763584852218627930e-01,5.803418159484863281e-01,-5.336440727114677429e-02,2.724799513816833496e-01,5.992422699928283691e-01,-5.868916586041450500e-02,2.911101579666137695e-01,5.512303709983825684e-01,-2.695132791996002197e-02,2.764546275138854980e-01,5.698576569557189941e-01,-4.013016819953918457e-02,2.682173550128936768e-01,5.890370607376098633e-01,-4.694239050149917603e-02,2.629545032978057861e-01,6.076946854591369629e-01,-5.116261914372444153e-02,2.876463830471038818e-01,5.604516267776489258e-01,-2.358662150800228119e-02,2.748770415782928467e-01,5.773970484733581543e-01,-3.392602875828742981e-02,2.672072052955627441e-01,5.919506549835205078e-01,-3.910906612873077393e-02,2.623745799064636230e-01,6.056942343711853027e-01,-4.243576899170875549e-02,6.869316697120666504e-01,4.049025774002075195e-01,1.977782204676259425e-07,6.644979119300842285e-01,3.757759034633636475e-01,-1.058848947286605835e-02,6.506974101066589355e-01,3.400394320487976074e-01,-1.769079454243183136e-02,6.464215517044067383e-01,3.101376891136169434e-01,-2.435985580086708069e-02,6.505541205406188965e-01,2.860279381275177002e-01,-3.095130994915962219e-02,6.821151971817016602e-01,2.983124554157257080e-01,-1.145644765347242355e-02,6.840111613273620605e-01,2.565112709999084473e-01,-2.194941975176334381e-02,6.844370961189270020e-01,2.307353317737579346e-01,-3.041834384202957153e-02,6.862018704414367676e-01,2.075680792331695557e-01,-3.653137013316154480e-02,7.012944221496582031e-01,2.991293966770172119e-01,-1.426185667514801025e-02,7.103003859519958496e-01,2.526690661907196045e-01,-2.315764315426349640e-02,7.159547805786132812e-01,2.230588048696517944e-01,-3.054030612111091614e-02,7.206971645355224609e-01,1.965239942073822021e-01,-3.604465723037719727e-02,7.178455591201782227e-01,3.087404370307922363e-01,-1.867657341063022614e-02,7.336485981941223145e-01,2.649473547935485840e-01,-2.906120754778385162e-02,7.446630597114562988e-01,2.379006296396255493e-01,-3.539066016674041748e-02,7.533646821975708008e-01,2.139696478843688965e-01,-3.952854871749877930e-02,7.313474416732788086e-01,3.259674906730651855e-01,-2.393830567598342896e-02,7.514306306838989258e-01,2.945364415645599365e-01,-3.357455506920814514e-02,7.658968567848205566e-01,2.745420038700103760e-01,-3.708250448107719421e-02,7.777241468429565430e-01,2.566220760345458984e-01,-3.906354680657386780e-02
3.337140977382659912e-01,5.314028263092041016e-01,-3.288649352839456697e-08,3.477323949337005615e-01,5.430571436882019043e-01,-2.465397864580154419e-02,3.502623736858367920e-01,5.567314028739929199e-01,-3.984452411532402039e-02,3.411215543746948242e-01,5.723826885223388672e-01,-5.065299570560455322e-02,3.304090797901153564e-01,5.895149111747741699e-01,-6.019793078303337097e-02,3.135690987110137939e-01,5.355718731880187988e-01,-3.815476596355438232e-02,3.004734516143798828e-01,5.479393005371093750e-01,-5.476455762982368469e-02,2.941728532314300537e-01,5.620535612106323242e-01,-6.557954102754592896e-02,2.899870276451110840e-01,5.782440900802612305e-01,-7.224580645561218262e-02,2.992734909057617188e-01,5.423325896263122559e-01,-3.184938430786132812e-02,2.840668559074401855e-01,5.607966184616088867e-01,-4.610060527920722961e-02,2.763584852218627930e-01,5.803418159484863281e-01,-5.336440727114677429e-02,2.724799513816833496e-01,5.992422699928283691e-01,-5.868916586041450500e-02,2.911101579666137695e-01,5.512303709983825684e-01,-2.695132791996002197e-02,2.764546275138854980e-01,5.698576569557189941e-01,-4.013016819953918457e-02,2.682173550128936768e-01,5.890370607376098633e-01,-4.694239050149917603e-02,2.629545032978057861e-01,6.076946854591369629e-01,-5.116261914372444153e-02,2.876463830471038818e-01,5.604516267776489258e-01,-2.358662150800228119e-02,2.748770415782928467e-01,5.773970484733581543e-01,-3.392602875828742981e-02,2.672072052955627441e-01,5.919506549835205078e-01,-3.910906612873077393e-02,2.623745799064636230e-01,6.056942343711853027e-01,-4.243576899170875549e-02,6.869316697120666504e-01,4.049025774002075195e-01,1.977782204676259425e-07,6.644979119300842285e-01,3.757759034633636475e-01,-1.058848947286605835e-02,6.506974101066589355e-01,3.400394320487976074e-01,-1.769079454243183136e-02,6.464215517044067383e-01,3.101376891136169434e-01,-2.435985580086708069e-02,6.505541205406188965e-01,2.860279381275177002e-01,-3.095130994915962219e-02,6.821151971817016602e-01,2.983124554157257080e-01,-1.145644765347242355e-02,6.840111613273620605e-01,2.565112709999084473e-01,-2.194941975176334381e-02,6.844370961189270020e-01,2.307353317737579346e-01,-3.041834384202957153e-02,6.862018704414367676e-01,2.075680792331695557e-01,-3.653137013316154480e-02,7.012944221496582031e-01,2.991293966770172119e-01,-1.426185667514801025e-02,7.103003859519958496e-01,2.526690661907196045e-01,-2.315764315426349640e-02,7.159547805786132812e-01,2.230588048696517944e-01,-3.054030612111091614e-02,7.206971645355224609e-01,1.965239942073822021e-01,-3.604465723037719727e-02,7.178455591201782227e-01,3.087404370307922363e-01,-1.867657341063022614e-02,7.336485981941223145e-01,2.649473547935485840e-01,-2.906120754778385162e-02,7.446630597114562988e-01,2.379006296396255493e-01,-3.539066016674041748e-02,7.533646821975708008e-01,2.139696478843688965e-01,-3.952854871749877930e-02,7.313474416732788086e-01,3.259674906730651855e-01,-2.393830567598342896e-02,7.514306306838989258e-01,2.945364415645599365e-01,-3.357455506920814514e-02,7.658968567848205566e-01,2.745420038700103760e-01,-3.708250448107719421e-02,7.777241468429565430e-01,2.566220760345458984e-01,-3.906354680657386780e-02
3.330061435699462891e-01,5.313535928726196289e-01,-3.214031352172241895e-08,3.472355902194976807e-01,5.431578159332275391e-01,-2.463202551007270813e-02,3.500236272811889648e-01,5.570902824401855469e-01,-3.988246992230415344e-02,3.411610722541809082e-01,5.727034807205200195e-01,-5.080171674489974976e-02,3.304322659969329834e-01,5.897258520126342773e-01,-6.048314645886421204e-02,3.138433694839477539e-01,5.356068015098571777e-01,-3.828858584165573120e-02,3.006312251091003418e-01,5.476465821266174316e-01,-5.499883741140365601e-02,2.942310869693756104e-01,5.616090893745422363e-01,-6.585392355918884277e-02,2.901389896869659424e-01,5.777014493942260742e-01,-7.251866906881332397e-02,2.995725572109222412e-01,5.422353744506835938e-01,-3.200101852416992188e-02,2.844975888729095459e-01,5.606815814971923828e-01,-4.635024443268775940e-02,2.766221165657043457e-01,5.800805091857910156e-01,-5.366656556725502014e-02,2.724863290786743164e-01,5.989115238189697266e-01,-5.906704068183898926e-02,2.912524640560150146e-01,5.508955717086791992e-01,-2.713665924966335297e-02,2.767066061496734619e-01,5.691903233528137207e-01,-4.041529819369316101e-02,2.684214413166046143e-01,5.883561372756958008e-01,-4.734887927770614624e-02,2.632027566432952881e-01,6.070670485496520996e-01,-5.166266113519668579e-02,2.874985039234161377e-01,5.596818327903747559e-01,-2.379931882023811340e-02,2.748260796070098877e-01,5.764455199241638184e-01,-3.416726365685462952e-02,2.671794593334197998e-01,5.910031795501708984e-01,-3.946629911661148071e-02,2.624238431453704834e-01,6.048656702041625977e-01,-4.292531684041023254e-02,6.869859695434570312e-01,4.063592255115509033e-01,1.833816298812962486e-07,6.639556288719177246e-01,3.772335052490234375e-01,-1.061409432440996170e-02,6.501986980438232422e-01,3.400299251079559326e-01,-1.693767495453357697e-02,6.465288400650024414e-01,3.094036579132080078e-01,-2.273131720721721649e-02,6.499715447425842285e-01,2.849147319793701172e-01,-2.842980995774269104e-02,6.812767982482910156e-01,2.979838550090789795e-01,-9.984483942389488220e-03,6.840745806694030762e-01,2.572858333587646484e-01,-1.989026181399822235e-02,6.852555274963378906e-01,2.316431552171707153e-01,-2.814139239490032196e-02,6.877210736274719238e-01,2.085413634777069092e-01,-3.426166623830795288e-02,7.006415128707885742e-01,2.988358736038208008e-01,-1.279417891055345535e-02,7.108067870140075684e-01,2.526890337467193604e-01,-2.154361642897129059e-02,7.166152596473693848e-01,2.226337939500808716e-01,-2.909880876541137695e-02,7.211343646049499512e-01,1.958466172218322754e-01,-3.473506495356559753e-02,7.177301049232482910e-01,3.087269663810729980e-01,-1.732556708157062531e-02,7.342314720153808594e-01,2.662486135959625244e-01,-2.765338309109210968e-02,7.451650500297546387e-01,2.381370663642883301e-01,-3.470735996961593628e-02,7.536581754684448242e-01,2.132026255130767822e-01,-3.938692808151245117e-02,7.318668961524963379e-01,3.260850906372070312e-01,-2.273367345333099365e-02,7.526843547821044922e-01,2.957003116607666016e-01,-3.224347904324531555e-02,7.669629454612731934e-01,2.752080857753753662e-01,-3.639534115791320801e-02,7.787188291549682617e-01,2.563433349132537842e-01,-3.898107260465621948e-02
3.326537907123565674e-01,5.315498113632202148e-01,-3.066956111297258758e-08,3.477900028228759766e-01,5.440265536308288574e-01,-2.480322122573852539e-02,3.514013588428497314e-01,5.584042668342590332e-01,-4.008862376213073730e-02,3.422540724277496338e-01,5.736294388771057129e-01,-5.083214491605758667e-02,3.315461575984954834e-01,5.904358625411987305e-01,-6.035522371530532837e-02,3.158911764621734619e-01,5.365448594093322754e-01,-3.995939716696739197e-02,3.019448518753051758e-01,5.487740039825439453e-01,-5.668598413467407227e-02,2.951196432113647461e-01,5.635337829589843750e-01,-6.718913465738296509e-02,2.909342050552368164e-01,5.801863074302673340e-01,-7.362905144691467285e-02,3.005186021327972412e-01,5.423489212989807129e-01,-3.342609107494354248e-02,2.851002514362335205e-01,5.608318448066711426e-01,-4.774181544780731201e-02,2.772472500801086426e-01,5.811818242073059082e-01,-5.447528138756752014e-02,2.735150456428527832e-01,6.006169319152832031e-01,-5.951851978898048401e-02,2.916004657745361328e-01,5.506176948547363281e-01,-2.822366915643215179e-02,2.774020433425903320e-01,5.684341788291931152e-01,-4.140052944421768188e-02,2.694380581378936768e-01,5.882015824317932129e-01,-4.809422045946121216e-02,2.647753655910491943e-01,6.072809696197509766e-01,-5.234655365347862244e-02,2.875818610191345215e-01,5.592212677001953125e-01,-2.454279921948909760e-02,2.754315733909606934e-01,5.749360918998718262e-01,-3.509598225355148315e-02,2.681632041931152344e-01,5.895848274230957031e-01,-4.056071862578392029e-02,2.639696598052978516e-01,6.033226251602172852e-01,-4.413520917296409607e-02,7.045503258705139160e-01,4.002042114734649658e-01,2.485565175902593182e-07,6.871339678764343262e-01,3.609538972377777100e-01,-9.644256904721260071e-03,6.821489930152893066e-01,3.192397952079772949e-01,-1.465851999819278717e-02,6.843138337135314941e-01,2.880473732948303223e-01,-1.962438039481639862e-02,6.928323507308959961e-01,2.651788890361785889e-01,-2.490983530879020691e-02,7.169831991195678711e-01,2.915877997875213623e-01,-8.866216056048870087e-03,7.274295091629028320e-01,2.491863667964935303e-01,-1.887012831866741180e-02,7.356815338134765625e-01,2.235411256551742554e-01,-2.702063508331775665e-02,7.445338368415832520e-01,2.014147043228149414e-01,-3.283165022730827332e-02,7.361932992935180664e-01,2.969909608364105225e-01,-1.165531855076551437e-02,7.548216581344604492e-01,2.513177394866943359e-01,-1.967452652752399445e-02,7.680277824401855469e-01,2.231058180332183838e-01,-2.738246507942676544e-02,7.796621918678283691e-01,1.982823908329010010e-01,-3.316511213779449463e-02,7.511148452758789062e-01,3.103825747966766357e-01,-1.605647616088390350e-02,7.751156091690063477e-01,2.720706164836883545e-01,-2.556263841688632965e-02,7.921048402786254883e-01,2.486918866634368896e-01,-3.244309499859809875e-02,8.059885501861572266e-01,2.283909022808074951e-01,-3.697381168603897095e-02,7.623091936111450195e-01,3.304730355739593506e-01,-2.128246799111366272e-02,7.842664718627929688e-01,3.034116029739379883e-01,-2.973046153783798218e-02,8.008823394775390625e-01,2.872925102710723877e-01,-3.284942731261253357e-02,8.147138357162475586e-01,2.735172510147094727e-01,-3.474029153585433960e-02
3.335910439491271973e-01,5.285226106643676758e-01,-3.101642320757491689e-08,3.489598631858825684e-01,5.429368615150451660e-01,-2.356357686221599579e-02,3.518619239330291748e-01,5.584723949432373047e-01,-3.799185901880264282e-02,3.420985639095306396e-01,5.742868781089782715e-01,-4.805729910731315613e-02,3.309697210788726807e-01,5.912666916847229004e-01,-5.695740878582000732e-02,3.169066011905670166e-01,5.365979671478271484e-01,-3.832412511110305786e-02,3.027593493461608887e-01,5.485883951187133789e-01,-5.435872077941894531e-02,2.952933013439178467e-01,5.630241036415100098e-01,-6.439225375652313232e-02,2.904771864414215088e-01,5.793843865394592285e-01,-7.057292759418487549e-02,3.017878234386444092e-01,5.421634912490844727e-01,-3.223711624741554260e-02,2.854003310203552246e-01,5.609233975410461426e-01,-4.590460285544395447e-02,2.775001525878906250e-01,5.816664695739746094e-01,-5.231810361146926880e-02,2.739808857440948486e-01,6.011844277381896973e-01,-5.712994560599327087e-02,2.929428219795227051e-01,5.502897500991821289e-01,-2.736782282590866089e-02,2.774929702281951904e-01,5.686411857604980469e-01,-4.020025581121444702e-02,2.697676122188568115e-01,5.886914730072021484e-01,-4.665013402700424194e-02,2.655561268329620361e-01,6.079092025756835938e-01,-5.066306516528129578e-02,2.890246212482452393e-01,5.588488578796386719e-01,-2.389444410800933838e-02,2.758913636207580566e-01,5.751092433929443359e-01,-3.417436033487319946e-02,2.685648500919342041e-01,5.897235870361328125e-01,-3.933760151267051697e-02,2.646160423755645752e-01,6.034886837005615234e-01,-4.266250878572463989e-02,7.143351435661315918e-01,3.971761465072631836e-01,2.352101375890924828e-07,6.974717974662780762e-01,3.598524332046508789e-01,-1.286632008850574493e-02,6.898697018623352051e-01,3.177736699581146240e-01,-2.013884671032428741e-02,6.917287111282348633e-01,2.851677536964416504e-01,-2.661006338894367218e-02,7.054080367088317871e-01,2.640879750251770020e-01,-3.276728093624114990e-02,7.266757488250732422e-01,2.873203754425048828e-01,-9.959441609680652618e-03,7.400097846984863281e-01,2.476762235164642334e-01,-2.128009498119354248e-02,7.494922876358032227e-01,2.235453128814697266e-01,-3.067552298307418823e-02,7.595707178115844727e-01,2.020614147186279297e-01,-3.746707364916801453e-02,7.468604445457458496e-01,2.946702241897583008e-01,-1.157328672707080841e-02,7.679224014282226562e-01,2.538906335830688477e-01,-2.044712379574775696e-02,7.818853259086608887e-01,2.280215024948120117e-01,-2.814539521932601929e-02,7.937000393867492676e-01,2.033142298460006714e-01,-3.403767943382263184e-02,7.618693709373474121e-01,3.098886013031005859e-01,-1.540469657629728317e-02,7.865173220634460449e-01,2.731954157352447510e-01,-2.562809176743030548e-02,8.037453293800354004e-01,2.511012852191925049e-01,-3.157085925340652466e-02,8.177453279495239258e-01,2.300235331058502197e-01,-3.542477265000343323e-02,7.722324728965759277e-01,3.312334716320037842e-01,-2.042988687753677368e-02,7.952815294265747070e-01,3.060052692890167236e-01,-2.942397259175777435e-02,8.112773299217224121e-01,2.908935248851776123e-01,-3.236681222915649414e-02,8.248323202133178711e-01,2.760680019855499268e-01,-3.409420326352119446e-02
3.335910439491271973e-01,5.285226106643676758e-01,-3.101642320757491689e-08,3.489598631858825684e-01,5.429368615150451660e-01,-2.356357686221599579e-02,3.518619239330291748e-01,5.584723949432373047e-01,-3.799185901880264282e-02,3.420985639095306396e-01,5.742868781089782715e-01,-4.805729910731315613e-02,3.309697210788726807e-01,5.912666916847229004e-01,-5.695740878582000732e-02,3.169066011905670166e-01,5.365979671478271484e-01,-3.832412511110305786e-02,3.027593493461608887e-01,5.485883951187133789e-01,-5.435872077941894531e-02,2.952933013439178467e-01,5.630241036415100098e-01,-6.439225375652313232e-02,2.904771864414215088e-01,5.793843865394592285e-01,-7.057292759418487549e-02,3.017878234386444092e-01,5.421634912490844727e-01,-3.223711624741554260e-02,2.854003310203552246e-01,5.609233975410461426e-01,-4.590460285544395447e-02,2.775001525878906250e-01,5.816664695739746094e-01,-5.231810361146926880e-02,2.739808857440948486e-01,6.011844277381896973e-01,-5.712994560599327087e-02,2.929428219795227051e-01,5.502897500991821289e-01,-2.736782282590866089e-02,2.774929702281951904e-01,5.686411857604980469e-01,-4.020025581121444702e-02,2.697676122188568115e-01,5.886914730072021484e-01,-4.665013402700424194e-02,2.655561268329620361e-01,6.079092025756835938e-01,-5.066306516528129578e-02,2.890246212482452393e-01,5.588488578796386719e-01,-2.389444410800933838e-02,2.758913636207580566e-01,5.751092433929443359e-01,-3.417436033487319946e-02,2.685648500919342041e-01,5.897235870361328125e-01,-3.933760151267051697e-02,2.646160423755645752e-01,6.034886837005615234e-01,-4.266250878572463989e-02,7.143351435661315918e-01,3.971761465072631836e-01,2.352101375890924828e-07,6.974717974662780762e-01,3.598524332046508789e-01,-1.286632008850574493e-02,6.898697018623352051e-01,3.177736699581146240e-01,-2.013884671032428741e-02,6.917287111282348633e-01,2.851677536964416504e-01,-2.661006338894367218e-02,7.054080367088317871e-01,2.640879750251770020e-01,-3.276728093624114990e-02,7.266757488250732422e-01,2.873203754425048828e-01,-9.959441609680652618e-03,7.400097846984863281e-01,2.476762235164642334e-01,-2.128009498119354248e-02,7.494922876358032227e-01,2.235453128814697266e-01,-3.067552298307418823e-02,7.595707178115844727e-01,2.020614147186279297e-01,-3.746707364916801453e-02,7.468604445457458496e-01,2.946702241897583008e-01,-1.157328672707080841e-02,7.679224014282226562e-01,2.538906335830688477e-01,-2.044712379574775696e-02,7.818853259086608887e-01,2.280215024948120117e-01,-2.814539521932601929e-02,7.937000393867492676e-01,2.033142298460006714e-01,-3.403767943382263184e-02,7.618693709373474121e-01,3.098886013031005859e-01,-1.540469657629728317e-02,7.865173220634460449e-01,2.731954157352447510e-01,-2.562809176743030548e-02,8.037453293800354004e-01,2.511012852191925049e-01,-3.157085925340652466e-02,8.177453279495239258e-01,2.300235331058502197e-01,-3.542477265000343323e-02,7.722324728965759277e-01,3.312334716320037842e-01,-2.042988687753677368e-02,7.952815294265747070e-01,3.060052692890167236e-01,-2.942397259175777435e-02,8.112773299217224121e-01,2.908935248851776123e-01,-3.236681222915649414e-02,8.248323202133178711e-01,2.760680019855499268e-01,-3.409420326352119446e-02
3.342508673667907715e-01,5.314598083496093750e-01,-2.723039571606022946e-08,3.496373295783996582e-01,5.441820621490478516e-01,-2.411999739706516266e-02,3.529327809810638428e-01,5.583385229110717773e-01,-3.876080363988876343e-02,3.435391485691070557e-01,5.736896395683288574e-01,-4.899825155735015869e-02,3.325983583927154541e-01,5.908000469207763672e-01,-5.802334845066070557e-02,3.162731826305389404e-01,5.373697280883789062e-01,-3.807712346315383911e-02,3.025197684764862061e-01,5.498470664024353027e-01,-5.429021641612052917e-02,2.958011925220489502e-01,5.647560358047485352e-01,-6.461670994758605957e-02,2.918488383293151855e-01,5.814343690872192383e-01,-7.100084424018859863e-02,3.012026846408843994e-01,5.435659885406494141e-01,-3.188524022698402405e-02,2.848664522171020508e-01,5.613495707511901855e-01,-4.580919817090034485e-02,2.774839103221893311e-01,5.822582840919494629e-01,-5.269863829016685486e-02,2.746600508689880371e-01,6.017631888389587402e-01,-5.779471248388290405e-02,2.923519313335418701e-01,5.518295764923095703e-01,-2.700641192495822906e-02,2.772664427757263184e-01,5.697081685066223145e-01,-3.975412994623184204e-02,2.700156569480895996e-01,5.896784663200378418e-01,-4.634092003107070923e-02,2.661508321762084961e-01,6.084156036376953125e-01,-5.049106851220130920e-02,2.884018719196319580e-01,5.604853034019470215e-01,-2.366096712648868561e-02,2.756044864654541016e-01,5.761029124259948730e-01,-3.393489494919776917e-02,2.687161862850189209e-01,5.911896824836730957e-01,-3.926017880439758301e-02,2.652791440486907959e-01,6.050522923469543457e-01,-4.269668832421302795e-02,7.192521095275878906e-01,3.996991217136383057e-01,2.403923815563757671e-07,7.029302716255187988e-01,3.577345013618469238e-01,-1.227660663425922394e-02,7.019804120063781738e-01,3.111087977886199951e-01,-1.674326695501804352e-02,7.138112783432006836e-01,2.766091227531433105e-01,-2.033186331391334534e-02,7.278562784194946289e-01,2.524629235267639160e-01,-2.342663891613483429e-02,7.410964369773864746e-01,2.871544361114501953e-01,-5.040540359914302826e-03,7.580738067626953125e-01,2.483159601688385010e-01,-1.334496121853590012e-02,7.701427340507507324e-01,2.251352369785308838e-01,-2.131260000169277191e-02,7.821221351623535156e-01,2.046888768672943115e-01,-2.732453495264053345e-02,7.609131336212158203e-01,2.962644398212432861e-01,-5.666513461619615555e-03,7.841775417327880859e-01,2.569051682949066162e-01,-1.229517348110675812e-02,8.000831604003906250e-01,2.327330708503723145e-01,-1.990244165062904358e-02,8.142787218093872070e-01,2.102608680725097656e-01,-2.572511881589889526e-02,7.743730545043945312e-01,3.120486736297607422e-01,-8.471137844026088715e-03,8.012192249298095703e-01,2.779683470726013184e-01,-1.668644137680530548e-02,8.188449144363403320e-01,2.577213346958160400e-01,-2.304639667272567749e-02,8.333868384361267090e-01,2.386459708213806152e-01,-2.734780684113502502e-02,7.836786508560180664e-01,3.333703577518463135e-01,-1.250899396836757660e-02,8.080565929412841797e-01,3.097714483737945557e-01,-1.989484764635562897e-02,8.236911296844482422e-01,2.961184382438659668e-01,-2.299648895859718323e-02,8.373387455940246582e-01,2.825659215450286865e-01,-2.498809248208999634e-02
3.320136368274688721e-01,5.308482050895690918e-01,-3.090386968551683822e-08,3.482298851013183594e-01,5.441201925277709961e-01,-2.470338158309459686e-02,3.524104952812194824e-01,5.587097406387329102e-01,-3.998335078358650208e-02,3.435289263725280762e-01,5.744994878768920898e-01,-5.054340139031410217e-02,3.325775265693664551e-01,5.916497111320495605e-01,-5.993822589516639709e-02,3.182069063186645508e-01,5.370463728904724121e-01,-4.200979322195053101e-02,3.040711581707000732e-01,5.494293570518493652e-01,-5.887741222977638245e-02,2.967929244041442871e-01,5.648730397224426270e-01,-6.896317005157470703e-02,2.919386625289916992e-01,5.821290016174316406e-01,-7.509975135326385498e-02,3.021014034748077393e-01,5.431395173072814941e-01,-3.533004596829414368e-02,2.866747379302978516e-01,5.636884570121765137e-01,-4.973919689655303955e-02,2.787008583545684814e-01,5.853285193443298340e-01,-5.603429302573204041e-02,2.744936943054199219e-01,6.051708459854125977e-01,-6.090642884373664856e-02,2.921966314315795898e-01,5.515863299369812012e-01,-2.978180721402168274e-02,2.780683636665344238e-01,5.712971091270446777e-01,-4.328842833638191223e-02,2.704322934150695801e-01,5.917181372642517090e-01,-4.977000877261161804e-02,2.658888697624206543e-01,6.107136011123657227e-01,-5.385672301054000854e-02,2.872850894927978516e-01,5.601895451545715332e-01,-2.567371353507041931e-02,2.752305865287780762e-01,5.767938494682312012e-01,-3.634931519627571106e-02,2.682754099369049072e-01,5.914961695671081543e-01,-4.167162999510765076e-02,2.644547522068023682e-01,6.049280166625976562e-01,-4.518522694706916809e-02,7.280088663101196289e-01,3.963478207588195801e-01,2.333370758833552827e-07,7.161009311676025391e-01,3.544526994228363037e-01,-1.394979190081357956e-02,7.150599956512451172e-01,3.088198006153106689e-01,-2.011661045253276825e-02,7.239798307418823242e-01,2.749001085758209229e-01,-2.534172497689723969e-02,7.380369901657104492e-01,2.506222426891326904e-01,-3.006953559815883636e-02,7.487719058990478516e-01,2.866030037403106689e-01,-7.761677261441946030e-03,7.667840719223022461e-01,2.498404681682586670e-01,-1.770257204771041870e-02,7.794110774993896484e-01,2.284128516912460327e-01,-2.664064429700374603e-02,7.923344373703002930e-01,2.086162865161895752e-01,-3.336215391755104065e-02,7.682543992996215820e-01,2.957713007926940918e-01,-8.327815681695938110e-03,7.921646237373352051e-01,2.578169107437133789e-01,-1.635883003473281860e-02,8.085265755653381348e-01,2.344107627868652344e-01,-2.494489587843418121e-02,8.233591318130493164e-01,2.121231853961944580e-01,-3.179552033543586731e-02,7.812497019767761230e-01,3.115892410278320312e-01,-1.123811025172472000e-02,8.076974749565124512e-01,2.798554301261901855e-01,-2.056043595075607300e-02,8.258682489395141602e-01,2.598493695259094238e-01,-2.786219306290149689e-02,8.407778143882751465e-01,2.410458028316497803e-01,-3.297464549541473389e-02,7.902178764343261719e-01,3.326530158519744873e-01,-1.551270578056573868e-02,8.132027387619018555e-01,3.092477321624755859e-01,-2.376725524663925171e-02,8.289954662322998047e-01,2.940800189971923828e-01,-2.792705781757831573e-02,8.424549698829650879e-01,2.793144285678863525e-01,-3.091849386692047119e-02
3.320136368274688721e-01,5.308482050895690918e-01,-3.090386968551683822e-08,3.482298851013183594e-01,5.441201925277709961e-01,-2.470338158309459686e-02,3.524104952812194824e-01,5.587097406387329102e-01,-3.998335078358650208e-02,3.435289263725280762e-01,5.744994878768920898e-01,-5.054340139031410217e-02,3.325775265693664551e-01,5.916497111320495605e-01,-5.993822589516639709e-02,3.182069063186645508e-01,5.370463728904724121e-01,-4.200979322195053101e-02,3.040711581707000732e-01,5.494293570518493652e-01,-5.887741222977638245e-02,2.967929244041442871e-01,5.648730397224426270e-01,-6.896317005157470703e-02,2.919386625289916992e-01,5.821290016174316406e-01,-7.509975135326385498e-02,3.021014034748077393e-01,5.431395173072814941e-01,-3.533004596829414368e-02,2.866747379302978516e-01,5.636884570121765137e-01,-4.973919689655303955e-02,2.787008583545684814e-01,5.853285193443298340e-01,-5.603429302573204041e-02,2.744936943054199219e-01,6.051708459854125977e-01,-6.090642884373664856e-02,2.921966314315795898e-01,5.515863299369812012e-01,-2.978180721402168274e-02,2.780683636665344238e-01,5.712971091270446777e-01,-4.328842833638191223e-02,2.704322934150695801e-01,5.917181372642517090e-01,-4.977000877261161804e-02,2.658888697624206543e-01,6.107136011123657227e-01,-5.385672301054000854e-02,2.872850894927978516e-01,5.601895451545715332e-01,-2.567371353507041931e-02,2.752305865287780762e-01,5.767938494682312012e-01,-3.634931519627571106e-02,2.682754099369049072e-01,5.914961695671081543e-01,-4.167162999510765076e-02,2.644547522068023682e-01,6.049280166625976562e-01,-4.518522694706916809e-02,7.280088663101196289e-01,3.963478207588195801e-01,2.333370758833552827e-07,7.161009311676025391e-01,3.544526994228363037e-01,-1.394979190081357956e-02,7.150599956512451172e-01,3.088198006153106689e-01,-2.011661045253276825e-02,7.239798307418823242e-01,2.749001085758209229e-01,-2.534172497689723969e-02,7.380369901657104492e-01,2.506222426891326904e-01,-3.006953559815883636e-02,7.487719058990478516e-01,2.866030037403106689e-01,-7.761677261441946030e-03,7.667840719223022461e-01,2.498404681682586670e-01,-1.770257204771041870e-02,7.794110774993896484e-01,2.284128516912460327e-01,-2.664064429700374603e-02,7.923344373703002930e-01,2.086162865161895752e-01,-3.336215391755104065e-02,7.682543992996215820e-01,2.957713007926940918e-01,-8.327815681695938110e-03,7.921646237373352051e-01,2.578169107437133789e-01,-1.635883003473281860e-02,8.085265755653381348e-01,2.344107627868652344e-01,-2.494489587843418121e-02,8.233591318130493164e-01,2.121231853961944580e-01,-3.179552033543586731e-02,7.812497019767761230e-01,3.115892410278320312e-01,-1.123811025172472000e-02,8.076974749565124512e-01,2.798554301261901855e-01,-2.056043595075607300e-02,8.258682489395141602e-01,2.598493695259094238e-01,-2.786219306290149689e-02,8.407778143882751465e-01,2.410458028316497803e-01,-3.297464549541473389e-02,7.902178764343261719e-01,3.326530158519744873e-01,-1.551270578056573868e-02,8.132027387619018555e-01,3.092477321624755859e-01,-2.376725524663925171e-02,8.289954662322998047e-01,2.940800189971923828e-01,-2.792705781757831573e-02,8.424549698829650879e-01,2.793144285678863525e-01,-3.091849386692047119e-02
3.320095539093017578e-01,5.322798490524291992e-01,-3.075993149082023592e-08,3.487951457500457764e-01,5.453873872756958008e-01,-2.610920742154121399e-02,3.533666431903839111e-01,5.595421195030212402e-01,-4.218946397304534912e-02,3.441863656044006348e-01,5.748047828674316406e-01,-5.321380496025085449e-02,3.331562876701354980e-01,5.918712019920349121e-01,-6.297888606786727905e-02,3.174782097339630127e-01,5.369163155555725098e-01,-4.409176856279373169e-02,3.036161959171295166e-01,5.490601062774658203e-01,-6.167324632406234741e-02,2.972609996795654297e-01,5.651707053184509277e-01,-7.216459512710571289e-02,2.934933006763458252e-01,5.832408666610717773e-01,-7.851505279541015625e-02,3.010422885417938232e-01,5.433523654937744141e-01,-3.685189411044120789e-02,2.863286137580871582e-01,5.633632540702819824e-01,-5.200366675853729248e-02,2.798193097114562988e-01,5.851189494132995605e-01,-5.841571837663650513e-02,2.775398492813110352e-01,6.047088503837585449e-01,-6.324670463800430298e-02,2.912538349628448486e-01,5.524798631668090820e-01,-3.080917708575725555e-02,2.775431871414184570e-01,5.721797347068786621e-01,-4.491635039448738098e-02,2.707044780254364014e-01,5.928952097892761230e-01,-5.130008980631828308e-02,2.672206163406372070e-01,6.119422912597656250e-01,-5.522256717085838318e-02,2.867252230644226074e-01,5.620858669281005859e-01,-2.629001066088676453e-02,2.747973799705505371e-01,5.792577862739562988e-01,-3.759504109621047974e-02,2.682239115238189697e-01,5.941297411918640137e-01,-4.298381507396697998e-02,2.650562822818756104e-01,6.075321435928344727e-01,-4.640663042664527893e-02,7.315974235534667969e-01,3.943904936313629150e-01,2.266506129444678663e-07,7.185935378074645996e-01,3.535740077495574951e-01,-1.373957004398107529e-02,7.173359394073486328e-01,3.090946376323699951e-01,-1.983168162405490875e-02,7.259226441383361816e-01,2.762321233749389648e-01,-2.483403496444225311e-02,7.387788295745849609e-01,2.524060010910034180e-01,-2.937132306396961212e-02,7.497687339782714844e-01,2.865222692489624023e-01,-9.218147024512290955e-03,7.666348218917846680e-01,2.478347122669219971e-01,-1.878972910344600677e-02,7.782547473907470703e-01,2.251264452934265137e-01,-2.702955715358257294e-02,7.903033494949340820e-01,2.044816017150878906e-01,-3.327477723360061646e-02,7.689821720123291016e-01,2.952275574207305908e-01,-9.832437150180339813e-03,7.915820479393005371e-01,2.566756308078765869e-01,-1.790355890989303589e-02,8.074635267257690430e-01,2.322973906993865967e-01,-2.622300013899803162e-02,8.217803239822387695e-01,2.094862163066864014e-01,-3.285849839448928833e-02,7.819998264312744141e-01,3.104464411735534668e-01,-1.263225357979536057e-02,8.084327578544616699e-01,2.798627912998199463e-01,-2.191867493093013763e-02,8.266820311546325684e-01,2.587342262268066406e-01,-2.947987057268619537e-02,8.413317799568176270e-01,2.387195378541946411e-01,-3.479481115937232971e-02,7.909461259841918945e-01,3.303036391735076904e-01,-1.670435070991516113e-02,8.144127726554870605e-01,3.072789013385772705e-01,-2.497858181595802307e-02,8.301897048950195312e-01,2.910346388816833496e-01,-2.935408800840377808e-02,8.435083031654357910e-01,2.748412787914276123e-01,-3.255377337336540222e-02
3.322531580924987793e-01,5.319986343383789062e-01,-4.228570560371736065e-08,3.486228883266448975e-01,5.445844531059265137e-01,-2.562370151281356812e-02,3.529196977615356445e-01,5.592514276504516602e-01,-4.151785746216773987e-02,3.439747095108032227e-01,5.748377442359924316e-01,-5.254754051566123962e-02,3.330645561218261719e-01,5.919633507728576660e-01,-6.228687241673469543e-02,3.179839551448822021e-01,5.365839600563049316e-01,-4.351089149713516235e-02,3.033725619316101074e-01,5.493543744087219238e-01,-6.127147749066352844e-02,2.967442274093627930e-01,5.655953288078308105e-01,-7.181321084499359131e-02,2.930947542190551758e-01,5.836896300315856934e-01,-7.802917808294296265e-02,3.015905618667602539e-01,5.429497361183166504e-01,-3.650493174791336060e-02,2.859005630016326904e-01,5.635623931884765625e-01,-5.165344476699829102e-02,2.787778079509735107e-01,5.857280492782592773e-01,-5.801835283637046814e-02,2.761807441711425781e-01,6.059648394584655762e-01,-6.274653971195220947e-02,2.916089892387390137e-01,5.518501996994018555e-01,-3.073776513338088989e-02,2.773021757602691650e-01,5.719164013862609863e-01,-4.500881209969520569e-02,2.699902057647705078e-01,5.933822393417358398e-01,-5.175333842635154724e-02,2.662696540355682373e-01,6.132940053939819336e-01,-5.582679808139801025e-02,2.867117524147033691e-01,5.610554218292236328e-01,-2.642759680747985840e-02,2.747110426425933838e-01,5.787770152091979980e-01,-3.763666376471519470e-02,2.680452764034271240e-01,5.945848226547241211e-01,-4.316154494881629944e-02,2.646997570991516113e-01,6.090144515037536621e-01,-4.672234505414962769e-02,7.327328324317932129e-01,3.938703835010528564e-01,2.165986074942338746e-07,7.190401554107666016e-01,3.535147607326507568e-01,-1.301409397274255753e-02,7.164173126220703125e-01,3.102939426898956299e-01,-1.894895173609256744e-02,7.246062755584716797e-01,2.769754827022552490e-01,-2.393032610416412354e-02,7.362633943557739258e-01,2.515235543251037598e-01,-2.836285158991813660e-02,7.482234239578247070e-01,2.857629060745239258e-01,-7.736901286989450455e-03,7.636530995368957520e-01,2.463893443346023560e-01,-1.739823073148727417e-02,7.740994691848754883e-01,2.227959781885147095e-01,-2.596954070031642914e-02,7.849805951118469238e-01,2.014807164669036865e-01,-3.241659328341484070e-02,7.677414417266845703e-01,2.935239672660827637e-01,-8.674469776451587677e-03,7.883962392807006836e-01,2.537665069103240967e-01,-1.654499582946300507e-02,8.030672073364257812e-01,2.282986342906951904e-01,-2.488991804420948029e-02,8.160379528999328613e-01,2.044737935066223145e-01,-3.155435994267463684e-02,7.814834117889404297e-01,3.081277012825012207e-01,-1.180222071707248688e-02,8.069081902503967285e-01,2.758935689926147461e-01,-2.082498557865619659e-02,8.245186209678649902e-01,2.548261284828186035e-01,-2.794644236564636230e-02,8.382293581962585449e-01,2.350432574748992920e-01,-3.295996785163879395e-02,7.913504242897033691e-01,3.279934823513031006e-01,-1.618372090160846710e-02,8.143712878227233887e-01,3.039232194423675537e-01,-2.412899956107139587e-02,8.298603296279907227e-01,2.875731587409973145e-01,-2.803755365312099457e-02,8.426108360290527344e-01,2.713807225227355957e-01,-3.085768967866897583e-02
3.322586417198181152e-01,5.323943495750427246e-01,-4.712711287879756128e-08,3.485479652881622314e-01,5.450647473335266113e-01,-2.489017322659492493e-02,3.528286814689636230e-01,5.598648786544799805e-01,-4.031056538224220276e-02,3.436960875988006592e-01,5.758283734321594238e-01,-5.100098252296447754e-02,3.328751623630523682e-01,5.928674340248107910e-01,-6.040606275200843811e-02,3.184661865234375000e-01,5.381005406379699707e-01,-4.204396903514862061e-02,3.046949803829193115e-01,5.499118566513061523e-01,-5.899444222450256348e-02,2.984955608844757080e-01,5.657596588134765625e-01,-6.907559931278228760e-02,2.947269082069396973e-01,5.838440060615539551e-01,-7.518609613180160522e-02,3.020582795143127441e-01,5.448186993598937988e-01,-3.533274680376052856e-02,2.869124114513397217e-01,5.643198490142822266e-01,-4.983559995889663696e-02,2.803246378898620605e-01,5.860018730163574219e-01,-5.587324127554893494e-02,2.781236767768859863e-01,6.059256792068481445e-01,-6.046320870518684387e-02,2.920492887496948242e-01,5.542068481445312500e-01,-2.981552481651306152e-02,2.778194844722747803e-01,5.735134482383728027e-01,-4.351462423801422119e-02,2.708150446414947510e-01,5.943832993507385254e-01,-4.995346441864967346e-02,2.674061059951782227e-01,6.141736507415771484e-01,-5.395740643143653870e-02,2.871441841125488281e-01,5.638660192489624023e-01,-2.572060376405715942e-02,2.750567793846130371e-01,5.812174677848815918e-01,-3.658307343721389771e-02,2.684864997863769531e-01,5.962892770767211914e-01,-4.191123694181442261e-02,2.651796042919158936e-01,6.103442907333374023e-01,-4.540601000189781189e-02,7.297351360321044922e-01,3.925423920154571533e-01,2.107767755887834937e-07,7.152969241142272949e-01,3.545032143592834473e-01,-1.240381691604852676e-02,7.111519575119018555e-01,3.114310801029205322e-01,-1.783656701445579529e-02,7.173711061477661133e-01,2.785754203796386719e-01,-2.239097841084003448e-02,7.269486188888549805e-01,2.527750134468078613e-01,-2.654192782938480377e-02,7.410107254981994629e-01,2.833192646503448486e-01,-7.329244632273912430e-03,7.538740038871765137e-01,2.437364757061004639e-01,-1.708889938890933990e-02,7.640977501869201660e-01,2.203569412231445312e-01,-2.560186944901943207e-02,7.748659849166870117e-01,1.994134485721588135e-01,-3.185324370861053467e-02,7.604883313179016113e-01,2.903693616390228271e-01,-8.474008180201053619e-03,7.806801795959472656e-01,2.499775886535644531e-01,-1.642187125980854034e-02,7.947524785995483398e-01,2.248151600360870361e-01,-2.441771514713764191e-02,8.073059320449829102e-01,2.012455314397811890e-01,-3.056421875953674316e-02,7.746794223785400391e-01,3.046522140502929688e-01,-1.179377920925617218e-02,7.980269193649291992e-01,2.697238624095916748e-01,-2.080539613962173462e-02,8.145732879638671875e-01,2.471998929977416992e-01,-2.794693969190120697e-02,8.277904987335205078e-01,2.260912805795669556e-01,-3.289577364921569824e-02,7.854973077774047852e-01,3.248166143894195557e-01,-1.629554107785224915e-02,8.069689273834228516e-01,3.004593551158905029e-01,-2.412711083889007568e-02,8.214908838272094727e-01,2.848141789436340332e-01,-2.793210931122303009e-02,8.334050774574279785e-01,2.693977952003479004e-01,-3.063080646097660065e-02
3.337893187999725342e-01,5.340996980667114258e-01,-3.288575456394937646e-08,3.499970138072967529e-01,5.462078452110290527e-01,-2.585579641163349152e-02,3.542432487010955811e-01,5.602605342864990234e-01,-4.150297120213508606e-02,3.450613319873809814e-01,5.760628581047058105e-01,-5.212667956948280334e-02,3.340966403484344482e-01,5.926147699356079102e-01,-6.141401454806327820e-02,3.185310363769531250e-01,5.377212762832641602e-01,-4.234621301293373108e-02,3.048411905765533447e-01,5.516389012336730957e-01,-5.910766124725341797e-02,2.986781895160675049e-01,5.682386755943298340e-01,-6.934437155723571777e-02,2.948963344097137451e-01,5.857041478157043457e-01,-7.568725943565368652e-02,3.021930456161499023e-01,5.449827313423156738e-01,-3.516971319913864136e-02,2.861766219139099121e-01,5.638647079467773438e-01,-4.958603531122207642e-02,2.799462676048278809e-01,5.855675935745239258e-01,-5.577251687645912170e-02,2.788131237030029297e-01,6.052019596099853516e-01,-6.032091379165649414e-02,2.929503619670867920e-01,5.551210641860961914e-01,-2.921547181904315948e-02,2.781352102756500244e-01,5.746070742607116699e-01,-4.276233538985252380e-02,2.715600728988647461e-01,5.946558117866516113e-01,-4.905629158020019531e-02,2.685159146785736084e-01,6.132854223251342773e-01,-5.290320515632629395e-02,2.891126275062561035e-01,5.659632086753845215e-01,-2.475778758525848389e-02,2.767779827117919922e-01,5.829223394393920898e-01,-3.553738445043563843e-02,2.698923945426940918e-01,5.974680781364440918e-01,-4.067443311214447021e-02,2.663647234439849854e-01,6.105002164840698242e-01,-4.394109174609184265e-02,7.248267531394958496e-01,3.978974819183349609e-01,2.330376815962154069e-07,7.051780223846435547e-01,3.621839582920074463e-01,-1.576784811913967133e-02,6.967137455940246582e-01,3.179639279842376709e-01,-2.218319848179817200e-02,7.033100724220275879e-01,2.822009325027465820e-01,-2.698992192745208740e-02,7.127182483673095703e-01,2.541654407978057861e-01,-3.110124915838241577e-02,7.292555570602416992e-01,2.850720286369323730e-01,-8.970725350081920624e-03,7.404663562774658203e-01,2.442625761032104492e-01,-1.898097619414329529e-02,7.501255869865417480e-01,2.201666682958602905e-01,-2.790952660143375397e-02,7.603145837783813477e-01,1.979663372039794922e-01,-3.453360125422477722e-02,7.504675984382629395e-01,2.897068262100219727e-01,-8.489903993904590607e-03,7.692718505859375000e-01,2.486094683408737183e-01,-1.703298836946487427e-02,7.824247479438781738e-01,2.226824164390563965e-01,-2.523012831807136536e-02,7.942674756050109863e-01,1.981684267520904541e-01,-3.142707049846649170e-02,7.661775946617126465e-01,3.019182980060577393e-01,-1.063483860343694687e-02,7.882875800132751465e-01,2.650032639503479004e-01,-2.056927792727947235e-02,8.036079406738281250e-01,2.412258982658386230e-01,-2.791800722479820251e-02,8.162083625793457031e-01,2.189179658889770508e-01,-3.267459943890571594e-02,7.788177132606506348e-01,3.194800913333892822e-01,-1.428117696195840836e-02,8.001822829246520996e-01,2.906303107738494873e-01,-2.329537644982337952e-02,8.147090077400207520e-01,2.722582221031188965e-01,-2.779725193977355957e-02,8.273101449012756348e-01,2.541531324386596680e-01,-3.070050105452537537e-02
3.337893187999725342e-01,5.340996980667114258e-01,-3.288575456394937646e-08,3.499970138072967529e-01,5.462078452110290527e-01,-2.585579641163349152e-02,3.542432487010955811e-01,5.602605342864990234e-01,-4.150297120213508606e-02,3.450613319873809814e-01,5.760628581047058105e-01,-5.212667956948280334e-02,3.340966403484344482e-01,5.926147699356079102e-01,-6.141401454806327820e-02,3.185310363769531250e-01,5.377212762832641602e-01,-4.234621301293373108e-02,3.048411905765533447e-01,5.516389012336730957e-01,-5.910766124725341797e-02,2.986781895160675049e-01,5.682386755943298340e-01,-6.934437155723571777e-02,2.948963344097137451e-01,5.857041478157043457e-01,-7.568725943565368652e-02,3.021930456161499023e-01,5.449827313423156738e-01,-3.516971319913864136e-02,2.861766219139099121e-01,5.638647079467773438e-01,-4.958603531122207642e-02,2.799462676048278809e-01,5.855675935745239258e-01,-5.577251687645912170e-02,2.788131237030029297e-01,6.052019596099853516e-01,-6.032091379165649414e-02,2.929503619670867920e-01,5.551210641860961914e-01,-2.921547181904315948e-02,2.781352102756500244e-01,5.746070742607116699e-01,-4.276233538985252380e-02,2.715600728988647461e-01,5.946558117866516113e-01,-4.905629158020019531e-02,2.685159146785736084e-01,6.132854223251342773e-01,-5.290320515632629395e-02,2.891126275062561035e-01,5.659632086753845215e-01,-2.475778758525848389e-02,2.767779827117919922e-01,5.829223394393920898e-01,-3.553738445043563843e-02,2.698923945426940918e-01,5.974680781364440918e-01,-4.067443311214447021e-02,2.663647234439849854e-01,6.105002164840698242e-01,-4.394109174609184265e-02,7.248267531394958496e-01,3.978974819183349609e-01,2.330376815962154069e-07,7.051780223846435547e-01,3.621839582920074463e-01,-1.576784811913967133e-02,6.967137455940246582e-01,3.179639279842376709e-01,-2.218319848179817200e-02,7.033100724220275879e-01,2.822009325027465820e-01,-2.698992192745208740e-02,7.127182483673095703e-01,2.541654407978057861e-01,-3.110124915838241577e-02,7.292555570602416992e-01,2.850720286369323730e-01,-8.970725350081920624e-03,7.404663562774658203e-01,2.442625761032104492e-01,-1.898097619414329529e-02,7.501255869865417480e-01,2.201666682958602905e-01,-2.790952660143375397e-02,7.603145837783813477e-01,1.979663372039794922e-01,-3.453360125422477722e-02,7.504675984382629395e-01,2.897068262100219727e-01,-8.489903993904590607e-03,7.692718505859375000e-01,2.486094683408737183e-01,-1.703298836946487427e-02,7.824247479438781738e-01,2.226824164390563965e-01,-2.523012831807136536e-02,7.942674756050109863e-01,1.981684267520904541e-01,-3.142707049846649170e-02,7.661775946617126465e-01,3.019182980060577393e-01,-1.063483860343694687e-02,7.882875800132751465e-01,2.650032639503479004e-01,-2.056927792727947235e-02,8.036079406738281250e-01,2.412258982658386230e-01,-2.791800722479820251e-02,8.162083625793457031e-01,2.189179658889770508e-01,-3.267459943890571594e-02,7.788177132606506348e-01,3.194800913333892822e-01,-1.428117696195840836e-02,8.001822829246520996e-01,2.906303107738494873e-01,-2.329537644982337952e-02,8.147090077400207520e-01,2.722582221031188965e-01,-2.779725193977355957e-02,8.273101449012756348e-01,2.541531324386596680e-01,-3.070050105452537537e-02
3.323633670806884766e-01,5.326935648918151855e-01,-3.954213667611838900e-08,3.486468791961669922e-01,5.451099872589111328e-01,-2.554077841341495514e-02,3.534614443778991699e-01,5.597877502441406250e-01,-4.122492671012878418e-02,3.450426757335662842e-01,5.760334730148315430e-01,-5.194515362381935120e-02,3.345321714878082275e-01,5.927094221115112305e-01,-6.143352016806602478e-02,3.183715641498565674e-01,5.382387042045593262e-01,-4.260938987135887146e-02,3.054092228412628174e-01,5.514678955078125000e-01,-5.953403189778327942e-02,2.991030216217041016e-01,5.673170685768127441e-01,-6.989209353923797607e-02,2.947679758071899414e-01,5.847768187522888184e-01,-7.632233947515487671e-02,3.017412424087524414e-01,5.450241565704345703e-01,-3.559219837188720703e-02,2.867840230464935303e-01,5.654048323631286621e-01,-4.990968480706214905e-02,2.805107831954956055e-01,5.865240693092346191e-01,-5.606378242373466492e-02,2.784071564674377441e-01,6.058495640754699707e-01,-6.075210496783256531e-02,2.919633984565734863e-01,5.544610619544982910e-01,-2.976831421256065369e-02,2.782706320285797119e-01,5.746403336524963379e-01,-4.340620338916778564e-02,2.714658379554748535e-01,5.948616862297058105e-01,-4.988728836178779602e-02,2.680406868457794189e-01,6.139227747917175293e-01,-5.394997447729110718e-02,2.876121997833251953e-01,5.642967820167541504e-01,-2.538899891078472137e-02,2.761536240577697754e-01,5.820384025573730469e-01,-3.621145710349082947e-02,2.697044312953948975e-01,5.970641970634460449e-01,-4.142509028315544128e-02,2.662829458713531494e-01,6.109424829483032227e-01,-4.482403770089149475e-02,7.242449522018432617e-01,3.989930748939514160e-01,2.488248185272823321e-07,7.044647336006164551e-01,3.635508418083190918e-01,-1.728059537708759308e-02,6.960400342941284180e-01,3.204766511917114258e-01,-2.499952539801597595e-02,7.020089626312255859e-01,2.840202748775482178e-01,-3.086485154926776886e-02,7.138032317161560059e-01,2.567448318004608154e-01,-3.579048812389373779e-02,7.314875125885009766e-01,2.854143083095550537e-01,-1.048342976719141006e-02,7.432629466056823730e-01,2.437549829483032227e-01,-2.090256847441196442e-02,7.519018054008483887e-01,2.199642956256866455e-01,-3.015346266329288483e-02,7.612847685813903809e-01,1.975519359111785889e-01,-3.707580640912055969e-02,7.518556118011474609e-01,2.906365990638732910e-01,-9.508730843663215637e-03,7.700558304786682129e-01,2.493071258068084717e-01,-1.831990480422973633e-02,7.825326323509216309e-01,2.234589457511901855e-01,-2.694446034729480743e-02,7.934873700141906738e-01,1.981564313173294067e-01,-3.356789425015449524e-02,7.670144438743591309e-01,3.033989071846008301e-01,-1.123831048607826233e-02,7.884879708290100098e-01,2.664569616317749023e-01,-2.157480083405971527e-02,8.032363057136535645e-01,2.424749284982681274e-01,-2.887078933417797089e-02,8.150917291641235352e-01,2.197545170783996582e-01,-3.358966857194900513e-02,7.790771722793579102e-01,3.216123878955841064e-01,-1.458713226020336151e-02,8.000810742378234863e-01,2.928875386714935303e-01,-2.385727874934673309e-02,8.146272897720336914e-01,2.737646400928497314e-01,-2.838526293635368347e-02,8.272259831428527832e-01,2.549755573272705078e-01,-3.128534182906150818e-02
3.329427540302276611e-01,5.320306420326232910e-01,-3.488990074629327864e-08,3.493210375308990479e-01,5.451091527938842773e-01,-2.524454705417156219e-02,3.542080521583557129e-01,5.603448748588562012e-01,-4.075106978416442871e-02,3.458249568939208984e-01,5.766195654869079590e-01,-5.132883414626121521e-02,3.348894715309143066e-01,5.931767225265502930e-01,-6.055048853158950806e-02,3.197945356369018555e-01,5.388961434364318848e-01,-4.252334311604499817e-02,3.060463070869445801e-01,5.516666173934936523e-01,-5.856081843376159668e-02,3.002341985702514648e-01,5.676389336585998535e-01,-6.775314360857009888e-02,2.969436347484588623e-01,5.846335887908935547e-01,-7.341722398996353149e-02,3.032299280166625977e-01,5.446305871009826660e-01,-3.555671125650405884e-02,2.874276041984558105e-01,5.647482872009277344e-01,-4.948405548930168152e-02,2.812350392341613770e-01,5.872145891189575195e-01,-5.509224161505699158e-02,2.797429263591766357e-01,6.071698069572448730e-01,-5.944246798753738403e-02,2.934216260910034180e-01,5.534827113151550293e-01,-2.970490045845508575e-02,2.783252596855163574e-01,5.733377933502197266e-01,-4.281627759337425232e-02,2.720917165279388428e-01,5.942829251289367676e-01,-4.878653585910797119e-02,2.694625556468963623e-01,6.135055422782897949e-01,-5.258329212665557861e-02,2.888750135898590088e-01,5.632435083389282227e-01,-2.529657445847988129e-02,2.762244641780853271e-01,5.802094936370849609e-01,-3.582314401865005493e-02,2.696274518966674805e-01,5.948234796524047852e-01,-4.092082753777503967e-02,2.664998173713684082e-01,6.077671051025390625e-01,-4.429878666996955872e-02,7.126008272171020508e-01,3.957444429397583008e-01,1.438447583268498420e-07,6.937581300735473633e-01,3.615506291389465332e-01,-1.113593298941850662e-02,6.836346387863159180e-01,3.215155303478240967e-01,-1.663481071591377258e-02,6.838152408599853516e-01,2.886637747287750244e-01,-2.175582200288772583e-02,6.890261769294738770e-01,2.608294785022735596e-01,-2.668097428977489471e-02,7.137856483459472656e-01,2.879430353641510010e-01,-6.211865693330764771e-03,7.181587815284729004e-01,2.473802417516708374e-01,-1.623675413429737091e-02,7.218770384788513184e-01,2.220399677753448486e-01,-2.502917684614658356e-02,7.268064618110656738e-01,1.992156803607940674e-01,-3.144184872508049011e-02,7.327973246574401855e-01,2.896288931369781494e-01,-8.317058905959129333e-03,7.456224560737609863e-01,2.465284466743469238e-01,-1.675536669790744781e-02,7.540383338928222656e-01,2.190449833869934082e-01,-2.445710264146327972e-02,7.616168260574340820e-01,1.942508369684219360e-01,-3.031677193939685822e-02,7.483428716659545898e-01,2.997323572635650635e-01,-1.264068018645048141e-02,7.655459046363830566e-01,2.605800926685333252e-01,-2.190982550382614136e-02,7.772893905639648438e-01,2.346757352352142334e-01,-2.839056402444839478e-02,7.866755127906799316e-01,2.106192708015441895e-01,-3.276102617383003235e-02,7.615171670913696289e-01,3.166491091251373291e-01,-1.816643215715885162e-02,7.794086337089538574e-01,2.856026291847229004e-01,-2.617810294032096863e-02,7.910050153732299805e-01,2.647759616374969482e-01,-2.972899004817008972e-02,8.003780245780944824e-01,2.448561340570449829e-01,-3.215255588293075562e-02
3.334860205650329590e-01,5.327430367469787598e-01,-3.074020682447553554e-08,3.495579659938812256e-01,5.452556014060974121e-01,-2.501168660819530487e-02,3.544859290122985840e-01,5.603231191635131836e-01,-4.031245410442352295e-02,3.463526964187622070e-01,5.765044093132019043e-01,-5.077525600790977478e-02,3.355771005153656006e-01,5.930846929550170898e-01,-5.988220497965812683e-02,3.191458582878112793e-01,5.394740700721740723e-01,-4.126213490962982178e-02,3.057712912559509277e-01,5.518602728843688965e-01,-5.725384876132011414e-02,3.000055551528930664e-01,5.677989721298217773e-01,-6.676186621189117432e-02,2.967604398727416992e-01,5.848219990730285645e-01,-7.270338386297225952e-02,3.028628528118133545e-01,5.457948446273803711e-01,-3.452345356345176697e-02,2.870012521743774414e-01,5.650386810302734375e-01,-4.834944754838943481e-02,2.808170020580291748e-01,5.872572660446166992e-01,-5.414775386452674866e-02,2.794475555419921875e-01,6.069760322570800781e-01,-5.859255045652389526e-02,2.933758199214935303e-01,5.549169778823852539e-01,-2.897836267948150635e-02,2.782207727432250977e-01,5.742172002792358398e-01,-4.182735085487365723e-02,2.721558213233947754e-01,5.946232080459594727e-01,-4.765026271343231201e-02,2.696537077426910400e-01,6.133087277412414551e-01,-5.134900659322738647e-02,2.891978025436401367e-01,5.647204518318176270e-01,-2.494011260569095612e-02,2.764864861965179443e-01,5.812458395957946777e-01,-3.538268432021141052e-02,2.699840664863586426e-01,5.958598256111145020e-01,-4.038403555750846863e-02,2.670385837554931641e-01,6.088047623634338379e-01,-4.363426193594932556e-02,7.134133577346801758e-01,3.936795592308044434e-01,1.648088812089554267e-07,6.925330162048339844e-01,3.603759109973907471e-01,-1.154791191220283508e-02,6.821513772010803223e-01,3.214365243911743164e-01,-1.760723814368247986e-02,6.833136677742004395e-01,2.894151806831359863e-01,-2.299329265952110291e-02,6.893953680992126465e-01,2.625950872898101807e-01,-2.814295887947082520e-02,7.143054604530334473e-01,2.866041064262390137e-01,-7.927427999675273895e-03,7.199833393096923828e-01,2.469255477190017700e-01,-1.774882338941097260e-02,7.232759594917297363e-01,2.228384613990783691e-01,-2.631088532507419586e-02,7.276682257652282715e-01,2.002953588962554932e-01,-3.264278545975685120e-02,7.328463196754455566e-01,2.896197140216827393e-01,-9.796828962862491608e-03,7.454473376274108887e-01,2.474900484085083008e-01,-1.848034188151359558e-02,7.534687519073486328e-01,2.200546860694885254e-01,-2.639522589743137360e-02,7.603365778923034668e-01,1.942248493432998657e-01,-3.235130757093429565e-02,7.481111884117126465e-01,3.001094460487365723e-01,-1.371377147734165192e-02,7.655222415924072266e-01,2.614581882953643799e-01,-2.366280741989612579e-02,7.776538133621215820e-01,2.356889843940734863e-01,-3.027469478547573090e-02,7.872554659843444824e-01,2.121702879667282104e-01,-3.455241769552230835e-02,7.611683011054992676e-01,3.167152106761932373e-01,-1.870927587151527405e-02,7.795761823654174805e-01,2.855906188488006592e-01,-2.744851633906364441e-02,7.920809984207153320e-01,2.646603882312774658e-01,-3.111578524112701416e-02,8.023312091827392578e-01,2.448780536651611328e-01,-3.344360738992691040e-02
3.323585093021392822e-01,5.326569080352783203e-01,-5.057768603933254781e-08,3.488893508911132812e-01,5.456303358078002930e-01,-2.472244016826152802e-02,3.544593453407287598e-01,5.608448982238769531e-01,-4.007725417613983154e-02,3.465070128440856934e-01,5.770074129104614258e-01,-5.073054879903793335e-02,3.359097540378570557e-01,5.931560993194580078e-01,-6.003890559077262878e-02,3.183504939079284668e-01,5.389475226402282715e-01,-4.128128662705421448e-02,3.053009510040283203e-01,5.522006154060363770e-01,-5.776060372591018677e-02,2.997389733791351318e-01,5.685639977455139160e-01,-6.765194237232208252e-02,2.966317534446716309e-01,5.863256454467773438e-01,-7.379522919654846191e-02,3.016446530818939209e-01,5.450697541236877441e-01,-3.467250987887382507e-02,2.876437902450561523e-01,5.652636885643005371e-01,-4.885540902614593506e-02,2.824831604957580566e-01,5.871523022651672363e-01,-5.479261651635169983e-02,2.815940678119659424e-01,6.066384315490722656e-01,-5.937033519148826599e-02,2.917474508285522461e-01,5.539921522140502930e-01,-2.926081791520118713e-02,2.780410647392272949e-01,5.738355517387390137e-01,-4.263934120535850525e-02,2.722355127334594727e-01,5.950061082839965820e-01,-4.872534051537513733e-02,2.698106467723846436e-01,6.145744919776916504e-01,-5.256146565079689026e-02,2.872914373874664307e-01,5.636836290359497070e-01,-2.529830671846866608e-02,2.752972245216369629e-01,5.812151432037353516e-01,-3.625465184450149536e-02,2.691589593887329102e-01,5.967071056365966797e-01,-4.152261838316917419e-02,2.665509283542633057e-01,6.106464862823486328e-01,-4.489374905824661255e-02,7.025410532951354980e-01,3.942415118217468262e-01,1.399038751515035983e-07,6.822642683982849121e-01,3.626498579978942871e-01,-9.879700839519500732e-03,6.699410676956176758e-01,3.260981440544128418e-01,-1.538684125989675522e-02,6.683098673820495605e-01,2.961721122264862061e-01,-2.063469029963016510e-02,6.683766245841979980e-01,2.700829505920410156e-01,-2.583748288452625275e-02,6.963428258895874023e-01,2.901868224143981934e-01,-7.748157717287540436e-03,6.973208189010620117e-01,2.506430149078369141e-01,-1.795869693160057068e-02,6.982809901237487793e-01,2.257205843925476074e-01,-2.665145881474018097e-02,7.002390623092651367e-01,2.025186866521835327e-01,-3.291851282119750977e-02,7.155429720878601074e-01,2.901447713375091553e-01,-1.050853263586759567e-02,7.254574298858642578e-01,2.475691139698028564e-01,-1.927021332085132599e-02,7.309815287590026855e-01,2.197089791297912598e-01,-2.677566558122634888e-02,7.355195283889770508e-01,1.948080211877822876e-01,-3.236938267946243286e-02,7.316620945930480957e-01,2.982471883296966553e-01,-1.514566317200660706e-02,7.467077374458312988e-01,2.593710422515869141e-01,-2.448123879730701447e-02,7.562615871429443359e-01,2.330677509307861328e-01,-3.060635738074779510e-02,7.634479403495788574e-01,2.093009948730468750e-01,-3.466504812240600586e-02,7.454064488410949707e-01,3.130906224250793457e-01,-2.082806639373302460e-02,7.615301609039306641e-01,2.815630733966827393e-01,-2.892981469631195068e-02,7.720255851745605469e-01,2.602090537548065186e-01,-3.222236782312393188e-02,7.802622318267822266e-01,2.401837408542633057e-01,-3.434514626860618591e-02
3.323585093021392822e-01,5.326569080352783203e-01,-5.057768603933254781e-08,3.488893508911132812e-01,5.456303358078002930e-01,-2.472244016826152802e-02,3.544593453407287598e-01,5.608448982238769531e-01,-4.007725417613983154e-02,3.465070128440856934e-01,5.770074129104614258e-01,-5.073054879903793335e-02,3.359097540378570557e-01,5.931560993194580078e-01,-6.003890559077262878e-02,3.183504939079284668e-01,5.389475226402282715e-01,-4.128128662705421448e-02,3.053009510040283203e-01,5.522006154060363770e-01,-5.776060372591018677e-02,2.997389733791351318e-01,5.685639977455139160e-01,-6.765194237232208252e-02,2.966317534446716309e-01,5.863256454467773438e-01,-7.379522919654846191e-02,3.016446530818939209e-01,5.450697541236877441e-01,-3.467250987887382507e-02,2.876437902450561523e-01,5.652636885643005371e-01,-4.885540902614593506e-02,2.824831604957580566e-01,5.871523022651672363e-01,-5.479261651635169983e-02,2.815940678119659424e-01,6.066384315490722656e-01,-5.937033519148826599e-02,2.917474508285522461e-01,5.539921522140502930e-01,-2.926081791520118713e-02,2.780410647392272949e-01,5.738355517387390137e-01,-4.263934120535850525e-02,2.722355127334594727e-01,5.950061082839965820e-01,-4.872534051537513733e-02,2.698106467723846436e-01,6.145744919776916504e-01,-5.256146565079689026e-02,2.872914373874664307e-01,5.636836290359497070e-01,-2.529830671846866608e-02,2.752972245216369629e-01,5.812151432037353516e-01,-3.625465184450149536e-02,2.691589593887329102e-01,5.967071056365966797e-01,-4.152261838316917419e-02,2.665509283542633057e-01,6.106464862823486328e-01,-4.489374905824661255e-02,7.025410532951354980e-01,3.942415118217468262e-01,1.399038751515035983e-07,6.822642683982849121e-01,3.626498579978942871e-01,-9.879700839519500732e-03,6.699410676956176758e-01,3.260981440544128418e-01,-1.538684125989675522e-02,6.683098673820495605e-01,2.961721122264862061e-01,-2.063469029963016510e-02,6.683766245841979980e-01,2.700829505920410156e-01,-2.583748288452625275e-02,6.963428258895874023e-01,2.901868224143981934e-01,-7.748157717287540436e-03,6.973208189010620117e-01,2.506430149078369141e-01,-1.795869693160057068e-02,6.982809901237487793e-01,2.257205843925476074e-01,-2.665145881474018097e-02,7.002390623092651367e-01,2.025186866521835327e-01,-3.291851282119750977e-02,7.155429720878601074e-01,2.901447713375091553e-01,-1.050853263586759567e-02,7.254574298858642578e-01,2.475691139698028564e-01,-1.927021332085132599e-02,7.309815287590026855e-01,2.197089791297912598e-01,-2.677566558122634888e-02,7.355195283889770508e-01,1.948080211877822876e-01,-3.236938267946243286e-02,7.316620945930480957e-01,2.982471883296966553e-01,-1.514566317200660706e-02,7.467077374458312988e-01,2.593710422515869141e-01,-2.448123879730701447e-02,7.562615871429443359e-01,2.330677509307861328e-01,-3.060635738074779510e-02,7.634479403495788574e-01,2.093009948730468750e-01,-3.466504812240600586e-02,7.454064488410949707e-01,3.130906224250793457e-01,-2.082806639373302460e-02,7.615301609039306641e-01,2.815630733966827393e-01,-2.892981469631195068e-02,7.720255851745605469e-01,2.602090537548065186e-01,-3.222236782312393188e-02,7.802622318267822266e-01,2.401837408542633057e-01,-3.434514626860618591e-02
3.328945040702819824e-01,5.288298130035400391e-01,-4.255245755757641746e-08,3.490806818008422852e-01,5.432692766189575195e-01,-2.461280487477779388e-02,3.539376556873321533e-01,5.595160126686096191e-01,-3.975784033536911011e-02,3.457620143890380859e-01,5.764945745468139648e-01,-5.008729919791221619e-02,3.354468345642089844e-01,5.939272642135620117e-01,-5.917357653379440308e-02,3.191012442111968994e-01,5.392031669616699219e-01,-4.153694584965705872e-02,3.056923747062683105e-01,5.530195236206054688e-01,-5.728560686111450195e-02,2.993929684162139893e-01,5.690427422523498535e-01,-6.655300408601760864e-02,2.953411340713500977e-01,5.862371921539306641e-01,-7.233864814043045044e-02,3.027417957782745361e-01,5.442238450050354004e-01,-3.470633178949356079e-02,2.869625985622406006e-01,5.670189857482910156e-01,-4.820234328508377075e-02,2.804791927337646484e-01,5.901575088500976562e-01,-5.387851595878601074e-02,2.783976495265960693e-01,6.109363436698913574e-01,-5.838358402252197266e-02,2.931263148784637451e-01,5.520285367965698242e-01,-2.894134819507598877e-02,2.783482372760772705e-01,5.736131668090820312e-01,-4.185149446129798889e-02,2.719427943229675293e-01,5.953522324562072754e-01,-4.814708605408668518e-02,2.688924968242645264e-01,6.155419349670410156e-01,-5.219404771924018860e-02,2.888151705265045166e-01,5.608707070350646973e-01,-2.455403096973896027e-02,2.764039337635040283e-01,5.791603326797485352e-01,-3.495455905795097351e-02,2.699019014835357666e-01,5.950513482093811035e-01,-4.023229703307151794e-02,2.666454017162322998e-01,6.094203591346740723e-01,-4.378426820039749146e-02,6.978538036346435547e-01,3.954138457775115967e-01,1.376986347167985514e-07,6.760124564170837402e-01,3.647722303867340088e-01,-9.387969970703125000e-03,6.638581752777099609e-01,3.271165788173675537e-01,-1.453801617026329041e-02,6.628785729408264160e-01,2.970372736454010010e-01,-1.936514489352703094e-02,6.617788076400756836e-01,2.721413671970367432e-01,-2.419161982834339142e-02,6.918322443962097168e-01,2.909311056137084961e-01,-7.490706164389848709e-03,6.928264498710632324e-01,2.514030635356903076e-01,-1.733660325407981873e-02,6.919158101081848145e-01,2.274759858846664429e-01,-2.577363885939121246e-02,6.915171742439270020e-01,2.050763964653015137e-01,-3.179802373051643372e-02,7.102213501930236816e-01,2.917650043964385986e-01,-1.038783416152000427e-02,7.194356322288513184e-01,2.483562231063842773e-01,-1.877656020224094391e-02,7.241055965423583984e-01,2.211037874221801758e-01,-2.610819227993488312e-02,7.279057502746582031e-01,1.962668299674987793e-01,-3.154777735471725464e-02,7.258138656616210938e-01,2.998584210872650146e-01,-1.507171615958213806e-02,7.398730516433715820e-01,2.595464885234832764e-01,-2.415483444929122925e-02,7.490875720977783203e-01,2.338193953037261963e-01,-2.991472370922565460e-02,7.564737200736999512e-01,2.106724977493286133e-01,-3.369128704071044922e-02,7.390863299369812012e-01,3.140843808650970459e-01,-2.073252387344837189e-02,7.541262507438659668e-01,2.805174589157104492e-01,-2.843391336500644684e-02,7.643072009086608887e-01,2.591501176357269287e-01,-3.123741783201694489e-02,7.726504206657409668e-01,2.390231490135192871e-01,-3.301848843693733215e-02
3.325989246368408203e-01,5.306463241577148438e-01,-2.513799302050756523e-08,3.494523763656616211e-01,5.444126129150390625e-01,-2.488452009856700897e-02,3.547629415988922119e-01,5.600872039794921875e-01,-4.015796259045600891e-02,3.463709652423858643e-01,5.768822431564331055e-01,-5.056907236576080322e-02,3.355776369571685791e-01,5.944997668266296387e-01,-5.968615040183067322e-02,3.191221356391906738e-01,5.393780469894409180e-01,-4.234462603926658630e-02,3.049305677413940430e-01,5.530101656913757324e-01,-5.845604836940765381e-02,2.987960577011108398e-01,5.698007345199584961e-01,-6.769336760044097900e-02,2.952699661254882812e-01,5.875142216682434082e-01,-7.342788577079772949e-02,3.027101159095764160e-01,5.450220704078674316e-01,-3.554370999336242676e-02,2.868172228336334229e-01,5.666967034339904785e-01,-4.970094934105873108e-02,2.807111740112304688e-01,5.897262692451477051e-01,-5.549437552690505981e-02,2.792964279651641846e-01,6.095964312553405762e-01,-5.995672196149826050e-02,2.932907342910766602e-01,5.535130500793457031e-01,-2.983101084828376770e-02,2.780774235725402832e-01,5.744771361351013184e-01,-4.328007251024246216e-02,2.718704342842102051e-01,5.963263511657714844e-01,-4.974809288978576660e-02,2.690177559852600098e-01,6.161481738090515137e-01,-5.381257086992263794e-02,2.890444695949554443e-01,5.627835988998413086e-01,-2.550068497657775879e-02,2.763397395610809326e-01,5.805579423904418945e-01,-3.668405860662460327e-02,2.697386145591735840e-01,5.968050360679626465e-01,-4.247493296861648560e-02,2.667161524295806885e-01,6.110926270484924316e-01,-4.623734205961227417e-02,6.869383454322814941e-01,3.998929858207702637e-01,1.024739191279877559e-07,6.636188626289367676e-01,3.722622990608215332e-01,-9.137145243585109711e-03,6.466703414916992188e-01,3.373788595199584961e-01,-1.443078275769948959e-02,6.397879719734191895e-01,3.097895383834838867e-01,-1.966935396194458008e-02,6.363159418106079102e-01,2.864698171615600586e-01,-2.503234893083572388e-02,6.727182865142822266e-01,2.982839643955230713e-01,-7.519586943089962006e-03,6.699059009552001953e-01,2.589331269264221191e-01,-1.741166971623897552e-02,6.667773127555847168e-01,2.350917756557464600e-01,-2.567911148071289062e-02,6.642200946807861328e-01,2.130105942487716675e-01,-3.153241425752639771e-02,6.904618144035339355e-01,2.969971001148223877e-01,-1.057797670364379883e-02,6.947984695434570312e-01,2.545438706874847412e-01,-1.941405236721038818e-02,6.961786746978759766e-01,2.267246246337890625e-01,-2.678543515503406525e-02,6.970330476760864258e-01,2.019870281219482422e-01,-3.219458833336830139e-02,7.064605355262756348e-01,3.038910627365112305e-01,-1.547077856957912445e-02,7.164373993873596191e-01,2.635523974895477295e-01,-2.478474751114845276e-02,7.221498489379882812e-01,2.359905540943145752e-01,-3.122508339583873749e-02,7.261500358581542969e-01,2.114970982074737549e-01,-3.537245094776153564e-02,7.208535075187683105e-01,3.169091939926147461e-01,-2.132417075335979462e-02,7.325491905212402344e-01,2.827164232730865479e-01,-2.939905226230621338e-02,7.397799491882324219e-01,2.587286233901977539e-01,-3.318325802683830261e-02,7.452310919761657715e-01,2.364155054092407227e-01,-3.563240915536880493e-02
3.317097425460815430e-01,5.332565903663635254e-01,-2.937246534884252469e-08,3.482272624969482422e-01,5.464072227478027344e-01,-2.555739320814609528e-02,3.536009788513183594e-01,5.616703629493713379e-01,-4.154676571488380432e-02,3.457808792591094971e-01,5.773692727088928223e-01,-5.255912244319915771e-02,3.357449769973754883e-01,5.943700671195983887e-01,-6.237013638019561768e-02,3.167534172534942627e-01,5.402173995971679688e-01,-4.354702308773994446e-02,3.042694330215454102e-01,5.546474456787109375e-01,-6.053068488836288452e-02,2.985306978225708008e-01,5.708935260772705078e-01,-7.067061960697174072e-02,2.950407564640045166e-01,5.882311463356018066e-01,-7.696058601140975952e-02,3.006015419960021973e-01,5.464938879013061523e-01,-3.667350858449935913e-02,2.854115366935729980e-01,5.690997838973999023e-01,-5.134788900613784790e-02,2.800826132297515869e-01,5.916058421134948730e-01,-5.765081197023391724e-02,2.790405750274658203e-01,6.112032532691955566e-01,-6.246316805481910706e-02,2.913124263286590576e-01,5.553321242332458496e-01,-3.091207519173622131e-02,2.772020101547241211e-01,5.773392319679260254e-01,-4.476272314786911011e-02,2.715500891208648682e-01,5.994256734848022461e-01,-5.159654840826988220e-02,2.691287696361541748e-01,6.192492842674255371e-01,-5.594188347458839417e-02,2.874692380428314209e-01,5.647152662277221680e-01,-2.657440491020679474e-02,2.752816081047058105e-01,5.835081338882446289e-01,-3.784132003784179688e-02,2.693101167678833008e-01,6.000568270683288574e-01,-4.362117499113082886e-02,2.667501866817474365e-01,6.145439147949218750e-01,-4.744017124176025391e-02,6.735357046127319336e-01,4.104668498039245605e-01,5.072500997016504698e-08,6.451401710510253906e-01,3.871899843215942383e-01,-7.540177088230848312e-03,6.243503689765930176e-01,3.564828932285308838e-01,-1.214958261698484421e-02,6.137855648994445801e-01,3.298432528972625732e-01,-1.709236390888690948e-02,6.039260029792785645e-01,3.075723052024841309e-01,-2.222232148051261902e-02,6.400362253189086914e-01,3.143865764141082764e-01,-3.573116147890686989e-03,6.293866634368896484e-01,2.804342508316040039e-01,-1.143061555922031403e-02,6.225294470787048340e-01,2.598486542701721191e-01,-1.859898306429386139e-02,6.167154908180236816e-01,2.404206246137619019e-01,-2.405586279928684235e-02,6.579918861389160156e-01,3.083993196487426758e-01,-7.070918101817369461e-03,6.532902717590332031e-01,2.688479721546173096e-01,-1.413654908537864685e-02,6.481126546859741211e-01,2.445068806409835815e-01,-2.089561335742473602e-02,6.428810954093933105e-01,2.234740257263183594e-01,-2.617612853646278381e-02,6.754465103149414062e-01,3.113663792610168457e-01,-1.234948169440031052e-02,6.783965229988098145e-01,2.708809971809387207e-01,-2.042879909276962280e-02,6.782169342041015625e-01,2.451240271329879761e-01,-2.642233856022357941e-02,6.771926283836364746e-01,2.231358289718627930e-01,-3.053532727062702179e-02,6.917692422866821289e-01,3.215631842613220215e-01,-1.843246072530746460e-02,6.969352960586547852e-01,2.866713404655456543e-01,-2.524814382195472717e-02,6.997997760772705078e-01,2.641170024871826172e-01,-2.840606309473514557e-02,7.011422514915466309e-01,2.440260797739028931e-01,-3.067161515355110168e-02
3.321964442729949951e-01,5.311143398284912109e-01,-4.234479789033684938e-08,3.486499786376953125e-01,5.457134842872619629e-01,-2.551295608282089233e-02,3.533981442451477051e-01,5.614852905273437500e-01,-4.125551506876945496e-02,3.449181914329528809e-01,5.776535868644714355e-01,-5.201244726777076721e-02,3.346282243728637695e-01,5.951116681098937988e-01,-6.156383082270622253e-02,3.182558417320251465e-01,5.395441055297851562e-01,-4.350428283214569092e-02,3.052839934825897217e-01,5.541604161262512207e-01,-5.987821519374847412e-02,2.992082834243774414e-01,5.705171823501586914e-01,-6.944040954113006592e-02,2.952227294445037842e-01,5.879343152046203613e-01,-7.541140168905258179e-02,3.018414080142974854e-01,5.444203019142150879e-01,-3.631615266203880310e-02,2.868877053260803223e-01,5.678108334541320801e-01,-5.052020028233528137e-02,2.807967662811279297e-01,5.914570093154907227e-01,-5.632941052317619324e-02,2.791238427162170410e-01,6.121616363525390625e-01,-6.093243882060050964e-02,2.922658026218414307e-01,5.524847507476806641e-01,-3.020619414746761322e-02,2.778852880001068115e-01,5.747619867324829102e-01,-4.392351955175399780e-02,2.718314230442047119e-01,5.975373387336730957e-01,-5.044001713395118713e-02,2.691723704338073730e-01,6.180658340454101562e-01,-5.457785353064537048e-02,2.878559529781341553e-01,5.617358088493347168e-01,-2.548853307962417603e-02,2.755910754203796387e-01,5.805565118789672852e-01,-3.662171959877014160e-02,2.692999839782714844e-01,5.971217155456542969e-01,-4.226988554000854492e-02,2.662869095802307129e-01,6.115352511405944824e-01,-4.603180289268493652e-02,6.670014262199401855e-01,4.071407914161682129e-01,1.105548008695222961e-07,6.388232111930847168e-01,3.891147375106811523e-01,-8.227379992604255676e-03,6.171691417694091797e-01,3.590008318424224854e-01,-1.232021301984786987e-02,6.059995889663696289e-01,3.319249749183654785e-01,-1.632833480834960938e-02,5.953715443611145020e-01,3.107823133468627930e-01,-2.029673382639884949e-02,6.328731179237365723e-01,3.165692389011383057e-01,-4.167301114648580551e-03,6.214221715927124023e-01,2.835611999034881592e-01,-1.234135683625936508e-02,6.141422390937805176e-01,2.636483907699584961e-01,-1.944413408637046814e-02,6.080789566040039062e-01,2.445645034313201904e-01,-2.475624158978462219e-02,6.501821279525756836e-01,3.099251091480255127e-01,-6.969660986214876175e-03,6.452187299728393555e-01,2.708567678928375244e-01,-1.424569170922040939e-02,6.404019594192504883e-01,2.466861009597778320e-01,-2.097712829709053040e-02,6.355473399162292480e-01,2.246735990047454834e-01,-2.606461569666862488e-02,6.669890880584716797e-01,3.120845258235931396e-01,-1.154586765915155411e-02,6.681234240531921387e-01,2.731250822544097900e-01,-2.004317566752433777e-02,6.671028733253479004e-01,2.478092312812805176e-01,-2.546885423362255096e-02,6.654384732246398926e-01,2.250072956085205078e-01,-2.902061678469181061e-02,6.830778717994689941e-01,3.210776150226593018e-01,-1.694575697183609009e-02,6.874257922172546387e-01,2.871517539024353027e-01,-2.421566471457481384e-02,6.895036697387695312e-01,2.652592062950134277e-01,-2.701422944664955139e-02,6.901432871818542480e-01,2.453422099351882935e-01,-2.884660474956035614e-02
3.321964442729949951e-01,5.311143398284912109e-01,-4.234479789033684938e-08,3.486499786376953125e-01,5.457134842872619629e-01,-2.551295608282089233e-02,3.533981442451477051e-01,5.614852905273437500e-01,-4.125551506876945496e-02,3.449181914329528809e-01,5.776535868644714355e-01,-5.201244726777076721e-02,3.346282243728637695e-01,5.951116681098937988e-01,-6.156383082270622253e-02,3.182558417320251465e-01,5.395441055297851562e-01,-4.350428283214569092e-02,3.052839934825897217e-01,5.541604161262512207e-01,-5.987821519374847412e-02,2.992082834243774414e-01,5.705171823501586914e-01,-6.944040954113006592e-02,2.952227294445037842e-01,5.879343152046203613e-01,-7.541140168905258179e-02,3.018414080142974854e-01,5.444203019142150879e-01,-3.631615266203880310e-02,2.868877053260803223e-01,5.678108334541320801e-01,-5.052020028233528137e-02,2.807967662811279297e-01,5.914570093154907227e-01,-5.632941052317619324e-02,2.791238427162170410e-01,6.121616363525390625e-01,-6.093243882060050964e-02,2.922658026218414307e-01,5.524847507476806641e-01,-3.020619414746761322e-02,2.778852880001068115e-01,5.747619867324829102e-01,-4.392351955175399780e-02,2.718314230442047119e-01,5.975373387336730957e-01,-5.044001713395118713e-02,2.691723704338073730e-01,6.180658340454101562e-01,-5.457785353064537048e-02,2.878559529781341553e-01,5.617358088493347168e-01,-2.548853307962417603e-02,2.755910754203796387e-01,5.805565118789672852e-01,-3.662171959877014160e-02,2.692999839782714844e-01,5.971217155456542969e-01,-4.226988554000854492e-02,2.662869095802307129e-01,6.115352511405944824e-01,-4.603180289268493652e-02,6.670014262199401855e-01,4.071407914161682129e-01,1.105548008695222961e-07,6.388232111930847168e-01,3.891147375106811523e-01,-8.227379992604255676e-03,6.171691417694091797e-01,3.590008318424224854e-01,-1.232021301984786987e-02,6.059995889663696289e-01,3.319249749183654785e-01,-1.632833480834960938e-02,5.953715443611145020e-01,3.107823133468627930e-01,-2.029673382639884949e-02,6.328731179237365723e-01,3.165692389011383057e-01,-4.167301114648580551e-03,6.214221715927124023e-01,2.835611999034881592e-01,-1.234135683625936508e-02,6.141422390937805176e-01,2.636483907699584961e-01,-1.944413408637046814e-02,6.080789566040039062e-01,2.445645034313201904e-01,-2.475624158978462219e-02,6.501821279525756836e-01,3.099251091480255127e-01,-6.969660986214876175e-03,6.452187299728393555e-01,2.708567678928375244e-01,-1.424569170922040939e-02,6.404019594192504883e-01,2.466861009597778320e-01,-2.097712829709053040e-02,6.355473399162292480e-01,2.246735990047454834e-01,-2.606461569666862488e-02,6.669890880584716797e-01,3.120845258235931396e-01,-1.154586765915155411e-02,6.681234240531921387e-01,2.731250822544097900e-01,-2.004317566752433777e-02,6.671028733253479004e-01,2.478092312812805176e-01,-2.546885423362255096e-02,6.654384732246398926e-01,2.250072956085205078e-01,-2.902061678469181061e-02,6.830778717994689941e-01,3.210776150226593018e-01,-1.694575697183609009e-02,6.874257922172546387e-01,2.871517539024353027e-01,-2.421566471457481384e-02,6.895036697387695312e-01,2.652592062950134277e-01,-2.701422944664955139e-02,6.901432871818542480e-01,2.453422099351882935e-01,-2.884660474956035614e-02
3.322304785251617432e-01,5.315622687339782715e-01,-3.296236528171903046e-08,3.489012420177459717e-01,5.458096861839294434e-01,-2.603757381439208984e-02,3.538712561130523682e-01,5.613548159599304199e-01,-4.218975082039833069e-02,3.455311059951782227e-01,5.774847865104675293e-01,-5.326155573129653931e-02,3.349892497062683105e-01,5.949178934097290039e-01,-6.314260512590408325e-02,3.185688853263854980e-01,5.393745303153991699e-01,-4.453039541840553284e-02,3.053942024707794189e-01,5.537409186363220215e-01,-6.133844703435897827e-02,2.990151941776275635e-01,5.699852108955383301e-01,-7.118251174688339233e-02,2.947981059551239014e-01,5.873702764511108398e-01,-7.731512933969497681e-02,3.021712005138397217e-01,5.444763302803039551e-01,-3.720458596944808960e-02,2.870873510837554932e-01,5.677804946899414062e-01,-5.184934288263320923e-02,2.813256382942199707e-01,5.910065174102783203e-01,-5.788911879062652588e-02,2.799747288227081299e-01,6.110691428184509277e-01,-6.259591132402420044e-02,2.926044464111328125e-01,5.527556538581848145e-01,-3.097279556095600128e-02,2.780266404151916504e-01,5.747902393341064453e-01,-4.505737498402595520e-02,2.719855904579162598e-01,5.974711775779724121e-01,-5.188779532909393311e-02,2.693451642990112305e-01,6.177403330802917480e-01,-5.620025470852851868e-02,2.882263362407684326e-01,5.621358752250671387e-01,-2.614579163491725922e-02,2.758289873600006104e-01,5.809807777404785156e-01,-3.760318085551261902e-02,2.694180011749267578e-01,5.977230072021484375e-01,-4.354201629757881165e-02,2.663948237895965576e-01,6.123006939888000488e-01,-4.748937487602233887e-02,6.662151813507080078e-01,4.057849645614624023e-01,1.054902867281271028e-07,6.389399170875549316e-01,3.882321119308471680e-01,-8.320120163261890411e-03,6.172753572463989258e-01,3.585081994533538818e-01,-1.246391516178846359e-02,6.051553487777709961e-01,3.320995867252349854e-01,-1.646691001951694489e-02,5.939371585845947266e-01,3.109402954578399658e-01,-2.045910432934761047e-02,6.328964233398437500e-01,3.167740106582641602e-01,-5.181144457310438156e-03,6.211757063865661621e-01,2.839978039264678955e-01,-1.368051115423440933e-02,6.139471530914306641e-01,2.645239830017089844e-01,-2.090626955032348633e-02,6.079800724983215332e-01,2.453422844409942627e-01,-2.627936750650405884e-02,6.501326560974121094e-01,3.099861741065979004e-01,-7.934677414596080780e-03,6.440677642822265625e-01,2.718744874000549316e-01,-1.558953616768121719e-02,6.391100883483886719e-01,2.481830567121505737e-01,-2.244558557868003845e-02,6.337686777114868164e-01,2.263941764831542969e-01,-2.748934552073478699e-02,6.672854423522949219e-01,3.116990327835083008e-01,-1.236885040998458862e-02,6.679345369338989258e-01,2.730929553508758545e-01,-2.135265618562698364e-02,6.668668389320373535e-01,2.473733127117156982e-01,-2.680260315537452698e-02,6.648826599121093750e-01,2.243174612522125244e-01,-3.015635721385478973e-02,6.835070848464965820e-01,3.203834891319274902e-01,-1.754733547568321228e-02,6.875915527343750000e-01,2.868041396141052246e-01,-2.520117908716201782e-02,6.896708011627197266e-01,2.644401490688323975e-01,-2.795762382447719574e-02,6.902025938034057617e-01,2.443140745162963867e-01,-2.956589125096797943e-02
3.298280537128448486e-01,5.345601439476013184e-01,-3.526921688035145053e-08,3.471211791038513184e-01,5.469565391540527344e-01,-2.559577301144599915e-02,3.530023694038391113e-01,5.621532201766967773e-01,-4.160481318831443787e-02,3.452117145061492920e-01,5.786355137825012207e-01,-5.265874043107032776e-02,3.348262012004852295e-01,5.960388779640197754e-01,-6.249496340751647949e-02,3.182745575904846191e-01,5.406012535095214844e-01,-4.433593153953552246e-02,3.050678074359893799e-01,5.543782114982604980e-01,-6.123144552111625671e-02,2.991364300251007080e-01,5.709716677665710449e-01,-7.100172340869903564e-02,2.951225936412811279e-01,5.888890027999877930e-01,-7.704751193523406982e-02,3.016203045845031738e-01,5.470217466354370117e-01,-3.727542236447334290e-02,2.869833111763000488e-01,5.687639117240905762e-01,-5.198497697710990906e-02,2.817737460136413574e-01,5.914151668548583984e-01,-5.776504799723625183e-02,2.806762754917144775e-01,6.109703183174133301e-01,-6.224539875984191895e-02,2.917281091213226318e-01,5.565450191497802734e-01,-3.130455687642097473e-02,2.773702144622802734e-01,5.773975253105163574e-01,-4.531817510724067688e-02,2.715375125408172607e-01,5.991612672805786133e-01,-5.179051682353019714e-02,2.691328525543212891e-01,6.187484860420227051e-01,-5.585334077477455139e-02,2.870466113090515137e-01,5.667396187782287598e-01,-2.672252804040908813e-02,2.748977839946746826e-01,5.851389765739440918e-01,-3.797128796577453613e-02,2.685987353324890137e-01,6.010229587554931641e-01,-4.359620809555053711e-02,2.656718194484710693e-01,6.149584650993347168e-01,-4.734061658382415771e-02,6.545883417129516602e-01,4.168221354484558105e-01,4.557395882898163109e-08,6.240644454956054688e-01,4.058343470096588135e-01,-7.455121725797653198e-03,5.984947681427001953e-01,3.811353445053100586e-01,-1.133927237242460251e-02,5.804487466812133789e-01,3.601957261562347412e-01,-1.543875597417354584e-02,5.658401250839233398e-01,3.431504070758819580e-01,-1.950826868414878845e-02,6.046799421310424805e-01,3.345516026020050049e-01,-2.565351547673344612e-03,5.864571928977966309e-01,3.055765032768249512e-01,-1.000028010457754135e-02,5.747482776641845703e-01,2.892473638057708740e-01,-1.683563366532325745e-02,5.645628571510314941e-01,2.746981978416442871e-01,-2.182836271822452545e-02,6.183310747146606445e-01,3.250856101512908936e-01,-5.347075872123241425e-03,6.033164262771606445e-01,2.901499867439270020e-01,-1.161415874958038330e-02,5.928148031234741211e-01,2.701762318611145020e-01,-1.730130985379219055e-02,5.831701159477233887e-01,2.544094324111938477e-01,-2.144018374383449554e-02,6.344032883644104004e-01,3.240411877632141113e-01,-9.993781335651874542e-03,6.259525418281555176e-01,2.870448231697082520e-01,-1.686859130859375000e-02,6.188923716545104980e-01,2.660378813743591309e-01,-2.173996157944202423e-02,6.116479635238647461e-01,2.485026121139526367e-01,-2.498844824731349945e-02,6.512016654014587402e-01,3.299998342990875244e-01,-1.555890310555696487e-02,6.472958922386169434e-01,2.996433377265930176e-01,-2.165936678647994995e-02,6.439378261566162109e-01,2.801866233348846436e-01,-2.447233162820339203e-02,6.399953961372375488e-01,2.631142735481262207e-01,-2.627021633088588715e-02
3.311125338077545166e-01,5.331602692604064941e-01,-3.880409238377069414e-08,3.482007980346679688e-01,5.464662313461303711e-01,-2.540219947695732117e-02,3.533765673637390137e-01,5.623663067817687988e-01,-4.094297066330909729e-02,3.449526131153106689e-01,5.792089104652404785e-01,-5.148855596780776978e-02,3.346134126186370850e-01,5.967318415641784668e-01,-6.072473898530006409e-02,3.184243738651275635e-01,5.406655073165893555e-01,-4.303720220923423767e-02,3.053933978080749512e-01,5.546379089355468750e-01,-5.917404219508171082e-02,2.997265160083770752e-01,5.712928175926208496e-01,-6.850022077560424805e-02,2.959474027156829834e-01,5.890005230903625488e-01,-7.440242171287536621e-02,3.017869889736175537e-01,5.465365052223205566e-01,-3.596341982483863831e-02,2.865243852138519287e-01,5.679935216903686523e-01,-5.016601458191871643e-02,2.807567119598388672e-01,5.909018516540527344e-01,-5.579165741801261902e-02,2.796015143394470215e-01,6.109898686408996582e-01,-6.019542738795280457e-02,2.922370433807373047e-01,5.556739568710327148e-01,-2.999480068683624268e-02,2.773417234420776367e-01,5.769241452217102051e-01,-4.368189349770545959e-02,2.713937163352966309e-01,5.986492633819580078e-01,-4.997539520263671875e-02,2.688528001308441162e-01,6.184108257293701172e-01,-5.392732471227645874e-02,2.879418730735778809e-01,5.657781362533569336e-01,-2.541025914251804352e-02,2.755166292190551758e-01,5.842119455337524414e-01,-3.651482984423637390e-02,2.690297067165374756e-01,5.999310016632080078e-01,-4.205932840704917908e-02,2.658458352088928223e-01,6.135759353637695312e-01,-4.575046524405479431e-02,6.483873128890991211e-01,4.176710247993469238e-01,7.338949359336766065e-08,6.196048259735107422e-01,4.059390723705291748e-01,-5.871026776731014252e-03,5.937890410423278809e-01,3.800992369651794434e-01,-8.648953400552272797e-03,5.767572522163391113e-01,3.597211241722106934e-01,-1.183666754513978958e-02,5.635989308357238770e-01,3.433496057987213135e-01,-1.498477719724178314e-02,6.024645566940307617e-01,3.344909250736236572e-01,-2.217498607933521271e-03,5.847167968750000000e-01,3.054655194282531738e-01,-9.759442880749702454e-03,5.726871490478515625e-01,2.906069755554199219e-01,-1.649803481996059418e-02,5.619791150093078613e-01,2.767584025859832764e-01,-2.158614620566368103e-02,6.161614060401916504e-01,3.256817162036895752e-01,-5.848573055118322372e-03,6.019964218139648438e-01,2.919481992721557617e-01,-1.218283269554376602e-02,5.920262336730957031e-01,2.724990844726562500e-01,-1.819684170186519623e-02,5.827054381370544434e-01,2.559682130813598633e-01,-2.280682884156703949e-02,6.316609978675842285e-01,3.249247968196868896e-01,-1.110450364649295807e-02,6.240569353103637695e-01,2.893067300319671631e-01,-1.831373199820518494e-02,6.176941394805908203e-01,2.685309350490570068e-01,-2.275373972952365875e-02,6.107440590858459473e-01,2.505807876586914062e-01,-2.592711895704269409e-02,6.477811336517333984e-01,3.312428593635559082e-01,-1.710001192986965179e-02,6.459221839904785156e-01,3.008524179458618164e-01,-2.346146292984485626e-02,6.436002850532531738e-01,2.811290025711059570e-01,-2.577838487923145294e-02,6.401585340499877930e-01,2.631080150604248047e-01,-2.739817276597023010e-02
3.311125338077545166e-01,5.331602692604064941e-01,-3.880409238377069414e-08,3.482007980346679688e-01,5.464662313461303711e-01,-2.540219947695732117e-02,3.533765673637390137e-01,5.623663067817687988e-01,-4.094297066330909729e-02,3.449526131153106689e-01,5.792089104652404785e-01,-5.148855596780776978e-02,3.346134126186370850e-01,5.967318415641784668e-01,-6.072473898530006409e-02,3.184243738651275635e-01,5.406655073165893555e-01,-4.303720220923423767e-02,3.053933978080749512e-01,5.546379089355468750e-01,-5.917404219508171082e-02,2.997265160083770752e-01,5.712928175926208496e-01,-6.850022077560424805e-02,2.959474027156829834e-01,5.890005230903625488e-01,-7.440242171287536621e-02,3.017869889736175537e-01,5.465365052223205566e-01,-3.596341982483863831e-02,2.865243852138519287e-01,5.679935216903686523e-01,-5.016601458191871643e-02,2.807567119598388672e-01,5.909018516540527344e-01,-5.579165741801261902e-02,2.796015143394470215e-01,6.109898686408996582e-01,-6.019542738795280457e-02,2.922370433807373047e-01,5.556739568710327148e-01,-2.999480068683624268e-02,2.773417234420776367e-01,5.769241452217102051e-01,-4.368189349770545959e-02,2.713937163352966309e-01,5.986492633819580078e-01,-4.997539520263671875e-02,2.688528001308441162e-01,6.184108257293701172e-01,-5.392732471227645874e-02,2.879418730735778809e-01,5.657781362533569336e-01,-2.541025914251804352e-02,2.755166292190551758e-01,5.842119455337524414e-01,-3.651482984423637390e-02,2.690297067165374756e-01,5.999310016632080078e-01,-4.205932840704917908e-02,2.658458352088928223e-01,6.135759353637695312e-01,-4.575046524405479431e-02,6.483873128890991211e-01,4.176710247993469238e-01,7.338949359336766065e-08,6.196048259735107422e-01,4.059390723705291748e-01,-5.871026776731014252e-03,5.937890410423278809e-01,3.800992369651794434e-01,-8.648953400552272797e-03,5.767572522163391113e-01,3.597211241722106934e-01,-1.183666754513978958e-02,5.635989308357238770e-01,3.433496057987213135e-01,-1.498477719724178314e-02,6.024645566940307617e-01,3.344909250736236572e-01,-2.217498607933521271e-03,5.847167968750000000e-01,3.054655194282531738e-01,-9.759442880749702454e-03,5.726871490478515625e-01,2.906069755554199219e-01,-1.649803481996059418e-02,5.619791150093078613e-01,2.767584025859832764e-01,-2.158614620566368103e-02,6.161614060401916504e-01,3.256817162036895752e-01,-5.848573055118322372e-03,6.019964218139648438e-01,2.919481992721557617e-01,-1.218283269554376602e-02,5.920262336730957031e-01,2.724990844726562500e-01,-1.819684170186519623e-02,5.827054381370544434e-01,2.559682130813598633e-01,-2.280682884156703949e-02,6.316609978675842285e-01,3.249247968196868896e-01,-1.110450364649295807e-02,6.240569353103637695e-01,2.893067300319671631e-01,-1.831373199820518494e-02,6.176941394805908203e-01,2.685309350490570068e-01,-2.275373972952365875e-02,6.107440590858459473e-01,2.505807876586914062e-01,-2.592711895704269409e-02,6.477811336517333984e-01,3.312428593635559082e-01,-1.710001192986965179e-02,6.459221839904785156e-01,3.008524179458618164e-01,-2.346146292984485626e-02,6.436002850532531738e-01,2.811290025711059570e-01,-2.577838487923145294e-02,6.401585340499877930e-01,2.631080150604248047e-01,-2.739817276597023010e-02
3.298766016960144043e-01,5.340269804000854492e-01,-3.662347580757341348e-08,3.476596772670745850e-01,5.465769767761230469e-01,-2.564995177090167999e-02,3.535262644290924072e-01,5.618870854377746582e-01,-4.155788198113441467e-02,3.453925549983978271e-01,5.782498121261596680e-01,-5.235527083277702332e-02,3.346730768680572510e-01,5.955723524093627930e-01,-6.183718889951705933e-02,3.189146518707275391e-01,5.407220125198364258e-01,-4.472612589597702026e-02,3.054419457912445068e-01,5.541341304779052734e-01,-6.163899600505828857e-02,2.995610237121582031e-01,5.706169009208679199e-01,-7.118456810712814331e-02,2.963772714138031006e-01,5.882076621055603027e-01,-7.693152874708175659e-02,3.017202615737915039e-01,5.469822287559509277e-01,-3.748913481831550598e-02,2.869911193847656250e-01,5.688974857330322266e-01,-5.193342268466949463e-02,2.815158367156982422e-01,5.918502807617187500e-01,-5.728766322135925293e-02,2.808145582675933838e-01,6.117950677871704102e-01,-6.149832531809806824e-02,2.917298674583435059e-01,5.563671588897705078e-01,-3.134515509009361267e-02,2.772256731986999512e-01,5.775703787803649902e-01,-4.544927552342414856e-02,2.714297175407409668e-01,5.992282629013061523e-01,-5.171340703964233398e-02,2.692444920539855957e-01,6.189557909965515137e-01,-5.555570498108863831e-02,2.871071696281433105e-01,5.665112137794494629e-01,-2.653224393725395203e-02,2.748978435993194580e-01,5.848834514617919922e-01,-3.785736113786697388e-02,2.687219679355621338e-01,6.004416942596435547e-01,-4.324164614081382751e-02,2.661449313163757324e-01,6.142338514328002930e-01,-4.677516222000122070e-02,6.421111822128295898e-01,4.194644689559936523e-01,5.491274635005538585e-08,6.131630539894104004e-01,4.111056327819824219e-01,-5.749482661485671997e-03,5.865088701248168945e-01,3.852432072162628174e-01,-7.446500007063150406e-03,5.686259269714355469e-01,3.673674166202545166e-01,-9.485960938036441803e-03,5.551295876502990723e-01,3.530249297618865967e-01,-1.150444336235523224e-02,5.918146967887878418e-01,3.426864147186279297e-01,-1.250787754543125629e-03,5.727305412292480469e-01,3.152003586292266846e-01,-8.214225061237812042e-03,5.598306059837341309e-01,3.003675937652587891e-01,-1.432521454989910126e-02,5.482748150825500488e-01,2.873384654521942139e-01,-1.885844022035598755e-02,6.045937538146972656e-01,3.325579464435577393e-01,-4.289990290999412537e-03,5.898215174674987793e-01,2.999787926673889160e-01,-1.003127079457044601e-02,5.787085890769958496e-01,2.811786830425262451e-01,-1.536268275231122971e-02,5.683506727218627930e-01,2.662436664104461670e-01,-1.928377337753772736e-02,6.199032068252563477e-01,3.307290077209472656e-01,-8.971442468464374542e-03,6.112012863159179688e-01,2.971031665802001953e-01,-1.542369369417428970e-02,6.035419702529907227e-01,2.771582603454589844e-01,-1.976100355386734009e-02,5.953781008720397949e-01,2.598328888416290283e-01,-2.282055467367172241e-02,6.359864473342895508e-01,3.360227048397064209e-01,-1.443296764045953751e-02,6.325356364250183105e-01,3.075745105743408203e-01,-2.026113681495189667e-02,6.290001273155212402e-01,2.890976369380950928e-01,-2.271581254899501801e-02,6.246200203895568848e-01,2.721010446548461914e-01,-2.445005811750888824e-02
3.309364020824432373e-01,5.332238674163818359e-01,-4.362923533562934608e-08,3.481196165084838867e-01,5.459960699081420898e-01,-2.527516521513462067e-02,3.535605669021606445e-01,5.617462992668151855e-01,-4.088616743683815002e-02,3.457972705364227295e-01,5.787757039070129395e-01,-5.155173689126968384e-02,3.355034887790679932e-01,5.968887209892272949e-01,-6.087110936641693115e-02,3.185428082942962646e-01,5.408870577812194824e-01,-4.341673478484153748e-02,3.049110174179077148e-01,5.547470450401306152e-01,-5.972070246934890747e-02,2.998708486557006836e-01,5.713312625885009766e-01,-6.888429820537567139e-02,2.973918914794921875e-01,5.887769460678100586e-01,-7.440314441919326782e-02,3.023672401905059814e-01,5.471479892730712891e-01,-3.632292523980140686e-02,2.867058813571929932e-01,5.685961842536926270e-01,-5.057903006672859192e-02,2.815312147140502930e-01,5.914399027824401855e-01,-5.600323528051376343e-02,2.812066972255706787e-01,6.111534833908081055e-01,-6.014053896069526672e-02,2.929945588111877441e-01,5.563146471977233887e-01,-3.031940199434757233e-02,2.776509225368499756e-01,5.774248242378234863e-01,-4.387459531426429749e-02,2.719357311725616455e-01,5.990052223205566406e-01,-4.997994005680084229e-02,2.699251174926757812e-01,6.184598803520202637e-01,-5.373141914606094360e-02,2.886681258678436279e-01,5.662518739700317383e-01,-2.566843666136264801e-02,2.758977711200714111e-01,5.845282077789306641e-01,-3.631946071982383728e-02,2.694807946681976318e-01,5.999977588653564453e-01,-4.150874912738800049e-02,2.666276395320892334e-01,6.135798692703247070e-01,-4.498315602540969849e-02,6.314880847930908203e-01,4.257954955101013184e-01,4.976554990321346850e-08,6.029431819915771484e-01,4.212069213390350342e-01,-5.616076290607452393e-03,5.748374462127685547e-01,3.986940383911132812e-01,-7.665688637644052505e-03,5.557039380073547363e-01,3.818909823894500732e-01,-1.032666675746440887e-02,5.385792851448059082e-01,3.714225292205810547e-01,-1.294463593512773514e-02,5.739147663116455078e-01,3.551717698574066162e-01,8.301427005790174007e-04,5.535997152328491211e-01,3.322932422161102295e-01,-5.898534320294857025e-03,5.407376289367675781e-01,3.205159008502960205e-01,-1.250253990292549133e-02,5.288551449775695801e-01,3.093060851097106934e-01,-1.769456826150417328e-02,5.850053429603576660e-01,3.443489670753479004e-01,-2.643540268763899803e-03,5.663969516754150391e-01,3.168902397155761719e-01,-8.778938092291355133e-03,5.534499287605285645e-01,3.025985360145568848e-01,-1.500108838081359863e-02,5.411453247070312500e-01,2.899971604347229004e-01,-1.961263082921504974e-02,5.996903777122497559e-01,3.409721553325653076e-01,-7.853747345507144928e-03,5.864163637161254883e-01,3.107787668704986572e-01,-1.489863172173500061e-02,5.763368606567382812e-01,2.942206263542175293e-01,-1.942260563373565674e-02,5.660508871078491211e-01,2.792744040489196777e-01,-2.259352058172225952e-02,6.161457896232604980e-01,3.442912995815277100e-01,-1.386843249201774597e-02,6.093618869781494141e-01,3.188259601593017578e-01,-2.024830505251884460e-02,6.038694381713867188e-01,3.023205399513244629e-01,-2.291971445083618164e-02,5.978773236274719238e-01,2.867949903011322021e-01,-2.477909065783023834e-02
3.308539986610412598e-01,5.333021879196166992e-01,-3.516329272201801359e-08,3.480252325534820557e-01,5.458970665931701660e-01,-2.519871480762958527e-02,3.538146615028381348e-01,5.616003274917602539e-01,-4.084791988134384155e-02,3.462329506874084473e-01,5.789312124252319336e-01,-5.150022730231285095e-02,3.359580039978027344e-01,5.971769690513610840e-01,-6.082389131188392639e-02,3.184278309345245361e-01,5.410181879997253418e-01,-4.344359785318374634e-02,3.051232695579528809e-01,5.550482273101806641e-01,-5.972902849316596985e-02,2.995960712432861328e-01,5.715519785881042480e-01,-6.891036033630371094e-02,2.967541515827178955e-01,5.888497233390808105e-01,-7.450506091117858887e-02,3.019496500492095947e-01,5.471212863922119141e-01,-3.644944354891777039e-02,2.865575253963470459e-01,5.694431662559509277e-01,-5.066715180873870850e-02,2.810745537281036377e-01,5.924062728881835938e-01,-5.612051114439964294e-02,2.804093658924102783e-01,6.121804714202880859e-01,-6.032371520996093750e-02,2.925130128860473633e-01,5.560644865036010742e-01,-3.052145615220069885e-02,2.775090038776397705e-01,5.776763558387756348e-01,-4.413058608770370483e-02,2.717292606830596924e-01,5.993341803550720215e-01,-5.017733573913574219e-02,2.694285213947296143e-01,6.189832091331481934e-01,-5.391845107078552246e-02,2.882650494575500488e-01,5.658084154129028320e-01,-2.594347111880779266e-02,2.759202420711517334e-01,5.842528343200683594e-01,-3.688408806920051575e-02,2.697288095951080322e-01,5.999942421913146973e-01,-4.209632799029350281e-02,2.670432329177856445e-01,6.139490008354187012e-01,-4.552195966243743896e-02,6.315773725509643555e-01,4.261537194252014160e-01,4.771416683979623485e-08,6.035450100898742676e-01,4.220425486564636230e-01,-5.571174435317516327e-03,5.754365921020507812e-01,3.991040289402008057e-01,-7.400575559586286545e-03,5.562615394592285156e-01,3.814727067947387695e-01,-9.614064358174800873e-03,5.389956831932067871e-01,3.695550858974456787e-01,-1.179855037480592728e-02,5.750905275344848633e-01,3.557505309581756592e-01,-5.212367395870387554e-04,5.548954010009765625e-01,3.323275744915008545e-01,-7.424219977110624313e-03,5.416471362113952637e-01,3.207606077194213867e-01,-1.386202313005924225e-02,5.292112827301025391e-01,3.102397918701171875e-01,-1.888419128954410553e-02,5.859755873680114746e-01,3.455115258693695068e-01,-4.073741380125284195e-03,5.673178434371948242e-01,3.173363208770751953e-01,-1.040304359048604965e-02,5.538829565048217773e-01,3.019906878471374512e-01,-1.688531599938869476e-02,5.412615537643432617e-01,2.893840074539184570e-01,-2.172390744090080261e-02,6.001192331314086914e-01,3.424809575080871582e-01,-9.220536798238754272e-03,5.863561034202575684e-01,3.127756416797637939e-01,-1.667077653110027313e-02,5.757620334625244141e-01,2.945445179939270020e-01,-2.200416661798954010e-02,5.651649236679077148e-01,2.788073122501373291e-01,-2.573909237980842590e-02,6.161732077598571777e-01,3.455913066864013672e-01,-1.505166757851839066e-02,6.082667112350463867e-01,3.188027441501617432e-01,-2.184174768626689911e-02,6.024990677833557129e-01,3.016184866428375244e-01,-2.485307306051254272e-02,5.963468551635742188e-01,2.865467965602874756e-01,-2.697608619928359985e-02
3.308539986610412598e-01,5.333021879196166992e-01,-3.516329272201801359e-08,3.480252325534820557e-01,5.458970665931701660e-01,-2.519871480762958527e-02,3.538146615028381348e-01,5.616003274917602539e-01,-4.084791988134384155e-02,3.462329506874084473e-01,5.789312124252319336e-01,-5.150022730231285095e-02,3.359580039978027344e-01,5.971769690513610840e-01,-6.082389131188392639e-02,3.184278309345245361e-01,5.410181879997253418e-01,-4.344359785318374634e-02,3.051232695579528809e-01,5.550482273101806641e-01,-5.972902849316596985e-02,2.995960712432861328e-01,5.715519785881042480e-01,-6.891036033630371094e-02,2.967541515827178955e-01,5.888497233390808105e-01,-7.450506091117858887e-02,3.019496500492095947e-01,5.471212863922119141e-01,-3.644944354891777039e-02,2.865575253963470459e-01,5.694431662559509277e-01,-5.066715180873870850e-02,2.810745537281036377e-01,5.924062728881835938e-01,-5.612051114439964294e-02,2.804093658924102783e-01,6.121804714202880859e-01,-6.032371520996093750e-02,2.925130128860473633e-01,5.560644865036010742e-01,-3.052145615220069885e-02,2.775090038776397705e-01,5.776763558387756348e-01,-4.413058608770370483e-02,2.717292606830596924e-01,5.993341803550720215e-01,-5.017733573913574219e-02,2.694285213947296143e-01,6.189832091331481934e-01,-5.391845107078552246e-02,2.882650494575500488e-01,5.658084154129028320e-01,-2.594347111880779266e-02,2.759202420711517334e-01,5.842528343200683594e-01,-3.688408806920051575e-02,2.697288095951080322e-01,5.999942421913146973e-01,-4.209632799029350281e-02,2.670432329177856445e-01,6.139490008354187012e-01,-4.552195966243743896e-02,6.315773725509643555e-01,4.261537194252014160e-01,4.771416683979623485e-08,6.035450100898742676e-01,4.220425486564636230e-01,-5.571174435317516327e-03,5.754365921020507812e-01,3.991040289402008057e-01,-7.400575559586286545e-03,5.562615394592285156e-01,3.814727067947387695e-01,-9.614064358174800873e-03,5.389956831932067871e-01,3.695550858974456787e-01,-1.179855037480592728e-02,5.750905275344848633e-01,3.557505309581756592e-01,-5.212367395870387554e-04,5.548954010009765625e-01,3.323275744915008545e-01,-7.424219977110624313e-03,5.416471362113952637e-01,3.207606077194213867e-01,-1.386202313005924225e-02,5.292112827301025391e-01,3.102397918701171875e-01,-1.888419128954410553e-02,5.859755873680114746e-01,3.455115258693695068e-01,-4.073741380125284195e-03,5.673178434371948242e-01,3.173363208770751953e-01,-1.040304359048604965e-02,5.538829565048217773e-01,3.019906878471374512e-01,-1.688531599938869476e-02,5.412615537643432617e-01,2.893840074539184570e-01,-2.172390744090080261e-02,6.001192331314086914e-01,3.424809575080871582e-01,-9.220536798238754272e-03,5.863561034202575684e-01,3.127756416797637939e-01,-1.667077653110027313e-02,5.757620334625244141e-01,2.945445179939270020e-01,-2.200416661798954010e-02,5.651649236679077148e-01,2.788073122501373291e-01,-2.573909237980842590e-02,6.161732077598571777e-01,3.455913066864013672e-01,-1.505166757851839066e-02,6.082667112350463867e-01,3.188027441501617432e-01,-2.184174768626689911e-02,6.024990677833557129e-01,3.016184866428375244e-01,-2.485307306051254272e-02,5.963468551635742188e-01,2.865467965602874756e-01,-2.697608619928359985e-02
3.304815888404846191e-01,5.344489812850952148e-01,-3.825949690394736535e-08,3.477798998355865479e-01,5.470455288887023926e-01,-2.430515363812446594e-02,3.532050848007202148e-01,5.631436109542846680e-01,-3.931630402803421021e-02,3.456174135208129883e-01,5.805215835571289062e-01,-4.964611306786537170e-02,3.360036611557006836e-01,5.983517765998840332e-01,-5.879049003124237061e-02,3.178847730159759521e-01,5.415552854537963867e-01,-4.143582284450531006e-02,3.050121068954467773e-01,5.565391182899475098e-01,-5.732227861881256104e-02,2.992173433303833008e-01,5.731002092361450195e-01,-6.671766936779022217e-02,2.955698072910308838e-01,5.905606746673583984e-01,-7.265988737344741821e-02,3.014281392097473145e-01,5.477560758590698242e-01,-3.502211719751358032e-02,2.857289612293243408e-01,5.700095295906066895e-01,-4.896123707294464111e-02,2.804326713085174561e-01,5.927962064743041992e-01,-5.475777387619018555e-02,2.795282602310180664e-01,6.123717427253723145e-01,-5.922723561525344849e-02,2.920345962047576904e-01,5.567073822021484375e-01,-2.967001125216484070e-02,2.769036293029785156e-01,5.783457756042480469e-01,-4.306647181510925293e-02,2.712196707725524902e-01,6.002406477928161621e-01,-4.951360076665878296e-02,2.687880992889404297e-01,6.199127435684204102e-01,-5.358560010790824890e-02,2.878467440605163574e-01,5.665652155876159668e-01,-2.563312090933322906e-02,2.754352688789367676e-01,5.850652456283569336e-01,-3.647482767701148987e-02,2.695823013782501221e-01,6.013491153717041016e-01,-4.186693951487541199e-02,2.671890556812286377e-01,6.156677603721618652e-01,-4.546869546175003052e-02,6.263647675514221191e-01,4.276763796806335449e-01,4.554375720999814803e-08,5.984408855438232422e-01,4.265038669109344482e-01,-4.871981684118509293e-03,5.683831572532653809e-01,4.040030837059020996e-01,-5.286285653710365295e-03,5.485799312591552734e-01,3.879304528236389160e-01,-6.273168604820966721e-03,5.313831567764282227e-01,3.792509436607360840e-01,-7.112084887921810150e-03,5.669829249382019043e-01,3.609647452831268311e-01,2.991564106196165085e-03,5.466523170471191406e-01,3.399885296821594238e-01,-2.167390659451484680e-03,5.338057279586791992e-01,3.294117152690887451e-01,-7.570858579128980637e-03,5.219339132308959961e-01,3.205199539661407471e-01,-1.196576282382011414e-02,5.766508579254150391e-01,3.498730659484863281e-01,-1.938846544362604618e-04,5.575339198112487793e-01,3.234910070896148682e-01,-4.751890432089567184e-03,5.446290969848632812e-01,3.091621994972229004e-01,-9.747694246470928192e-03,5.330023765563964844e-01,2.983340024948120117e-01,-1.347882300615310669e-02,5.900663137435913086e-01,3.462111055850982666e-01,-5.206941626965999603e-03,5.755047798156738281e-01,3.178744018077850342e-01,-1.091645471751689911e-02,5.645043849945068359e-01,3.021311461925506592e-01,-1.512169931083917618e-02,5.533837080001831055e-01,2.886636853218078613e-01,-1.821768283843994141e-02,6.055461168289184570e-01,3.487320840358734131e-01,-1.102770492434501648e-02,5.973717570304870605e-01,3.240174651145935059e-01,-1.636169292032718658e-02,5.909107923507690430e-01,3.084362745285034180e-01,-1.888372004032135010e-02,5.837949514389038086e-01,2.939670979976654053e-01,-2.084377221763134003e-02
3.312299847602844238e-01,5.340906381607055664e-01,-4.320780533362267306e-08,3.474653363227844238e-01,5.472843647003173828e-01,-2.396168373525142670e-02,3.525746166706085205e-01,5.632966756820678711e-01,-3.887685388326644897e-02,3.449636101722717285e-01,5.804699063301086426e-01,-4.912559315562248230e-02,3.353952765464782715e-01,5.974770784378051758e-01,-5.817751213908195496e-02,3.165005147457122803e-01,5.420838594436645508e-01,-4.083195328712463379e-02,3.045636415481567383e-01,5.575939416885375977e-01,-5.643555894494056702e-02,2.991513013839721680e-01,5.740538835525512695e-01,-6.570749729871749878e-02,2.954392135143280029e-01,5.912774205207824707e-01,-7.157330214977264404e-02,3.005788326263427734e-01,5.480291843414306641e-01,-3.447334468364715576e-02,2.861522734165191650e-01,5.724548101425170898e-01,-4.824987426400184631e-02,2.810350954532623291e-01,5.951270461082458496e-01,-5.386560782790184021e-02,2.798839807510375977e-01,6.143752336502075195e-01,-5.809830874204635620e-02,2.915238440036773682e-01,5.568891167640686035e-01,-2.911435067653656006e-02,2.771545350551605225e-01,5.803747177124023438e-01,-4.231832176446914673e-02,2.717195153236389160e-01,6.020211577415466309e-01,-4.815200716257095337e-02,2.691919505596160889e-01,6.215318441390991211e-01,-5.170022696256637573e-02,2.876439690589904785e-01,5.667766928672790527e-01,-2.505834028124809265e-02,2.755317986011505127e-01,5.869753956794738770e-01,-3.575854003429412842e-02,2.696080207824707031e-01,6.028964519500732422e-01,-4.060569405555725098e-02,2.665401995182037354e-01,6.165098547935485840e-01,-4.362256452441215515e-02,6.266360282897949219e-01,4.295305609703063965e-01,3.257269298728715512e-08,5.983134508132934570e-01,4.269806742668151855e-01,-3.563349600881338120e-03,5.695962309837341309e-01,4.046887159347534180e-01,-3.893199143931269646e-03,5.501858592033386230e-01,3.888476490974426270e-01,-5.052109248936176300e-03,5.334647893905639648e-01,3.793016970157623291e-01,-6.294875405728816986e-03,5.688396692276000977e-01,3.628339469432830811e-01,2.346784109249711037e-03,5.488765835762023926e-01,3.407784104347229004e-01,-3.625366138294339180e-03,5.353220105171203613e-01,3.298990130424499512e-01,-9.547396562993526459e-03,5.226749181747436523e-01,3.201601803302764893e-01,-1.426110323518514633e-02,5.779121518135070801e-01,3.527232110500335693e-01,-1.672453596256673336e-03,5.582395792007446289e-01,3.263170123100280762e-01,-7.194668054580688477e-03,5.438443422317504883e-01,3.121080100536346436e-01,-1.323715783655643463e-02,5.305247902870178223e-01,3.007958233356475830e-01,-1.778123527765274048e-02,5.905700922012329102e-01,3.489478230476379395e-01,-7.180665154010057449e-03,5.756561756134033203e-01,3.202336132526397705e-01,-1.363250333815813065e-02,5.641594529151916504e-01,3.037119805812835693e-01,-1.854314282536506653e-02,5.527176260948181152e-01,2.903642654418945312e-01,-2.205472066998481750e-02,6.055735945701599121e-01,3.507556021213531494e-01,-1.331731956452131271e-02,5.967953801155090332e-01,3.244087696075439453e-01,-1.909991540014743805e-02,5.901114344596862793e-01,3.077881336212158203e-01,-2.184616774320602417e-02,5.829889178276062012e-01,2.937975227832794189e-01,-2.390428446233272552e-02
3.317973613739013672e-01,5.333531498908996582e-01,-3.902746925632527564e-08,3.481415510177612305e-01,5.472982525825500488e-01,-2.510973252356052399e-02,3.532528877258300781e-01,5.638387203216552734e-01,-4.062295705080032349e-02,3.451676964759826660e-01,5.809698700904846191e-01,-5.124311149120330811e-02,3.347462415695190430e-01,5.987231731414794922e-01,-6.066231802105903625e-02,3.175471127033233643e-01,5.416793823242187500e-01,-4.273670166730880737e-02,3.044831752777099609e-01,5.579686760902404785e-01,-5.868671089410781860e-02,2.987385690212249756e-01,5.749773979187011719e-01,-6.811857968568801880e-02,2.949464619159698486e-01,5.927581191062927246e-01,-7.408438622951507568e-02,3.016119599342346191e-01,5.468007922172546387e-01,-3.578516840934753418e-02,2.858957648277282715e-01,5.717409849166870117e-01,-4.974817484617233276e-02,2.798161506652832031e-01,5.958002805709838867e-01,-5.561836436390876770e-02,2.782282531261444092e-01,6.165959835052490234e-01,-6.021592393517494202e-02,2.926012873649597168e-01,5.550612807273864746e-01,-2.987847477197647095e-02,2.776944339275360107e-01,5.785263776779174805e-01,-4.330055788159370422e-02,2.719581127166748047e-01,6.010869741439819336e-01,-4.983588680624961853e-02,2.694380283355712891e-01,6.213578581809997559e-01,-5.400647968053817749e-02,2.886019051074981689e-01,5.643703937530517578e-01,-2.533656358718872070e-02,2.761702537536621094e-01,5.838920474052429199e-01,-3.642040118575096130e-02,2.701497673988342285e-01,6.008643507957458496e-01,-4.209122061729431152e-02,2.672163844108581543e-01,6.154937744140625000e-01,-4.584756866097450256e-02,6.259473562240600586e-01,4.296761155128479004e-01,4.042107804025363293e-08,5.984047651290893555e-01,4.275892376899719238e-01,-4.089550115168094635e-03,5.695247054100036621e-01,4.058186411857604980e-01,-4.706932697445154190e-03,5.498418807983398438e-01,3.902718424797058105e-01,-6.045175716280937195e-03,5.328234434127807617e-01,3.804753422737121582e-01,-7.350117899477481842e-03,5.676629543304443359e-01,3.633389174938201904e-01,2.043486107140779495e-03,5.475394725799560547e-01,3.424540758132934570e-01,-3.818580182269215584e-03,5.340867638587951660e-01,3.320922851562500000e-01,-9.659216739237308502e-03,5.214229226112365723e-01,3.226589262485504150e-01,-1.435866858810186386e-02,5.765512585639953613e-01,3.530052900314331055e-01,-1.742353662848472595e-03,5.566664934158325195e-01,3.265933394432067871e-01,-6.877877283841371536e-03,5.424389839172363281e-01,3.130270540714263916e-01,-1.247694157063961029e-02,5.293412208557128906e-01,3.026532530784606934e-01,-1.670443452894687653e-02,5.893220305442810059e-01,3.495240807533264160e-01,-7.080140057951211929e-03,5.736600160598754883e-01,3.209487795829772949e-01,-1.328641083091497421e-02,5.621698498725891113e-01,3.055644631385803223e-01,-1.777897030115127563e-02,5.508084297180175781e-01,2.932895421981811523e-01,-2.098342776298522949e-02,6.044499874114990234e-01,3.521174490451812744e-01,-1.310835033655166626e-02,5.950145721435546875e-01,3.263225257396697998e-01,-1.885653659701347351e-02,5.880057811737060547e-01,3.102543056011199951e-01,-2.148555964231491089e-02,5.807988047599792480e-01,2.963382601737976074e-01,-2.340117655694484711e-02
3.303476572036743164e-01,5.353183746337890625e-01,-2.521920450249126588e-08,3.476735949516296387e-01,5.477827787399291992e-01,-2.624129876494407654e-02,3.538293242454528809e-01,5.632001757621765137e-01,-4.275824502110481262e-02,3.462830483913421631e-01,5.801420807838439941e-01,-5.421165004372596741e-02,3.357973098754882812e-01,5.977651476860046387e-01,-6.444288790225982666e-02,3.181807100772857666e-01,5.417100787162780762e-01,-4.543537646532058716e-02,3.052422404289245605e-01,5.568418502807617188e-01,-6.267130374908447266e-02,2.993094623088836670e-01,5.741671919822692871e-01,-7.279095053672790527e-02,2.954326272010803223e-01,5.921629071235656738e-01,-7.910284399986267090e-02,3.017087876796722412e-01,5.480784773826599121e-01,-3.819535672664642334e-02,2.863819003105163574e-01,5.707809925079345703e-01,-5.309334397315979004e-02,2.804584205150604248e-01,5.939279794692993164e-01,-5.923305079340934753e-02,2.789768278598785400e-01,6.138278245925903320e-01,-6.407675892114639282e-02,2.921623885631561279e-01,5.574665069580078125e-01,-3.204971551895141602e-02,2.778014540672302246e-01,5.791478753089904785e-01,-4.626066610217094421e-02,2.720425724983215332e-01,6.014738082885742188e-01,-5.315379425883293152e-02,2.695472240447998047e-01,6.213032007217407227e-01,-5.761257559061050415e-02,2.878915071487426758e-01,5.676419734954833984e-01,-2.733966149389743805e-02,2.757197618484497070e-01,5.861767530441284180e-01,-3.908699750900268555e-02,2.697924971580505371e-01,6.028844714164733887e-01,-4.517088830471038818e-02,2.673294842243194580e-01,6.173396110534667969e-01,-4.925317317247390747e-02,6.269894242286682129e-01,4.294998645782470703e-01,3.564357697882769571e-08,5.992811918258666992e-01,4.275646209716796875e-01,-4.074362572282552719e-03,5.694642066955566406e-01,4.051281511783599854e-01,-4.486346617341041565e-03,5.498263239860534668e-01,3.896265923976898193e-01,-5.669642239809036255e-03,5.333166122436523438e-01,3.796889483928680420e-01,-6.906343623995780945e-03,5.684997439384460449e-01,3.626536428928375244e-01,1.974348444491624832e-03,5.479418039321899414e-01,3.411226868629455566e-01,-3.819687757641077042e-03,5.346680879592895508e-01,3.303335011005401611e-01,-9.556082077324390411e-03,5.223615169525146484e-01,3.204208612442016602e-01,-1.423014514148235321e-02,5.778138041496276855e-01,3.525274395942687988e-01,-2.005719114094972610e-03,5.576301217079162598e-01,3.264151811599731445e-01,-7.444884628057479858e-03,5.436505079269409180e-01,3.121302723884582520e-01,-1.339445635676383972e-02,5.308042168617248535e-01,3.002069592475891113e-01,-1.785743050277233124e-02,5.910187959671020508e-01,3.490937948226928711e-01,-7.559910416603088379e-03,5.754219293594360352e-01,3.205631375312805176e-01,-1.410722825676202774e-02,5.641380548477172852e-01,3.036590218544006348e-01,-1.912228018045425415e-02,5.530685782432556152e-01,2.891145646572113037e-01,-2.271581999957561493e-02,6.065763235092163086e-01,3.513169884681701660e-01,-1.377771329134702682e-02,5.967544913291931152e-01,3.255802094936370850e-01,-1.985001377761363983e-02,5.898972749710083008e-01,3.089825510978698730e-01,-2.271810919046401978e-02,5.828763246536254883e-01,2.942211031913757324e-01,-2.483939751982688904e-02
3.303476572036743164e-01,5.353183746337890625e-01,-2.521920450249126588e-08,3.476735949516296387e-01,5.477827787399291992e-01,-2.624129876494407654e-02,3.538293242454528809e-01,5.632001757621765137e-01,-4.275824502110481262e-02,3.462830483913421631e-01,5.801420807838439941e-01,-5.421165004372596741e-02,3.357973098754882812e-01,5.977651476860046387e-01,-6.444288790225982666e-02,3.181807100772857666e-01,5.417100787162780762e-01,-4.543537646532058716e-02,3.052422404289245605e-01,5.568418502807617188e-01,-6.267130374908447266e-02,2.993094623088836670e-01,5.741671919822692871e-01,-7.279095053672790527e-02,2.954326272010803223e-01,5.921629071235656738e-01,-7.910284399986267090e-02,3.017087876796722412e-01,5.480784773826599121e-01,-3.819535672664642334e-02,2.863819003105163574e-01,5.707809925079345703e-01,-5.309334397315979004e-02,2.804584205150604248e-01,5.939279794692993164e-01,-5.923305079340934753e-02,2.789768278598785400e-01,6.138278245925903320e-01,-6.407675892114639282e-02,2.921623885631561279e-01,5.574665069580078125e-01,-3.204971551895141602e-02,2.778014540672302246e-01,5.791478753089904785e-01,-4.626066610217094421e-02,2.720425724983215332e-01,6.014738082885742188e-01,-5.315379425883293152e-02,2.695472240447998047e-01,6.213032007217407227e-01,-5.761257559061050415e-02,2.878915071487426758e-01,5.676419734954833984e-01,-2.733966149389743805e-02,2.757197618484497070e-01,5.861767530441284180e-01,-3.908699750900268555e-02,2.697924971580505371e-01,6.028844714164733887e-01,-4.517088830471038818e-02,2.673294842243194580e-01,6.173396110534667969e-01,-4.925317317247390747e-02,6.269894242286682129e-01,4.294998645782470703e-01,3.564357697882769571e-08,5.992811918258666992e-01,4.275646209716796875e-01,-4.074362572282552719e-03,5.694642066955566406e-01,4.051281511783599854e-01,-4.486346617341041565e-03,5.498263239860534668e-01,3.896265923976898193e-01,-5.669642239809036255e-03,5.333166122436523438e-01,3.796889483928680420e-01,-6.906343623995780945e-03,5.684997439384460449e-01,3.626536428928375244e-01,1.974348444491624832e-03,5.479418039321899414e-01,3.411226868629455566e-01,-3.819687757641077042e-03,5.346680879592895508e-01,3.303335011005401611e-01,-9.556082077324390411e-03,5.223615169525146484e-01,3.204208612442016602e-01,-1.423014514148235321e-02,5.778138041496276855e-01,3.525274395942687988e-01,-2.005719114094972610e-03,5.576301217079162598e-01,3.264151811599731445e-01,-7.444884628057479858e-03,5.436505079269409180e-01,3.121302723884582520e-01,-1.339445635676383972e-02,5.308042168617248535e-01,3.002069592475891113e-01,-1.785743050277233124e-02,5.910187959671020508e-01,3.490937948226928711e-01,-7.559910416603088379e-03,5.754219293594360352e-01,3.205631375312805176e-01,-1.410722825676202774e-02,5.641380548477172852e-01,3.036590218544006348e-01,-1.912228018045425415e-02,5.530685782432556152e-01,2.891145646572113037e-01,-2.271581999957561493e-02,6.065763235092163086e-01,3.513169884681701660e-01,-1.377771329134702682e-02,5.967544913291931152e-01,3.255802094936370850e-01,-1.985001377761363983e-02,5.898972749710083008e-01,3.089825510978698730e-01,-2.271810919046401978e-02,5.828763246536254883e-01,2.942211031913757324e-01,-2.483939751982688904e-02
3.282199800014495850e-01,5.354465842247009277e-01,-3.807015147572201386e-08,3.458159267902374268e-01,5.477078557014465332e-01,-2.561628445982933044e-02,3.526046276092529297e-01,5.630507469177246094e-01,-4.200632870197296143e-02,3.457568883895874023e-01,5.798307657241821289e-01,-5.348813161253929138e-02,3.359254300594329834e-01,5.972523093223571777e-01,-6.377933919429779053e-02,3.170701861381530762e-01,5.428196191787719727e-01,-4.463309049606323242e-02,3.051791489124298096e-01,5.570732951164245605e-01,-6.223987042903900146e-02,3.002047538757324219e-01,5.737256407737731934e-01,-7.269869744777679443e-02,2.974799573421478271e-01,5.912706255912780762e-01,-7.907462120056152344e-02,3.003234565258026123e-01,5.497317910194396973e-01,-3.775934502482414246e-02,2.865821421146392822e-01,5.722298026084899902e-01,-5.271952599287033081e-02,2.815886735916137695e-01,5.951435565948486328e-01,-5.880615487694740295e-02,2.807228267192840576e-01,6.148421168327331543e-01,-6.359474360942840576e-02,2.904516458511352539e-01,5.593619942665100098e-01,-3.202663734555244446e-02,2.768042981624603271e-01,5.809456706047058105e-01,-4.626562446355819702e-02,2.715754210948944092e-01,6.028140783309936523e-01,-5.277840793132781982e-02,2.696106731891632080e-01,6.223564743995666504e-01,-5.693469569087028503e-02,2.859410941600799561e-01,5.693407058715820312e-01,-2.769130654633045197e-02,2.743710875511169434e-01,5.882434844970703125e-01,-3.908782452344894409e-02,2.686544060707092285e-01,6.039429306983947754e-01,-4.457082599401473999e-02,2.661459743976593018e-01,6.175183653831481934e-01,-4.824179410934448242e-02,6.291224360466003418e-01,4.283298254013061523e-01,4.158551902833096392e-08,6.014821529388427734e-01,4.251298606395721436e-01,-5.213313270360231400e-03,5.718284249305725098e-01,4.027863740921020508e-01,-6.679269950836896896e-03,5.515128374099731445e-01,3.874050378799438477e-01,-8.789146319031715393e-03,5.343383550643920898e-01,3.772264719009399414e-01,-1.075756456702947617e-02,5.705631375312805176e-01,3.605277836322784424e-01,1.372578321024775505e-03,5.503847599029541016e-01,3.391991555690765381e-01,-5.150506738573312759e-03,5.371627807617187500e-01,3.289780914783477783e-01,-1.151394750922918320e-02,5.247001647949218750e-01,3.196377456188201904e-01,-1.655314490199089050e-02,5.800336003303527832e-01,3.500513136386871338e-01,-2.301222877576947212e-03,5.611810684204101562e-01,3.235111534595489502e-01,-8.097052574157714844e-03,5.479965209960937500e-01,3.093674778938293457e-01,-1.425956096500158310e-02,5.356910228729248047e-01,2.973347306251525879e-01,-1.889185048639774323e-02,5.934342741966247559e-01,3.464501798152923584e-01,-7.696898188441991806e-03,5.790833234786987305e-01,3.170846104621887207e-01,-1.445159781724214554e-02,5.678694248199462891e-01,3.006934523582458496e-01,-1.925592869520187378e-02,5.567448139190673828e-01,2.867478430271148682e-01,-2.270269393920898438e-02,6.092149019241333008e-01,3.490682244300842285e-01,-1.387379132211208344e-02,6.004977822303771973e-01,3.231943249702453613e-01,-1.994362473487854004e-02,5.937604904174804688e-01,3.063346147537231445e-01,-2.261717990040779114e-02,5.866714119911193848e-01,2.915053963661193848e-01,-2.458254061639308929e-02
3.302077353000640869e-01,5.362801551818847656e-01,-4.492293470548247569e-08,3.483341336250305176e-01,5.470378994941711426e-01,-2.628659270703792572e-02,3.543087244033813477e-01,5.628798604011535645e-01,-4.241947829723358154e-02,3.463106453418731689e-01,5.800608992576599121e-01,-5.347183346748352051e-02,3.360118567943572998e-01,5.981770157814025879e-01,-6.314048916101455688e-02,3.172237873077392578e-01,5.419999361038208008e-01,-4.456331953406333923e-02,3.046104311943054199e-01,5.566819906234741211e-01,-6.180203706026077271e-02,3.000938892364501953e-01,5.737358331680297852e-01,-7.200896739959716797e-02,2.980805635452270508e-01,5.918877720832824707e-01,-7.815887778997421265e-02,3.012249469757080078e-01,5.499384403228759766e-01,-3.707396239042282104e-02,2.865300774574279785e-01,5.695543289184570312e-01,-5.201591551303863525e-02,2.820947766304016113e-01,5.919632315635681152e-01,-5.807051435112953186e-02,2.827275693416595459e-01,6.113203763961791992e-01,-6.260857731103897095e-02,2.922011613845825195e-01,5.605938434600830078e-01,-3.074775822460651398e-02,2.777778804302215576e-01,5.808057188987731934e-01,-4.463820159435272217e-02,2.724709510803222656e-01,6.020006537437438965e-01,-5.120494589209556580e-02,2.709205448627471924e-01,6.209239959716796875e-01,-5.526270717382431030e-02,2.883648872375488281e-01,5.717569589614868164e-01,-2.587546780705451965e-02,2.759638726711273193e-01,5.897262692451477051e-01,-3.701341152191162109e-02,2.696274816989898682e-01,6.055727601051330566e-01,-4.268605634570121765e-02,2.667840123176574707e-01,6.191284060478210449e-01,-4.642696306109428406e-02,6.343586444854736328e-01,4.237041771411895752e-01,5.032645589153617038e-08,6.061001420021057129e-01,4.208781123161315918e-01,-6.065170746296644211e-03,5.770594477653503418e-01,3.978899419307708740e-01,-7.663672789931297302e-03,5.575560927391052246e-01,3.800997436046600342e-01,-9.611815214157104492e-03,5.403290390968322754e-01,3.685905635356903076e-01,-1.143016200512647629e-02,5.785551667213439941e-01,3.533360958099365234e-01,-4.933248274028301239e-04,5.570744872093200684e-01,3.305811583995819092e-01,-7.370359264314174652e-03,5.436092615127563477e-01,3.191221058368682861e-01,-1.380425039678812027e-02,5.312338471412658691e-01,3.094883263111114502e-01,-1.871717907488346100e-02,5.896517038345336914e-01,3.425515890121459961e-01,-3.811400849372148514e-03,5.715035200119018555e-01,3.138651847839355469e-01,-1.002759393304586411e-02,5.582365393638610840e-01,2.982066869735717773e-01,-1.632034219801425934e-02,5.458018779754638672e-01,2.862794399261474609e-01,-2.086094394326210022e-02,6.038661003112792969e-01,3.390232622623443604e-01,-8.799921721220016479e-03,5.910155773162841797e-01,3.090602755546569824e-01,-1.591205038130283356e-02,5.808074474334716797e-01,2.909006774425506592e-01,-2.037657424807548523e-02,5.705791115760803223e-01,2.756119966506958008e-01,-2.339472621679306030e-02,6.196876168251037598e-01,3.418062925338745117e-01,-1.461180299520492554e-02,6.122459769248962402e-01,3.149520456790924072e-01,-2.081024646759033203e-02,6.069502234458923340e-01,2.977304458618164062e-01,-2.290345355868339539e-02,6.013571023941040039e-01,2.829263806343078613e-01,-2.429242618381977081e-02
3.305609524250030518e-01,5.358792543411254883e-01,-4.916172002822349896e-08,3.480416238307952881e-01,5.474234819412231445e-01,-2.586008794605731964e-02,3.537941873073577881e-01,5.632677078247070312e-01,-4.193230718374252319e-02,3.459003567695617676e-01,5.807914137840270996e-01,-5.304664373397827148e-02,3.356867134571075439e-01,5.991231799125671387e-01,-6.279392540454864502e-02,3.177178502082824707e-01,5.419665575027465820e-01,-4.382560402154922485e-02,3.055803477764129639e-01,5.565631985664367676e-01,-6.121978908777236938e-02,3.012109994888305664e-01,5.731004476547241211e-01,-7.152224332094192505e-02,2.992176711559295654e-01,5.907921791076660156e-01,-7.766783982515335083e-02,3.015914857387542725e-01,5.496459007263183594e-01,-3.662828728556632996e-02,2.871488928794860840e-01,5.700009465217590332e-01,-5.147313699126243591e-02,2.826880812644958496e-01,5.924936532974243164e-01,-5.741861835122108459e-02,2.828297913074493408e-01,6.118720173835754395e-01,-6.189432740211486816e-02,2.921808958053588867e-01,5.601406097412109375e-01,-3.063828684389591217e-02,2.777410149574279785e-01,5.807566642761230469e-01,-4.458032548427581787e-02,2.724466323852539062e-01,6.023290157318115234e-01,-5.096988379955291748e-02,2.706841528415679932e-01,6.215116381645202637e-01,-5.488764494657516479e-02,2.879842221736907959e-01,5.710460543632507324e-01,-2.608302794396877289e-02,2.757257819175720215e-01,5.893139839172363281e-01,-3.705612942576408386e-02,2.696290016174316406e-01,6.050937175750732422e-01,-4.240813851356506348e-02,2.669500112533569336e-01,6.185833215713500977e-01,-4.592554271221160889e-02,6.378319859504699707e-01,4.221951365470886230e-01,4.866006619863583182e-08,6.100369095802307129e-01,4.170977175235748291e-01,-5.222781561315059662e-03,5.817289948463439941e-01,3.928000330924987793e-01,-6.102610379457473755e-03,5.628256201744079590e-01,3.757779002189636230e-01,-7.547798566520214081e-03,5.468634366989135742e-01,3.649348020553588867e-01,-8.952734991908073425e-03,5.840137004852294922e-01,3.493663370609283447e-01,1.211680821143090725e-03,5.642071366310119629e-01,3.266564905643463135e-01,-4.867868032306432724e-03,5.512433648109436035e-01,3.141815960407257080e-01,-1.075515709817409515e-02,5.391931533813476562e-01,3.025580644607543945e-01,-1.546713709831237793e-02,5.954192280769348145e-01,3.379747569561004639e-01,-2.390952780842781067e-03,5.787743330001831055e-01,3.090680837631225586e-01,-7.824028842151165009e-03,5.665167570114135742e-01,2.924816906452178955e-01,-1.379612460732460022e-02,5.546765923500061035e-01,2.788096070289611816e-01,-1.829605177044868469e-02,6.097029447555541992e-01,3.344358503818511963e-01,-7.629834115505218506e-03,5.993946194648742676e-01,3.036853373050689697e-01,-1.421223580837249756e-02,5.903397202491760254e-01,2.853173315525054932e-01,-1.870711892843246460e-02,5.808162689208984375e-01,2.697603702545166016e-01,-2.186359837651252747e-02,6.251062750816345215e-01,3.377543389797210693e-01,-1.362857595086097717e-02,6.192315220832824707e-01,3.106352686882019043e-01,-1.920473761856555939e-02,6.146379113197326660e-01,2.929497659206390381e-01,-2.117934264242649078e-02,6.093000769615173340e-01,2.778587937355041504e-01,-2.266175486147403717e-02
3.309954702854156494e-01,5.357282757759094238e-01,-5.090587507083910168e-08,3.483137190341949463e-01,5.474268198013305664e-01,-2.549365162849426270e-02,3.538551330566406250e-01,5.633409023284912109e-01,-4.127702116966247559e-02,3.457548916339874268e-01,5.809162259101867676e-01,-5.214428901672363281e-02,3.355436623096466064e-01,5.993471145629882812e-01,-6.164374202489852905e-02,3.177177906036376953e-01,5.419798493385314941e-01,-4.308452829718589783e-02,3.055713772773742676e-01,5.566319823265075684e-01,-6.013176590204238892e-02,3.011960685253143311e-01,5.732120275497436523e-01,-7.025717198848724365e-02,2.991436719894409180e-01,5.908376574516296387e-01,-7.633986324071884155e-02,3.015824258327484131e-01,5.495909452438354492e-01,-3.600456938147544861e-02,2.869460582733154297e-01,5.698493123054504395e-01,-5.071525648236274719e-02,2.825670540332794189e-01,5.924585461616516113e-01,-5.662576109170913696e-02,2.829202413558959961e-01,6.118670105934143066e-01,-6.100996583700180054e-02,2.923178970813751221e-01,5.600875020027160645e-01,-3.009533509612083435e-02,2.776813209056854248e-01,5.807968378067016602e-01,-4.390140622854232788e-02,2.723481357097625732e-01,6.022425293922424316e-01,-5.023177340626716614e-02,2.705587148666381836e-01,6.213468909263610840e-01,-5.406636744737625122e-02,2.882736027240753174e-01,5.710463523864746094e-01,-2.558529935777187347e-02,2.759267091751098633e-01,5.894107818603515625e-01,-3.649220243096351624e-02,2.697405815124511719e-01,6.051570773124694824e-01,-4.177431762218475342e-02,2.669275701045989990e-01,6.186193823814392090e-01,-4.519517347216606140e-02,6.380021572113037109e-01,4.234204590320587158e-01,4.542823717201827094e-08,6.096590757369995117e-01,4.177561998367309570e-01,-5.124134477227926254e-03,5.823783874511718750e-01,3.946551680564880371e-01,-6.640272680670022964e-03,5.643931627273559570e-01,3.769772350788116455e-01,-8.691630326211452484e-03,5.486277341842651367e-01,3.639536499977111816e-01,-1.067586988210678101e-02,5.839971303939819336e-01,3.502956032752990723e-01,7.479067426174879074e-04,5.642983317375183105e-01,3.261740505695343018e-01,-6.015722639858722687e-03,5.511499643325805664e-01,3.141995966434478760e-01,-1.259281300008296967e-02,5.390299558639526367e-01,3.033658266067504883e-01,-1.761475577950477600e-02,5.956556797027587891e-01,3.394434750080108643e-01,-2.956519369035959244e-03,5.786560773849487305e-01,3.100130259990692139e-01,-8.727494627237319946e-03,5.658339262008666992e-01,2.941122949123382568e-01,-1.500751730054616928e-02,5.537644028663635254e-01,2.811065316200256348e-01,-1.970523409545421600e-02,6.101487874984741211e-01,3.362453281879425049e-01,-8.312667720019817352e-03,5.988584160804748535e-01,3.048084974288940430e-01,-1.500418409705162048e-02,5.897647738456726074e-01,2.861806750297546387e-01,-1.977132447063922882e-02,5.805996656417846680e-01,2.701750397682189941e-01,-2.314664609730243683e-02,6.259093880653381348e-01,3.399398028850555420e-01,-1.440686360001564026e-02,6.198004484176635742e-01,3.125309050083160400e-01,-2.043501660227775574e-02,6.148882508277893066e-01,2.946976125240325928e-01,-2.284605801105499268e-02,6.094040274620056152e-01,2.788123786449432373e-01,-2.452538534998893738e-02
3.309954702854156494e-01,5.357282757759094238e-01,-5.090587507083910168e-08,3.483137190341949463e-01,5.474268198013305664e-01,-2.549365162849426270e-02,3.538551330566406250e-01,5.633409023284912109e-01,-4.127702116966247559e-02,3.457548916339874268e-01,5.809162259101867676e-01,-5.214428901672363281e-02,3.355436623096466064e-01,5.993471145629882812e-01,-6.164374202489852905e-02,3.177177906036376953e-01,5.419798493385314941e-01,-4.308452829718589783e-02,3.055713772773742676e-01,5.566319823265075684e-01,-6.013176590204238892e-02,3.011960685253143311e-01,5.732120275497436523e-01,-7.025717198848724365e-02,2.991436719894409180e-01,5.908376574516296387e-01,-7.633986324071884155e-02,3.015824258327484131e-01,5.495909452438354492e-01,-3.600456938147544861e-02,2.869460582733154297e-01,5.698493123054504395e-01,-5.071525648236274719e-02,2.825670540332794189e-01,5.924585461616516113e-01,-5.662576109170913696e-02,2.829202413558959961e-01,6.118670105934143066e-01,-6.100996583700180054e-02,2.923178970813751221e-01,5.600875020027160645e-01,-3.009533509612083435e-02,2.776813209056854248e-01,5.807968378067016602e-01,-4.390140622854232788e-02,2.723481357097625732e-01,6.022425293922424316e-01,-5.023177340626716614e-02,2.705587148666381836e-01,6.213468909263610840e-01,-5.406636744737625122e-02,2.882736027240753174e-01,5.710463523864746094e-01,-2.558529935777187347e-02,2.759267091751098633e-01,5.894107818603515625e-01,-3.649220243096351624e-02,2.697405815124511719e-01,6.051570773124694824e-01,-4.177431762218475342e-02,2.669275701045989990e-01,6.186193823814392090e-01,-4.519517347216606140e-02,6.380021572113037109e-01,4.234204590320587158e-01,4.542823717201827094e-08,6.096590757369995117e-01,4.177561998367309570e-01,-5.124134477227926254e-03,5.823783874511718750e-01,3.946551680564880371e-01,-6.640272680670022964e-03,5.643931627273559570e-01,3.769772350788116455e-01,-8.691630326211452484e-03,5.486277341842651367e-01,3.639536499977111816e-01,-1.067586988210678101e-02,5.839971303939819336e-01,3.502956032752990723e-01,7.479067426174879074e-04,5.642983317375183105e-01,3.261740505695343018e-01,-6.015722639858722687e-03,5.511499643325805664e-01,3.141995966434478760e-01,-1.259281300008296967e-02,5.390299558639526367e-01,3.033658266067504883e-01,-1.761475577950477600e-02,5.956556797027587891e-01,3.394434750080108643e-01,-2.956519369035959244e-03,5.786560773849487305e-01,3.100130259990692139e-01,-8.727494627237319946e-03,5.658339262008666992e-01,2.941122949123382568e-01,-1.500751730054616928e-02,5.537644028663635254e-01,2.811065316200256348e-01,-1.970523409545421600e-02,6.101487874984741211e-01,3.362453281879425049e-01,-8.312667720019817352e-03,5.988584160804748535e-01,3.048084974288940430e-01,-1.500418409705162048e-02,5.897647738456726074e-01,2.861806750297546387e-01,-1.977132447063922882e-02,5.805996656417846680e-01,2.701750397682189941e-01,-2.314664609730243683e-02,6.259093880653381348e-01,3.399398028850555420e-01,-1.440686360001564026e-02,6.198004484176635742e-01,3.125309050083160400e-01,-2.043501660227775574e-02,6.148882508277893066e-01,2.946976125240325928e-01,-2.284605801105499268e-02,6.094040274620056152e-01,2.788123786449432373e-01,-2.452538534998893738e-02
3.295966088771820068e-01,5.364198088645935059e-01,-4.565406186429754598e-08,3.474876880645751953e-01,5.474341511726379395e-01,-2.611487358808517456e-02,3.539954423904418945e-01,5.628994703292846680e-01,-4.257158935070037842e-02,3.465250134468078613e-01,5.807133913040161133e-01,-5.398640036582946777e-02,3.364271819591522217e-01,5.995247960090637207e-01,-6.409922242164611816e-02,3.181993961334228516e-01,5.415554046630859375e-01,-4.511341080069541931e-02,3.060027360916137695e-01,5.566713809967041016e-01,-6.284367293119430542e-02,3.014366328716278076e-01,5.740126371383666992e-01,-7.327084988355636597e-02,2.993348836898803711e-01,5.921258926391601562e-01,-7.949582487344741821e-02,3.016707599163055420e-01,5.493168830871582031e-01,-3.785723820328712463e-02,2.871090769767761230e-01,5.709100961685180664e-01,-5.293916910886764526e-02,2.823127508163452148e-01,5.937149524688720703e-01,-5.897640436887741089e-02,2.822946012020111084e-01,6.132782101631164551e-01,-6.359571963548660278e-02,2.920358180999755859e-01,5.597792863845825195e-01,-3.173796832561492920e-02,2.777870893478393555e-01,5.809672474861145020e-01,-4.597132280468940735e-02,2.723709940910339355e-01,6.027310490608215332e-01,-5.251362919807434082e-02,2.705963850021362305e-01,6.220225691795349121e-01,-5.657421797513961792e-02,2.877942025661468506e-01,5.705974102020263672e-01,-2.702760137617588043e-02,2.757302522659301758e-01,5.891323089599609375e-01,-3.827759996056556702e-02,2.697719037532806396e-01,6.049419641494750977e-01,-4.372456669807434082e-02,2.672775983810424805e-01,6.184246540069580078e-01,-4.733968898653984070e-02,6.397423148155212402e-01,4.218288660049438477e-01,5.919407897181372391e-08,6.111051440238952637e-01,4.150347113609313965e-01,-5.224949214607477188e-03,5.841246247291564941e-01,3.917923569679260254e-01,-6.725183688104152679e-03,5.659599900245666504e-01,3.755432069301605225e-01,-8.818422444164752960e-03,5.514219999313354492e-01,3.624383211135864258e-01,-1.090503111481666565e-02,5.869325399398803711e-01,3.470124602317810059e-01,4.781902243848890066e-04,5.676878690719604492e-01,3.228636980056762695e-01,-6.042393390089273453e-03,5.550257563591003418e-01,3.111274242401123047e-01,-1.223867386579513550e-02,5.431879162788391113e-01,2.999005317687988281e-01,-1.699827425181865692e-02,5.988832116127014160e-01,3.362522721290588379e-01,-3.145493566989898682e-03,5.829219222068786621e-01,3.058059811592102051e-01,-8.645947091281414032e-03,5.711346864700317383e-01,2.888367772102355957e-01,-1.477478630840778351e-02,5.597321987152099609e-01,2.745080292224884033e-01,-1.941687799990177155e-02,6.133335232734680176e-01,3.334065079689025879e-01,-8.394625037908554077e-03,6.036040782928466797e-01,3.017774820327758789e-01,-1.491762790828943253e-02,5.951738953590393066e-01,2.833512127399444580e-01,-1.970970816910266876e-02,5.862870812416076660e-01,2.676919102668762207e-01,-2.310682833194732666e-02,6.285649538040161133e-01,3.375481963157653809e-01,-1.437068078666925430e-02,6.233109235763549805e-01,3.103677332401275635e-01,-2.013413980603218079e-02,6.190543770790100098e-01,2.927438020706176758e-01,-2.239192463457584381e-02,6.141374111175537109e-01,2.773376405239105225e-01,-2.398647367954254150e-02
3.299178779125213623e-01,5.358811020851135254e-01,-4.944964260289452795e-08,3.481285870075225830e-01,5.477244257926940918e-01,-2.619343809783458710e-02,3.543663322925567627e-01,5.637854933738708496e-01,-4.247538745403289795e-02,3.459575772285461426e-01,5.816743969917297363e-01,-5.357232689857482910e-02,3.353420197963714600e-01,6.004419326782226562e-01,-6.328780949115753174e-02,3.200362622737884521e-01,5.416151285171508789e-01,-4.579249024391174316e-02,3.080994486808776855e-01,5.566415786743164062e-01,-6.392956525087356567e-02,3.034592866897583008e-01,5.745758414268493652e-01,-7.439948618412017822e-02,3.012034893035888672e-01,5.936999917030334473e-01,-8.059751242399215698e-02,3.026518225669860840e-01,5.490107536315917969e-01,-3.834394738078117371e-02,2.884331643581390381e-01,5.698136687278747559e-01,-5.387284979224205017e-02,2.834398448467254639e-01,5.929918289184570312e-01,-5.961740761995315552e-02,2.832755148410797119e-01,6.127403974533081055e-01,-6.397850811481475830e-02,2.922050058841705322e-01,5.593747496604919434e-01,-3.202440962195396423e-02,2.788956165313720703e-01,5.803595185279846191e-01,-4.668813943862915039e-02,2.736141681671142578e-01,6.025527715682983398e-01,-5.273411422967910767e-02,2.717856764793395996e-01,6.222458481788635254e-01,-5.636594444513320923e-02,2.872942388057708740e-01,5.703929066658020020e-01,-2.712118066847324371e-02,2.759817838668823242e-01,5.887355804443359375e-01,-3.869956731796264648e-02,2.703870534896850586e-01,6.044480204582214355e-01,-4.392067715525627136e-02,2.680238485336303711e-01,6.179082393646240234e-01,-4.728144034743309021e-02,6.499930024147033691e-01,4.161493182182312012e-01,6.684221887098829029e-08,6.210618019104003906e-01,4.051795601844787598e-01,-5.990104284137487411e-03,5.944627523422241211e-01,3.808848261833190918e-01,-8.150186389684677124e-03,5.769051313400268555e-01,3.612637221813201904e-01,-1.075023505836725235e-02,5.639348626136779785e-01,3.433189690113067627e-01,-1.321910880506038666e-02,6.033528447151184082e-01,3.366430103778839111e-01,-1.230543130077421665e-03,5.846130251884460449e-01,3.102967143058776855e-01,-8.224193938076496124e-03,5.724868178367614746e-01,2.961637377738952637e-01,-1.436368282884359360e-02,5.617299675941467285e-01,2.829709351062774658e-01,-1.900024339556694031e-02,6.168897747993469238e-01,3.266348540782928467e-01,-4.807390272617340088e-03,6.036244034767150879e-01,2.922074794769287109e-01,-1.038745883852243423e-02,5.940891504287719727e-01,2.723111212253570557e-01,-1.593972742557525635e-02,5.853612422943115234e-01,2.556741535663604736e-01,-2.014310657978057861e-02,6.321451067924499512e-01,3.250503242015838623e-01,-1.007121149450540543e-02,6.254027485847473145e-01,2.905675470829010010e-01,-1.688533462584018707e-02,6.200196743011474609e-01,2.692828476428985596e-01,-2.117061801254749298e-02,6.142027378082275391e-01,2.511583566665649414e-01,-2.411109395325183868e-02,6.476495265960693359e-01,3.305593729019165039e-01,-1.612406782805919647e-02,6.449241638183593750e-01,3.002387583255767822e-01,-2.200982160866260529e-02,6.439210772514343262e-01,2.803676128387451172e-01,-2.380313724279403687e-02,6.421235203742980957e-01,2.630392611026763916e-01,-2.501977607607841492e-02
3.299178779125213623e-01,5.358811020851135254e-01,-4.944964260289452795e-08,3.481285870075225830e-01,5.477244257926940918e-01,-2.619343809783458710e-02,3.543663322925567627e-01,5.637854933738708496e-01,-4.247538745403289795e-02,3.459575772285461426e-01,5.816743969917297363e-01,-5.357232689857482910e-02,3.353420197963714600e-01,6.004419326782226562e-01,-6.328780949115753174e-02,3.200362622737884521e-01,5.416151285171508789e-01,-4.579249024391174316e-02,3.080994486808776855e-01,5.566415786743164062e-01,-6.392956525087356567e-02,3.034592866897583008e-01,5.745758414268493652e-01,-7.439948618412017822e-02,3.012034893035888672e-01,5.936999917030334473e-01,-8.059751242399215698e-02,3.026518225669860840e-01,5.490107536315917969e-01,-3.834394738078117371e-02,2.884331643581390381e-01,5.698136687278747559e-01,-5.387284979224205017e-02,2.834398448467254639e-01,5.929918289184570312e-01,-5.961740761995315552e-02,2.832755148410797119e-01,6.127403974533081055e-01,-6.397850811481475830e-02,2.922050058841705322e-01,5.593747496604919434e-01,-3.202440962195396423e-02,2.788956165313720703e-01,5.803595185279846191e-01,-4.668813943862915039e-02,2.736141681671142578e-01,6.025527715682983398e-01,-5.273411422967910767e-02,2.717856764793395996e-01,6.222458481788635254e-01,-5.636594444513320923e-02,2.872942388057708740e-01,5.703929066658020020e-01,-2.712118066847324371e-02,2.759817838668823242e-01,5.887355804443359375e-01,-3.869956731796264648e-02,2.703870534896850586e-01,6.044480204582214355e-01,-4.392067715525627136e-02,2.680238485336303711e-01,6.179082393646240234e-01,-4.728144034743309021e-02,6.499930024147033691e-01,4.161493182182312012e-01,6.684221887098829029e-08,6.210618019104003906e-01,4.051795601844787598e-01,-5.990104284137487411e-03,5.944627523422241211e-01,3.808848261833190918e-01,-8.150186389684677124e-03,5.769051313400268555e-01,3.612637221813201904e-01,-1.075023505836725235e-02,5.639348626136779785e-01,3.433189690113067627e-01,-1.321910880506038666e-02,6.033528447151184082e-01,3.366430103778839111e-01,-1.230543130077421665e-03,5.846130251884460449e-01,3.102967143058776855e-01,-8.224193938076496124e-03,5.724868178367614746e-01,2.961637377738952637e-01,-1.436368282884359360e-02,5.617299675941467285e-01,2.829709351062774658e-01,-1.900024339556694031e-02,6.168897747993469238e-01,3.266348540782928467e-01,-4.807390272617340088e-03,6.036244034767150879e-01,2.922074794769287109e-01,-1.038745883852243423e-02,5.940891504287719727e-01,2.723111212253570557e-01,-1.593972742557525635e-02,5.853612422943115234e-01,2.556741535663604736e-01,-2.014310657978057861e-02,6.321451067924499512e-01,3.250503242015838623e-01,-1.007121149450540543e-02,6.254027485847473145e-01,2.905675470829010010e-01,-1.688533462584018707e-02,6.200196743011474609e-01,2.692828476428985596e-01,-2.117061801254749298e-02,6.142027378082275391e-01,2.511583566665649414e-01,-2.411109395325183868e-02,6.476495265960693359e-01,3.305593729019165039e-01,-1.612406782805919647e-02,6.449241638183593750e-01,3.002387583255767822e-01,-2.200982160866260529e-02,6.439210772514343262e-01,2.803676128387451172e-01,-2.380313724279403687e-02,6.421235203742980957e-01,2.630392611026763916e-01,-2.501977607607841492e-02
3.298439383506774902e-01,5.359119176864624023e-01,-4.797234254283466726e-08,3.480716645717620850e-01,5.475851893424987793e-01,-2.606615982949733734e-02,3.544959723949432373e-01,5.637047886848449707e-01,-4.222489148378372192e-02,3.463986217975616455e-01,5.815159082412719727e-01,-5.326659977436065674e-02,3.359395861625671387e-01,6.001825332641601562e-01,-6.288968026638031006e-02,3.195809423923492432e-01,5.418467521667480469e-01,-4.505671188235282898e-02,3.078339397907257080e-01,5.568437576293945312e-01,-6.290367245674133301e-02,3.032274544239044189e-01,5.746989846229553223e-01,-7.328037917613983154e-02,3.010319173336029053e-01,5.936477780342102051e-01,-7.946458458900451660e-02,3.024790883064270020e-01,5.494415760040283203e-01,-3.769660741090774536e-02,2.883911430835723877e-01,5.694884061813354492e-01,-5.303817987442016602e-02,2.834810614585876465e-01,5.927153229713439941e-01,-5.877900868654251099e-02,2.835426330566406250e-01,6.125138998031616211e-01,-6.311372667551040649e-02,2.922858893871307373e-01,5.598878264427185059e-01,-3.150354325771331787e-02,2.787646055221557617e-01,5.803404450416564941e-01,-4.594426602125167847e-02,2.735523879528045654e-01,6.023759245872497559e-01,-5.201371014118194580e-02,2.718443870544433594e-01,6.218333840370178223e-01,-5.565393343567848206e-02,2.875167727470397949e-01,5.708965659141540527e-01,-2.675195783376693726e-02,2.760929167270660400e-01,5.889469385147094727e-01,-3.826410695910453796e-02,2.703710198402404785e-01,6.048766374588012695e-01,-4.360372200608253479e-02,2.679958641529083252e-01,6.184065341949462891e-01,-4.703117534518241882e-02,6.493743062019348145e-01,4.159618020057678223e-01,6.253092266206294880e-08,6.216564178466796875e-01,4.060523808002471924e-01,-6.547647528350353241e-03,5.953009724617004395e-01,3.819092810153961182e-01,-9.414950385689735413e-03,5.774227976799011230e-01,3.629376292228698730e-01,-1.262143626809120178e-02,5.638979673385620117e-01,3.461081385612487793e-01,-1.576743274927139282e-02,6.041500568389892578e-01,3.363394141197204590e-01,-1.797124510630965233e-03,5.846365094184875488e-01,3.109145164489746094e-01,-9.499418549239635468e-03,5.719504952430725098e-01,2.970896363258361816e-01,-1.650558598339557648e-02,5.608711838722229004e-01,2.834630608558654785e-01,-2.183038555085659027e-02,6.174896359443664551e-01,3.259558081626892090e-01,-5.290009547024965286e-03,6.033882498741149902e-01,2.923586964607238770e-01,-1.190500240772962570e-02,5.935414433479309082e-01,2.727616727352142334e-01,-1.828859001398086548e-02,5.843402147293090820e-01,2.560575604438781738e-01,-2.306318655610084534e-02,6.328405737876892090e-01,3.244236111640930176e-01,-1.054227817803621292e-02,6.264138221740722656e-01,2.894238233566284180e-01,-1.819859445095062256e-02,6.206481456756591797e-01,2.678070664405822754e-01,-2.308557741343975067e-02,6.145150661468505859e-01,2.491926997900009155e-01,-2.637578360736370087e-02,6.482609510421752930e-01,3.306604027748107910e-01,-1.654827408492565155e-02,6.454674601554870605e-01,3.009819984436035156e-01,-2.304502762854099274e-02,6.433420181274414062e-01,2.812322080135345459e-01,-2.533087134361267090e-02,6.402915120124816895e-01,2.635566592216491699e-01,-2.687541022896766663e-02
3.314667940139770508e-01,5.354501008987426758e-01,-4.971090916683351679e-08,3.493835330009460449e-01,5.475108027458190918e-01,-2.499223314225673676e-02,3.550612926483154297e-01,5.644401311874389648e-01,-4.042337089776992798e-02,3.468773961067199707e-01,5.825418829917907715e-01,-5.094523355364799500e-02,3.373374044895172119e-01,6.015918254852294922e-01,-6.007992848753929138e-02,3.199751079082489014e-01,5.431008338928222656e-01,-4.330337792634963989e-02,3.077933490276336670e-01,5.582412481307983398e-01,-5.998270586133003235e-02,3.035506904125213623e-01,5.754230618476867676e-01,-6.942481547594070435e-02,3.022421002388000488e-01,5.937584638595581055e-01,-7.498893886804580688e-02,3.035040795803070068e-01,5.502886176109313965e-01,-3.629678115248680115e-02,2.884690463542938232e-01,5.706346035003662109e-01,-5.071528255939483643e-02,2.829306125640869141e-01,5.932381153106689453e-01,-5.640395358204841614e-02,2.824533283710479736e-01,6.129814982414245605e-01,-6.084576621651649475e-02,2.938228547573089600e-01,5.598758459091186523e-01,-3.033972531557083130e-02,2.791726291179656982e-01,5.805204510688781738e-01,-4.404659196734428406e-02,2.735346257686614990e-01,6.017844676971435547e-01,-5.040641501545906067e-02,2.718116641044616699e-01,6.208624839782714844e-01,-5.437234789133071899e-02,2.895245552062988281e-01,5.699373483657836914e-01,-2.571359835565090179e-02,2.770888805389404297e-01,5.879337787628173828e-01,-3.666784986853599548e-02,2.707912921905517578e-01,6.032840013504028320e-01,-4.212625324726104736e-02,2.681292593479156494e-01,6.165519952774047852e-01,-4.577593505382537842e-02,6.569494009017944336e-01,4.086866378784179688e-01,9.475563444993895246e-08,6.288534998893737793e-01,3.955107629299163818e-01,-7.225255481898784637e-03,6.056202054023742676e-01,3.691959381103515625e-01,-1.061641797423362732e-02,5.898637771606445312e-01,3.467350304126739502e-01,-1.417709514498710632e-02,5.760865807533264160e-01,3.290114700794219971e-01,-1.778184622526168823e-02,6.168056130409240723e-01,3.255074620246887207e-01,-3.772389842197299004e-03,6.005197167396545410e-01,2.978174686431884766e-01,-1.175466552376747131e-02,5.901318192481994629e-01,2.820434570312500000e-01,-1.865790784358978271e-02,5.804710984230041504e-01,2.663448750972747803e-01,-2.395502664148807526e-02,6.319825053215026855e-01,3.162869513034820557e-01,-7.218962535262107849e-03,6.220094561576843262e-01,2.791363596916198730e-01,-1.422313507646322250e-02,6.146286129951477051e-01,2.572218179702758789e-01,-2.084730565547943115e-02,6.068711280822753906e-01,2.375754117965698242e-01,-2.585831470787525177e-02,6.481280922889709473e-01,3.165614008903503418e-01,-1.226808689534664154e-02,6.456262469291687012e-01,2.799718081951141357e-01,-2.079061046242713928e-02,6.424937844276428223e-01,2.562886178493499756e-01,-2.598198130726814270e-02,6.382522583007812500e-01,2.352904975414276123e-01,-2.941049821674823761e-02,6.637148261070251465e-01,3.245132565498352051e-01,-1.802105642855167389e-02,6.648709774017333984e-01,2.926077842712402344e-01,-2.526552043855190277e-02,6.654422283172607422e-01,2.713434100151062012e-01,-2.758054248988628387e-02,6.644654870033264160e-01,2.520299553871154785e-01,-2.914194390177726746e-02
3.323919177055358887e-01,5.342625379562377930e-01,-4.363278094388078898e-08,3.496566712856292725e-01,5.470134019851684570e-01,-2.421911992132663727e-02,3.552835881710052490e-01,5.639566183090209961e-01,-3.912908956408500671e-02,3.471715450286865234e-01,5.822696685791015625e-01,-4.921904578804969788e-02,3.378530442714691162e-01,6.011629104614257812e-01,-5.799732729792594910e-02,3.200659751892089844e-01,5.421854853630065918e-01,-4.188723489642143250e-02,3.080675601959228516e-01,5.574817657470703125e-01,-5.817027017474174500e-02,3.032042086124420166e-01,5.748170614242553711e-01,-6.758657097816467285e-02,3.010822534561157227e-01,5.929626226425170898e-01,-7.326792180538177490e-02,3.034849464893341064e-01,5.486875772476196289e-01,-3.516503423452377319e-02,2.888911068439483643e-01,5.703092813491821289e-01,-4.946078732609748840e-02,2.827627658843994141e-01,5.928378105163574219e-01,-5.514874309301376343e-02,2.819605171680450439e-01,6.124973297119140625e-01,-5.947524309158325195e-02,2.941108942031860352e-01,5.575547218322753906e-01,-2.943916991353034973e-02,2.799567878246307373e-01,5.792457461357116699e-01,-4.291012510657310486e-02,2.738174200057983398e-01,5.997834801673889160e-01,-4.886560887098312378e-02,2.714065909385681152e-01,6.183403730392456055e-01,-5.244277790188789368e-02,2.901650369167327881e-01,5.671224594116210938e-01,-2.502174861729145050e-02,2.782537639141082764e-01,5.856856703758239746e-01,-3.592229634523391724e-02,2.715877592563629150e-01,6.008298397064208984e-01,-4.112480580806732178e-02,2.682935297489166260e-01,6.138391494750976562e-01,-4.443368688225746155e-02,6.612801551818847656e-01,4.062882363796234131e-01,9.630007724581446382e-08,6.344399452209472656e-01,3.918280601501464844e-01,-6.571991369128227234e-03,6.118469238281250000e-01,3.638052344322204590e-01,-9.837565012276172638e-03,5.975968837738037109e-01,3.406155109405517578e-01,-1.327360328286886215e-02,5.853901505470275879e-01,3.215409219264984131e-01,-1.680414006114006042e-02,6.247899532318115234e-01,3.201911747455596924e-01,-4.324249923229217529e-03,6.095181703567504883e-01,2.909580767154693604e-01,-1.209524460136890411e-02,5.994198918342590332e-01,2.741156518459320068e-01,-1.868441142141819000e-02,5.910677313804626465e-01,2.572729885578155518e-01,-2.371263131499290466e-02,6.404962539672851562e-01,3.117698431015014648e-01,-7.877515628933906555e-03,6.315083503723144531e-01,2.737614810466766357e-01,-1.470724958926439285e-02,6.253641247749328613e-01,2.504562735557556152e-01,-2.100601419806480408e-02,6.198009252548217773e-01,2.295683324337005615e-01,-2.575026452541351318e-02,6.570777297019958496e-01,3.126032948493957520e-01,-1.287603005766868591e-02,6.556877493858337402e-01,2.728610336780548096e-01,-2.125628665089607239e-02,6.534296274185180664e-01,2.483891248703002930e-01,-2.626787684857845306e-02,6.503447890281677246e-01,2.267674207687377930e-01,-2.955693937838077545e-02,6.733112931251525879e-01,3.211083114147186279e-01,-1.845633238554000854e-02,6.764691472053527832e-01,2.878548204898834229e-01,-2.591251768171787262e-02,6.773770451545715332e-01,2.649938166141510010e-01,-2.851145155727863312e-02,6.767559647560119629e-01,2.441042214632034302e-01,-3.015076741576194763e-02
3.323919177055358887e-01,5.342625379562377930e-01,-4.363278094388078898e-08,3.496566712856292725e-01,5.470134019851684570e-01,-2.421911992132663727e-02,3.552835881710052490e-01,5.639566183090209961e-01,-3.912908956408500671e-02,3.471715450286865234e-01,5.822696685791015625e-01,-4.921904578804969788e-02,3.378530442714691162e-01,6.011629104614257812e-01,-5.799732729792594910e-02,3.200659751892089844e-01,5.421854853630065918e-01,-4.188723489642143250e-02,3.080675601959228516e-01,5.574817657470703125e-01,-5.817027017474174500e-02,3.032042086124420166e-01,5.748170614242553711e-01,-6.758657097816467285e-02,3.010822534561157227e-01,5.929626226425170898e-01,-7.326792180538177490e-02,3.034849464893341064e-01,5.486875772476196289e-01,-3.516503423452377319e-02,2.888911068439483643e-01,5.703092813491821289e-01,-4.946078732609748840e-02,2.827627658843994141e-01,5.928378105163574219e-01,-5.514874309301376343e-02,2.819605171680450439e-01,6.124973297119140625e-01,-5.947524309158325195e-02,2.941108942031860352e-01,5.575547218322753906e-01,-2.943916991353034973e-02,2.799567878246307373e-01,5.792457461357116699e-01,-4.291012510657310486e-02,2.738174200057983398e-01,5.997834801673889160e-01,-4.886560887098312378e-02,2.714065909385681152e-01,6.183403730392456055e-01,-5.244277790188789368e-02,2.901650369167327881e-01,5.671224594116210938e-01,-2.502174861729145050e-02,2.782537639141082764e-01,5.856856703758239746e-01,-3.592229634523391724e-02,2.715877592563629150e-01,6.008298397064208984e-01,-4.112480580806732178e-02,2.682935297489166260e-01,6.138391494750976562e-01,-4.443368688225746155e-02,6.612801551818847656e-01,4.062882363796234131e-01,9.630007724581446382e-08,6.344399452209472656e-01,3.918280601501464844e-01,-6.571991369128227234e-03,6.118469238281250000e-01,3.638052344322204590e-01,-9.837565012276172638e-03,5.975968837738037109e-01,3.406155109405517578e-01,-1.327360328286886215e-02,5.853901505470275879e-01,3.215409219264984131e-01,-1.680414006114006042e-02,6.247899532318115234e-01,3.201911747455596924e-01,-4.324249923229217529e-03,6.095181703567504883e-01,2.909580767154693604e-01,-1.209524460136890411e-02,5.994198918342590332e-01,2.741156518459320068e-01,-1.868441142141819000e-02,5.910677313804626465e-01,2.572729885578155518e-01,-2.371263131499290466e-02,6.404962539672851562e-01,3.117698431015014648e-01,-7.877515628933906555e-03,6.315083503723144531e-01,2.737614810466766357e-01,-1.470724958926439285e-02,6.253641247749328613e-01,2.504562735557556152e-01,-2.100601419806480408e-02,6.198009252548217773e-01,2.295683324337005615e-01,-2.575026452541351318e-02,6.570777297019958496e-01,3.126032948493957520e-01,-1.287603005766868591e-02,6.556877493858337402e-01,2.728610336780548096e-01,-2.125628665089607239e-02,6.534296274185180664e-01,2.483891248703002930e-01,-2.626787684857845306e-02,6.503447890281677246e-01,2.267674207687377930e-01,-2.955693937838077545e-02,6.733112931251525879e-01,3.211083114147186279e-01,-1.845633238554000854e-02,6.764691472053527832e-01,2.878548204898834229e-01,-2.591251768171787262e-02,6.773770451545715332e-01,2.649938166141510010e-01,-2.851145155727863312e-02,6.767559647560119629e-01,2.441042214632034302e-01,-3.015076741576194763e-02
3.309680819511413574e-01,5.341091156005859375e-01,-4.228620298363239272e-08,3.488041758537292480e-01,5.469080209732055664e-01,-2.452776581048965454e-02,3.549685776233673096e-01,5.640069842338562012e-01,-4.022355750203132629e-02,3.474203348159790039e-01,5.823011994361877441e-01,-5.100506171584129333e-02,3.380360603332519531e-01,6.010159850120544434e-01,-6.060193851590156555e-02,3.213877677917480469e-01,5.427353978157043457e-01,-4.489087685942649841e-02,3.088855743408203125e-01,5.575922727584838867e-01,-6.224581971764564514e-02,3.041028976440429688e-01,5.751200318336486816e-01,-7.194103300571441650e-02,3.019885718822479248e-01,5.935423374176025391e-01,-7.760874927043914795e-02,3.042744100093841553e-01,5.485107302665710449e-01,-3.804112598299980164e-02,2.898409664630889893e-01,5.712178945541381836e-01,-5.299537256360054016e-02,2.842701375484466553e-01,5.944425463676452637e-01,-5.851873755455017090e-02,2.834713459014892578e-01,6.142532825469970703e-01,-6.280039995908737183e-02,2.941493690013885498e-01,5.573410391807556152e-01,-3.211300075054168701e-02,2.798939943313598633e-01,5.796823501586914062e-01,-4.672389104962348938e-02,2.743686437606811523e-01,6.014709472656250000e-01,-5.334951356053352356e-02,2.727024257183074951e-01,6.207189559936523438e-01,-5.732272565364837646e-02,2.894813418388366699e-01,5.669431686401367188e-01,-2.733032219111919403e-02,2.776020467281341553e-01,5.862757563591003418e-01,-3.882671892642974854e-02,2.712247967720031738e-01,6.019435524940490723e-01,-4.447295889258384705e-02,2.684938907623291016e-01,6.152917742729187012e-01,-4.821934178471565247e-02,6.683822870254516602e-01,4.006349444389343262e-01,1.104670630525106390e-07,6.425529718399047852e-01,3.851590156555175781e-01,-8.472591638565063477e-03,6.214029788970947266e-01,3.566726446151733398e-01,-1.315861102193593979e-02,6.084259748458862305e-01,3.315839469432830811e-01,-1.757293380796909332e-02,5.985110402107238770e-01,3.095308840274810791e-01,-2.197992615401744843e-02,6.369031667709350586e-01,3.119032084941864014e-01,-6.877323612570762634e-03,6.237331628799438477e-01,2.802632749080657959e-01,-1.483391877263784409e-02,6.158101558685302734e-01,2.618984878063201904e-01,-2.155757695436477661e-02,6.089218258857727051e-01,2.434242069721221924e-01,-2.682913839817047119e-02,6.536187529563903809e-01,3.041384220123291016e-01,-9.655146859586238861e-03,6.483160257339477539e-01,2.650080025196075439e-01,-1.742945797741413116e-02,6.430174708366394043e-01,2.411943972110748291e-01,-2.451837062835693359e-02,6.366587877273559570e-01,2.188467979431152344e-01,-2.984154038131237030e-02,6.705119013786315918e-01,3.061780035495758057e-01,-1.384945213794708252e-02,6.725378036499023438e-01,2.664973437786102295e-01,-2.335712686181068420e-02,6.728167533874511719e-01,2.396212816238403320e-01,-2.930863946676254272e-02,6.715514063835144043e-01,2.150853127241134644e-01,-3.315404430031776428e-02,6.862893104553222656e-01,3.157990276813507080e-01,-1.863814145326614380e-02,6.909807324409484863e-01,2.811305224895477295e-01,-2.697812393307685852e-02,6.944673061370849609e-01,2.578344643115997314e-01,-2.995949052274227142e-02,6.964600086212158203e-01,2.363666296005249023e-01,-3.186829015612602234e-02
3.317263126373291016e-01,5.339935421943664551e-01,-2.692402745196886826e-08,3.495808541774749756e-01,5.466173887252807617e-01,-2.561995573341846466e-02,3.553841710090637207e-01,5.639561414718627930e-01,-4.136404022574424744e-02,3.471723794937133789e-01,5.824649930000305176e-01,-5.191943421959877014e-02,3.374568521976470947e-01,6.015064120292663574e-01,-6.117999926209449768e-02,3.210240900516510010e-01,5.430037379264831543e-01,-4.488884285092353821e-02,3.087480962276458740e-01,5.580259561538696289e-01,-6.197424978017807007e-02,3.034955263137817383e-01,5.753659605979919434e-01,-7.171847671270370483e-02,3.009204268455505371e-01,5.934264063835144043e-01,-7.755848020315170288e-02,3.039843142032623291e-01,5.492327809333801270e-01,-3.762559592723846436e-02,2.884229123592376709e-01,5.707466006278991699e-01,-5.253342911601066589e-02,2.823263704776763916e-01,5.944286584854125977e-01,-5.854166299104690552e-02,2.813463509082794189e-01,6.149554848670959473e-01,-6.313110142946243286e-02,2.942579090595245361e-01,5.580905675888061523e-01,-3.133360669016838074e-02,2.792593240737915039e-01,5.792772769927978516e-01,-4.555693268775939941e-02,2.735491693019866943e-01,6.003623008728027344e-01,-5.220209434628486633e-02,2.718380689620971680e-01,6.189430356025695801e-01,-5.622942000627517700e-02,2.901023030281066895e-01,5.676047205924987793e-01,-2.636243589222431183e-02,2.781522572040557861e-01,5.863427519798278809e-01,-3.774056956171989441e-02,2.717732787132263184e-01,6.019975543022155762e-01,-4.344402998685836792e-02,2.691166400909423828e-01,6.152355670928955078e-01,-4.718955606222152710e-02,6.813119053840637207e-01,3.933829069137573242e-01,1.444469006628423813e-07,6.551247835159301758e-01,3.719412684440612793e-01,-8.355730213224887848e-03,6.371284723281860352e-01,3.393143117427825928e-01,-1.261879596859216690e-02,6.300547122955322266e-01,3.098538219928741455e-01,-1.665014214813709259e-02,6.263470053672790527e-01,2.863258123397827148e-01,-2.094978652894496918e-02,6.592814326286315918e-01,2.971905171871185303e-01,-7.623752113431692123e-03,6.522077322006225586e-01,2.619578838348388672e-01,-1.585112325847148895e-02,6.474589705467224121e-01,2.415513992309570312e-01,-2.281270921230316162e-02,6.433684229850769043e-01,2.217023074626922607e-01,-2.810395136475563049e-02,6.774048209190368652e-01,2.914855182170867920e-01,-1.076306030154228210e-02,6.771954894065856934e-01,2.478895187377929688e-01,-1.838312484323978424e-02,6.762464046478271484e-01,2.207747399806976318e-01,-2.571332454681396484e-02,6.742830276489257812e-01,1.963343918323516846e-01,-3.117352724075317383e-02,6.941330432891845703e-01,2.955493330955505371e-01,-1.527408976107835770e-02,7.019141912460327148e-01,2.533673942089080811e-01,-2.476534992456436157e-02,7.067771553993225098e-01,2.244917750358581543e-01,-3.188154101371765137e-02,7.095744013786315918e-01,1.999538093805313110e-01,-3.642899543046951294e-02,7.087420821189880371e-01,3.069820106029510498e-01,-2.031794004142284393e-02,7.178086042404174805e-01,2.707700729370117188e-01,-2.858153171837329865e-02,7.244612574577331543e-01,2.471709400415420532e-01,-3.190464898943901062e-02,7.291282415390014648e-01,2.265476286411285400e-01,-3.400845080614089966e-02
3.317130506038665771e-01,5.345580577850341797e-01,-2.344374827600859135e-08,3.495819568634033203e-01,5.472300648689270020e-01,-2.589463628828525543e-02,3.553242385387420654e-01,5.643464922904968262e-01,-4.184755682945251465e-02,3.469835221767425537e-01,5.825029611587524414e-01,-5.253764241933822632e-02,3.372825086116790771e-01,6.013854742050170898e-01,-6.193703413009643555e-02,3.210616111755371094e-01,5.429695844650268555e-01,-4.563000425696372986e-02,3.086952865123748779e-01,5.579786300659179688e-01,-6.309996545314788818e-02,3.033984005451202393e-01,5.754427313804626465e-01,-7.304687798023223877e-02,3.009552061557769775e-01,5.934895873069763184e-01,-7.897078245878219604e-02,3.040325939655303955e-01,5.493615269660949707e-01,-3.825866430997848511e-02,2.883137166500091553e-01,5.707166790962219238e-01,-5.363194644451141357e-02,2.822861671447753906e-01,5.944853425025939941e-01,-5.982212349772453308e-02,2.814970314502716064e-01,6.150739192962646484e-01,-6.446826457977294922e-02,2.942944169044494629e-01,5.584583878517150879e-01,-3.186011686921119690e-02,2.792954146862030029e-01,5.796354413032531738e-01,-4.652548581361770630e-02,2.735667228698730469e-01,6.008844971656799316e-01,-5.342721566557884216e-02,2.719100117683410645e-01,6.195836663246154785e-01,-5.755292251706123352e-02,2.901282608509063721e-01,5.681458711624145508e-01,-2.676620893180370331e-02,2.782920897006988525e-01,5.869529247283935547e-01,-3.840733319520950317e-02,2.719148993492126465e-01,6.026672124862670898e-01,-4.429285600781440735e-02,2.692917883396148682e-01,6.159791350364685059e-01,-4.815448448061943054e-02,6.815733313560485840e-01,3.934417366981506348e-01,1.068524539959980757e-07,6.557720303535461426e-01,3.727853298187255859e-01,-6.902004126459360123e-03,6.381065249443054199e-01,3.394383490085601807e-01,-1.011600997298955917e-02,6.319572329521179199e-01,3.110063970088958740e-01,-1.332104764878749847e-02,6.280946135520935059e-01,2.865990400314331055e-01,-1.657645963132381439e-02,6.579235792160034180e-01,2.961741089820861816e-01,-4.088453017175197601e-03,6.512274146080017090e-01,2.615696191787719727e-01,-1.132757123559713364e-02,6.467029452323913574e-01,2.401982247829437256e-01,-1.774152927100658417e-02,6.438074707984924316e-01,2.198589444160461426e-01,-2.269321307539939880e-02,6.764740347862243652e-01,2.903055250644683838e-01,-7.766143418848514557e-03,6.770236492156982422e-01,2.475942820310592651e-01,-1.435625739395618439e-02,6.761725544929504395e-01,2.200667858123779297e-01,-2.071247063577175140e-02,6.744283437728881836e-01,1.956687271595001221e-01,-2.549608051776885986e-02,6.935032606124877930e-01,2.940388619899749756e-01,-1.297145895659923553e-02,7.012084722518920898e-01,2.523496448993682861e-01,-2.141753770411014557e-02,7.056276798248291016e-01,2.248147428035736084e-01,-2.730499021708965302e-02,7.078207731246948242e-01,2.004754245281219482e-01,-3.106473572552204132e-02,7.087635993957519531e-01,3.053442835807800293e-01,-1.878402754664421082e-02,7.189264297485351562e-01,2.694875001907348633e-01,-2.640490606427192688e-02,7.250466346740722656e-01,2.456006705760955811e-01,-2.937368489801883698e-02,7.287621498107910156e-01,2.239319235086441040e-01,-3.122314810752868652e-02
3.312023878097534180e-01,5.345807671546936035e-01,-3.011258797869231785e-08,3.490478694438934326e-01,5.480241179466247559e-01,-2.515999041497707367e-02,3.548648357391357422e-01,5.653778910636901855e-01,-4.076350107789039612e-02,3.462484478950500488e-01,5.829226374626159668e-01,-5.110418051481246948e-02,3.363994359970092773e-01,6.014305949211120605e-01,-6.012453138828277588e-02,3.216077387332916260e-01,5.429083704948425293e-01,-4.572963714599609375e-02,3.088504374027252197e-01,5.571337938308715820e-01,-6.286843866109848022e-02,3.037464022636413574e-01,5.746304988861083984e-01,-7.226131111383438110e-02,3.014304935932159424e-01,5.929028987884521484e-01,-7.780906558036804199e-02,3.042675852775573730e-01,5.490863323211669922e-01,-3.849261626601219177e-02,2.892173230648040771e-01,5.714244842529296875e-01,-5.384925752878189087e-02,2.828536629676818848e-01,5.953740477561950684e-01,-5.953152105212211609e-02,2.815363109111785889e-01,6.161020398139953613e-01,-6.384934484958648682e-02,2.941921353340148926e-01,5.579625964164733887e-01,-3.210522979497909546e-02,2.798143327236175537e-01,5.798530578613281250e-01,-4.667338728904724121e-02,2.737794816493988037e-01,6.012148857116699219e-01,-5.298775061964988708e-02,2.714788317680358887e-01,6.201420426368713379e-01,-5.671280622482299805e-02,2.897621989250183105e-01,5.674782395362854004e-01,-2.695168927311897278e-02,2.783136367797851562e-01,5.866682529449462891e-01,-3.851624950766563416e-02,2.720149755477905273e-01,6.025763154029846191e-01,-4.407078772783279419e-02,2.691762149333953857e-01,6.160304546356201172e-01,-4.765109717845916748e-02,6.925529241561889648e-01,3.858063817024230957e-01,1.594913356939287041e-07,6.677692532539367676e-01,3.597242832183837891e-01,-7.631710730493068695e-03,6.529560685157775879e-01,3.255787491798400879e-01,-1.161734666675329208e-02,6.493588089942932129e-01,2.955639064311981201e-01,-1.547572948038578033e-02,6.500539779663085938e-01,2.710302472114562988e-01,-1.946191862225532532e-02,6.782275438308715820e-01,2.845675647258758545e-01,-6.153538357466459274e-03,6.764619946479797363e-01,2.474292516708374023e-01,-1.390829309821128845e-02,6.751447319984436035e-01,2.251557111740112305e-01,-2.069583721458911896e-02,6.745432019233703613e-01,2.034692764282226562e-01,-2.590923942625522614e-02,6.969466805458068848e-01,2.810203433036804199e-01,-9.166301228106021881e-03,7.017421722412109375e-01,2.375930547714233398e-01,-1.614482887089252472e-02,7.047280073165893555e-01,2.096696346998214722e-01,-2.297100424766540527e-02,7.066063284873962402e-01,1.833816766738891602e-01,-2.819967828691005707e-02,7.135728597640991211e-01,2.867563664913177490e-01,-1.356989331543445587e-02,7.254323363304138184e-01,2.460702955722808838e-01,-2.220145612955093384e-02,7.342860102653503418e-01,2.186629474163055420e-01,-2.850934676826000214e-02,7.405389547348022461e-01,1.943085789680480957e-01,-3.265568241477012634e-02,7.276120185852050781e-01,2.994318306446075439e-01,-1.858256198465824127e-02,7.405999898910522461e-01,2.647370100021362305e-01,-2.619973011314868927e-02,7.497604489326477051e-01,2.427171766757965088e-01,-2.913066186010837555e-02,7.566663026809692383e-01,2.225305140018463135e-01,-3.100359067320823669e-02
3.312023878097534180e-01,5.345807671546936035e-01,-3.011258797869231785e-08,3.490478694438934326e-01,5.480241179466247559e-01,-2.515999041497707367e-02,3.548648357391357422e-01,5.653778910636901855e-01,-4.076350107789039612e-02,3.462484478950500488e-01,5.829226374626159668e-01,-5.110418051481246948e-02,3.363994359970092773e-01,6.014305949211120605e-01,-6.012453138828277588e-02,3.216077387332916260e-01,5.429083704948425293e-01,-4.572963714599609375e-02,3.088504374027252197e-01,5.571337938308715820e-01,-6.286843866109848022e-02,3.037464022636413574e-01,5.746304988861083984e-01,-7.226131111383438110e-02,3.014304935932159424e-01,5.929028987884521484e-01,-7.780906558036804199e-02,3.042675852775573730e-01,5.490863323211669922e-01,-3.849261626601219177e-02,2.892173230648040771e-01,5.714244842529296875e-01,-5.384925752878189087e-02,2.828536629676818848e-01,5.953740477561950684e-01,-5.953152105212211609e-02,2.815363109111785889e-01,6.161020398139953613e-01,-6.384934484958648682e-02,2.941921353340148926e-01,5.579625964164733887e-01,-3.210522979497909546e-02,2.798143327236175537e-01,5.798530578613281250e-01,-4.667338728904724121e-02,2.737794816493988037e-01,6.012148857116699219e-01,-5.298775061964988708e-02,2.714788317680358887e-01,6.201420426368713379e-01,-5.671280622482299805e-02,2.897621989250183105e-01,5.674782395362854004e-01,-2.695168927311897278e-02,2.783136367797851562e-01,5.866682529449462891e-01,-3.851624950766563416e-02,2.720149755477905273e-01,6.025763154029846191e-01,-4.407078772783279419e-02,2.691762149333953857e-01,6.160304546356201172e-01,-4.765109717845916748e-02,6.925529241561889648e-01,3.858063817024230957e-01,1.594913356939287041e-07,6.677692532539367676e-01,3.597242832183837891e-01,-7.631710730493068695e-03,6.529560685157775879e-01,3.255787491798400879e-01,-1.161734666675329208e-02,6.493588089942932129e-01,2.955639064311981201e-01,-1.547572948038578033e-02,6.500539779663085938e-01,2.710302472114562988e-01,-1.946191862225532532e-02,6.782275438308715820e-01,2.845675647258758545e-01,-6.153538357466459274e-03,6.764619946479797363e-01,2.474292516708374023e-01,-1.390829309821128845e-02,6.751447319984436035e-01,2.251557111740112305e-01,-2.069583721458911896e-02,6.745432019233703613e-01,2.034692764282226562e-01,-2.590923942625522614e-02,6.969466805458068848e-01,2.810203433036804199e-01,-9.166301228106021881e-03,7.017421722412109375e-01,2.375930547714233398e-01,-1.614482887089252472e-02,7.047280073165893555e-01,2.096696346998214722e-01,-2.297100424766540527e-02,7.066063284873962402e-01,1.833816766738891602e-01,-2.819967828691005707e-02,7.135728597640991211e-01,2.867563664913177490e-01,-1.356989331543445587e-02,7.254323363304138184e-01,2.460702955722808838e-01,-2.220145612955093384e-02,7.342860102653503418e-01,2.186629474163055420e-01,-2.850934676826000214e-02,7.405389547348022461e-01,1.943085789680480957e-01,-3.265568241477012634e-02,7.276120185852050781e-01,2.994318306446075439e-01,-1.858256198465824127e-02,7.405999898910522461e-01,2.647370100021362305e-01,-2.619973011314868927e-02,7.497604489326477051e-01,2.427171766757965088e-01,-2.913066186010837555e-02,7.566663026809692383e-01,2.225305140018463135e-01,-3.100359067320823669e-02
3.305019140243530273e-01,5.347400903701782227e-01,-2.682702415768289939e-08,3.486784696578979492e-01,5.475659966468811035e-01,-2.572154253721237183e-02,3.546866476535797119e-01,5.645050406455993652e-01,-4.181164130568504333e-02,3.464525341987609863e-01,5.818945169448852539e-01,-5.265095457434654236e-02,3.366070091724395752e-01,6.005734801292419434e-01,-6.223732978105545044e-02,3.209895193576812744e-01,5.427947044372558594e-01,-4.682222381234169006e-02,3.081256747245788574e-01,5.577784776687622070e-01,-6.444312632083892822e-02,3.028503060340881348e-01,5.753469467163085938e-01,-7.410620898008346558e-02,3.005446195602416992e-01,5.936412215232849121e-01,-7.978544384241104126e-02,3.037498593330383301e-01,5.487842559814453125e-01,-3.949440643191337585e-02,2.886371612548828125e-01,5.709958672523498535e-01,-5.515665560960769653e-02,2.827084064483642578e-01,5.952004194259643555e-01,-6.110386177897453308e-02,2.820799350738525391e-01,6.160053610801696777e-01,-6.560473889112472534e-02,2.937761843204498291e-01,5.576511621475219727e-01,-3.307113051414489746e-02,2.791742980480194092e-01,5.793464779853820801e-01,-4.810376465320587158e-02,2.735223472118377686e-01,6.012442708015441895e-01,-5.510432273149490356e-02,2.721096873283386230e-01,6.204193234443664551e-01,-5.927145108580589294e-02,2.892586588859558105e-01,5.670694112777709961e-01,-2.788381837308406830e-02,2.774183452129364014e-01,5.857803821563720703e-01,-3.996732458472251892e-02,2.709321081638336182e-01,6.018716096878051758e-01,-4.620198905467987061e-02,2.682886123657226562e-01,6.154334545135498047e-01,-5.029096081852912903e-02,6.988406777381896973e-01,3.815708160400390625e-01,1.590981497656684951e-07,6.766729950904846191e-01,3.537600040435791016e-01,-8.479926735162734985e-03,6.625373363494873047e-01,3.177459836006164551e-01,-1.325999945402145386e-02,6.584712862968444824e-01,2.880370914936065674e-01,-1.793840155005455017e-02,6.586166620254516602e-01,2.638868093490600586e-01,-2.265053056180477142e-02,6.895550489425659180e-01,2.795964479446411133e-01,-7.199418731033802032e-03,6.891488432884216309e-01,2.406039535999298096e-01,-1.589983701705932617e-02,6.885862350463867188e-01,2.171390354633331299e-01,-2.316467091441154480e-02,6.893945336341857910e-01,1.953625231981277466e-01,-2.845401130616664886e-02,7.076641321182250977e-01,2.781000733375549316e-01,-1.026323903352022171e-02,7.145557999610900879e-01,2.338398098945617676e-01,-1.790640689432621002e-02,7.188302874565124512e-01,2.054556310176849365e-01,-2.468818798661231995e-02,7.226193547248840332e-01,1.800674200057983398e-01,-2.975023537874221802e-02,7.233214974403381348e-01,2.850585281848907471e-01,-1.490510068833827972e-02,7.366267442703247070e-01,2.434959411621093750e-01,-2.385922707617282867e-02,7.453572750091552734e-01,2.166672497987747192e-01,-2.978963591158390045e-02,7.523094415664672852e-01,1.930338144302368164e-01,-3.363063931465148926e-02,7.365518212318420410e-01,2.985515892505645752e-01,-2.030714973807334900e-02,7.511940002441406250e-01,2.644874751567840576e-01,-2.813050895929336548e-02,7.609165906906127930e-01,2.417200505733489990e-01,-3.112941049039363861e-02,7.687920331954956055e-01,2.206876277923583984e-01,-3.302748873829841614e-02
3.307401835918426514e-01,5.336059927940368652e-01,-4.572755685217089194e-08,3.489943146705627441e-01,5.479068756103515625e-01,-2.372882142663002014e-02,3.545687198638916016e-01,5.653632879257202148e-01,-3.851293399930000305e-02,3.464629948139190674e-01,5.827497243881225586e-01,-4.854581877589225769e-02,3.365858793258666992e-01,6.006936430931091309e-01,-5.736644938588142395e-02,3.199969530105590820e-01,5.436878204345703125e-01,-4.259017482399940491e-02,3.074938356876373291e-01,5.585985183715820312e-01,-5.866606906056404114e-02,3.027168214321136475e-01,5.758876204490661621e-01,-6.757453829050064087e-02,3.007219135761260986e-01,5.940153002738952637e-01,-7.290787249803543091e-02,3.032730221748352051e-01,5.491252541542053223e-01,-3.600841015577316284e-02,2.887314260005950928e-01,5.719859600067138672e-01,-5.023951083421707153e-02,2.830769717693328857e-01,5.958652496337890625e-01,-5.575826019048690796e-02,2.821580171585083008e-01,6.164803504943847656e-01,-6.006941199302673340e-02,2.936013638973236084e-01,5.571717619895935059e-01,-3.032531403005123138e-02,2.789443135261535645e-01,5.794251561164855957e-01,-4.418806359171867371e-02,2.732414007186889648e-01,6.014676094055175781e-01,-5.078129842877388000e-02,2.713366150856018066e-01,6.211370825767517090e-01,-5.479490756988525391e-02,2.891235351562500000e-01,5.659016966819763184e-01,-2.579871937632560730e-02,2.769263982772827148e-01,5.849530696868896484e-01,-3.695314750075340271e-02,2.704856991767883301e-01,6.010844707489013672e-01,-4.270594194531440735e-02,2.676463723182678223e-01,6.149607896804809570e-01,-4.652810469269752502e-02,7.056503295898437500e-01,3.797914087772369385e-01,1.705376746485853801e-07,6.837575435638427734e-01,3.510702848434448242e-01,-9.429786354303359985e-03,6.698502302169799805e-01,3.154686987400054932e-01,-1.474526431411504745e-02,6.680004000663757324e-01,2.854896783828735352e-01,-1.968572661280632019e-02,6.708571910858154297e-01,2.604340910911560059e-01,-2.461928687989711761e-02,6.948996782302856445e-01,2.778006196022033691e-01,-8.951337076723575592e-03,6.964560151100158691e-01,2.388309091329574585e-01,-1.851100660860538483e-02,6.984146237373352051e-01,2.147575169801712036e-01,-2.636813186109066010e-02,7.016382813453674316e-01,1.923581957817077637e-01,-3.203809633851051331e-02,7.147411704063415527e-01,2.757681906223297119e-01,-1.177279371768236160e-02,7.240868806838989258e-01,2.319986224174499512e-01,-1.986036263406276703e-02,7.306001186370849609e-01,2.038234472274780273e-01,-2.692461758852005005e-02,7.361274957656860352e-01,1.779520213603973389e-01,-3.222252056002616882e-02,7.313630580902099609e-01,2.828654050827026367e-01,-1.620253175497055054e-02,7.461211085319519043e-01,2.424137294292449951e-01,-2.539710514247417450e-02,7.565656304359436035e-01,2.165872156620025635e-01,-3.127380460500717163e-02,7.646757364273071289e-01,1.934505701065063477e-01,-3.507901728153228760e-02,7.452287673950195312e-01,2.970044016838073730e-01,-2.147374115884304047e-02,7.606393694877624512e-01,2.638817131519317627e-01,-2.940833196043968201e-02,7.714172601699829102e-01,2.424309551715850830e-01,-3.218205273151397705e-02,7.801645398139953613e-01,2.228195220232009888e-01,-3.387868404388427734e-02
3.305815160274505615e-01,5.341480970382690430e-01,-3.390952940662828041e-08,3.485328555107116699e-01,5.482816696166992188e-01,-2.436395734548568726e-02,3.543317317962646484e-01,5.655596256256103516e-01,-3.922278806567192078e-02,3.461493253707885742e-01,5.828236937522888184e-01,-4.921545833349227905e-02,3.364217281341552734e-01,6.009458899497985840e-01,-5.786560475826263428e-02,3.197599649429321289e-01,5.441864132881164551e-01,-4.233749955892562866e-02,3.067072033882141113e-01,5.590348839759826660e-01,-5.843926221132278442e-02,3.017777800559997559e-01,5.764515399932861328e-01,-6.742013990879058838e-02,2.998654246330261230e-01,5.947760939598083496e-01,-7.273758202791213989e-02,3.030883967876434326e-01,5.496162176132202148e-01,-3.541884571313858032e-02,2.878038883209228516e-01,5.716434121131896973e-01,-4.967797920107841492e-02,2.816204130649566650e-01,5.952134132385253906e-01,-5.529882386326789856e-02,2.804583013057708740e-01,6.160221695899963379e-01,-5.955082923173904419e-02,2.933650016784667969e-01,5.577605366706848145e-01,-2.947581000626087189e-02,2.787816524505615234e-01,5.796592235565185547e-01,-4.322430863976478577e-02,2.729673087596893311e-01,6.011193990707397461e-01,-4.966925457119941711e-02,2.709946334362030029e-01,6.204897761344909668e-01,-5.346553400158882141e-02,2.888636887073516846e-01,5.667055249214172363e-01,-2.479415014386177063e-02,2.770332694053649902e-01,5.857393741607666016e-01,-3.588379174470901489e-02,2.706274390220642090e-01,6.021013855934143066e-01,-4.152200371026992798e-02,2.676947116851806641e-01,6.161839962005615234e-01,-4.514272138476371765e-02,7.126572132110595703e-01,3.776167035102844238e-01,1.882344946579905809e-07,6.917899250984191895e-01,3.467731475830078125e-01,-9.674077853560447693e-03,6.799213886260986328e-01,3.099939525127410889e-01,-1.469640806317329407e-02,6.793209314346313477e-01,2.794962823390960693e-01,-1.933098025619983673e-02,6.834966540336608887e-01,2.545020282268524170e-01,-2.380101382732391357e-02,7.091497182846069336e-01,2.736870050430297852e-01,-7.400664966553449631e-03,7.126190066337585449e-01,2.339168488979339600e-01,-1.625010930001735687e-02,7.157751321792602539e-01,2.098295390605926514e-01,-2.377089671790599823e-02,7.199368476867675781e-01,1.879218667745590210e-01,-2.917901612818241119e-02,7.278739809989929199e-01,2.740108668804168701e-01,-9.594568051397800446e-03,7.384425401687622070e-01,2.301276475191116333e-01,-1.704944297671318054e-02,7.457659840583801270e-01,2.022064924240112305e-01,-2.393063902854919434e-02,7.520625591278076172e-01,1.767236292362213135e-01,-2.907159179449081421e-02,7.433896660804748535e-01,2.825367152690887451e-01,-1.348814181983470917e-02,7.596014142036437988e-01,2.420132756233215332e-01,-2.211090549826622009e-02,7.711361646652221680e-01,2.167277336120605469e-01,-2.783439680933952332e-02,7.804196476936340332e-01,1.942361295223236084e-01,-3.154262527823448181e-02,7.562588453292846680e-01,2.975851595401763916e-01,-1.829858869314193726e-02,7.732734084129333496e-01,2.659965455532073975e-01,-2.577083371579647064e-02,7.849784493446350098e-01,2.460321933031082153e-01,-2.847351133823394775e-02,7.947603464126586914e-01,2.276714593172073364e-01,-3.011133708059787750e-02
3.310499489307403564e-01,5.336236953735351562e-01,-2.906001661528989644e-08,3.484729826450347900e-01,5.474616289138793945e-01,-2.415760979056358337e-02,3.541591167449951172e-01,5.648736357688903809e-01,-3.917292505502700806e-02,3.463343381881713867e-01,5.825223922729492188e-01,-4.937563464045524597e-02,3.370637893676757812e-01,6.008844971656799316e-01,-5.835951492190361023e-02,3.192203342914581299e-01,5.446882247924804688e-01,-4.273876920342445374e-02,3.062743544578552246e-01,5.594533681869506836e-01,-5.923989042639732361e-02,3.009506762027740479e-01,5.766700506210327148e-01,-6.868574023246765137e-02,2.986398339271545410e-01,5.945638418197631836e-01,-7.430605590343475342e-02,3.029495179653167725e-01,5.501596331596374512e-01,-3.600690141320228577e-02,2.874011695384979248e-01,5.723468661308288574e-01,-5.069384723901748657e-02,2.811564505100250244e-01,5.959132909774780273e-01,-5.678929761052131653e-02,2.800790369510650635e-01,6.164734959602355957e-01,-6.132326647639274597e-02,2.935192584991455078e-01,5.581529140472412109e-01,-3.016304783523082733e-02,2.787287831306457520e-01,5.800937414169311523e-01,-4.401044547557830811e-02,2.728335857391357422e-01,6.016505360603332520e-01,-5.074239894747734070e-02,2.709762156009674072e-01,6.208441853523254395e-01,-5.474886670708656311e-02,2.894128561019897461e-01,5.667806267738342285e-01,-2.555710077285766602e-02,2.772818207740783691e-01,5.856867432594299316e-01,-3.663202002644538879e-02,2.707068026065826416e-01,6.017768979072570801e-01,-4.240325838327407837e-02,2.677794992923736572e-01,6.155945658683776855e-01,-4.612315446138381958e-02,7.188857793807983398e-01,3.788963556289672852e-01,1.864012375563106616e-07,6.983490586280822754e-01,3.488720953464508057e-01,-1.084435451775789261e-02,6.870363354682922363e-01,3.098993897438049316e-01,-1.636160165071487427e-02,6.861348152160644531e-01,2.777862250804901123e-01,-2.118100598454475403e-02,6.913407444953918457e-01,2.524340748786926270e-01,-2.581853978335857391e-02,7.149510979652404785e-01,2.729385793209075928e-01,-8.726462721824645996e-03,7.193677425384521484e-01,2.325267493724822998e-01,-1.813240535557270050e-02,7.237694263458251953e-01,2.085947096347808838e-01,-2.598507143557071686e-02,7.295391559600830078e-01,1.869506388902664185e-01,-3.164186701178550720e-02,7.341080307960510254e-01,2.734762132167816162e-01,-1.058754231780767441e-02,7.461330890655517578e-01,2.295973300933837891e-01,-1.849935576319694519e-02,7.548109889030456543e-01,2.021943032741546631e-01,-2.558070048689842224e-02,7.623767852783203125e-01,1.775255799293518066e-01,-3.081605955958366394e-02,7.497357130050659180e-01,2.828387618064880371e-01,-1.426869258284568787e-02,7.668216228485107422e-01,2.430547475814819336e-01,-2.332801371812820435e-02,7.789529561996459961e-01,2.178202867507934570e-01,-2.950371429324150085e-02,7.886507511138916016e-01,1.950720846652984619e-01,-3.353500366210937500e-02,7.623375654220581055e-01,2.989866137504577637e-01,-1.892750337719917297e-02,7.799411416053771973e-01,2.681911885738372803e-01,-2.699917741119861603e-02,7.922508716583251953e-01,2.485151141881942749e-01,-3.025923855602741241e-02,8.026434779167175293e-01,2.301198840141296387e-01,-3.227147459983825684e-02
3.310789167881011963e-01,5.343620777130126953e-01,-2.636295448610326275e-08,3.487282991409301758e-01,5.478418469429016113e-01,-2.424224279820919037e-02,3.544690907001495361e-01,5.648969411849975586e-01,-3.923309221863746643e-02,3.465614616870880127e-01,5.820195674896240234e-01,-4.938728362321853638e-02,3.371557891368865967e-01,5.999659895896911621e-01,-5.831847712397575378e-02,3.190857768058776855e-01,5.447728037834167480e-01,-4.258105903863906860e-02,3.060456812381744385e-01,5.597023367881774902e-01,-5.897791683673858643e-02,3.007497787475585938e-01,5.767397880554199219e-01,-6.837603449821472168e-02,2.984949648380279541e-01,5.945003628730773926e-01,-7.394962757825851440e-02,3.028971850872039795e-01,5.503622889518737793e-01,-3.576379641890525818e-02,2.873392105102539062e-01,5.721576213836669922e-01,-5.033935979008674622e-02,2.812730073928833008e-01,5.950652956962585449e-01,-5.640599504113197327e-02,2.802535593509674072e-01,6.151958703994750977e-01,-6.087147071957588196e-02,2.934902608394622803e-01,5.585157275199890137e-01,-2.984815835952758789e-02,2.787342071533203125e-01,5.803260207176208496e-01,-4.355607554316520691e-02,2.728695571422576904e-01,6.014266014099121094e-01,-5.025157704949378967e-02,2.709126770496368408e-01,6.204749345779418945e-01,-5.421521887183189392e-02,2.893550395965576172e-01,5.672565698623657227e-01,-2.518153190612792969e-02,2.771178483963012695e-01,5.859247446060180664e-01,-3.613096103072166443e-02,2.704610824584960938e-01,6.016904115676879883e-01,-4.185903817415237427e-02,2.673066556453704834e-01,6.153858900070190430e-01,-4.553874954581260681e-02,7.168607711791992188e-01,3.792402446269989014e-01,1.875286130825770670e-07,6.971390247344970703e-01,3.478071391582489014e-01,-1.031860895454883575e-02,6.862031221389770508e-01,3.088517487049102783e-01,-1.562999375164508820e-02,6.854910254478454590e-01,2.778850197792053223e-01,-2.031071670353412628e-02,6.907590627670288086e-01,2.524848580360412598e-01,-2.474323660135269165e-02,7.156209945678710938e-01,2.716872096061706543e-01,-7.365670055150985718e-03,7.211475968360900879e-01,2.312654107809066772e-01,-1.605842448770999908e-02,7.251944541931152344e-01,2.074925452470779419e-01,-2.358464151620864868e-02,7.304816246032714844e-01,1.861693561077117920e-01,-2.908893674612045288e-02,7.340447306632995605e-01,2.732709348201751709e-01,-9.440406225621700287e-03,7.462199330329895020e-01,2.293344140052795410e-01,-1.686757430434226990e-02,7.547388076782226562e-01,2.013563215732574463e-01,-2.399945631623268127e-02,7.620766162872314453e-01,1.764638870954513550e-01,-2.941051125526428223e-02,7.491476535797119141e-01,2.830709218978881836e-01,-1.331129018217325211e-02,7.670376300811767578e-01,2.436199635267257690e-01,-2.180496603250503540e-02,7.790740728378295898e-01,2.180390655994415283e-01,-2.782200276851654053e-02,7.884476184844970703e-01,1.954850256443023682e-01,-3.189419209957122803e-02,7.614772319793701172e-01,2.993856072425842285e-01,-1.816197298467159271e-02,7.797020077705383301e-01,2.686770558357238770e-01,-2.569007501006126404e-02,7.919950485229492188e-01,2.481315135955810547e-01,-2.874220907688140869e-02,8.022704124450683594e-01,2.291292846202850342e-01,-3.071695938706398010e-02
3.289270102977752686e-01,5.359886288642883301e-01,-2.488240724574097840e-08,3.471420705318450928e-01,5.482197403907775879e-01,-2.523981779813766479e-02,3.537562787532806396e-01,5.645942091941833496e-01,-4.116106033325195312e-02,3.465154469013214111e-01,5.818599462509155273e-01,-5.198724567890167236e-02,3.370488286018371582e-01,5.999966859817504883e-01,-6.156163290143013000e-02,3.190341293811798096e-01,5.443158149719238281e-01,-4.557174444198608398e-02,3.064551651477813721e-01,5.592883825302124023e-01,-6.304721534252166748e-02,3.012234270572662354e-01,5.762850642204284668e-01,-7.281987369060516357e-02,2.992195785045623779e-01,5.940117835998535156e-01,-7.846301048994064331e-02,3.024756312370300293e-01,5.509762167930603027e-01,-3.847320005297660828e-02,2.868522405624389648e-01,5.723909139633178711e-01,-5.393431708216667175e-02,2.814612686634063721e-01,5.957577228546142578e-01,-6.003125384449958801e-02,2.812528312206268311e-01,6.160559058189392090e-01,-6.445392966270446777e-02,2.926025390625000000e-01,5.601918101310729980e-01,-3.226239234209060669e-02,2.779548168182373047e-01,5.814386606216430664e-01,-4.668014496564865112e-02,2.725324332714080811e-01,6.030077934265136719e-01,-5.347554385662078857e-02,2.711519598960876465e-01,6.220596432685852051e-01,-5.747551843523979187e-02,2.881861925125122070e-01,5.697160363197326660e-01,-2.732119336724281311e-02,2.759881615638732910e-01,5.881629586219787598e-01,-3.857148438692092896e-02,2.695631682872772217e-01,6.039806604385375977e-01,-4.428705200552940369e-02,2.668770551681518555e-01,6.174882650375366211e-01,-4.799959808588027954e-02,7.212516665458679199e-01,3.797677457332611084e-01,2.085267709617255605e-07,7.005472183227539062e-01,3.494812846183776855e-01,-1.379761565476655960e-02,6.888440847396850586e-01,3.109470903873443604e-01,-2.099515125155448914e-02,6.892005205154418945e-01,2.776581645011901855e-01,-2.700630575418472290e-02,6.978324651718139648e-01,2.514238655567169189e-01,-3.257027268409729004e-02,7.195107936859130859e-01,2.728126347064971924e-01,-1.062047574669122696e-02,7.256230115890502930e-01,2.323809564113616943e-01,-2.090800181031227112e-02,7.307719588279724121e-01,2.085561156272888184e-01,-2.955377288162708282e-02,7.373774051666259766e-01,1.866123229265213013e-01,-3.579920157790184021e-02,7.388967275619506836e-01,2.737680077552795410e-01,-1.131167635321617126e-02,7.525408267974853516e-01,2.298298478126525879e-01,-1.992141082882881165e-02,7.620723247528076172e-01,2.029253244400024414e-01,-2.748274989426136017e-02,7.704387903213500977e-01,1.782426536083221436e-01,-3.310596197843551636e-02,7.543793320655822754e-01,2.833716869354248047e-01,-1.416338142007589340e-02,7.727883458137512207e-01,2.442649453878402710e-01,-2.383005432784557343e-02,7.851577401161193848e-01,2.196234613656997681e-01,-3.010152280330657959e-02,7.948589324951171875e-01,1.973659992218017578e-01,-3.413838520646095276e-02,7.669645547866821289e-01,2.996589541435241699e-01,-1.829180121421813965e-02,7.851477861404418945e-01,2.693745195865631104e-01,-2.678918279707431793e-02,7.977184057235717773e-01,2.498918771743774414e-01,-3.025621548295021057e-02,8.083543181419372559e-01,2.316916286945343018e-01,-3.237420693039894104e-02
3.296318352222442627e-01,5.348439216613769531e-01,-2.681826849482149555e-08,3.476713895797729492e-01,5.481629967689514160e-01,-2.514668926596641541e-02,3.539167940616607666e-01,5.647940635681152344e-01,-4.074933379888534546e-02,3.462804555892944336e-01,5.818833708763122559e-01,-5.137843638658523560e-02,3.366803228855133057e-01,6.001838445663452148e-01,-6.071839109063148499e-02,3.181416094303131104e-01,5.446549654006958008e-01,-4.378363117575645447e-02,3.053922951221466064e-01,5.604926943778991699e-01,-6.048696115612983704e-02,3.004396855831146240e-01,5.776914358139038086e-01,-7.003995776176452637e-02,2.983865737915039062e-01,5.954755544662475586e-01,-7.574317604303359985e-02,3.018410205841064453e-01,5.505767464637756348e-01,-3.670394048094749451e-02,2.867692410945892334e-01,5.726718902587890625e-01,-5.156588554382324219e-02,2.811029553413391113e-01,5.963314771652221680e-01,-5.769462138414382935e-02,2.803047597408294678e-01,6.171090602874755859e-01,-6.230299919843673706e-02,2.923988401889801025e-01,5.591874718666076660e-01,-3.061658702790737152e-02,2.775927782058715820e-01,5.812109708786010742e-01,-4.462660849094390869e-02,2.719417512416839600e-01,6.027455925941467285e-01,-5.138548463582992554e-02,2.699587345123291016e-01,6.221820116043090820e-01,-5.546444281935691833e-02,2.880046367645263672e-01,5.684300065040588379e-01,-2.585199102759361267e-02,2.759315073490142822e-01,5.875217318534851074e-01,-3.707859292626380920e-02,2.695351839065551758e-01,6.037433147430419922e-01,-4.294429719448089600e-02,2.665382921695709229e-01,6.178780198097229004e-01,-4.678746312856674194e-02,7.305657267570495605e-01,3.828149437904357910e-01,2.209327618629686185e-07,7.105576395988464355e-01,3.518010377883911133e-01,-1.488679740577936172e-02,6.999964118003845215e-01,3.114240765571594238e-01,-2.146985195577144623e-02,7.028179764747619629e-01,2.772481441497802734e-01,-2.662753686308860779e-02,7.116887569427490234e-01,2.504632472991943359e-01,-3.101566992700099945e-02,7.322076559066772461e-01,2.725077867507934570e-01,-8.032271638512611389e-03,7.401508688926696777e-01,2.323150187730789185e-01,-1.684098877012729645e-02,7.470042109489440918e-01,2.094648778438568115e-01,-2.490343712270259857e-02,7.553538084030151367e-01,1.884889751672744751e-01,-3.105161339044570923e-02,7.514572739601135254e-01,2.746378779411315918e-01,-8.004256524145603180e-03,7.661405801773071289e-01,2.323836833238601685e-01,-1.539175957441329956e-02,7.772221565246582031e-01,2.065822780132293701e-01,-2.298737317323684692e-02,7.874608039855957031e-01,1.830132305622100830e-01,-2.894019149243831635e-02,7.659639120101928711e-01,2.854752242565155029e-01,-1.051066536456346512e-02,7.859450578689575195e-01,2.482906579971313477e-01,-1.983291842043399811e-02,7.997530102729797363e-01,2.251136302947998047e-01,-2.695282548666000366e-02,8.109881877899169922e-01,2.038291394710540771e-01,-3.174746781587600708e-02,7.777556777000427246e-01,3.028591871261596680e-01,-1.443936768919229507e-02,7.972780466079711914e-01,2.749352753162384033e-01,-2.348866127431392670e-02,8.112980127334594727e-01,2.566522657871246338e-01,-2.812818996608257294e-02,8.237313628196716309e-01,2.389204502105712891e-01,-3.120559081435203552e-02
3.296318352222442627e-01,5.348439216613769531e-01,-2.681826849482149555e-08,3.476713895797729492e-01,5.481629967689514160e-01,-2.514668926596641541e-02,3.539167940616607666e-01,5.647940635681152344e-01,-4.074933379888534546e-02,3.462804555892944336e-01,5.818833708763122559e-01,-5.137843638658523560e-02,3.366803228855133057e-01,6.001838445663452148e-01,-6.071839109063148499e-02,3.181416094303131104e-01,5.446549654006958008e-01,-4.378363117575645447e-02,3.053922951221466064e-01,5.604926943778991699e-01,-6.048696115612983704e-02,3.004396855831146240e-01,5.776914358139038086e-01,-7.003995776176452637e-02,2.983865737915039062e-01,5.954755544662475586e-01,-7.574317604303359985e-02,3.018410205841064453e-01,5.505767464637756348e-01,-3.670394048094749451e-02,2.867692410945892334e-01,5.726718902587890625e-01,-5.156588554382324219e-02,2.811029553413391113e-01,5.963314771652221680e-01,-5.769462138414382935e-02,2.803047597408294678e-01,6.171090602874755859e-01,-6.230299919843673706e-02,2.923988401889801025e-01,5.591874718666076660e-01,-3.061658702790737152e-02,2.775927782058715820e-01,5.812109708786010742e-01,-4.462660849094390869e-02,2.719417512416839600e-01,6.027455925941467285e-01,-5.138548463582992554e-02,2.699587345123291016e-01,6.221820116043090820e-01,-5.546444281935691833e-02,2.880046367645263672e-01,5.684300065040588379e-01,-2.585199102759361267e-02,2.759315073490142822e-01,5.875217318534851074e-01,-3.707859292626380920e-02,2.695351839065551758e-01,6.037433147430419922e-01,-4.294429719448089600e-02,2.665382921695709229e-01,6.178780198097229004e-01,-4.678746312856674194e-02,7.305657267570495605e-01,3.828149437904357910e-01,2.209327618629686185e-07,7.105576395988464355e-01,3.518010377883911133e-01,-1.488679740577936172e-02,6.999964118003845215e-01,3.114240765571594238e-01,-2.146985195577144623e-02,7.028179764747619629e-01,2.772481441497802734e-01,-2.662753686308860779e-02,7.116887569427490234e-01,2.504632472991943359e-01,-3.101566992700099945e-02,7.322076559066772461e-01,2.725077867507934570e-01,-8.032271638512611389e-03,7.401508688926696777e-01,2.323150187730789185e-01,-1.684098877012729645e-02,7.470042109489440918e-01,2.094648778438568115e-01,-2.490343712270259857e-02,7.553538084030151367e-01,1.884889751672744751e-01,-3.105161339044570923e-02,7.514572739601135254e-01,2.746378779411315918e-01,-8.004256524145603180e-03,7.661405801773071289e-01,2.323836833238601685e-01,-1.539175957441329956e-02,7.772221565246582031e-01,2.065822780132293701e-01,-2.298737317323684692e-02,7.874608039855957031e-01,1.830132305622100830e-01,-2.894019149243831635e-02,7.659639120101928711e-01,2.854752242565155029e-01,-1.051066536456346512e-02,7.859450578689575195e-01,2.482906579971313477e-01,-1.983291842043399811e-02,7.997530102729797363e-01,2.251136302947998047e-01,-2.695282548666000366e-02,8.109881877899169922e-01,2.038291394710540771e-01,-3.174746781587600708e-02,7.777556777000427246e-01,3.028591871261596680e-01,-1.443936768919229507e-02,7.972780466079711914e-01,2.749352753162384033e-01,-2.348866127431392670e-02,8.112980127334594727e-01,2.566522657871246338e-01,-2.812818996608257294e-02,8.237313628196716309e-01,2.389204502105712891e-01,-3.120559081435203552e-02
3.286618292331695557e-01,5.340555906295776367e-01,-4.386754071106224728e-08,3.468337357044219971e-01,5.476747751235961914e-01,-2.428516000509262085e-02,3.530151247978210449e-01,5.646585226058959961e-01,-3.948923572897911072e-02,3.454203605651855469e-01,5.821264386177062988e-01,-4.985935613512992859e-02,3.360406458377838135e-01,6.005840897560119629e-01,-5.895448476076126099e-02,3.187498748302459717e-01,5.445512533187866211e-01,-4.333734884858131409e-02,3.056998848915100098e-01,5.588867664337158203e-01,-6.015741825103759766e-02,3.010360300540924072e-01,5.761724710464477539e-01,-6.960136443376541138e-02,2.997446060180664062e-01,5.943476557731628418e-01,-7.502390444278717041e-02,3.022427260875701904e-01,5.504745841026306152e-01,-3.640036284923553467e-02,2.875548601150512695e-01,5.712509155273437500e-01,-5.108179152011871338e-02,2.821899652481079102e-01,5.947774052619934082e-01,-5.678924918174743652e-02,2.821013033390045166e-01,6.150794029235839844e-01,-6.110099703073501587e-02,2.923211455345153809e-01,5.593417286872863770e-01,-3.043361380696296692e-02,2.777360975742340088e-01,5.805004835128784180e-01,-4.449281841516494751e-02,2.721686065196990967e-01,6.023393869400024414e-01,-5.123863741755485535e-02,2.708853483200073242e-01,6.215917468070983887e-01,-5.524481087923049927e-02,2.874873280525207520e-01,5.687803626060485840e-01,-2.566814050078392029e-02,2.755866050720214844e-01,5.878691077232360840e-01,-3.679385036230087280e-02,2.692174315452575684e-01,6.042951941490173340e-01,-4.259682819247245789e-02,2.666562199592590332e-01,6.182609796524047852e-01,-4.642000049352645874e-02,7.342510223388671875e-01,3.829866945743560791e-01,2.210977498862121138e-07,7.157087922096252441e-01,3.525488376617431641e-01,-1.440585125237703323e-02,7.058323621749877930e-01,3.120585381984710693e-01,-2.069890499114990234e-02,7.083143591880798340e-01,2.782997190952301025e-01,-2.565841749310493469e-02,7.156572341918945312e-01,2.517057061195373535e-01,-2.995843999087810516e-02,7.354536056518554688e-01,2.742970585823059082e-01,-8.734669536352157593e-03,7.441144585609436035e-01,2.342389822006225586e-01,-1.801802031695842743e-02,7.518056631088256836e-01,2.113358378410339355e-01,-2.621412463486194611e-02,7.607547640800476074e-01,1.904762089252471924e-01,-3.237314522266387939e-02,7.547066211700439453e-01,2.760358452796936035e-01,-8.904166519641876221e-03,7.699960470199584961e-01,2.334621548652648926e-01,-1.650244928896427155e-02,7.813017964363098145e-01,2.076545953750610352e-01,-2.405107580125331879e-02,7.915349602699279785e-01,1.839759051799774170e-01,-2.998814731836318970e-02,7.691464424133300781e-01,2.866057753562927246e-01,-1.149377599358558655e-02,7.889409661293029785e-01,2.493388056755065918e-01,-2.068675495684146881e-02,8.027639389038085938e-01,2.261824756860733032e-01,-2.747872658073902130e-02,8.140146732330322266e-01,2.048869431018829346e-01,-3.215857222676277161e-02,7.807294130325317383e-01,3.039225339889526367e-01,-1.549286395311355591e-02,8.002031445503234863e-01,2.768415212631225586e-01,-2.424866147339344025e-02,8.142086267471313477e-01,2.587463855743408203e-01,-2.861593663692474365e-02,8.264801502227783203e-01,2.412337362766265869e-01,-3.160033375024795532e-02
3.307057917118072510e-01,5.348317623138427734e-01,-2.400808973845869332e-08,3.484251201152801514e-01,5.483587980270385742e-01,-2.454555965960025787e-02,3.541522622108459473e-01,5.655921697616577148e-01,-3.964056447148323059e-02,3.457607328891754150e-01,5.825635790824890137e-01,-4.976455867290496826e-02,3.361914455890655518e-01,6.004865765571594238e-01,-5.866492167115211487e-02,3.187554478645324707e-01,5.450438261032104492e-01,-4.325618594884872437e-02,3.060621023178100586e-01,5.595280528068542480e-01,-5.946116521954536438e-02,3.007764816284179688e-01,5.764657855033874512e-01,-6.869849562644958496e-02,2.982825934886932373e-01,5.941814780235290527e-01,-7.429715991020202637e-02,3.023115992546081543e-01,5.510001182556152344e-01,-3.630815446376800537e-02,2.862953841686248779e-01,5.725455880165100098e-01,-5.077816918492317200e-02,2.804627716541290283e-01,5.962988734245300293e-01,-5.667367205023765564e-02,2.798237502574920654e-01,6.166751384735107422e-01,-6.113588809967041016e-02,2.927941977977752686e-01,5.597940683364868164e-01,-3.024810738861560822e-02,2.771948575973510742e-01,5.816656351089477539e-01,-4.394517093896865845e-02,2.715811133384704590e-01,6.030455827713012695e-01,-5.065860226750373840e-02,2.698445618152618408e-01,6.220242977142333984e-01,-5.474152043461799622e-02,2.885462641716003418e-01,5.692937970161437988e-01,-2.543182857334613800e-02,2.761981487274169922e-01,5.883844494819641113e-01,-3.641787171363830566e-02,2.697290778160095215e-01,6.045112013816833496e-01,-4.224031046032905579e-02,2.666767835617065430e-01,6.183760166168212891e-01,-4.608244448900222778e-02,7.339768409729003906e-01,3.839486539363861084e-01,2.198868429559297510e-07,7.159703969955444336e-01,3.520842790603637695e-01,-1.360684260725975037e-02,7.064940333366394043e-01,3.114407062530517578e-01,-1.931079290807247162e-02,7.095741629600524902e-01,2.783042788505554199e-01,-2.378278598189353943e-02,7.169154882431030273e-01,2.525174021720886230e-01,-2.751021645963191986e-02,7.365410923957824707e-01,2.741542160511016846e-01,-7.490683812648057938e-03,7.453920841217041016e-01,2.343792319297790527e-01,-1.604649238288402557e-02,7.526929974555969238e-01,2.113488316535949707e-01,-2.377981506288051605e-02,7.608861327171325684e-01,1.903115808963775635e-01,-2.969470433890819550e-02,7.555351853370666504e-01,2.761265933513641357e-01,-7.830177433788776398e-03,7.708885073661804199e-01,2.346452474594116211e-01,-1.515023037791252136e-02,7.821512222290039062e-01,2.086657285690307617e-01,-2.243429049849510193e-02,7.922267317771911621e-01,1.849695891141891479e-01,-2.810403704643249512e-02,7.701205611228942871e-01,2.868382036685943604e-01,-1.051364745944738388e-02,7.903822660446166992e-01,2.500538229942321777e-01,-1.949978619813919067e-02,8.039790987968444824e-01,2.270463705062866211e-01,-2.602411620318889618e-02,8.149545192718505859e-01,2.058912515640258789e-01,-3.040915168821811676e-02,7.819089889526367188e-01,3.041450083255767822e-01,-1.455612387508153915e-02,8.019530177116394043e-01,2.773951888084411621e-01,-2.323901280760765076e-02,8.161502480506896973e-01,2.589163780212402344e-01,-2.752745337784290314e-02,8.285356163978576660e-01,2.410981506109237671e-01,-3.032033145427703857e-02
3.307057917118072510e-01,5.348317623138427734e-01,-2.400808973845869332e-08,3.484251201152801514e-01,5.483587980270385742e-01,-2.454555965960025787e-02,3.541522622108459473e-01,5.655921697616577148e-01,-3.964056447148323059e-02,3.457607328891754150e-01,5.825635790824890137e-01,-4.976455867290496826e-02,3.361914455890655518e-01,6.004865765571594238e-01,-5.866492167115211487e-02,3.187554478645324707e-01,5.450438261032104492e-01,-4.325618594884872437e-02,3.060621023178100586e-01,5.595280528068542480e-01,-5.946116521954536438e-02,3.007764816284179688e-01,5.764657855033874512e-01,-6.869849562644958496e-02,2.982825934886932373e-01,5.941814780235290527e-01,-7.429715991020202637e-02,3.023115992546081543e-01,5.510001182556152344e-01,-3.630815446376800537e-02,2.862953841686248779e-01,5.725455880165100098e-01,-5.077816918492317200e-02,2.804627716541290283e-01,5.962988734245300293e-01,-5.667367205023765564e-02,2.798237502574920654e-01,6.166751384735107422e-01,-6.113588809967041016e-02,2.927941977977752686e-01,5.597940683364868164e-01,-3.024810738861560822e-02,2.771948575973510742e-01,5.816656351089477539e-01,-4.394517093896865845e-02,2.715811133384704590e-01,6.030455827713012695e-01,-5.065860226750373840e-02,2.698445618152618408e-01,6.220242977142333984e-01,-5.474152043461799622e-02,2.885462641716003418e-01,5.692937970161437988e-01,-2.543182857334613800e-02,2.761981487274169922e-01,5.883844494819641113e-01,-3.641787171363830566e-02,2.697290778160095215e-01,6.045112013816833496e-01,-4.224031046032905579e-02,2.666767835617065430e-01,6.183760166168212891e-01,-4.608244448900222778e-02,7.339768409729003906e-01,3.839486539363861084e-01,2.198868429559297510e-07,7.159703969955444336e-01,3.520842790603637695e-01,-1.360684260725975037e-02,7.064940333366394043e-01,3.114407062530517578e-01,-1.931079290807247162e-02,7.095741629600524902e-01,2.783042788505554199e-01,-2.378278598189353943e-02,7.169154882431030273e-01,2.525174021720886230e-01,-2.751021645963191986e-02,7.365410923957824707e-01,2.741542160511016846e-01,-7.490683812648057938e-03,7.453920841217041016e-01,2.343792319297790527e-01,-1.604649238288402557e-02,7.526929974555969238e-01,2.113488316535949707e-01,-2.377981506288051605e-02,7.608861327171325684e-01,1.903115808963775635e-01,-2.969470433890819550e-02,7.555351853370666504e-01,2.761265933513641357e-01,-7.830177433788776398e-03,7.708885073661804199e-01,2.346452474594116211e-01,-1.515023037791252136e-02,7.821512222290039062e-01,2.086657285690307617e-01,-2.243429049849510193e-02,7.922267317771911621e-01,1.849695891141891479e-01,-2.810403704643249512e-02,7.701205611228942871e-01,2.868382036685943604e-01,-1.051364745944738388e-02,7.903822660446166992e-01,2.500538229942321777e-01,-1.949978619813919067e-02,8.039790987968444824e-01,2.270463705062866211e-01,-2.602411620318889618e-02,8.149545192718505859e-01,2.058912515640258789e-01,-3.040915168821811676e-02,7.819089889526367188e-01,3.041450083255767822e-01,-1.455612387508153915e-02,8.019530177116394043e-01,2.773951888084411621e-01,-2.323901280760765076e-02,8.161502480506896973e-01,2.589163780212402344e-01,-2.752745337784290314e-02,8.285356163978576660e-01,2.410981506109237671e-01,-3.032033145427703857e-02
3.298928439617156982e-01,5.342506170272827148e-01,-3.221980193757190136e-08,3.474192917346954346e-01,5.475458502769470215e-01,-2.468910254538059235e-02,3.533295094966888428e-01,5.648477673530578613e-01,-4.000653326511383057e-02,3.453793227672576904e-01,5.825542211532592773e-01,-5.028637126088142395e-02,3.362123370170593262e-01,6.011364459991455078e-01,-5.931081250309944153e-02,3.192284703254699707e-01,5.442932248115539551e-01,-4.397555813193321228e-02,3.061185479164123535e-01,5.588170886039733887e-01,-6.056312471628189087e-02,3.009280562400817871e-01,5.761578083038330078e-01,-6.991234421730041504e-02,2.987585663795471191e-01,5.943626165390014648e-01,-7.547735422849655151e-02,3.024888932704925537e-01,5.503382682800292969e-01,-3.690825030207633972e-02,2.865584492683410645e-01,5.719419121742248535e-01,-5.144559964537620544e-02,2.806522846221923828e-01,5.957900285720825195e-01,-5.713560804724693298e-02,2.800040841102600098e-01,6.164754033088684082e-01,-6.150275096297264099e-02,2.925461828708648682e-01,5.593401789665222168e-01,-3.073676675558090210e-02,2.773160934448242188e-01,5.810555219650268555e-01,-4.458005726337432861e-02,2.718841731548309326e-01,6.024104356765747070e-01,-5.109662935137748718e-02,2.704448401927947998e-01,6.214436888694763184e-01,-5.506438761949539185e-02,2.879179120063781738e-01,5.690681934356689453e-01,-2.580104582011699677e-02,2.758893072605133057e-01,5.882550477981567383e-01,-3.677051886916160583e-02,2.697989642620086670e-01,6.043758988380432129e-01,-4.236028343439102173e-02,2.672749459743499756e-01,6.182834506034851074e-01,-4.607636108994483948e-02,7.339709401130676270e-01,3.836890757083892822e-01,2.245002974632370751e-07,7.160349488258361816e-01,3.525075018405914307e-01,-1.461081299930810928e-02,7.066659331321716309e-01,3.120940327644348145e-01,-2.090911567211151123e-02,7.092502713203430176e-01,2.787519693374633789e-01,-2.575109526515007019e-02,7.167595624923706055e-01,2.524956464767456055e-01,-2.980936691164970398e-02,7.366257309913635254e-01,2.745242714881896973e-01,-8.747478947043418884e-03,7.457929849624633789e-01,2.344960272312164307e-01,-1.766309887170791626e-02,7.534617781639099121e-01,2.114171683788299561e-01,-2.558168023824691772e-02,7.620967030525207520e-01,1.906290352344512939e-01,-3.155808895826339722e-02,7.556350231170654297e-01,2.765018939971923828e-01,-8.636971935629844666e-03,7.710895538330078125e-01,2.349047660827636719e-01,-1.606058143079280853e-02,7.825350165367126465e-01,2.089981287717819214e-01,-2.349085733294487000e-02,7.927240729331970215e-01,1.852081567049026489e-01,-2.934378944337368011e-02,7.703246474266052246e-01,2.869927883148193359e-01,-1.092952303588390350e-02,7.907306551933288574e-01,2.506326735019683838e-01,-1.994013227522373199e-02,8.048036694526672363e-01,2.271754741668701172e-01,-2.680147439241409302e-02,8.161078095436096191e-01,2.056370973587036133e-01,-3.149961307644844055e-02,7.821818590164184570e-01,3.039265275001525879e-01,-1.463515404611825943e-02,8.023538589477539062e-01,2.769879102706909180e-01,-2.311011776328086853e-02,8.165341615676879883e-01,2.588282227516174316e-01,-2.745529264211654663e-02,8.287019729614257812e-01,2.414627969264984131e-01,-3.040190599858760834e-02
3.292545378208160400e-01,5.333802103996276855e-01,-2.889044736775758793e-08,3.470113873481750488e-01,5.468577742576599121e-01,-2.441298589110374451e-02,3.531486988067626953e-01,5.639983415603637695e-01,-3.970798105001449585e-02,3.457686305046081543e-01,5.816148519515991211e-01,-5.014072731137275696e-02,3.363672494888305664e-01,6.000816226005554199e-01,-5.929949879646301270e-02,3.183852732181549072e-01,5.448929667472839355e-01,-4.297499731183052063e-02,3.052110373973846436e-01,5.602654814720153809e-01,-5.922592803835868835e-02,3.001316487789154053e-01,5.774396061897277832e-01,-6.831737607717514038e-02,2.981117069721221924e-01,5.951929688453674316e-01,-7.370943576097488403e-02,3.020557761192321777e-01,5.505528450012207031e-01,-3.620414808392524719e-02,2.861672043800354004e-01,5.734653472900390625e-01,-5.040998011827468872e-02,2.801122069358825684e-01,5.969855189323425293e-01,-5.617557466030120850e-02,2.790148556232452393e-01,6.176409721374511719e-01,-6.061910465359687805e-02,2.924778461456298828e-01,5.589519739151000977e-01,-3.037661127746105194e-02,2.769088447093963623e-01,5.818347930908203125e-01,-4.400855302810668945e-02,2.709458768367767334e-01,6.032789945602416992e-01,-5.072049424052238464e-02,2.687817215919494629e-01,6.226831674575805664e-01,-5.484154075384140015e-02,2.879973351955413818e-01,5.680065155029296875e-01,-2.577539533376693726e-02,2.755024731159210205e-01,5.879119038581848145e-01,-3.669926151633262634e-02,2.688862979412078857e-01,6.042394638061523438e-01,-4.243149608373641968e-02,2.656719386577606201e-01,6.184163689613342285e-01,-4.625976830720901489e-02,7.366185784339904785e-01,3.831090927124023438e-01,2.202471165446695522e-07,7.194374799728393555e-01,3.530827462673187256e-01,-1.437624823302030563e-02,7.088582515716552734e-01,3.134710490703582764e-01,-2.096443623304367065e-02,7.095989584922790527e-01,2.805103361606597900e-01,-2.612824179232120514e-02,7.166416645050048828e-01,2.542118430137634277e-01,-3.054556436836719513e-02,7.367895245552062988e-01,2.754162549972534180e-01,-9.616266936063766479e-03,7.449241280555725098e-01,2.357084900140762329e-01,-1.883518695831298828e-02,7.521654963493347168e-01,2.124955803155899048e-01,-2.680461853742599487e-02,7.606797218322753906e-01,1.917585432529449463e-01,-3.280828520655632019e-02,7.558053135871887207e-01,2.764571011066436768e-01,-9.665634483098983765e-03,7.706409692764282227e-01,2.346251755952835083e-01,-1.735559850931167603e-02,7.819286584854125977e-01,2.085661292076110840e-01,-2.475400641560554504e-02,7.920625209808349609e-01,1.847473382949829102e-01,-3.060517087578773499e-02,7.706608176231384277e-01,2.863545119762420654e-01,-1.200969424098730087e-02,7.906222939491271973e-01,2.503855526447296143e-01,-2.114457823336124420e-02,8.045562505722045898e-01,2.272768318653106689e-01,-2.783905714750289917e-02,8.156847357749938965e-01,2.061781436204910278e-01,-3.245631977915763855e-02,7.827422022819519043e-01,3.030175268650054932e-01,-1.571908593177795410e-02,8.027818202972412109e-01,2.763991951942443848e-01,-2.417289651930332184e-02,8.170586824417114258e-01,2.585452497005462646e-01,-2.835775725543498993e-02,8.291764259338378906e-01,2.416059672832489014e-01,-3.122500889003276825e-02
3.297925591468811035e-01,5.341394543647766113e-01,-2.503021079292011564e-08,3.477649688720703125e-01,5.472844243049621582e-01,-2.425407432019710541e-02,3.537306785583496094e-01,5.641666650772094727e-01,-3.932007774710655212e-02,3.460434079170227051e-01,5.812776684761047363e-01,-4.957542940974235535e-02,3.365188241004943848e-01,5.992031693458557129e-01,-5.857318639755249023e-02,3.180328011512756348e-01,5.450267791748046875e-01,-4.216293990612030029e-02,3.048474490642547607e-01,5.604730248451232910e-01,-5.817267298698425293e-02,2.997474670410156250e-01,5.775377750396728516e-01,-6.730492413043975830e-02,2.976923584938049316e-01,5.952686667442321777e-01,-7.278764247894287109e-02,3.019848465919494629e-01,5.510627031326293945e-01,-3.551397845149040222e-02,2.858953177928924561e-01,5.735902190208435059e-01,-4.959622770547866821e-02,2.800040245056152344e-01,5.968045592308044434e-01,-5.547316744923591614e-02,2.791085839271545410e-01,6.173017621040344238e-01,-5.993983522057533264e-02,2.926105558872222900e-01,5.597401261329650879e-01,-2.982282452285289764e-02,2.767874002456665039e-01,5.825588703155517578e-01,-4.316833242774009705e-02,2.708380222320556641e-01,6.037781834602355957e-01,-4.978366568684577942e-02,2.685931622982025146e-01,6.232306957244873047e-01,-5.384366959333419800e-02,2.882580459117889404e-01,5.689954757690429688e-01,-2.539149671792984009e-02,2.756091654300689697e-01,5.887682437896728516e-01,-3.610041737556457520e-02,2.689796090126037598e-01,6.048228740692138672e-01,-4.171069338917732239e-02,2.656532526016235352e-01,6.189564466476440430e-01,-4.543046280741691589e-02,7.358041405677795410e-01,3.830967843532562256e-01,2.265906715592791443e-07,7.185980081558227539e-01,3.527472317218780518e-01,-1.432052813470363617e-02,7.085694670677185059e-01,3.137461841106414795e-01,-2.109169401228427887e-02,7.097189426422119141e-01,2.812945842742919922e-01,-2.649639546871185303e-02,7.165936827659606934e-01,2.550070285797119141e-01,-3.113340772688388824e-02,7.369767427444458008e-01,2.753384113311767578e-01,-9.321886114776134491e-03,7.450956702232360840e-01,2.356724143028259277e-01,-1.860621757805347443e-02,7.522933483123779297e-01,2.125909328460693359e-01,-2.661067433655261993e-02,7.607300281524658203e-01,1.918229460716247559e-01,-3.259879350662231445e-02,7.559874057769775391e-01,2.765983045101165771e-01,-9.426325559616088867e-03,7.706875801086425781e-01,2.351953983306884766e-01,-1.713349111378192902e-02,7.816417217254638672e-01,2.091995179653167725e-01,-2.448281459510326385e-02,7.914701104164123535e-01,1.854405552148818970e-01,-3.024584613740444183e-02,7.708748579025268555e-01,2.864846885204315186e-01,-1.184031274169683456e-02,7.906025052070617676e-01,2.502616941928863525e-01,-2.090939320623874664e-02,8.041250705718994141e-01,2.272939682006835938e-01,-2.728682383894920349e-02,8.149728178977966309e-01,2.064208984375000000e-01,-3.164690732955932617e-02,7.829273343086242676e-01,3.029935956001281738e-01,-1.564231514930725098e-02,8.026800751686096191e-01,2.765927314758300781e-01,-2.402676455676555634e-02,8.168892264366149902e-01,2.586390376091003418e-01,-2.799272164702415466e-02,8.289912939071655273e-01,2.416440099477767944e-01,-3.062500059604644775e-02
3.304146528244018555e-01,5.331401824951171875e-01,-3.532487014012986037e-08,3.479324281215667725e-01,5.472869873046875000e-01,-2.383496798574924469e-02,3.530608713626861572e-01,5.645408630371093750e-01,-3.839252889156341553e-02,3.448853492736816406e-01,5.818253159523010254e-01,-4.824420809745788574e-02,3.357337713241577148e-01,6.000524163246154785e-01,-5.685455352067947388e-02,3.177042007446289062e-01,5.448570251464843750e-01,-4.095527529716491699e-02,3.047185540199279785e-01,5.612865090370178223e-01,-5.636873468756675720e-02,2.997465431690216064e-01,5.785522460937500000e-01,-6.519337743520736694e-02,2.974399328231811523e-01,5.961921811103820801e-01,-7.054801285266876221e-02,3.016647100448608398e-01,5.501832962036132812e-01,-3.431103751063346863e-02,2.856481075286865234e-01,5.723993778228759766e-01,-4.797957092523574829e-02,2.799057662487030029e-01,5.955237150192260742e-01,-5.373869091272354126e-02,2.789761722087860107e-01,6.157593727111816406e-01,-5.810708180069923401e-02,2.924403846263885498e-01,5.585638284683227539e-01,-2.861320599913597107e-02,2.768206894397735596e-01,5.813549160957336426e-01,-4.164026305079460144e-02,2.708930969238281250e-01,6.028047800064086914e-01,-4.833748191595077515e-02,2.687477469444274902e-01,6.221414208412170410e-01,-5.246399343013763428e-02,2.882637083530426025e-01,5.681458711624145508e-01,-2.415326423943042755e-02,2.757892012596130371e-01,5.880913734436035156e-01,-3.474130854010581970e-02,2.690474390983581543e-01,6.048553586006164551e-01,-4.055454954504966736e-02,2.656261622905731201e-01,6.193157434463500977e-01,-4.442330449819564819e-02,7.357883453369140625e-01,3.832848072052001953e-01,2.360655741995287826e-07,7.180468440055847168e-01,3.542622625827789307e-01,-1.541139837354421616e-02,7.079752683639526367e-01,3.158248364925384521e-01,-2.263581939041614532e-02,7.089654803276062012e-01,2.831311821937561035e-01,-2.820793539285659790e-02,7.157145738601684570e-01,2.565002143383026123e-01,-3.294139727950096130e-02,7.359597682952880859e-01,2.757840454578399658e-01,-1.040453184396028519e-02,7.446595430374145508e-01,2.363374233245849609e-01,-1.989495195448398590e-02,7.521476745605468750e-01,2.130683064460754395e-01,-2.819915674626827240e-02,7.606588006019592285e-01,1.921490430831909180e-01,-3.437876701354980469e-02,7.549384832382202148e-01,2.766504585742950439e-01,-9.950728155672550201e-03,7.701383233070373535e-01,2.347883880138397217e-01,-1.772331632673740387e-02,7.813851833343505859e-01,2.085791230201721191e-01,-2.515053562819957733e-02,7.911684513092041016e-01,1.847408562898635864e-01,-3.097209893167018890e-02,7.698746919631958008e-01,2.865779399871826172e-01,-1.187128201127052307e-02,7.901459336280822754e-01,2.500484883785247803e-01,-2.099735476076602936e-02,8.042193055152893066e-01,2.270323634147644043e-01,-2.758265100419521332e-02,8.153381943702697754e-01,2.060686945915222168e-01,-3.206006065011024475e-02,7.821363210678100586e-01,3.032293617725372314e-01,-1.525403186678886414e-02,8.023614287376403809e-01,2.760700285434722900e-01,-2.369377762079238892e-02,8.166703581809997559e-01,2.581233382225036621e-01,-2.777570299804210663e-02,8.288827538490295410e-01,2.411344796419143677e-01,-3.048223070800304413e-02
3.292287886142730713e-01,5.346765518188476562e-01,-3.796801451017017826e-08,3.472124636173248291e-01,5.479624867439270020e-01,-2.410888485610485077e-02,3.528830409049987793e-01,5.647613406181335449e-01,-3.890377655625343323e-02,3.450728952884674072e-01,5.823515653610229492e-01,-4.899622127413749695e-02,3.357807397842407227e-01,6.005535721778869629e-01,-5.780472978949546814e-02,3.175081014633178711e-01,5.448133945465087891e-01,-4.127502068877220154e-02,3.043602108955383301e-01,5.604922175407409668e-01,-5.747986584901809692e-02,2.991912961006164551e-01,5.777313113212585449e-01,-6.692370027303695679e-02,2.970901131629943848e-01,5.956359505653381348e-01,-7.251603156328201294e-02,3.013489246368408203e-01,5.510401129722595215e-01,-3.448632732033729553e-02,2.862379848957061768e-01,5.721943378448486328e-01,-4.836837947368621826e-02,2.802309989929199219e-01,5.951005220413208008e-01,-5.416718870401382446e-02,2.790716290473937988e-01,6.153982877731323242e-01,-5.859261751174926758e-02,2.917051613330841064e-01,5.598884820938110352e-01,-2.876435220241546631e-02,2.770805656909942627e-01,5.816480517387390137e-01,-4.219133034348487854e-02,2.711824774742126465e-01,6.028674244880676270e-01,-4.897309094667434692e-02,2.689222991466522217e-01,6.221762299537658691e-01,-5.306579172611236572e-02,2.870616614818572998e-01,5.694645047187805176e-01,-2.431225776672363281e-02,2.750138640403747559e-01,5.887808203697204590e-01,-3.508468717336654663e-02,2.685311436653137207e-01,6.053118705749511719e-01,-4.088561609387397766e-02,2.654199004173278809e-01,6.197295188903808594e-01,-4.470403119921684265e-02,7.355311512947082520e-01,3.828134834766387939e-01,2.345017264815396629e-07,7.178721427917480469e-01,3.540070056915283203e-01,-1.547612994909286499e-02,7.075587511062622070e-01,3.157627880573272705e-01,-2.293048985302448273e-02,7.088272571563720703e-01,2.829701006412506104e-01,-2.875194139778614044e-02,7.154966592788696289e-01,2.557054162025451660e-01,-3.372703120112419128e-02,7.357578277587890625e-01,2.754033207893371582e-01,-1.083805225789546967e-02,7.437559962272644043e-01,2.356650084257125854e-01,-2.056397311389446259e-02,7.509384155273437500e-01,2.124548852443695068e-01,-2.889170497655868530e-02,7.593775987625122070e-01,1.916101574897766113e-01,-3.504319861531257629e-02,7.546934485435485840e-01,2.762507796287536621e-01,-1.044927723705768585e-02,7.692335247993469238e-01,2.342853844165802002e-01,-1.842557638883590698e-02,7.802094221115112305e-01,2.080778032541275024e-01,-2.587981894612312317e-02,7.900032401084899902e-01,1.841726005077362061e-01,-3.173741698265075684e-02,7.695373296737670898e-01,2.859804034233093262e-01,-1.243276987224817276e-02,7.896717786788940430e-01,2.497218400239944458e-01,-2.169429324567317963e-02,8.035801649093627930e-01,2.266970872879028320e-01,-2.816894464194774628e-02,8.146689534187316895e-01,2.057265043258666992e-01,-3.259195387363433838e-02,7.816353440284729004e-01,3.023313283920288086e-01,-1.589662581682205200e-02,8.018145561218261719e-01,2.755557298660278320e-01,-2.443631179630756378e-02,8.161976337432861328e-01,2.577213346958160400e-01,-2.849055267870426178e-02,8.284296393394470215e-01,2.407729178667068481e-01,-3.118134103715419769e-02
3.299570083618164062e-01,5.335810184478759766e-01,-3.904896317408201867e-08,3.476136028766632080e-01,5.472258329391479492e-01,-2.382542937994003296e-02,3.528984785079956055e-01,5.648972988128662109e-01,-3.826576843857765198e-02,3.446810543537139893e-01,5.828956365585327148e-01,-4.795951023697853088e-02,3.354608714580535889e-01,6.013949513435363770e-01,-5.634416639804840088e-02,3.184006810188293457e-01,5.448416471481323242e-01,-4.072716832160949707e-02,3.054332137107849121e-01,5.603529214859008789e-01,-5.630352720618247986e-02,3.000881671905517578e-01,5.775824189186096191e-01,-6.522213667631149292e-02,2.975418269634246826e-01,5.953611731529235840e-01,-7.064533978700637817e-02,3.019525408744812012e-01,5.508556962013244629e-01,-3.413606062531471252e-02,2.862114608287811279e-01,5.725797414779663086e-01,-4.779148846864700317e-02,2.799422144889831543e-01,5.957787632942199707e-01,-5.340545997023582458e-02,2.783711254596710205e-01,6.162678599357604980e-01,-5.773179605603218079e-02,2.922667562961578369e-01,5.594639182090759277e-01,-2.854461222887039185e-02,2.771500349044799805e-01,5.814418196678161621e-01,-4.152877256274223328e-02,2.712120413780212402e-01,6.024103164672851562e-01,-4.778626561164855957e-02,2.686438858509063721e-01,6.214573383331298828e-01,-5.164161697030067444e-02,2.878044843673706055e-01,5.689465999603271484e-01,-2.425546385347843170e-02,2.757188379764556885e-01,5.883436203002929688e-01,-3.477922081947326660e-02,2.692285180091857910e-01,6.049178838729858398e-01,-4.024773091077804565e-02,2.659237980842590332e-01,6.192542910575866699e-01,-4.385869577527046204e-02,7.351738810539245605e-01,3.823584616184234619e-01,2.316493805665231775e-07,7.178336381912231445e-01,3.531583547592163086e-01,-1.485773269087076187e-02,7.072287201881408691e-01,3.151052892208099365e-01,-2.218482643365859985e-02,7.083104252815246582e-01,2.828482389450073242e-01,-2.799664810299873352e-02,7.156972289085388184e-01,2.564087510108947754e-01,-3.299613296985626221e-02,7.352356910705566406e-01,2.745389044284820557e-01,-1.035212911665439606e-02,7.430928945541381836e-01,2.350272983312606812e-01,-1.975081115961074829e-02,7.500428557395935059e-01,2.120152115821838379e-01,-2.780784480273723602e-02,7.583981752395629883e-01,1.913560032844543457e-01,-3.382975235581398010e-02,7.542478442192077637e-01,2.757097482681274414e-01,-1.028120052069425583e-02,7.685181498527526855e-01,2.339979708194732666e-01,-1.806990057229995728e-02,7.793427705764770508e-01,2.078680098056793213e-01,-2.539330720901489258e-02,7.891049981117248535e-01,1.841553449630737305e-01,-3.117442876100540161e-02,7.692095637321472168e-01,2.858330607414245605e-01,-1.252787094563245773e-02,7.893185019493103027e-01,2.497229278087615967e-01,-2.168449386954307556e-02,8.031803369522094727e-01,2.267900705337524414e-01,-2.813030034303665161e-02,8.141954541206359863e-01,2.058927714824676514e-01,-3.253795206546783447e-02,7.814660668373107910e-01,3.025041222572326660e-01,-1.618600450456142426e-02,8.016798496246337891e-01,2.755763232707977295e-01,-2.467232383787631989e-02,8.160376548767089844e-01,2.574768960475921631e-01,-2.871695905923843384e-02,8.281948566436767578e-01,2.402426004409790039e-01,-3.141042590141296387e-02
3.299570083618164062e-01,5.335810184478759766e-01,-3.904896317408201867e-08,3.476136028766632080e-01,5.472258329391479492e-01,-2.382542937994003296e-02,3.528984785079956055e-01,5.648972988128662109e-01,-3.826576843857765198e-02,3.446810543537139893e-01,5.828956365585327148e-01,-4.795951023697853088e-02,3.354608714580535889e-01,6.013949513435363770e-01,-5.634416639804840088e-02,3.184006810188293457e-01,5.448416471481323242e-01,-4.072716832160949707e-02,3.054332137107849121e-01,5.603529214859008789e-01,-5.630352720618247986e-02,3.000881671905517578e-01,5.775824189186096191e-01,-6.522213667631149292e-02,2.975418269634246826e-01,5.953611731529235840e-01,-7.064533978700637817e-02,3.019525408744812012e-01,5.508556962013244629e-01,-3.413606062531471252e-02,2.862114608287811279e-01,5.725797414779663086e-01,-4.779148846864700317e-02,2.799422144889831543e-01,5.957787632942199707e-01,-5.340545997023582458e-02,2.783711254596710205e-01,6.162678599357604980e-01,-5.773179605603218079e-02,2.922667562961578369e-01,5.594639182090759277e-01,-2.854461222887039185e-02,2.771500349044799805e-01,5.814418196678161621e-01,-4.152877256274223328e-02,2.712120413780212402e-01,6.024103164672851562e-01,-4.778626561164855957e-02,2.686438858509063721e-01,6.214573383331298828e-01,-5.164161697030067444e-02,2.878044843673706055e-01,5.689465999603271484e-01,-2.425546385347843170e-02,2.757188379764556885e-01,5.883436203002929688e-01,-3.477922081947326660e-02,2.692285180091857910e-01,6.049178838729858398e-01,-4.024773091077804565e-02,2.659237980842590332e-01,6.192542910575866699e-01,-4.385869577527046204e-02,7.351738810539245605e-01,3.823584616184234619e-01,2.316493805665231775e-07,7.178336381912231445e-01,3.531583547592163086e-01,-1.485773269087076187e-02,7.072287201881408691e-01,3.151052892208099365e-01,-2.218482643365859985e-02,7.083104252815246582e-01,2.828482389450073242e-01,-2.799664810299873352e-02,7.156972289085388184e-01,2.564087510108947754e-01,-3.299613296985626221e-02,7.352356910705566406e-01,2.745389044284820557e-01,-1.035212911665439606e-02,7.430928945541381836e-01,2.350272983312606812e-01,-1.975081115961074829e-02,7.500428557395935059e-01,2.120152115821838379e-01,-2.780784480273723602e-02,7.583981752395629883e-01,1.913560032844543457e-01,-3.382975235581398010e-02,7.542478442192077637e-01,2.757097482681274414e-01,-1.028120052069425583e-02,7.685181498527526855e-01,2.339979708194732666e-01,-1.806990057229995728e-02,7.793427705764770508e-01,2.078680098056793213e-01,-2.539330720901489258e-02,7.891049981117248535e-01,1.841553449630737305e-01,-3.117442876100540161e-02,7.692095637321472168e-01,2.858330607414245605e-01,-1.252787094563245773e-02,7.893185019493103027e-01,2.497229278087615967e-01,-2.168449386954307556e-02,8.031803369522094727e-01,2.267900705337524414e-01,-2.813030034303665161e-02,8.141954541206359863e-01,2.058927714824676514e-01,-3.253795206546783447e-02,7.814660668373107910e-01,3.025041222572326660e-01,-1.618600450456142426e-02,8.016798496246337891e-01,2.755763232707977295e-01,-2.467232383787631989e-02,8.160376548767089844e-01,2.574768960475921631e-01,-2.871695905923843384e-02,8.281948566436767578e-01,2.402426004409790039e-01,-3.141042590141296387e-02
3.303478956222534180e-01,5.335064530372619629e-01,-3.071434662160754669e-08,3.479375839233398438e-01,5.472530126571655273e-01,-2.405673824250698090e-02,3.531810045242309570e-01,5.645802617073059082e-01,-3.858228772878646851e-02,3.448813557624816895e-01,5.822743177413940430e-01,-4.834911972284317017e-02,3.356909155845642090e-01,6.005061268806457520e-01,-5.680064484477043152e-02,3.178038001060485840e-01,5.448428392410278320e-01,-4.046922922134399414e-02,3.046337366104125977e-01,5.609803199768066406e-01,-5.614628642797470093e-02,2.993610501289367676e-01,5.782139897346496582e-01,-6.533525884151458740e-02,2.969737052917480469e-01,5.957810282707214355e-01,-7.092723250389099121e-02,3.016329705715179443e-01,5.511108040809631348e-01,-3.375880792737007141e-02,2.858744263648986816e-01,5.727880001068115234e-01,-4.748677462339401245e-02,2.796519696712493896e-01,5.957800149917602539e-01,-5.330383777618408203e-02,2.781963348388671875e-01,6.161452531814575195e-01,-5.769575387239456177e-02,2.922818660736083984e-01,5.598903298377990723e-01,-2.809765748679637909e-02,2.770257592201232910e-01,5.818458199501037598e-01,-4.102335497736930847e-02,2.710165977478027344e-01,6.025944948196411133e-01,-4.732358083128929138e-02,2.684423029422760010e-01,6.216581463813781738e-01,-5.117589980363845825e-02,2.881011068820953369e-01,5.694371461868286133e-01,-2.378182485699653625e-02,2.758888602256774902e-01,5.882651209831237793e-01,-3.423235565423965454e-02,2.694223523139953613e-01,6.042580604553222656e-01,-3.968418017029762268e-02,2.661616802215576172e-01,6.183575987815856934e-01,-4.324397817254066467e-02,7.354603409767150879e-01,3.823995292186737061e-01,2.326465420310341869e-07,7.178741097450256348e-01,3.533116877079010010e-01,-1.482953224331140518e-02,7.072671055793762207e-01,3.151662051677703857e-01,-2.210010960698127747e-02,7.084569931030273438e-01,2.829270362854003906e-01,-2.786330133676528931e-02,7.157455682754516602e-01,2.565374374389648438e-01,-3.284054622054100037e-02,7.352377176284790039e-01,2.748594582080841064e-01,-1.053195912390947342e-02,7.431837916374206543e-01,2.351972162723541260e-01,-2.003836818039417267e-02,7.501725554466247559e-01,2.119892686605453491e-01,-2.812911011278629303e-02,7.585468292236328125e-01,1.911581605672836304e-01,-3.415814787149429321e-02,7.542943954467773438e-01,2.759880125522613525e-01,-1.051145978271961212e-02,7.686113119125366211e-01,2.340705543756484985e-01,-1.844317652285099030e-02,7.795429229736328125e-01,2.077478766441345215e-01,-2.581848390400409698e-02,7.894476652145385742e-01,1.839390099048614502e-01,-3.159644082188606262e-02,7.692884802818298340e-01,2.860958874225616455e-01,-1.279063615947961807e-02,7.892194986343383789e-01,2.498624175786972046e-01,-2.205013856291770935e-02,8.030102252960205078e-01,2.268810868263244629e-01,-2.849388495087623596e-02,8.140379190444946289e-01,2.059901803731918335e-01,-3.287106379866600037e-02,7.815825939178466797e-01,3.027227818965911865e-01,-1.647989451885223389e-02,8.015741705894470215e-01,2.757748961448669434e-01,-2.507004700601100922e-02,8.158780932426452637e-01,2.575389444828033447e-01,-2.913071960210800171e-02,8.280790448188781738e-01,2.401911467313766479e-01,-3.180707246065139771e-02
3.286156356334686279e-01,5.356253981590270996e-01,-2.343428029405458801e-08,3.469344973564147949e-01,5.480769276618957520e-01,-2.498043328523635864e-02,3.527733683586120605e-01,5.645320415496826172e-01,-4.034804925322532654e-02,3.450918793678283691e-01,5.816245079040527344e-01,-5.074162781238555908e-02,3.359835445880889893e-01,5.997474193572998047e-01,-5.997727811336517334e-02,3.178524672985076904e-01,5.447604060173034668e-01,-4.355163499712944031e-02,3.045859932899475098e-01,5.611007213592529297e-01,-5.994969978928565979e-02,2.989399433135986328e-01,5.785815119743347168e-01,-6.943586468696594238e-02,2.959415316581726074e-01,5.966722369194030762e-01,-7.526335120201110840e-02,3.015016615390777588e-01,5.510613918304443359e-01,-3.660098090767860413e-02,2.856514155864715576e-01,5.733120441436767578e-01,-5.090963095426559448e-02,2.794360816478729248e-01,5.966238975524902344e-01,-5.708030983805656433e-02,2.777228057384490967e-01,6.175633668899536133e-01,-6.188263371586799622e-02,2.917565107345581055e-01,5.599593520164489746e-01,-3.058806993067264557e-02,2.766351401805877686e-01,5.825462341308593750e-01,-4.407036304473876953e-02,2.707662880420684814e-01,6.039227247238159180e-01,-5.090542137622833252e-02,2.683887779712677002e-01,6.234503388404846191e-01,-5.524100735783576965e-02,2.871665358543395996e-01,5.696082115173339844e-01,-2.590747363865375519e-02,2.750644087791442871e-01,5.892182588577270508e-01,-3.683245927095413208e-02,2.688611745834350586e-01,6.056898236274719238e-01,-4.270826280117034912e-02,2.659053206443786621e-01,6.200767755508422852e-01,-4.668260738253593445e-02,7.339790463447570801e-01,3.828341364860534668e-01,2.290354217393542058e-07,7.162618041038513184e-01,3.537121415138244629e-01,-1.385356392711400986e-02,7.065860629081726074e-01,3.150574862957000732e-01,-2.040264196693897247e-02,7.088264822959899902e-01,2.828831970691680908e-01,-2.558570355176925659e-02,7.164595127105712891e-01,2.568996250629425049e-01,-3.003037348389625549e-02,7.342979907989501953e-01,2.747472524642944336e-01,-9.286657907068729401e-03,7.424774169921875000e-01,2.350105941295623779e-01,-1.830025389790534973e-02,7.495629191398620605e-01,2.117964923381805420e-01,-2.611228637397289276e-02,7.578923106193542480e-01,1.909908652305603027e-01,-3.192481771111488342e-02,7.534526586532592773e-01,2.763138413429260254e-01,-9.497463703155517578e-03,7.681580781936645508e-01,2.342476844787597656e-01,-1.682020537555217743e-02,7.789455056190490723e-01,2.078962922096252441e-01,-2.388562448322772980e-02,7.884619832038879395e-01,1.840977668762207031e-01,-2.945990674197673798e-02,7.685024738311767578e-01,2.865323424339294434e-01,-1.193564012646675110e-02,7.886322140693664551e-01,2.501503229141235352e-01,-2.056642062962055206e-02,8.020979762077331543e-01,2.268720567226409912e-01,-2.677571959793567657e-02,8.126174211502075195e-01,2.057290077209472656e-01,-3.105831705033779144e-02,7.807875275611877441e-01,3.029856681823730469e-01,-1.572066359221935272e-02,8.009804487228393555e-01,2.758790552616119385e-01,-2.371801994740962982e-02,8.151273131370544434e-01,2.575263381004333496e-01,-2.750291675329208374e-02,8.271716833114624023e-01,2.400223910808563232e-01,-3.003909252583980560e-02
3.284493386745452881e-01,5.362375378608703613e-01,-2.628575757057660667e-08,3.464243412017822266e-01,5.483214855194091797e-01,-2.480702288448810577e-02,3.523993194103240967e-01,5.648066997528076172e-01,-4.021367430686950684e-02,3.448244333267211914e-01,5.823708772659301758e-01,-5.058185756206512451e-02,3.351685404777526855e-01,6.008920669555664062e-01,-5.969987437129020691e-02,3.185811638832092285e-01,5.445497632026672363e-01,-4.451510682702064514e-02,3.053146302700042725e-01,5.597187876701354980e-01,-6.075311452150344849e-02,2.999805510044097900e-01,5.774332880973815918e-01,-6.962749361991882324e-02,2.972834110260009766e-01,5.955991744995117188e-01,-7.502187788486480713e-02,3.018673062324523926e-01,5.509845018386840820e-01,-3.760420158505439758e-02,2.857132256031036377e-01,5.737268924713134766e-01,-5.200549215078353882e-02,2.794454395771026611e-01,5.978952646255493164e-01,-5.770869925618171692e-02,2.778972685337066650e-01,6.189256310462951660e-01,-6.225799024105072021e-02,2.918828427791595459e-01,5.600769519805908203e-01,-3.151838481426239014e-02,2.766135334968566895e-01,5.825799703598022461e-01,-4.509704560041427612e-02,2.710813581943511963e-01,6.044629812240600586e-01,-5.139834433794021606e-02,2.691628932952880859e-01,6.238086819648742676e-01,-5.542912334203720093e-02,2.872159779071807861e-01,5.698820948600769043e-01,-2.672822773456573486e-02,2.748165428638458252e-01,5.890703201293945312e-01,-3.773297742009162903e-02,2.687297463417053223e-01,6.054030656814575195e-01,-4.332313686609268188e-02,2.661089897155761719e-01,6.193464994430541992e-01,-4.712507128715515137e-02,7.341534495353698730e-01,3.829242289066314697e-01,2.263545439973313478e-07,7.164533138275146484e-01,3.538046777248382568e-01,-1.405019871890544891e-02,7.065119147300720215e-01,3.151073157787322998e-01,-2.064149454236030579e-02,7.085641026496887207e-01,2.827390730381011963e-01,-2.582683227956295013e-02,7.162227630615234375e-01,2.566447556018829346e-01,-3.024189360439777374e-02,7.343434095382690430e-01,2.747968435287475586e-01,-9.345212951302528381e-03,7.424418330192565918e-01,2.350806593894958496e-01,-1.837927475571632385e-02,7.495467662811279297e-01,2.118892073631286621e-01,-2.623191103339195251e-02,7.578894495964050293e-01,1.910890340805053711e-01,-3.208817541599273682e-02,7.534755468368530273e-01,2.762644588947296143e-01,-9.453767910599708557e-03,7.680064439773559570e-01,2.343227416276931763e-01,-1.676704175770282745e-02,7.786893248558044434e-01,2.081582248210906982e-01,-2.383025549352169037e-02,7.880806326866149902e-01,1.843580007553100586e-01,-2.942909486591815948e-02,7.684636712074279785e-01,2.863953113555908203e-01,-1.183250918984413147e-02,7.885621190071105957e-01,2.501565515995025635e-01,-2.052278257906436920e-02,8.021678328514099121e-01,2.269264459609985352e-01,-2.684253640472888947e-02,8.127479553222656250e-01,2.057592123746871948e-01,-3.119842521846294403e-02,7.806956768035888672e-01,3.028647005558013916e-01,-1.557233836501836777e-02,8.010661602020263672e-01,2.757016718387603760e-01,-2.365878224372863770e-02,8.153143525123596191e-01,2.575283646583557129e-01,-2.756458520889282227e-02,8.273487687110900879e-01,2.401492595672607422e-01,-3.019326925277709961e-02
