3.956953883171081543e-01,8.044255971908569336e-01,3.444384617523610359e-07,4.057878255844116211e-01,7.211995720863342285e-01,9.243618696928024292e-03,4.163705706596374512e-01,6.352488398551940918e-01,4.696943331509828568e-03,4.308092296123504639e-01,5.707575082778930664e-01,-2.579236170276999474e-03,4.395505487918853760e-01,5.210143327713012695e-01,-1.343198213726282120e-02,4.135310649871826172e-01,6.218300461769104004e-01,-3.195853903889656067e-02,4.342810809612274170e-01,5.355017781257629395e-01,-6.002878025174140930e-02,4.436339139938354492e-01,4.666418731212615967e-01,-7.814578711986541748e-02,4.515602886676788330e-01,4.078708887100219727e-01,-9.099080413579940796e-02,4.150064587593078613e-01,6.397230029106140137e-01,-5.350585281848907471e-02,4.372555613517761230e-01,5.398939251899719238e-01,-8.275572210550308228e-02,4.486843943595886230e-01,4.636544585227966309e-01,-1.024054586887359619e-01,4.596881270408630371e-01,3.914833962917327881e-01,-1.157302856445312500e-01,4.213048219680786133e-01,6.728788018226623535e-01,-7.226108014583587646e-02,4.402337074279785156e-01,5.767502784729003906e-01,-9.986003488302230835e-02,4.482269585132598877e-01,5.150147676467895508e-01,-1.144986972212791443e-01,4.551293849945068359e-01,4.572007060050964355e-01,-1.238623261451721191e-01,4.340847730636596680e-01,7.176395654678344727e-01,-8.906519412994384766e-02,4.401831328868865967e-01,6.662642359733581543e-01,-1.167487502098083496e-01,4.438458979129791260e-01,6.283153891563415527e-01,-1.277387440204620361e-01,4.512507617473602295e-01,5.894588828086853027e-01,-1.338760256767272949e-01,5.577623844146728516e-01,8.017615079879760742e-01,2.926693696281290613e-07,5.521054863929748535e-01,7.065987586975097656e-01,6.909977644681930542e-03,5.290874242782592773e-01,6.131132841110229492e-01,3.637034446001052856e-03,5.112838745117187500e-01,5.386525988578796387e-01,-5.895762587897479534e-04,4.977673590183258057e-01,4.909628331661224365e-01,-8.411587215960025787e-03,5.424379706382751465e-01,5.977115035057067871e-01,-3.489333018660545349e-02,5.117639899253845215e-01,5.033866763114929199e-01,-6.247625872492790222e-02,4.939234554767608643e-01,4.372856020927429199e-01,-8.069343119859695435e-02,4.802536368370056152e-01,3.777855634689331055e-01,-9.420768916606903076e-02,5.404474139213562012e-01,6.288579702377319336e-01,-5.366824939846992493e-02,5.020003318786621094e-01,5.222564935684204102e-01,-7.820732891559600830e-02,4.801048934459686279e-01,4.522787928581237793e-01,-9.305626899003982544e-02,4.628337919712066650e-01,3.857784271240234375e-01,-1.061612889170646667e-01,5.292693376541137695e-01,6.763050556182861328e-01,-7.034857571125030518e-02,4.972772896289825439e-01,5.818734169006347656e-01,-9.409228712320327759e-02,4.759382009506225586e-01,5.186405777931213379e-01,-1.065466478466987610e-01,4.620864689350128174e-01,4.630144834518432617e-01,-1.168231219053268433e-01,5.092926025390625000e-01,7.346240282058715820e-01,-8.529809862375259399e-02,4.858729839324951172e-01,6.759783625602722168e-01,-1.133593544363975525e-01,4.753776490688323975e-01,6.325835585594177246e-01,-1.266693174839019775e-01,4.671829044818878174e-01,5.890312194824218750e-01,-1.361115127801895142e-01
3.956953883171081543e-01,8.044255971908569336e-01,3.444384617523610359e-07,4.057878255844116211e-01,7.211995720863342285e-01,9.243618696928024292e-03,4.163705706596374512e-01,6.352488398551940918e-01,4.696943331509828568e-03,4.308092296123504639e-01,5.707575082778930664e-01,-2.579236170276999474e-03,4.395505487918853760e-01,5.210143327713012695e-01,-1.343198213726282120e-02,4.135310649871826172e-01,6.218300461769104004e-01,-3.195853903889656067e-02,4.342810809612274170e-01,5.355017781257629395e-01,-6.002878025174140930e-02,4.436339139938354492e-01,4.666418731212615967e-01,-7.814578711986541748e-02,4.515602886676788330e-01,4.078708887100219727e-01,-9.099080413579940796e-02,4.150064587593078613e-01,6.397230029106140137e-01,-5.350585281848907471e-02,4.372555613517761230e-01,5.398939251899719238e-01,-8.275572210550308228e-02,4.486843943595886230e-01,4.636544585227966309e-01,-1.024054586887359619e-01,4.596881270408630371e-01,3.914833962917327881e-01,-1.157302856445312500e-01,4.213048219680786133e-01,6.728788018226623535e-01,-7.226108014583587646e-02,4.402337074279785156e-01,5.767502784729003906e-01,-9.986003488302230835e-02,4.482269585132598877e-01,5.150147676467895508e-01,-1.144986972212791443e-01,4.551293849945068359e-01,4.572007060050964355e-01,-1.238623261451721191e-01,4.340847730636596680e-01,7.176395654678344727e-01,-8.906519412994384766e-02,4.401831328868865967e-01,6.662642359733581543e-01,-1.167487502098083496e-01,4.438458979129791260e-01,6.283153891563415527e-01,-1.277387440204620361e-01,4.512507617473602295e-01,5.894588828086853027e-01,-1.338760256767272949e-01,5.577623844146728516e-01,8.017615079879760742e-01,2.926693696281290613e-07,5.521054863929748535e-01,7.065987586975097656e-01,6.909977644681930542e-03,5.290874242782592773e-01,6.131132841110229492e-01,3.637034446001052856e-03,5.112838745117187500e-01,5.386525988578796387e-01,-5.895762587897479534e-04,4.977673590183258057e-01,4.909628331661224365e-01,-8.411587215960025787e-03,5.424379706382751465e-01,5.977115035057067871e-01,-3.489333018660545349e-02,5.117639899253845215e-01,5.033866763114929199e-01,-6.247625872492790222e-02,4.939234554767608643e-01,4.372856020927429199e-01,-8.069343119859695435e-02,4.802536368370056152e-01,3.777855634689331055e-01,-9.420768916606903076e-02,5.404474139213562012e-01,6.288579702377319336e-01,-5.366824939846992493e-02,5.020003318786621094e-01,5.222564935684204102e-01,-7.820732891559600830e-02,4.801048934459686279e-01,4.522787928581237793e-01,-9.305626899003982544e-02,4.628337919712066650e-01,3.857784271240234375e-01,-1.061612889170646667e-01,5.292693376541137695e-01,6.763050556182861328e-01,-7.034857571125030518e-02,4.972772896289825439e-01,5.818734169006347656e-01,-9.409228712320327759e-02,4.759382009506225586e-01,5.186405777931213379e-01,-1.065466478466987610e-01,4.620864689350128174e-01,4.630144834518432617e-01,-1.168231219053268433e-01,5.092926025390625000e-01,7.346240282058715820e-01,-8.529809862375259399e-02,4.858729839324951172e-01,6.759783625602722168e-01,-1.133593544363975525e-01,4.753776490688323975e-01,6.325835585594177246e-01,-1.266693174839019775e-01,4.671829044818878174e-01,5.890312194824218750e-01,-1.361115127801895142e-01
3.956953883171081543e-01,8.044255971908569336e-01,3.444384617523610359e-07,4.057878255844116211e-01,7.211995720863342285e-01,9.243618696928024292e-03,4.163705706596374512e-01,6.352488398551940918e-01,4.696943331509828568e-03,4.308092296123504639e-01,5.707575082778930664e-01,-2.579236170276999474e-03,4.395505487918853760e-01,5.210143327713012695e-01,-1.343198213726282120e-02,4.135310649871826172e-01,6.218300461769104004e-01,-3.195853903889656067e-02,4.342810809612274170e-01,5.355017781257629395e-01,-6.002878025174140930e-02,4.436339139938354492e-01,4.666418731212615967e-01,-7.814578711986541748e-02,4.515602886676788330e-01,4.078708887100219727e-01,-9.099080413579940796e-02,4.150064587593078613e-01,6.397230029106140137e-01,-5.350585281848907471e-02,4.372555613517761230e-01,5.398939251899719238e-01,-8.275572210550308228e-02,4.486843943595886230e-01,4.636544585227966309e-01,-1.024054586887359619e-01,4.596881270408630371e-01,3.914833962917327881e-01,-1.157302856445312500e-01,4.213048219680786133e-01,6.728788018226623535e-01,-7.226108014583587646e-02,4.402337074279785156e-01,5.767502784729003906e-01,-9.986003488302230835e-02,4.482269585132598877e-01,5.150147676467895508e-01,-1.144986972212791443e-01,4.551293849945068359e-01,4.572007060050964355e-01,-1.238623261451721191e-01,4.340847730636596680e-01,7.176395654678344727e-01,-8.906519412994384766e-02,4.401831328868865967e-01,6.662642359733581543e-01,-1.167487502098083496e-01,4.438458979129791260e-01,6.283153891563415527e-01,-1.277387440204620361e-01,4.512507617473602295e-01,5.894588828086853027e-01,-1.338760256767272949e-01,5.577623844146728516e-01,8.017615079879760742e-01,2.926693696281290613e-07,5.521054863929748535e-01,7.065987586975097656e-01,6.909977644681930542e-03,5.290874242782592773e-01,6.131132841110229492e-01,3.637034446001052856e-03,5.112838745117187500e-01,5.386525988578796387e-01,-5.895762587897479534e-04,4.977673590183258057e-01,4.909628331661224365e-01,-8.411587215960025787e-03,5.424379706382751465e-01,5.977115035057067871e-01,-3.489333018660545349e-02,5.117639899253845215e-01,5.033866763114929199e-01,-6.247625872492790222e-02,4.939234554767608643e-01,4.372856020927429199e-01,-8.069343119859695435e-02,4.802536368370056152e-01,3.777855634689331055e-01,-9.420768916606903076e-02,5.404474139213562012e-01,6.288579702377319336e-01,-5.366824939846992493e-02,5.020003318786621094e-01,5.222564935684204102e-01,-7.820732891559600830e-02,4.801048934459686279e-01,4.522787928581237793e-01,-9.305626899003982544e-02,4.628337919712066650e-01,3.857784271240234375e-01,-1.061612889170646667e-01,5.292693376541137695e-01,6.763050556182861328e-01,-7.034857571125030518e-02,4.972772896289825439e-01,5.818734169006347656e-01,-9.409228712320327759e-02,4.759382009506225586e-01,5.186405777931213379e-01,-1.065466478466987610e-01,4.620864689350128174e-01,4.630144834518432617e-01,-1.168231219053268433e-01,5.092926025390625000e-01,7.346240282058715820e-01,-8.529809862375259399e-02,4.858729839324951172e-01,6.759783625602722168e-01,-1.133593544363975525e-01,4.753776490688323975e-01,6.325835585594177246e-01,-1.266693174839019775e-01,4.671829044818878174e-01,5.890312194824218750e-01,-1.361115127801895142e-01
5.811163783073425293e-01,8.426102995872497559e-01,-7.245701993952025077e-08,5.516472458839416504e-01,7.472572326660156250e-01,-2.469548722729086876e-03,5.164985656738281250e-01,6.565623283386230469e-01,-1.559189893305301666e-02,4.798284769058227539e-01,5.920603871345520020e-01,-2.781501784920692444e-02,4.512876868247985840e-01,5.402324199676513672e-01,-4.225485771894454956e-02,5.682181119918823242e-01,6.290767192840576172e-01,-5.979537218809127808e-02,5.136274099349975586e-01,5.383995771408081055e-01,-9.404282271862030029e-02,4.678446352481842041e-01,4.918964207172393799e-01,-1.151017695665359497e-01,4.276217520236968994e-01,4.596313536167144775e-01,-1.287422478199005127e-01,5.664486885070800781e-01,6.783723831176757812e-01,-7.660079747438430786e-02,5.084895491600036621e-01,5.867950916290283203e-01,-1.056228503584861755e-01,4.551824629306793213e-01,5.345052480697631836e-01,-1.202149465680122375e-01,4.105587601661682129e-01,4.985197782516479492e-01,-1.330079436302185059e-01,5.550284981727600098e-01,7.432186603546142578e-01,-9.158757328987121582e-02,5.057845115661621094e-01,6.708207726478576660e-01,-1.190314814448356628e-01,4.599907994270324707e-01,6.245817542076110840e-01,-1.323832273483276367e-01,4.238689839839935303e-01,5.863810777664184570e-01,-1.431098878383636475e-01,5.335695147514343262e-01,8.131272792816162109e-01,-1.050477921962738037e-01,4.850311577320098877e-01,7.757254242897033691e-01,-1.350603550672531128e-01,4.469309449195861816e-01,7.435842156410217285e-01,-1.484374254941940308e-01,4.149641990661621094e-01,7.116442322731018066e-01,-1.574312895536422729e-01,2.920805215835571289e-01,8.691804409027099609e-01,3.958673175930016441e-07,3.164416551589965820e-01,7.902489900588989258e-01,-4.751271568238735199e-03,3.468160331249237061e-01,7.019664645195007324e-01,-1.490886509418487549e-02,3.795365989208221436e-01,6.400200724601745605e-01,-2.631692588329315186e-02,4.012055993080139160e-01,5.902602076530456543e-01,-3.908570110797882080e-02,3.014355897903442383e-01,6.681816577911376953e-01,-3.925886005163192749e-02,3.353641629219055176e-01,5.769972205162048340e-01,-7.054734230041503906e-02,3.661758303642272949e-01,5.216758847236633301e-01,-9.023706614971160889e-02,3.939957916736602783e-01,4.792731404304504395e-01,-1.028757989406585693e-01,3.009850978851318359e-01,6.983680725097656250e-01,-5.409239977598190308e-02,3.366390168666839600e-01,6.027481555938720703e-01,-8.416102081537246704e-02,3.707449138164520264e-01,5.442355871200561523e-01,-1.021117791533470154e-01,4.032186865806579590e-01,4.979204833507537842e-01,-1.135023683309555054e-01,3.117903172969818115e-01,7.468042969703674316e-01,-6.853690743446350098e-02,3.451023697853088379e-01,6.603966355323791504e-01,-9.787532687187194824e-02,3.751397728919982910e-01,6.070506572723388672e-01,-1.138162910938262939e-01,4.035266339778900146e-01,5.631350278854370117e-01,-1.230096742510795593e-01,3.319077193737030029e-01,8.055599927902221680e-01,-8.266117423772811890e-02,3.560315966606140137e-01,7.555627226829528809e-01,-1.103784292936325073e-01,3.739047944545745850e-01,7.232362031936645508e-01,-1.225473061203956604e-01,3.936669826507568359e-01,6.965437531471252441e-01,-1.292158067226409912e-01
5.811163783073425293e-01,8.426102995872497559e-01,-7.245701993952025077e-08,5.516472458839416504e-01,7.472572326660156250e-01,-2.469548722729086876e-03,5.164985656738281250e-01,6.565623283386230469e-01,-1.559189893305301666e-02,4.798284769058227539e-01,5.920603871345520020e-01,-2.781501784920692444e-02,4.512876868247985840e-01,5.402324199676513672e-01,-4.225485771894454956e-02,5.682181119918823242e-01,6.290767192840576172e-01,-5.979537218809127808e-02,5.136274099349975586e-01,5.383995771408081055e-01,-9.404282271862030029e-02,4.678446352481842041e-01,4.918964207172393799e-01,-1.151017695665359497e-01,4.276217520236968994e-01,4.596313536167144775e-01,-1.287422478199005127e-01,5.664486885070800781e-01,6.783723831176757812e-01,-7.660079747438430786e-02,5.084895491600036621e-01,5.867950916290283203e-01,-1.056228503584861755e-01,4.551824629306793213e-01,5.345052480697631836e-01,-1.202149465680122375e-01,4.105587601661682129e-01,4.985197782516479492e-01,-1.330079436302185059e-01,5.550284981727600098e-01,7.432186603546142578e-01,-9.158757328987121582e-02,5.057845115661621094e-01,6.708207726478576660e-01,-1.190314814448356628e-01,4.599907994270324707e-01,6.245817542076110840e-01,-1.323832273483276367e-01,4.238689839839935303e-01,5.863810777664184570e-01,-1.431098878383636475e-01,5.335695147514343262e-01,8.131272792816162109e-01,-1.050477921962738037e-01,4.850311577320098877e-01,7.757254242897033691e-01,-1.350603550672531128e-01,4.469309449195861816e-01,7.435842156410217285e-01,-1.484374254941940308e-01,4.149641990661621094e-01,7.116442322731018066e-01,-1.574312895536422729e-01,2.920805215835571289e-01,8.691804409027099609e-01,3.958673175930016441e-07,3.164416551589965820e-01,7.902489900588989258e-01,-4.751271568238735199e-03,3.468160331249237061e-01,7.019664645195007324e-01,-1.490886509418487549e-02,3.795365989208221436e-01,6.400200724601745605e-01,-2.631692588329315186e-02,4.012055993080139160e-01,5.902602076530456543e-01,-3.908570110797882080e-02,3.014355897903442383e-01,6.681816577911376953e-01,-3.925886005163192749e-02,3.353641629219055176e-01,5.769972205162048340e-01,-7.054734230041503906e-02,3.661758303642272949e-01,5.216758847236633301e-01,-9.023706614971160889e-02,3.939957916736602783e-01,4.792731404304504395e-01,-1.028757989406585693e-01,3.009850978851318359e-01,6.983680725097656250e-01,-5.409239977598190308e-02,3.366390168666839600e-01,6.027481555938720703e-01,-8.416102081537246704e-02,3.707449138164520264e-01,5.442355871200561523e-01,-1.021117791533470154e-01,4.032186865806579590e-01,4.979204833507537842e-01,-1.135023683309555054e-01,3.117903172969818115e-01,7.468042969703674316e-01,-6.853690743446350098e-02,3.451023697853088379e-01,6.603966355323791504e-01,-9.787532687187194824e-02,3.751397728919982910e-01,6.070506572723388672e-01,-1.138162910938262939e-01,4.035266339778900146e-01,5.631350278854370117e-01,-1.230096742510795593e-01,3.319077193737030029e-01,8.055599927902221680e-01,-8.266117423772811890e-02,3.560315966606140137e-01,7.555627226829528809e-01,-1.103784292936325073e-01,3.739047944545745850e-01,7.232362031936645508e-01,-1.225473061203956604e-01,3.936669826507568359e-01,6.965437531471252441e-01,-1.292158067226409912e-01
5.860348343849182129e-01,8.465059399604797363e-01,-8.587489475075926748e-08,5.602893829345703125e-01,7.451965212821960449e-01,-1.880680792964994907e-03,5.280088186264038086e-01,6.570844054222106934e-01,-1.490608789026737213e-02,4.943283200263977051e-01,5.924263596534729004e-01,-2.708102017641067505e-02,4.692203402519226074e-01,5.403948426246643066e-01,-4.117340967059135437e-02,5.732153058052062988e-01,6.357734203338623047e-01,-5.956898257136344910e-02,5.177537798881530762e-01,5.457637310028076172e-01,-9.297312796115875244e-02,4.710976481437683105e-01,5.014846324920654297e-01,-1.117403954267501831e-01,4.299092292785644531e-01,4.716902971267700195e-01,-1.232805401086807251e-01,5.713274478912353516e-01,6.851360201835632324e-01,-7.610905915498733521e-02,5.140151977539062500e-01,5.976637601852416992e-01,-1.038474738597869873e-01,4.592744708061218262e-01,5.479818582534790039e-01,-1.156872659921646118e-01,4.128973186016082764e-01,5.156119465827941895e-01,-1.262117177248001099e-01,5.601212978363037109e-01,7.517018914222717285e-01,-9.080590307712554932e-02,5.099915266036987305e-01,6.819537878036499023e-01,-1.167501509189605713e-01,4.621236026287078857e-01,6.373469829559326172e-01,-1.277288347482681274e-01,4.237030446529388428e-01,6.013374328613281250e-01,-1.368367969989776611e-01,5.387341976165771484e-01,8.233522176742553711e-01,-1.040758490562438965e-01,4.869866371154785156e-01,7.907760739326477051e-01,-1.324532181024551392e-01,4.453681707382202148e-01,7.615967988967895508e-01,-1.441631764173507690e-01,4.093760848045349121e-01,7.343949079513549805e-01,-1.518786996603012085e-01,2.950667738914489746e-01,8.787130117416381836e-01,6.686849474135669880e-07,3.616628944873809814e-01,7.807514667510986328e-01,-7.336778566241264343e-03,3.828856348991394043e-01,6.887817978858947754e-01,-2.216160669922828674e-02,3.944104015827178955e-01,6.256000995635986328e-01,-3.948403522372245789e-02,4.109483957290649414e-01,5.692794322967529297e-01,-6.056109443306922913e-02,2.942264676094055176e-01,6.328572034835815430e-01,-4.547133669257164001e-02,3.321520388126373291e-01,5.609291195869445801e-01,-8.894819021224975586e-02,3.665156960487365723e-01,5.133582353591918945e-01,-1.215297654271125793e-01,4.002776741981506348e-01,4.752592444419860840e-01,-1.440629661083221436e-01,2.773877084255218506e-01,6.693205237388610840e-01,-6.503698974847793579e-02,3.237172663211822510e-01,5.914939045906066895e-01,-1.079499050974845886e-01,3.613110482692718506e-01,5.465493202209472656e-01,-1.354997754096984863e-01,3.952482044696807861e-01,5.073317289352416992e-01,-1.550632417201995850e-01,2.758614718914031982e-01,7.259895205497741699e-01,-8.537853509187698364e-02,3.250835537910461426e-01,6.591790914535522461e-01,-1.297989338636398315e-01,3.617352843284606934e-01,6.205427050590515137e-01,-1.507940441370010376e-01,3.946645259857177734e-01,5.865485668182373047e-01,-1.633677035570144653e-01,2.862347364425659180e-01,7.927020788192749023e-01,-1.055975854396820068e-01,3.249181210994720459e-01,7.544144392013549805e-01,-1.456861346960067749e-01,3.534901440143585205e-01,7.248637080192565918e-01,-1.629033535718917847e-01,3.824762105941772461e-01,6.970805525779724121e-01,-1.731950193643569946e-01
5.860348343849182129e-01,8.465059399604797363e-01,-8.587489475075926748e-08,5.602893829345703125e-01,7.451965212821960449e-01,-1.880680792964994907e-03,5.280088186264038086e-01,6.570844054222106934e-01,-1.490608789026737213e-02,4.943283200263977051e-01,5.924263596534729004e-01,-2.708102017641067505e-02,4.692203402519226074e-01,5.403948426246643066e-01,-4.117340967059135437e-02,5.732153058052062988e-01,6.357734203338623047e-01,-5.956898257136344910e-02,5.177537798881530762e-01,5.457637310028076172e-01,-9.297312796115875244e-02,4.710976481437683105e-01,5.014846324920654297e-01,-1.117403954267501831e-01,4.299092292785644531e-01,4.716902971267700195e-01,-1.232805401086807251e-01,5.713274478912353516e-01,6.851360201835632324e-01,-7.610905915498733521e-02,5.140151977539062500e-01,5.976637601852416992e-01,-1.038474738597869873e-01,4.592744708061218262e-01,5.479818582534790039e-01,-1.156872659921646118e-01,4.128973186016082764e-01,5.156119465827941895e-01,-1.262117177248001099e-01,5.601212978363037109e-01,7.517018914222717285e-01,-9.080590307712554932e-02,5.099915266036987305e-01,6.819537878036499023e-01,-1.167501509189605713e-01,4.621236026287078857e-01,6.373469829559326172e-01,-1.277288347482681274e-01,4.237030446529388428e-01,6.013374328613281250e-01,-1.368367969989776611e-01,5.387341976165771484e-01,8.233522176742553711e-01,-1.040758490562438965e-01,4.869866371154785156e-01,7.907760739326477051e-01,-1.324532181024551392e-01,4.453681707382202148e-01,7.615967988967895508e-01,-1.441631764173507690e-01,4.093760848045349121e-01,7.343949079513549805e-01,-1.518786996603012085e-01,2.950667738914489746e-01,8.787130117416381836e-01,6.686849474135669880e-07,3.616628944873809814e-01,7.807514667510986328e-01,-7.336778566241264343e-03,3.828856348991394043e-01,6.887817978858947754e-01,-2.216160669922828674e-02,3.944104015827178955e-01,6.256000995635986328e-01,-3.948403522372245789e-02,4.109483957290649414e-01,5.692794322967529297e-01,-6.056109443306922913e-02,2.942264676094055176e-01,6.328572034835815430e-01,-4.547133669257164001e-02,3.321520388126373291e-01,5.609291195869445801e-01,-8.894819021224975586e-02,3.665156960487365723e-01,5.133582353591918945e-01,-1.215297654271125793e-01,4.002776741981506348e-01,4.752592444419860840e-01,-1.440629661083221436e-01,2.773877084255218506e-01,6.693205237388610840e-01,-6.503698974847793579e-02,3.237172663211822510e-01,5.914939045906066895e-01,-1.079499050974845886e-01,3.613110482692718506e-01,5.465493202209472656e-01,-1.354997754096984863e-01,3.952482044696807861e-01,5.073317289352416992e-01,-1.550632417201995850e-01,2.758614718914031982e-01,7.259895205497741699e-01,-8.537853509187698364e-02,3.250835537910461426e-01,6.591790914535522461e-01,-1.297989338636398315e-01,3.617352843284606934e-01,6.205427050590515137e-01,-1.507940441370010376e-01,3.946645259857177734e-01,5.865485668182373047e-01,-1.633677035570144653e-01,2.862347364425659180e-01,7.927020788192749023e-01,-1.055975854396820068e-01,3.249181210994720459e-01,7.544144392013549805e-01,-1.456861346960067749e-01,3.534901440143585205e-01,7.248637080192565918e-01,-1.629033535718917847e-01,3.824762105941772461e-01,6.970805525779724121e-01,-1.731950193643569946e-01
5.860348343849182129e-01,8.465059399604797363e-01,-8.587489475075926748e-08,5.602893829345703125e-01,7.451965212821960449e-01,-1.880680792964994907e-03,5.280088186264038086e-01,6.570844054222106934e-01,-1.490608789026737213e-02,4.943283200263977051e-01,5.924263596534729004e-01,-2.708102017641067505e-02,4.692203402519226074e-01,5.403948426246643066e-01,-4.117340967059135437e-02,5.732153058052062988e-01,6.357734203338623047e-01,-5.956898257136344910e-02,5.177537798881530762e-01,5.457637310028076172e-01,-9.297312796115875244e-02,4.710976481437683105e-01,5.014846324920654297e-01,-1.117403954267501831e-01,4.299092292785644531e-01,4.716902971267700195e-01,-1.232805401086807251e-01,5.713274478912353516e-01,6.851360201835632324e-01,-7.610905915498733521e-02,5.140151977539062500e-01,5.976637601852416992e-01,-1.038474738597869873e-01,4.592744708061218262e-01,5.479818582534790039e-01,-1.156872659921646118e-01,4.128973186016082764e-01,5.156119465827941895e-01,-1.262117177248001099e-01,5.601212978363037109e-01,7.517018914222717285e-01,-9.080590307712554932e-02,5.099915266036987305e-01,6.819537878036499023e-01,-1.167501509189605713e-01,4.621236026287078857e-01,6.373469829559326172e-01,-1.277288347482681274e-01,4.237030446529388428e-01,6.013374328613281250e-01,-1.368367969989776611e-01,5.387341976165771484e-01,8.233522176742553711e-01,-1.040758490562438965e-01,4.869866371154785156e-01,7.907760739326477051e-01,-1.324532181024551392e-01,4.453681707382202148e-01,7.615967988967895508e-01,-1.441631764173507690e-01,4.093760848045349121e-01,7.343949079513549805e-01,-1.518786996603012085e-01,2.950667738914489746e-01,8.787130117416381836e-01,6.686849474135669880e-07,3.616628944873809814e-01,7.807514667510986328e-01,-7.336778566241264343e-03,3.828856348991394043e-01,6.887817978858947754e-01,-2.216160669922828674e-02,3.944104015827178955e-01,6.256000995635986328e-01,-3.948403522372245789e-02,4.109483957290649414e-01,5.692794322967529297e-01,-6.056109443306922913e-02,2.942264676094055176e-01,6.328572034835815430e-01,-4.547133669257164001e-02,3.321520388126373291e-01,5.609291195869445801e-01,-8.894819021224975586e-02,3.665156960487365723e-01,5.133582353591918945e-01,-1.215297654271125793e-01,4.002776741981506348e-01,4.752592444419860840e-01,-1.440629661083221436e-01,2.773877084255218506e-01,6.693205237388610840e-01,-6.503698974847793579e-02,3.237172663211822510e-01,5.914939045906066895e-01,-1.079499050974845886e-01,3.613110482692718506e-01,5.465493202209472656e-01,-1.354997754096984863e-01,3.952482044696807861e-01,5.073317289352416992e-01,-1.550632417201995850e-01,2.758614718914031982e-01,7.259895205497741699e-01,-8.537853509187698364e-02,3.250835537910461426e-01,6.591790914535522461e-01,-1.297989338636398315e-01,3.617352843284606934e-01,6.205427050590515137e-01,-1.507940441370010376e-01,3.946645259857177734e-01,5.865485668182373047e-01,-1.633677035570144653e-01,2.862347364425659180e-01,7.927020788192749023e-01,-1.055975854396820068e-01,3.249181210994720459e-01,7.544144392013549805e-01,-1.456861346960067749e-01,3.534901440143585205e-01,7.248637080192565918e-01,-1.629033535718917847e-01,3.824762105941772461e-01,6.970805525779724121e-01,-1.731950193643569946e-01
5.919574499130249023e-01,8.486585021018981934e-01,-7.944653646063670749e-08,5.662646293640136719e-01,7.507188320159912109e-01,-1.271375367650762200e-04,5.323268771171569824e-01,6.655162572860717773e-01,-1.307302154600620270e-02,4.964128732681274414e-01,6.056453585624694824e-01,-2.537574060261249542e-02,4.696569442749023438e-01,5.601803064346313477e-01,-3.993299603462219238e-02,5.784817934036254883e-01,6.401965022087097168e-01,-5.847467482089996338e-02,5.230296254158020020e-01,5.538482069969177246e-01,-9.105741232633590698e-02,4.750145077705383301e-01,5.143228769302368164e-01,-1.091960370540618896e-01,4.331267476081848145e-01,4.899483323097229004e-01,-1.202552020549774170e-01,5.768625140190124512e-01,6.921556591987609863e-01,-7.599373906850814819e-02,5.203607678413391113e-01,6.051341891288757324e-01,-1.049871072173118591e-01,4.636129140853881836e-01,5.618394613265991211e-01,-1.170435920357704163e-01,4.155476093292236328e-01,5.360104441642761230e-01,-1.268228441476821899e-01,5.637814998626708984e-01,7.608480453491210938e-01,-9.130057692527770996e-02,5.111750364303588867e-01,6.947893500328063965e-01,-1.193202883005142212e-01,4.603044986724853516e-01,6.541007161140441895e-01,-1.301726996898651123e-01,4.198705554008483887e-01,6.207532286643981934e-01,-1.380674540996551514e-01,5.402103662490844727e-01,8.333926796913146973e-01,-1.046560779213905334e-01,4.879160523414611816e-01,8.011245131492614746e-01,-1.338617652654647827e-01,4.468417763710021973e-01,7.749822139739990234e-01,-1.441524326801300049e-01,4.116518795490264893e-01,7.504438757896423340e-01,-1.502130031585693359e-01,2.882539927959442139e-01,8.931553959846496582e-01,6.719316161252208985e-07,3.532702326774597168e-01,7.863025069236755371e-01,-6.783913355320692062e-03,3.756138384342193604e-01,6.883818507194519043e-01,-2.029825188219547272e-02,3.877187967300415039e-01,6.191458106040954590e-01,-3.687964379787445068e-02,4.035584330558776855e-01,5.590559244155883789e-01,-5.618671327829360962e-02,2.838360667228698730e-01,6.324220299720764160e-01,-3.708756715059280396e-02,3.234027922153472900e-01,5.597003102302551270e-01,-7.922431826591491699e-02,3.624861538410186768e-01,5.160973668098449707e-01,-1.111682131886482239e-01,4.004561901092529297e-01,4.833285808563232422e-01,-1.327125728130340576e-01,2.618804275989532471e-01,6.679224967956542969e-01,-5.556211620569229126e-02,3.117471039295196533e-01,5.982180833816528320e-01,-9.729208052158355713e-02,3.584223091602325439e-01,5.602584481239318848e-01,-1.226922646164894104e-01,3.992643356323242188e-01,5.296300053596496582e-01,-1.401650756597518921e-01,2.560379207134246826e-01,7.240998148918151855e-01,-7.538574934005737305e-02,3.086061477661132812e-01,6.626900434494018555e-01,-1.193513870239257812e-01,3.531959950923919678e-01,6.286592483520507812e-01,-1.370593160390853882e-01,3.918731808662414551e-01,6.011633872985839844e-01,-1.465711444616317749e-01,2.632769644260406494e-01,7.904148697853088379e-01,-9.542664140462875366e-02,3.122067451477050781e-01,7.527386546134948730e-01,-1.336117684841156006e-01,3.485033512115478516e-01,7.296712994575500488e-01,-1.472323834896087646e-01,3.811619877815246582e-01,7.101638317108154297e-01,-1.542306691408157349e-01
5.919574499130249023e-01,8.486585021018981934e-01,-7.944653646063670749e-08,5.662646293640136719e-01,7.507188320159912109e-01,-1.271375367650762200e-04,5.323268771171569824e-01,6.655162572860717773e-01,-1.307302154600620270e-02,4.964128732681274414e-01,6.056453585624694824e-01,-2.537574060261249542e-02,4.696569442749023438e-01,5.601803064346313477e-01,-3.993299603462219238e-02,5.784817934036254883e-01,6.401965022087097168e-01,-5.847467482089996338e-02,5.230296254158020020e-01,5.538482069969177246e-01,-9.105741232633590698e-02,4.750145077705383301e-01,5.143228769302368164e-01,-1.091960370540618896e-01,4.331267476081848145e-01,4.899483323097229004e-01,-1.202552020549774170e-01,5.768625140190124512e-01,6.921556591987609863e-01,-7.599373906850814819e-02,5.203607678413391113e-01,6.051341891288757324e-01,-1.049871072173118591e-01,4.636129140853881836e-01,5.618394613265991211e-01,-1.170435920357704163e-01,4.155476093292236328e-01,5.360104441642761230e-01,-1.268228441476821899e-01,5.637814998626708984e-01,7.608480453491210938e-01,-9.130057692527770996e-02,5.111750364303588867e-01,6.947893500328063965e-01,-1.193202883005142212e-01,4.603044986724853516e-01,6.541007161140441895e-01,-1.301726996898651123e-01,4.198705554008483887e-01,6.207532286643981934e-01,-1.380674540996551514e-01,5.402103662490844727e-01,8.333926796913146973e-01,-1.046560779213905334e-01,4.879160523414611816e-01,8.011245131492614746e-01,-1.338617652654647827e-01,4.468417763710021973e-01,7.749822139739990234e-01,-1.441524326801300049e-01,4.116518795490264893e-01,7.504438757896423340e-01,-1.502130031585693359e-01,2.882539927959442139e-01,8.931553959846496582e-01,6.719316161252208985e-07,3.532702326774597168e-01,7.863025069236755371e-01,-6.783913355320692062e-03,3.756138384342193604e-01,6.883818507194519043e-01,-2.029825188219547272e-02,3.877187967300415039e-01,6.191458106040954590e-01,-3.687964379787445068e-02,4.035584330558776855e-01,5.590559244155883789e-01,-5.618671327829360962e-02,2.838360667228698730e-01,6.324220299720764160e-01,-3.708756715059280396e-02,3.234027922153472900e-01,5.597003102302551270e-01,-7.922431826591491699e-02,3.624861538410186768e-01,5.160973668098449707e-01,-1.111682131886482239e-01,4.004561901092529297e-01,4.833285808563232422e-01,-1.327125728130340576e-01,2.618804275989532471e-01,6.679224967956542969e-01,-5.556211620569229126e-02,3.117471039295196533e-01,5.982180833816528320e-01,-9.729208052158355713e-02,3.584223091602325439e-01,5.602584481239318848e-01,-1.226922646164894104e-01,3.992643356323242188e-01,5.296300053596496582e-01,-1.401650756597518921e-01,2.560379207134246826e-01,7.240998148918151855e-01,-7.538574934005737305e-02,3.086061477661132812e-01,6.626900434494018555e-01,-1.193513870239257812e-01,3.531959950923919678e-01,6.286592483520507812e-01,-1.370593160390853882e-01,3.918731808662414551e-01,6.011633872985839844e-01,-1.465711444616317749e-01,2.632769644260406494e-01,7.904148697853088379e-01,-9.542664140462875366e-02,3.122067451477050781e-01,7.527386546134948730e-01,-1.336117684841156006e-01,3.485033512115478516e-01,7.296712994575500488e-01,-1.472323834896087646e-01,3.811619877815246582e-01,7.101638317108154297e-01,-1.542306691408157349e-01
6.110618114471435547e-01,8.408564329147338867e-01,-1.972077541267935885e-07,5.968350768089294434e-01,7.475077509880065918e-01,-2.955922624096274376e-03,5.661951899528503418e-01,6.613959074020385742e-01,-1.723483391106128693e-02,5.279195904731750488e-01,6.044781804084777832e-01,-3.074666112661361694e-02,4.977349936962127686e-01,5.715889334678649902e-01,-4.749355092644691467e-02,6.027194261550903320e-01,6.350448727607727051e-01,-5.970992520451545715e-02,5.345969200134277344e-01,5.550498962402343750e-01,-9.321247786283493042e-02,4.796287417411804199e-01,5.240418910980224609e-01,-1.131817847490310669e-01,4.336855411529541016e-01,5.079880952835083008e-01,-1.250332593917846680e-01,6.007906794548034668e-01,6.876388788223266602e-01,-7.532892376184463501e-02,5.248021483421325684e-01,6.102293729782104492e-01,-1.024471595883369446e-01,4.625904262065887451e-01,5.760499238967895508e-01,-1.141477301716804504e-01,4.123428463935852051e-01,5.592535138130187988e-01,-1.242061331868171692e-01,5.857136249542236328e-01,7.558766007423400879e-01,-8.904112875461578369e-02,5.155984759330749512e-01,6.984821557998657227e-01,-1.154482960700988770e-01,4.592512547969818115e-01,6.633498072624206543e-01,-1.247202306985855103e-01,4.156224429607391357e-01,6.381655335426330566e-01,-1.316142976284027100e-01,5.594961643218994141e-01,8.263866901397705078e-01,-1.010795980691909790e-01,4.980176091194152832e-01,7.946468591690063477e-01,-1.279462575912475586e-01,4.555301368236541748e-01,7.715381979942321777e-01,-1.354722380638122559e-01,4.204062521457672119e-01,7.539945840835571289e-01,-1.394989192485809326e-01,2.385955601930618286e-01,8.904880285263061523e-01,4.344010449131019413e-07,2.613716125488281250e-01,7.918230891227722168e-01,4.255594220012426376e-03,2.919000983238220215e-01,6.872864961624145508e-01,-1.837199321016669273e-03,3.274427950382232666e-01,6.191585063934326172e-01,-1.188699249178171158e-02,3.594147264957427979e-01,5.753296613693237305e-01,-2.181897312402725220e-02,2.487313151359558105e-01,6.246976852416992188e-01,-1.182848121970891953e-02,3.067559897899627686e-01,5.575355291366577148e-01,-3.614998981356620789e-02,3.558580875396728516e-01,5.280668735504150391e-01,-5.455192923545837402e-02,3.963484168052673340e-01,5.140466094017028809e-01,-6.592855602502822876e-02,2.484347820281982422e-01,6.609529256820678711e-01,-2.646458707749843597e-02,3.162021636962890625e-01,6.084551215171813965e-01,-4.550135880708694458e-02,3.632499575614929199e-01,5.983656644821166992e-01,-5.537532642483711243e-02,3.971789479255676270e-01,5.961468219757080078e-01,-6.330965459346771240e-02,2.573744654655456543e-01,7.128762602806091309e-01,-4.131078347563743591e-02,3.249649107456207275e-01,6.706016659736633301e-01,-5.958416685461997986e-02,3.607885539531707764e-01,6.718916296958923340e-01,-5.912714451551437378e-02,3.831588625907897949e-01,6.769739389419555664e-01,-5.837544426321983337e-02,2.719973921775817871e-01,7.731780409812927246e-01,-5.643426254391670227e-02,3.326432108879089355e-01,7.347137331962585449e-01,-6.782652437686920166e-02,3.578647971153259277e-01,7.331213951110839844e-01,-6.383335590362548828e-02,3.720591664314270020e-01,7.367368340492248535e-01,-5.986355990171432495e-02
6.110618114471435547e-01,8.408564329147338867e-01,-1.972077541267935885e-07,5.968350768089294434e-01,7.475077509880065918e-01,-2.955922624096274376e-03,5.661951899528503418e-01,6.613959074020385742e-01,-1.723483391106128693e-02,5.279195904731750488e-01,6.044781804084777832e-01,-3.074666112661361694e-02,4.977349936962127686e-01,5.715889334678649902e-01,-4.749355092644691467e-02,6.027194261550903320e-01,6.350448727607727051e-01,-5.970992520451545715e-02,5.345969200134277344e-01,5.550498962402343750e-01,-9.321247786283493042e-02,4.796287417411804199e-01,5.240418910980224609e-01,-1.131817847490310669e-01,4.336855411529541016e-01,5.079880952835083008e-01,-1.250332593917846680e-01,6.007906794548034668e-01,6.876388788223266602e-01,-7.532892376184463501e-02,5.248021483421325684e-01,6.102293729782104492e-01,-1.024471595883369446e-01,4.625904262065887451e-01,5.760499238967895508e-01,-1.141477301716804504e-01,4.123428463935852051e-01,5.592535138130187988e-01,-1.242061331868171692e-01,5.857136249542236328e-01,7.558766007423400879e-01,-8.904112875461578369e-02,5.155984759330749512e-01,6.984821557998657227e-01,-1.154482960700988770e-01,4.592512547969818115e-01,6.633498072624206543e-01,-1.247202306985855103e-01,4.156224429607391357e-01,6.381655335426330566e-01,-1.316142976284027100e-01,5.594961643218994141e-01,8.263866901397705078e-01,-1.010795980691909790e-01,4.980176091194152832e-01,7.946468591690063477e-01,-1.279462575912475586e-01,4.555301368236541748e-01,7.715381979942321777e-01,-1.354722380638122559e-01,4.204062521457672119e-01,7.539945840835571289e-01,-1.394989192485809326e-01,2.385955601930618286e-01,8.904880285263061523e-01,4.344010449131019413e-07,2.613716125488281250e-01,7.918230891227722168e-01,4.255594220012426376e-03,2.919000983238220215e-01,6.872864961624145508e-01,-1.837199321016669273e-03,3.274427950382232666e-01,6.191585063934326172e-01,-1.188699249178171158e-02,3.594147264957427979e-01,5.753296613693237305e-01,-2.181897312402725220e-02,2.487313151359558105e-01,6.246976852416992188e-01,-1.182848121970891953e-02,3.067559897899627686e-01,5.575355291366577148e-01,-3.614998981356620789e-02,3.558580875396728516e-01,5.280668735504150391e-01,-5.455192923545837402e-02,3.963484168052673340e-01,5.140466094017028809e-01,-6.592855602502822876e-02,2.484347820281982422e-01,6.609529256820678711e-01,-2.646458707749843597e-02,3.162021636962890625e-01,6.084551215171813965e-01,-4.550135880708694458e-02,3.632499575614929199e-01,5.983656644821166992e-01,-5.537532642483711243e-02,3.971789479255676270e-01,5.961468219757080078e-01,-6.330965459346771240e-02,2.573744654655456543e-01,7.128762602806091309e-01,-4.131078347563743591e-02,3.249649107456207275e-01,6.706016659736633301e-01,-5.958416685461997986e-02,3.607885539531707764e-01,6.718916296958923340e-01,-5.912714451551437378e-02,3.831588625907897949e-01,6.769739389419555664e-01,-5.837544426321983337e-02,2.719973921775817871e-01,7.731780409812927246e-01,-5.643426254391670227e-02,3.326432108879089355e-01,7.347137331962585449e-01,-6.782652437686920166e-02,3.578647971153259277e-01,7.331213951110839844e-01,-6.383335590362548828e-02,3.720591664314270020e-01,7.367368340492248535e-01,-5.986355990171432495e-02
6.110618114471435547e-01,8.408564329147338867e-01,-1.972077541267935885e-07,5.968350768089294434e-01,7.475077509880065918e-01,-2.955922624096274376e-03,5.661951899528503418e-01,6.613959074020385742e-01,-1.723483391106128693e-02,5.279195904731750488e-01,6.044781804084777832e-01,-3.074666112661361694e-02,4.977349936962127686e-01,5.715889334678649902e-01,-4.749355092644691467e-02,6.027194261550903320e-01,6.350448727607727051e-01,-5.970992520451545715e-02,5.345969200134277344e-01,5.550498962402343750e-01,-9.321247786283493042e-02,4.796287417411804199e-01,5.240418910980224609e-01,-1.131817847490310669e-01,4.336855411529541016e-01,5.079880952835083008e-01,-1.250332593917846680e-01,6.007906794548034668e-01,6.876388788223266602e-01,-7.532892376184463501e-02,5.248021483421325684e-01,6.102293729782104492e-01,-1.024471595883369446e-01,4.625904262065887451e-01,5.760499238967895508e-01,-1.141477301716804504e-01,4.123428463935852051e-01,5.592535138130187988e-01,-1.242061331868171692e-01,5.857136249542236328e-01,7.558766007423400879e-01,-8.904112875461578369e-02,5.155984759330749512e-01,6.984821557998657227e-01,-1.154482960700988770e-01,4.592512547969818115e-01,6.633498072624206543e-01,-1.247202306985855103e-01,4.156224429607391357e-01,6.381655335426330566e-01,-1.316142976284027100e-01,5.594961643218994141e-01,8.263866901397705078e-01,-1.010795980691909790e-01,4.980176091194152832e-01,7.946468591690063477e-01,-1.279462575912475586e-01,4.555301368236541748e-01,7.715381979942321777e-01,-1.354722380638122559e-01,4.204062521457672119e-01,7.539945840835571289e-01,-1.394989192485809326e-01,2.385955601930618286e-01,8.904880285263061523e-01,4.344010449131019413e-07,2.613716125488281250e-01,7.918230891227722168e-01,4.255594220012426376e-03,2.919000983238220215e-01,6.872864961624145508e-01,-1.837199321016669273e-03,3.274427950382232666e-01,6.191585063934326172e-01,-1.188699249178171158e-02,3.594147264957427979e-01,5.753296613693237305e-01,-2.181897312402725220e-02,2.487313151359558105e-01,6.246976852416992188e-01,-1.182848121970891953e-02,3.067559897899627686e-01,5.575355291366577148e-01,-3.614998981356620789e-02,3.558580875396728516e-01,5.280668735504150391e-01,-5.455192923545837402e-02,3.963484168052673340e-01,5.140466094017028809e-01,-6.592855602502822876e-02,2.484347820281982422e-01,6.609529256820678711e-01,-2.646458707749843597e-02,3.162021636962890625e-01,6.084551215171813965e-01,-4.550135880708694458e-02,3.632499575614929199e-01,5.983656644821166992e-01,-5.537532642483711243e-02,3.971789479255676270e-01,5.961468219757080078e-01,-6.330965459346771240e-02,2.573744654655456543e-01,7.128762602806091309e-01,-4.131078347563743591e-02,3.249649107456207275e-01,6.706016659736633301e-01,-5.958416685461997986e-02,3.607885539531707764e-01,6.718916296958923340e-01,-5.912714451551437378e-02,3.831588625907897949e-01,6.769739389419555664e-01,-5.837544426321983337e-02,2.719973921775817871e-01,7.731780409812927246e-01,-5.643426254391670227e-02,3.326432108879089355e-01,7.347137331962585449e-01,-6.782652437686920166e-02,3.578647971153259277e-01,7.331213951110839844e-01,-6.383335590362548828e-02,3.720591664314270020e-01,7.367368340492248535e-01,-5.986355990171432495e-02
6.110618114471435547e-01,8.408564329147338867e-01,-1.972077541267935885e-07,5.968350768089294434e-01,7.475077509880065918e-01,-2.955922624096274376e-03,5.661951899528503418e-01,6.613959074020385742e-01,-1.723483391106128693e-02,5.279195904731750488e-01,6.044781804084777832e-01,-3.074666112661361694e-02,4.977349936962127686e-01,5.715889334678649902e-01,-4.749355092644691467e-02,6.027194261550903320e-01,6.350448727607727051e-01,-5.970992520451545715e-02,5.345969200134277344e-01,5.550498962402343750e-01,-9.321247786283493042e-02,4.796287417411804199e-01,5.240418910980224609e-01,-1.131817847490310669e-01,4.336855411529541016e-01,5.079880952835083008e-01,-1.250332593917846680e-01,6.007906794548034668e-01,6.876388788223266602e-01,-7.532892376184463501e-02,5.248021483421325684e-01,6.102293729782104492e-01,-1.024471595883369446e-01,4.625904262065887451e-01,5.760499238967895508e-01,-1.141477301716804504e-01,4.123428463935852051e-01,5.592535138130187988e-01,-1.242061331868171692e-01,5.857136249542236328e-01,7.558766007423400879e-01,-8.904112875461578369e-02,5.155984759330749512e-01,6.984821557998657227e-01,-1.154482960700988770e-01,4.592512547969818115e-01,6.633498072624206543e-01,-1.247202306985855103e-01,4.156224429607391357e-01,6.381655335426330566e-01,-1.316142976284027100e-01,5.594961643218994141e-01,8.263866901397705078e-01,-1.010795980691909790e-01,4.980176091194152832e-01,7.946468591690063477e-01,-1.279462575912475586e-01,4.555301368236541748e-01,7.715381979942321777e-01,-1.354722380638122559e-01,4.204062521457672119e-01,7.539945840835571289e-01,-1.394989192485809326e-01,2.385955601930618286e-01,8.904880285263061523e-01,4.344010449131019413e-07,2.613716125488281250e-01,7.918230891227722168e-01,4.255594220012426376e-03,2.919000983238220215e-01,6.872864961624145508e-01,-1.837199321016669273e-03,3.274427950382232666e-01,6.191585063934326172e-01,-1.188699249178171158e-02,3.594147264957427979e-01,5.753296613693237305e-01,-2.181897312402725220e-02,2.487313151359558105e-01,6.246976852416992188e-01,-1.182848121970891953e-02,3.067559897899627686e-01,5.575355291366577148e-01,-3.614998981356620789e-02,3.558580875396728516e-01,5.280668735504150391e-01,-5.455192923545837402e-02,3.963484168052673340e-01,5.140466094017028809e-01,-6.592855602502822876e-02,2.484347820281982422e-01,6.609529256820678711e-01,-2.646458707749843597e-02,3.162021636962890625e-01,6.084551215171813965e-01,-4.550135880708694458e-02,3.632499575614929199e-01,5.983656644821166992e-01,-5.537532642483711243e-02,3.971789479255676270e-01,5.961468219757080078e-01,-6.330965459346771240e-02,2.573744654655456543e-01,7.128762602806091309e-01,-4.131078347563743591e-02,3.249649107456207275e-01,6.706016659736633301e-01,-5.958416685461997986e-02,3.607885539531707764e-01,6.718916296958923340e-01,-5.912714451551437378e-02,3.831588625907897949e-01,6.769739389419555664e-01,-5.837544426321983337e-02,2.719973921775817871e-01,7.731780409812927246e-01,-5.643426254391670227e-02,3.326432108879089355e-01,7.347137331962585449e-01,-6.782652437686920166e-02,3.578647971153259277e-01,7.331213951110839844e-01,-6.383335590362548828e-02,3.720591664314270020e-01,7.367368340492248535e-01,-5.986355990171432495e-02
6.000261306762695312e-01,8.187910318374633789e-01,-5.735615786761627533e-07,5.680708289146423340e-01,7.214727401733398438e-01,-1.489973161369562149e-02,5.525600314140319824e-01,6.292996406555175781e-01,-3.037294931709766388e-02,5.391965508460998535e-01,5.736833214759826660e-01,-4.590325802564620972e-02,5.172978639602661133e-01,5.431688427925109863e-01,-6.158262863755226135e-02,6.196810007095336914e-01,5.623016357421875000e-01,-4.272694140672683716e-02,5.615530610084533691e-01,5.048177838325500488e-01,-7.937164604663848877e-02,5.025786161422729492e-01,5.077300071716308594e-01,-1.030104383826255798e-01,4.638611078262329102e-01,5.265831947326660156e-01,-1.154096126556396484e-01,6.331610083580017090e-01,6.165322065353393555e-01,-5.259653925895690918e-02,5.615051984786987305e-01,5.774310231208801270e-01,-7.923176139593124390e-02,5.032972097396850586e-01,5.793634057044982910e-01,-8.713874965906143188e-02,4.693607091903686523e-01,6.002677083015441895e-01,-9.302089363336563110e-02,6.303634643554687500e-01,6.889727115631103516e-01,-6.476406753063201904e-02,5.456214547157287598e-01,6.679419279098510742e-01,-8.899073302745819092e-02,4.929003119468688965e-01,6.736415624618530273e-01,-8.770551532506942749e-02,4.670218825340270996e-01,6.934092044830322266e-01,-8.616714179515838623e-02,6.162613630294799805e-01,7.673836946487426758e-01,-7.854366302490234375e-02,5.383646488189697266e-01,7.468196153640747070e-01,-1.002986654639244080e-01,4.908484220504760742e-01,7.367447614669799805e-01,-1.008268594741821289e-01,4.645607769489288330e-01,7.395951151847839355e-01,-9.859961271286010742e-02,2.376710623502731323e-01,8.212534189224243164e-01,4.362782988209801260e-07,3.006326556205749512e-01,7.582708597183227539e-01,-2.780593559145927429e-02,3.313199281692504883e-01,6.513557434082031250e-01,-3.554855287075042725e-02,3.377690911293029785e-01,5.608901381492614746e-01,-3.927712142467498779e-02,3.338148593902587891e-01,4.866377413272857666e-01,-4.242634400725364685e-02,2.674864232540130615e-01,5.760701894760131836e-01,-1.692184805870056152e-02,2.585348784923553467e-01,4.757523834705352783e-01,-3.405143693089485168e-02,2.509119510650634766e-01,4.088727831840515137e-01,-4.898881912231445312e-02,2.433428615331649780e-01,3.580040931701660156e-01,-5.858476459980010986e-02,2.307423502206802368e-01,5.871003270149230957e-01,-1.188011001795530319e-02,2.239471971988677979e-01,4.840052127838134766e-01,-2.676915004849433899e-02,2.212746292352676392e-01,4.101313352584838867e-01,-3.961616009473800659e-02,2.182806134223937988e-01,3.516752421855926514e-01,-4.768628627061843872e-02,2.011288255453109741e-01,6.076032519340515137e-01,-1.035925745964050293e-02,1.953556835651397705e-01,5.089926719665527344e-01,-2.408768050372600555e-02,1.935425251722335815e-01,4.407851696014404297e-01,-2.911920472979545593e-02,1.921197772026062012e-01,3.854475617408752441e-01,-3.077344037592411041e-02,1.784791201353073120e-01,6.359264850616455078e-01,-1.183271780610084534e-02,1.729499995708465576e-01,5.532333850860595703e-01,-2.392537519335746765e-02,1.723161339759826660e-01,4.975213110446929932e-01,-2.537400461733341217e-02,1.742894053459167480e-01,4.520517289638519287e-01,-2.385656721889972687e-02
6.000261306762695312e-01,8.187910318374633789e-01,-5.735615786761627533e-07,5.680708289146423340e-01,7.214727401733398438e-01,-1.489973161369562149e-02,5.525600314140319824e-01,6.292996406555175781e-01,-3.037294931709766388e-02,5.391965508460998535e-01,5.736833214759826660e-01,-4.590325802564620972e-02,5.172978639602661133e-01,5.431688427925109863e-01,-6.158262863755226135e-02,6.196810007095336914e-01,5.623016357421875000e-01,-4.272694140672683716e-02,5.615530610084533691e-01,5.048177838325500488e-01,-7.937164604663848877e-02,5.025786161422729492e-01,5.077300071716308594e-01,-1.030104383826255798e-01,4.638611078262329102e-01,5.265831947326660156e-01,-1.154096126556396484e-01,6.331610083580017090e-01,6.165322065353393555e-01,-5.259653925895690918e-02,5.615051984786987305e-01,5.774310231208801270e-01,-7.923176139593124390e-02,5.032972097396850586e-01,5.793634057044982910e-01,-8.713874965906143188e-02,4.693607091903686523e-01,6.002677083015441895e-01,-9.302089363336563110e-02,6.303634643554687500e-01,6.889727115631103516e-01,-6.476406753063201904e-02,5.456214547157287598e-01,6.679419279098510742e-01,-8.899073302745819092e-02,4.929003119468688965e-01,6.736415624618530273e-01,-8.770551532506942749e-02,4.670218825340270996e-01,6.934092044830322266e-01,-8.616714179515838623e-02,6.162613630294799805e-01,7.673836946487426758e-01,-7.854366302490234375e-02,5.383646488189697266e-01,7.468196153640747070e-01,-1.002986654639244080e-01,4.908484220504760742e-01,7.367447614669799805e-01,-1.008268594741821289e-01,4.645607769489288330e-01,7.395951151847839355e-01,-9.859961271286010742e-02,2.376710623502731323e-01,8.212534189224243164e-01,4.362782988209801260e-07,3.006326556205749512e-01,7.582708597183227539e-01,-2.780593559145927429e-02,3.313199281692504883e-01,6.513557434082031250e-01,-3.554855287075042725e-02,3.377690911293029785e-01,5.608901381492614746e-01,-3.927712142467498779e-02,3.338148593902587891e-01,4.866377413272857666e-01,-4.242634400725364685e-02,2.674864232540130615e-01,5.760701894760131836e-01,-1.692184805870056152e-02,2.585348784923553467e-01,4.757523834705352783e-01,-3.405143693089485168e-02,2.509119510650634766e-01,4.088727831840515137e-01,-4.898881912231445312e-02,2.433428615331649780e-01,3.580040931701660156e-01,-5.858476459980010986e-02,2.307423502206802368e-01,5.871003270149230957e-01,-1.188011001795530319e-02,2.239471971988677979e-01,4.840052127838134766e-01,-2.676915004849433899e-02,2.212746292352676392e-01,4.101313352584838867e-01,-3.961616009473800659e-02,2.182806134223937988e-01,3.516752421855926514e-01,-4.768628627061843872e-02,2.011288255453109741e-01,6.076032519340515137e-01,-1.035925745964050293e-02,1.953556835651397705e-01,5.089926719665527344e-01,-2.408768050372600555e-02,1.935425251722335815e-01,4.407851696014404297e-01,-2.911920472979545593e-02,1.921197772026062012e-01,3.854475617408752441e-01,-3.077344037592411041e-02,1.784791201353073120e-01,6.359264850616455078e-01,-1.183271780610084534e-02,1.729499995708465576e-01,5.532333850860595703e-01,-2.392537519335746765e-02,1.723161339759826660e-01,4.975213110446929932e-01,-2.537400461733341217e-02,1.742894053459167480e-01,4.520517289638519287e-01,-2.385656721889972687e-02
6.000261306762695312e-01,8.187910318374633789e-01,-5.735615786761627533e-07,5.680708289146423340e-01,7.214727401733398438e-01,-1.489973161369562149e-02,5.525600314140319824e-01,6.292996406555175781e-01,-3.037294931709766388e-02,5.391965508460998535e-01,5.736833214759826660e-01,-4.590325802564620972e-02,5.172978639602661133e-01,5.431688427925109863e-01,-6.158262863755226135e-02,6.196810007095336914e-01,5.623016357421875000e-01,-4.272694140672683716e-02,5.615530610084533691e-01,5.048177838325500488e-01,-7.937164604663848877e-02,5.025786161422729492e-01,5.077300071716308594e-01,-1.030104383826255798e-01,4.638611078262329102e-01,5.265831947326660156e-01,-1.154096126556396484e-01,6.331610083580017090e-01,6.165322065353393555e-01,-5.259653925895690918e-02,5.615051984786987305e-01,5.774310231208801270e-01,-7.923176139593124390e-02,5.032972097396850586e-01,5.793634057044982910e-01,-8.713874965906143188e-02,4.693607091903686523e-01,6.002677083015441895e-01,-9.302089363336563110e-02,6.303634643554687500e-01,6.889727115631103516e-01,-6.476406753063201904e-02,5.456214547157287598e-01,6.679419279098510742e-01,-8.899073302745819092e-02,4.929003119468688965e-01,6.736415624618530273e-01,-8.770551532506942749e-02,4.670218825340270996e-01,6.934092044830322266e-01,-8.616714179515838623e-02,6.162613630294799805e-01,7.673836946487426758e-01,-7.854366302490234375e-02,5.383646488189697266e-01,7.468196153640747070e-01,-1.002986654639244080e-01,4.908484220504760742e-01,7.367447614669799805e-01,-1.008268594741821289e-01,4.645607769489288330e-01,7.395951151847839355e-01,-9.859961271286010742e-02,2.376710623502731323e-01,8.212534189224243164e-01,4.362782988209801260e-07,3.006326556205749512e-01,7.582708597183227539e-01,-2.780593559145927429e-02,3.313199281692504883e-01,6.513557434082031250e-01,-3.554855287075042725e-02,3.377690911293029785e-01,5.608901381492614746e-01,-3.927712142467498779e-02,3.338148593902587891e-01,4.866377413272857666e-01,-4.242634400725364685e-02,2.674864232540130615e-01,5.760701894760131836e-01,-1.692184805870056152e-02,2.585348784923553467e-01,4.757523834705352783e-01,-3.405143693089485168e-02,2.509119510650634766e-01,4.088727831840515137e-01,-4.898881912231445312e-02,2.433428615331649780e-01,3.580040931701660156e-01,-5.858476459980010986e-02,2.307423502206802368e-01,5.871003270149230957e-01,-1.188011001795530319e-02,2.239471971988677979e-01,4.840052127838134766e-01,-2.676915004849433899e-02,2.212746292352676392e-01,4.101313352584838867e-01,-3.961616009473800659e-02,2.182806134223937988e-01,3.516752421855926514e-01,-4.768628627061843872e-02,2.011288255453109741e-01,6.076032519340515137e-01,-1.035925745964050293e-02,1.953556835651397705e-01,5.089926719665527344e-01,-2.408768050372600555e-02,1.935425251722335815e-01,4.407851696014404297e-01,-2.911920472979545593e-02,1.921197772026062012e-01,3.854475617408752441e-01,-3.077344037592411041e-02,1.784791201353073120e-01,6.359264850616455078e-01,-1.183271780610084534e-02,1.729499995708465576e-01,5.532333850860595703e-01,-2.392537519335746765e-02,1.723161339759826660e-01,4.975213110446929932e-01,-2.537400461733341217e-02,1.742894053459167480e-01,4.520517289638519287e-01,-2.385656721889972687e-02
6.065219640731811523e-01,8.100936412811279297e-01,1.878522368770063622e-07,5.741679668426513672e-01,7.022767663002014160e-01,-9.731916710734367371e-03,5.734069347381591797e-01,6.096835136413574219e-01,-2.690662443637847900e-02,5.728458166122436523e-01,5.424545407295227051e-01,-4.379175603389739990e-02,5.661216974258422852e-01,4.850180149078369141e-01,-6.291671842336654663e-02,6.593641042709350586e-01,6.035357713699340820e-01,-6.620457768440246582e-02,6.816323995590209961e-01,5.166176557540893555e-01,-1.017338037490844727e-01,6.739012002944946289e-01,4.430627822875976562e-01,-1.243031397461891174e-01,6.640583276748657227e-01,3.833221197128295898e-01,-1.411073207855224609e-01,6.635227799415588379e-01,6.479705572128295898e-01,-8.354201912879943848e-02,6.719248890876770020e-01,5.590583086013793945e-01,-1.222892031073570251e-01,6.320465207099914551e-01,4.941205978393554688e-01,-1.385108381509780884e-01,5.933455824851989746e-01,4.587826430797576904e-01,-1.496415287256240845e-01,6.469687223434448242e-01,7.088282704353332520e-01,-9.953182935714721680e-02,6.360237002372741699e-01,6.303700804710388184e-01,-1.398522704839706421e-01,5.894544720649719238e-01,5.693834424018859863e-01,-1.537318676710128784e-01,5.512462854385375977e-01,5.314871668815612793e-01,-1.607729792594909668e-01,6.147552132606506348e-01,7.735632658004760742e-01,-1.144419014453887939e-01,5.989717245101928711e-01,7.153885364532470703e-01,-1.565839201211929321e-01,5.644235610961914062e-01,6.706008315086364746e-01,-1.714446544647216797e-01,5.324720144271850586e-01,6.403466463088989258e-01,-1.783030033111572266e-01,2.538004517555236816e-01,7.651554942131042480e-01,5.309208290782407857e-07,3.012423217296600342e-01,6.760864257812500000e-01,-1.198326423764228821e-02,3.097635209560394287e-01,5.692423582077026367e-01,-1.468677911907434464e-02,3.043627440929412842e-01,4.968661963939666748e-01,-1.942824572324752808e-02,3.057745695114135742e-01,4.323962330818176270e-01,-2.490835078060626984e-02,2.453894317150115967e-01,4.917920529842376709e-01,1.708523021079599857e-03,2.373454570770263672e-01,4.072009623050689697e-01,-1.810353621840476990e-02,2.352638095617294312e-01,3.451805710792541504e-01,-3.733205050230026245e-02,2.351520508527755737e-01,2.898913919925689697e-01,-5.082694441080093384e-02,2.172197401523590088e-01,5.043942332267761230e-01,-6.684031803160905838e-03,2.017948776483535767e-01,4.126174747943878174e-01,-2.408248372375965118e-02,1.952263265848159790e-01,3.394629061222076416e-01,-4.280008748173713684e-02,1.915763765573501587e-01,2.720741033554077148e-01,-5.593981966376304626e-02,1.945130079984664917e-01,5.338793992996215820e-01,-1.864772103726863861e-02,1.769149005413055420e-01,4.482663273811340332e-01,-3.735899552702903748e-02,1.691405475139617920e-01,3.832463622093200684e-01,-5.165767669677734375e-02,1.644861102104187012e-01,3.228498995304107666e-01,-6.038849055767059326e-02,1.759225130081176758e-01,5.800446867942810059e-01,-3.232853114604949951e-02,1.581517308950424194e-01,5.132032632827758789e-01,-5.055349692702293396e-02,1.506176739931106567e-01,4.614911675453186035e-01,-5.902347713708877563e-02,1.455052196979522705e-01,4.145323634147644043e-01,-6.298986077308654785e-02
6.065219640731811523e-01,8.100936412811279297e-01,1.878522368770063622e-07,5.741679668426513672e-01,7.022767663002014160e-01,-9.731916710734367371e-03,5.734069347381591797e-01,6.096835136413574219e-01,-2.690662443637847900e-02,5.728458166122436523e-01,5.424545407295227051e-01,-4.379175603389739990e-02,5.661216974258422852e-01,4.850180149078369141e-01,-6.291671842336654663e-02,6.593641042709350586e-01,6.035357713699340820e-01,-6.620457768440246582e-02,6.816323995590209961e-01,5.166176557540893555e-01,-1.017338037490844727e-01,6.739012002944946289e-01,4.430627822875976562e-01,-1.243031397461891174e-01,6.640583276748657227e-01,3.833221197128295898e-01,-1.411073207855224609e-01,6.635227799415588379e-01,6.479705572128295898e-01,-8.354201912879943848e-02,6.719248890876770020e-01,5.590583086013793945e-01,-1.222892031073570251e-01,6.320465207099914551e-01,4.941205978393554688e-01,-1.385108381509780884e-01,5.933455824851989746e-01,4.587826430797576904e-01,-1.496415287256240845e-01,6.469687223434448242e-01,7.088282704353332520e-01,-9.953182935714721680e-02,6.360237002372741699e-01,6.303700804710388184e-01,-1.398522704839706421e-01,5.894544720649719238e-01,5.693834424018859863e-01,-1.537318676710128784e-01,5.512462854385375977e-01,5.314871668815612793e-01,-1.607729792594909668e-01,6.147552132606506348e-01,7.735632658004760742e-01,-1.144419014453887939e-01,5.989717245101928711e-01,7.153885364532470703e-01,-1.565839201211929321e-01,5.644235610961914062e-01,6.706008315086364746e-01,-1.714446544647216797e-01,5.324720144271850586e-01,6.403466463088989258e-01,-1.783030033111572266e-01,2.538004517555236816e-01,7.651554942131042480e-01,5.309208290782407857e-07,3.012423217296600342e-01,6.760864257812500000e-01,-1.198326423764228821e-02,3.097635209560394287e-01,5.692423582077026367e-01,-1.468677911907434464e-02,3.043627440929412842e-01,4.968661963939666748e-01,-1.942824572324752808e-02,3.057745695114135742e-01,4.323962330818176270e-01,-2.490835078060626984e-02,2.453894317150115967e-01,4.917920529842376709e-01,1.708523021079599857e-03,2.373454570770263672e-01,4.072009623050689697e-01,-1.810353621840476990e-02,2.352638095617294312e-01,3.451805710792541504e-01,-3.733205050230026245e-02,2.351520508527755737e-01,2.898913919925689697e-01,-5.082694441080093384e-02,2.172197401523590088e-01,5.043942332267761230e-01,-6.684031803160905838e-03,2.017948776483535767e-01,4.126174747943878174e-01,-2.408248372375965118e-02,1.952263265848159790e-01,3.394629061222076416e-01,-4.280008748173713684e-02,1.915763765573501587e-01,2.720741033554077148e-01,-5.593981966376304626e-02,1.945130079984664917e-01,5.338793992996215820e-01,-1.864772103726863861e-02,1.769149005413055420e-01,4.482663273811340332e-01,-3.735899552702903748e-02,1.691405475139617920e-01,3.832463622093200684e-01,-5.165767669677734375e-02,1.644861102104187012e-01,3.228498995304107666e-01,-6.038849055767059326e-02,1.759225130081176758e-01,5.800446867942810059e-01,-3.232853114604949951e-02,1.581517308950424194e-01,5.132032632827758789e-01,-5.055349692702293396e-02,1.506176739931106567e-01,4.614911675453186035e-01,-5.902347713708877563e-02,1.455052196979522705e-01,4.145323634147644043e-01,-6.298986077308654785e-02
5.478380918502807617e-01,7.701270580291748047e-01,4.484134663584882219e-08,5.207083225250244141e-01,6.486454010009765625e-01,-1.778553240001201630e-02,5.238634943962097168e-01,5.709133744239807129e-01,-3.829582780599594116e-02,5.369219779968261719e-01,5.241580009460449219e-01,-5.910308659076690674e-02,5.401149988174438477e-01,4.876414835453033447e-01,-8.028697222471237183e-02,6.234203577041625977e-01,5.500348210334777832e-01,-5.440394207835197449e-02,6.697935461997985840e-01,4.977884590625762939e-01,-9.093862026929855347e-02,6.680349111557006836e-01,4.350690543651580811e-01,-1.148910745978355408e-01,6.607854962348937988e-01,3.893849551677703857e-01,-1.311350464820861816e-01,6.290372014045715332e-01,6.030032038688659668e-01,-6.866074353456497192e-02,6.668491363525390625e-01,5.557508468627929688e-01,-1.047989353537559509e-01,6.191244125366210938e-01,5.099397897720336914e-01,-1.112165227532386780e-01,5.801163315773010254e-01,4.962789714336395264e-01,-1.120256856083869934e-01,6.103943586349487305e-01,6.673955321311950684e-01,-8.469449728727340698e-02,6.123014092445373535e-01,6.103066802024841309e-01,-1.212675720453262329e-01,5.520136356353759766e-01,5.713592767715454102e-01,-1.195314377546310425e-01,5.126950740814208984e-01,5.682999491691589355e-01,-1.132916286587715149e-01,5.749092102050781250e-01,7.358359098434448242e-01,-1.023815423250198364e-01,5.395114421844482422e-01,6.808052062988281250e-01,-1.391759812831878662e-01,4.872539639472961426e-01,6.362257599830627441e-01,-1.433894634246826172e-01,4.502556324005126953e-01,6.209209561347961426e-01,-1.400032639503479004e-01,3.009968996047973633e-01,7.585170269012451172e-01,4.179170502993656555e-07,3.505597114562988281e-01,6.803165078163146973e-01,-1.837022602558135986e-02,3.577052950859069824e-01,5.780156850814819336e-01,-2.096724323928356171e-02,3.524975180625915527e-01,5.043690204620361328e-01,-2.461282350122928619e-02,3.439011573791503906e-01,4.450136721134185791e-01,-2.701957151293754578e-02,2.737608551979064941e-01,4.859642982482910156e-01,9.548573754727840424e-03,2.632576823234558105e-01,3.945086598396301270e-01,-6.538636516779661179e-03,2.603620588779449463e-01,3.358246684074401855e-01,-2.447079867124557495e-02,2.575715780258178711e-01,2.850444316864013672e-01,-3.708686679601669312e-02,2.430588304996490479e-01,4.954936504364013672e-01,4.020340275019407272e-03,2.229524552822113037e-01,3.968218564987182617e-01,-1.001002360135316849e-02,2.122951149940490723e-01,3.266218304634094238e-01,-2.752721495926380157e-02,2.025372087955474854e-01,2.640805244445800781e-01,-3.949793800711631775e-02,2.195230424404144287e-01,5.217150449752807617e-01,-6.562674883753061295e-03,1.982093304395675659e-01,4.292035698890686035e-01,-2.303142286837100983e-02,1.902980953454971313e-01,3.641054630279541016e-01,-3.646294400095939636e-02,1.847655773162841797e-01,3.052784800529479980e-01,-4.453374445438385010e-02,2.030760645866394043e-01,5.643253326416015625e-01,-1.995101943612098694e-02,1.857597231864929199e-01,4.921820759773254395e-01,-3.516253829002380371e-02,1.803871095180511475e-01,4.425853490829467773e-01,-4.099876806139945984e-02,1.789104938507080078e-01,3.981855809688568115e-01,-4.364892840385437012e-02
5.478380918502807617e-01,7.701270580291748047e-01,4.484134663584882219e-08,5.207083225250244141e-01,6.486454010009765625e-01,-1.778553240001201630e-02,5.238634943962097168e-01,5.709133744239807129e-01,-3.829582780599594116e-02,5.369219779968261719e-01,5.241580009460449219e-01,-5.910308659076690674e-02,5.401149988174438477e-01,4.876414835453033447e-01,-8.028697222471237183e-02,6.234203577041625977e-01,5.500348210334777832e-01,-5.440394207835197449e-02,6.697935461997985840e-01,4.977884590625762939e-01,-9.093862026929855347e-02,6.680349111557006836e-01,4.350690543651580811e-01,-1.148910745978355408e-01,6.607854962348937988e-01,3.893849551677703857e-01,-1.311350464820861816e-01,6.290372014045715332e-01,6.030032038688659668e-01,-6.866074353456497192e-02,6.668491363525390625e-01,5.557508468627929688e-01,-1.047989353537559509e-01,6.191244125366210938e-01,5.099397897720336914e-01,-1.112165227532386780e-01,5.801163315773010254e-01,4.962789714336395264e-01,-1.120256856083869934e-01,6.103943586349487305e-01,6.673955321311950684e-01,-8.469449728727340698e-02,6.123014092445373535e-01,6.103066802024841309e-01,-1.212675720453262329e-01,5.520136356353759766e-01,5.713592767715454102e-01,-1.195314377546310425e-01,5.126950740814208984e-01,5.682999491691589355e-01,-1.132916286587715149e-01,5.749092102050781250e-01,7.358359098434448242e-01,-1.023815423250198364e-01,5.395114421844482422e-01,6.808052062988281250e-01,-1.391759812831878662e-01,4.872539639472961426e-01,6.362257599830627441e-01,-1.433894634246826172e-01,4.502556324005126953e-01,6.209209561347961426e-01,-1.400032639503479004e-01,3.009968996047973633e-01,7.585170269012451172e-01,4.179170502993656555e-07,3.505597114562988281e-01,6.803165078163146973e-01,-1.837022602558135986e-02,3.577052950859069824e-01,5.780156850814819336e-01,-2.096724323928356171e-02,3.524975180625915527e-01,5.043690204620361328e-01,-2.461282350122928619e-02,3.439011573791503906e-01,4.450136721134185791e-01,-2.701957151293754578e-02,2.737608551979064941e-01,4.859642982482910156e-01,9.548573754727840424e-03,2.632576823234558105e-01,3.945086598396301270e-01,-6.538636516779661179e-03,2.603620588779449463e-01,3.358246684074401855e-01,-2.447079867124557495e-02,2.575715780258178711e-01,2.850444316864013672e-01,-3.708686679601669312e-02,2.430588304996490479e-01,4.954936504364013672e-01,4.020340275019407272e-03,2.229524552822113037e-01,3.968218564987182617e-01,-1.001002360135316849e-02,2.122951149940490723e-01,3.266218304634094238e-01,-2.752721495926380157e-02,2.025372087955474854e-01,2.640805244445800781e-01,-3.949793800711631775e-02,2.195230424404144287e-01,5.217150449752807617e-01,-6.562674883753061295e-03,1.982093304395675659e-01,4.292035698890686035e-01,-2.303142286837100983e-02,1.902980953454971313e-01,3.641054630279541016e-01,-3.646294400095939636e-02,1.847655773162841797e-01,3.052784800529479980e-01,-4.453374445438385010e-02,2.030760645866394043e-01,5.643253326416015625e-01,-1.995101943612098694e-02,1.857597231864929199e-01,4.921820759773254395e-01,-3.516253829002380371e-02,1.803871095180511475e-01,4.425853490829467773e-01,-4.099876806139945984e-02,1.789104938507080078e-01,3.981855809688568115e-01,-4.364892840385437012e-02
5.478380918502807617e-01,7.701270580291748047e-01,4.484134663584882219e-08,5.207083225250244141e-01,6.486454010009765625e-01,-1.778553240001201630e-02,5.238634943962097168e-01,5.709133744239807129e-01,-3.829582780599594116e-02,5.369219779968261719e-01,5.241580009460449219e-01,-5.910308659076690674e-02,5.401149988174438477e-01,4.876414835453033447e-01,-8.028697222471237183e-02,6.234203577041625977e-01,5.500348210334777832e-01,-5.440394207835197449e-02,6.697935461997985840e-01,4.977884590625762939e-01,-9.093862026929855347e-02,6.680349111557006836e-01,4.350690543651580811e-01,-1.148910745978355408e-01,6.607854962348937988e-01,3.893849551677703857e-01,-1.311350464820861816e-01,6.290372014045715332e-01,6.030032038688659668e-01,-6.866074353456497192e-02,6.668491363525390625e-01,5.557508468627929688e-01,-1.047989353537559509e-01,6.191244125366210938e-01,5.099397897720336914e-01,-1.112165227532386780e-01,5.801163315773010254e-01,4.962789714336395264e-01,-1.120256856083869934e-01,6.103943586349487305e-01,6.673955321311950684e-01,-8.469449728727340698e-02,6.123014092445373535e-01,6.103066802024841309e-01,-1.212675720453262329e-01,5.520136356353759766e-01,5.713592767715454102e-01,-1.195314377546310425e-01,5.126950740814208984e-01,5.682999491691589355e-01,-1.132916286587715149e-01,5.749092102050781250e-01,7.358359098434448242e-01,-1.023815423250198364e-01,5.395114421844482422e-01,6.808052062988281250e-01,-1.391759812831878662e-01,4.872539639472961426e-01,6.362257599830627441e-01,-1.433894634246826172e-01,4.502556324005126953e-01,6.209209561347961426e-01,-1.400032639503479004e-01,3.009968996047973633e-01,7.585170269012451172e-01,4.179170502993656555e-07,3.505597114562988281e-01,6.803165078163146973e-01,-1.837022602558135986e-02,3.577052950859069824e-01,5.780156850814819336e-01,-2.096724323928356171e-02,3.524975180625915527e-01,5.043690204620361328e-01,-2.461282350122928619e-02,3.439011573791503906e-01,4.450136721134185791e-01,-2.701957151293754578e-02,2.737608551979064941e-01,4.859642982482910156e-01,9.548573754727840424e-03,2.632576823234558105e-01,3.945086598396301270e-01,-6.538636516779661179e-03,2.603620588779449463e-01,3.358246684074401855e-01,-2.447079867124557495e-02,2.575715780258178711e-01,2.850444316864013672e-01,-3.708686679601669312e-02,2.430588304996490479e-01,4.954936504364013672e-01,4.020340275019407272e-03,2.229524552822113037e-01,3.968218564987182617e-01,-1.001002360135316849e-02,2.122951149940490723e-01,3.266218304634094238e-01,-2.752721495926380157e-02,2.025372087955474854e-01,2.640805244445800781e-01,-3.949793800711631775e-02,2.195230424404144287e-01,5.217150449752807617e-01,-6.562674883753061295e-03,1.982093304395675659e-01,4.292035698890686035e-01,-2.303142286837100983e-02,1.902980953454971313e-01,3.641054630279541016e-01,-3.646294400095939636e-02,1.847655773162841797e-01,3.052784800529479980e-01,-4.453374445438385010e-02,2.030760645866394043e-01,5.643253326416015625e-01,-1.995101943612098694e-02,1.857597231864929199e-01,4.921820759773254395e-01,-3.516253829002380371e-02,1.803871095180511475e-01,4.425853490829467773e-01,-4.099876806139945984e-02,1.789104938507080078e-01,3.981855809688568115e-01,-4.364892840385437012e-02
5.478380918502807617e-01,7.701270580291748047e-01,4.484134663584882219e-08,5.207083225250244141e-01,6.486454010009765625e-01,-1.778553240001201630e-02,5.238634943962097168e-01,5.709133744239807129e-01,-3.829582780599594116e-02,5.369219779968261719e-01,5.241580009460449219e-01,-5.910308659076690674e-02,5.401149988174438477e-01,4.876414835453033447e-01,-8.028697222471237183e-02,6.234203577041625977e-01,5.500348210334777832e-01,-5.440394207835197449e-02,6.697935461997985840e-01,4.977884590625762939e-01,-9.093862026929855347e-02,6.680349111557006836e-01,4.350690543651580811e-01,-1.148910745978355408e-01,6.607854962348937988e-01,3.893849551677703857e-01,-1.311350464820861816e-01,6.290372014045715332e-01,6.030032038688659668e-01,-6.866074353456497192e-02,6.668491363525390625e-01,5.557508468627929688e-01,-1.047989353537559509e-01,6.191244125366210938e-01,5.099397897720336914e-01,-1.112165227532386780e-01,5.801163315773010254e-01,4.962789714336395264e-01,-1.120256856083869934e-01,6.103943586349487305e-01,6.673955321311950684e-01,-8.469449728727340698e-02,6.123014092445373535e-01,6.103066802024841309e-01,-1.212675720453262329e-01,5.520136356353759766e-01,5.713592767715454102e-01,-1.195314377546310425e-01,5.126950740814208984e-01,5.682999491691589355e-01,-1.132916286587715149e-01,5.749092102050781250e-01,7.358359098434448242e-01,-1.023815423250198364e-01,5.395114421844482422e-01,6.808052062988281250e-01,-1.391759812831878662e-01,4.872539639472961426e-01,6.362257599830627441e-01,-1.433894634246826172e-01,4.502556324005126953e-01,6.209209561347961426e-01,-1.400032639503479004e-01,3.009968996047973633e-01,7.585170269012451172e-01,4.179170502993656555e-07,3.505597114562988281e-01,6.803165078163146973e-01,-1.837022602558135986e-02,3.577052950859069824e-01,5.780156850814819336e-01,-2.096724323928356171e-02,3.524975180625915527e-01,5.043690204620361328e-01,-2.461282350122928619e-02,3.439011573791503906e-01,4.450136721134185791e-01,-2.701957151293754578e-02,2.737608551979064941e-01,4.859642982482910156e-01,9.548573754727840424e-03,2.632576823234558105e-01,3.945086598396301270e-01,-6.538636516779661179e-03,2.603620588779449463e-01,3.358246684074401855e-01,-2.447079867124557495e-02,2.575715780258178711e-01,2.850444316864013672e-01,-3.708686679601669312e-02,2.430588304996490479e-01,4.954936504364013672e-01,4.020340275019407272e-03,2.229524552822113037e-01,3.968218564987182617e-01,-1.001002360135316849e-02,2.122951149940490723e-01,3.266218304634094238e-01,-2.752721495926380157e-02,2.025372087955474854e-01,2.640805244445800781e-01,-3.949793800711631775e-02,2.195230424404144287e-01,5.217150449752807617e-01,-6.562674883753061295e-03,1.982093304395675659e-01,4.292035698890686035e-01,-2.303142286837100983e-02,1.902980953454971313e-01,3.641054630279541016e-01,-3.646294400095939636e-02,1.847655773162841797e-01,3.052784800529479980e-01,-4.453374445438385010e-02,2.030760645866394043e-01,5.643253326416015625e-01,-1.995101943612098694e-02,1.857597231864929199e-01,4.921820759773254395e-01,-3.516253829002380371e-02,1.803871095180511475e-01,4.425853490829467773e-01,-4.099876806139945984e-02,1.789104938507080078e-01,3.981855809688568115e-01,-4.364892840385437012e-02
5.233466625213623047e-01,7.641022801399230957e-01,6.449885177062242292e-07,5.261003375053405762e-01,6.732426285743713379e-01,-7.195636164397001266e-03,4.930323362350463867e-01,5.848178267478942871e-01,-2.026450820267200470e-02,4.533254802227020264e-01,5.338717103004455566e-01,-3.217541053891181946e-02,4.145926237106323242e-01,5.054910182952880859e-01,-4.882862046360969543e-02,4.848944544792175293e-01,5.795771479606628418e-01,-5.879227444529533386e-02,4.601280987262725830e-01,4.871578514575958252e-01,-8.968219161033630371e-02,4.453868865966796875e-01,4.220969080924987793e-01,-1.111890673637390137e-01,4.362705051898956299e-01,3.651923835277557373e-01,-1.263938695192337036e-01,4.658861458301544189e-01,6.136527657508850098e-01,-7.064534723758697510e-02,4.296477138996124268e-01,5.131078958511352539e-01,-9.456491470336914062e-02,4.059557914733886719e-01,4.454459547996520996e-01,-1.107871904969215393e-01,3.884415030479431152e-01,3.832710087299346924e-01,-1.253928095102310181e-01,4.440135359764099121e-01,6.670712828636169434e-01,-8.011328428983688354e-02,3.803631365299224854e-01,5.960692167282104492e-01,-1.014054268598556519e-01,3.356227874755859375e-01,5.493919253349304199e-01,-1.133575662970542908e-01,3.058716654777526855e-01,5.076576471328735352e-01,-1.238333210349082947e-01,4.189517199993133545e-01,7.326292395591735840e-01,-8.842083811759948730e-02,3.561899960041046143e-01,6.968667507171630859e-01,-1.100224182009696960e-01,3.186628818511962891e-01,6.749895215034484863e-01,-1.178510040044784546e-01,2.896105647087097168e-01,6.542590856552124023e-01,-1.237132176756858826e-01,-1.000000000000000000e+00,-1.000000000000000000e+00,-1.000000000000000000e+00,-1.000000000000000000e+00,-1.000000000000000000e+00,-1.000000000000000000e+00,-1.000000000000000000e+00,-1.000000000000000000e+00,-1.000000000000000000e+00,-1.000000000000000000e+00,-1.000000000000000000e+00,-1.000000000000000000e+00,-1.000000000000000000e+00,-1.000000000000000000e+00,-1.000000000000000000e+00,-1.000000000000000000e+00,-1.000000000000000000e+00,-1.000000000000000000e+00,-1.000000000000000000e+00,-1.000000000000000000e+00,-1.000000000000000000e+00,-1.000000000000000000e+00,-1.000000000000000000e+00,-1.000000000000000000e+00,-1.000000000000000000e+00,-1.000000000000000000e+00,-1.000000000000000000e+00,-1.000000000000000000e+00,-1.000000000000000000e+00,-1.000000000000000000e+00,-1.000000000000000000e+00,-1.000000000000000000e+00,-1.000000000000000000e+00,-1.000000000000000000e+00,-1.000000000000000000e+00,-1.000000000000000000e+00,-1.000000000000000000e+00,-1.000000000000000000e+00,-1.000000000000000000e+00,-1.000000000000000000e+00,-1.000000000000000000e+00,-1.000000000000000000e+00,-1.000000000000000000e+00,-1.000000000000000000e+00,-1.000000000000000000e+00,-1.000000000000000000e+00,-1.000000000000000000e+00,-1.000000000000000000e+00,-1.000000000000000000e+00,-1.000000000000000000e+00,-1.000000000000000000e+00,-1.000000000000000000e+00,-1.000000000000000000e+00,-1.000000000000000000e+00,-1.000000000000000000e+00,-1.000000000000000000e+00,-1.000000000000000000e+00,-1.000000000000000000e+00,-1.000000000000000000e+00,-1.000000000000000000e+00,-1.000000000000000000e+00,-1.000000000000000000e+00,-1.000000000000000000e+00
5.233466625213623047e-01,7.641022801399230957e-01,6.449885177062242292e-07,5.261003375053405762e-01,6.732426285743713379e-01,-7.195636164397001266e-03,4.930323362350463867e-01,5.848178267478942871e-01,-2.026450820267200470e-02,4.533254802227020264e-01,5.338717103004455566e-01,-3.217541053891181946e-02,4.145926237106323242e-01,5.054910182952880859e-01,-4.882862046360969543e-02,4.848944544792175293e-01,5.795771479606628418e-01,-5.879227444529533386e-02,4.601280987262725830e-01,4.871578514575958252e-01,-8.968219161033630371e-02,4.453868865966796875e-01,4.220969080924987793e-01,-1.111890673637390137e-01,4.362705051898956299e-01,3.651923835277557373e-01,-1.263938695192337036e-01,4.658861458301544189e-01,6.136527657508850098e-01,-7.064534723758697510e-02,4.296477138996124268e-01,5.131078958511352539e-01,-9.456491470336914062e-02,4.059557914733886719e-01,4.454459547996520996e-01,-1.107871904969215393e-01,3.884415030479431152e-01,3.832710087299346924e-01,-1.253928095102310181e-01,4.440135359764099121e-01,6.670712828636169434e-01,-8.011328428983688354e-02,3.803631365299224854e-01,5.960692167282104492e-01,-1.014054268598556519e-01,3.356227874755859375e-01,5.493919253349304199e-01,-1.133575662970542908e-01,3.058716654777526855e-01,5.076576471328735352e-01,-1.238333210349082947e-01,4.189517199993133545e-01,7.326292395591735840e-01,-8.842083811759948730e-02,3.561899960041046143e-01,6.968667507171630859e-01,-1.100224182009696960e-01,3.186628818511962891e-01,6.749895215034484863e-01,-1.178510040044784546e-01,2.896105647087097168e-01,6.542590856552124023e-01,-1.237132176756858826e-01,-1.000000000000000000e+00,-1.000000000000000000e+00,-1.000000000000000000e+00,-1.000000000000000000e+00,-1.000000000000000000e+00,-1.000000000000000000e+00,-1.000000000000000000e+00,-1.000000000000000000e+00,-1.000000000000000000e+00,-1.000000000000000000e+00,-1.000000000000000000e+00,-1.000000000000000000e+00,-1.000000000000000000e+00,-1.000000000000000000e+00,-1.000000000000000000e+00,-1.000000000000000000e+00,-1.000000000000000000e+00,-1.000000000000000000e+00,-1.000000000000000000e+00,-1.000000000000000000e+00,-1.000000000000000000e+00,-1.000000000000000000e+00,-1.000000000000000000e+00,-1.000000000000000000e+00,-1.000000000000000000e+00,-1.000000000000000000e+00,-1.000000000000000000e+00,-1.000000000000000000e+00,-1.000000000000000000e+00,-1.000000000000000000e+00,-1.000000000000000000e+00,-1.000000000000000000e+00,-1.000000000000000000e+00,-1.000000000000000000e+00,-1.000000000000000000e+00,-1.000000000000000000e+00,-1.000000000000000000e+00,-1.000000000000000000e+00,-1.000000000000000000e+00,-1.000000000000000000e+00,-1.000000000000000000e+00,-1.000000000000000000e+00,-1.000000000000000000e+00,-1.000000000000000000e+00,-1.000000000000000000e+00,-1.000000000000000000e+00,-1.000000000000000000e+00,-1.000000000000000000e+00,-1.000000000000000000e+00,-1.000000000000000000e+00,-1.000000000000000000e+00,-1.000000000000000000e+00,-1.000000000000000000e+00,-1.000000000000000000e+00,-1.000000000000000000e+00,-1.000000000000000000e+00,-1.000000000000000000e+00,-1.000000000000000000e+00,-1.000000000000000000e+00,-1.000000000000000000e+00,-1.000000000000000000e+00,-1.000000000000000000e+00,-1.000000000000000000e+00
5.233466625213623047e-01,7.641022801399230957e-01,6.449885177062242292e-07,5.261003375053405762e-01,6.732426285743713379e-01,-7.195636164397001266e-03,4.930323362350463867e-01,5.848178267478942871e-01,-2.026450820267200470e-02,4.533254802227020264e-01,5.338717103004455566e-01,-3.217541053891181946e-02,4.145926237106323242e-01,5.054910182952880859e-01,-4.882862046360969543e-02,4.848944544792175293e-01,5.795771479606628418e-01,-5.879227444529533386e-02,4.601280987262725830e-01,4.871578514575958252e-01,-8.968219161033630371e-02,4.453868865966796875e-01,4.220969080924987793e-01,-1.111890673637390137e-01,4.362705051898956299e-01,3.651923835277557373e-01,-1.263938695192337036e-01,4.658861458301544189e-01,6.136527657508850098e-01,-7.064534723758697510e-02,4.296477138996124268e-01,5.131078958511352539e-01,-9.456491470336914062e-02,4.059557914733886719e-01,4.454459547996520996e-01,-1.107871904969215393e-01,3.884415030479431152e-01,3.832710087299346924e-01,-1.253928095102310181e-01,4.440135359764099121e-01,6.670712828636169434e-01,-8.011328428983688354e-02,3.803631365299224854e-01,5.960692167282104492e-01,-1.014054268598556519e-01,3.356227874755859375e-01,5.493919253349304199e-01,-1.133575662970542908e-01,3.058716654777526855e-01,5.076576471328735352e-01,-1.238333210349082947e-01,4.189517199993133545e-01,7.326292395591735840e-01,-8.842083811759948730e-02,3.561899960041046143e-01,6.968667507171630859e-01,-1.100224182009696960e-01,3.186628818511962891e-01,6.749895215034484863e-01,-1.178510040044784546e-01,2.896105647087097168e-01,6.542590856552124023e-01,-1.237132176756858826e-01,-1.000000000000000000e+00,-1.000000000000000000e+00,-1.000000000000000000e+00,-1.000000000000000000e+00,-1.000000000000000000e+00,-1.000000000000000000e+00,-1.000000000000000000e+00,-1.000000000000000000e+00,-1.000000000000000000e+00,-1.000000000000000000e+00,-1.000000000000000000e+00,-1.000000000000000000e+00,-1.000000000000000000e+00,-1.000000000000000000e+00,-1.000000000000000000e+00,-1.000000000000000000e+00,-1.000000000000000000e+00,-1.000000000000000000e+00,-1.000000000000000000e+00,-1.000000000000000000e+00,-1.000000000000000000e+00,-1.000000000000000000e+00,-1.000000000000000000e+00,-1.000000000000000000e+00,-1.000000000000000000e+00,-1.000000000000000000e+00,-1.000000000000000000e+00,-1.000000000000000000e+00,-1.000000000000000000e+00,-1.000000000000000000e+00,-1.000000000000000000e+00,-1.000000000000000000e+00,-1.000000000000000000e+00,-1.000000000000000000e+00,-1.000000000000000000e+00,-1.000000000000000000e+00,-1.000000000000000000e+00,-1.000000000000000000e+00,-1.000000000000000000e+00,-1.000000000000000000e+00,-1.000000000000000000e+00,-1.000000000000000000e+00,-1.000000000000000000e+00,-1.000000000000000000e+00,-1.000000000000000000e+00,-1.000000000000000000e+00,-1.000000000000000000e+00,-1.000000000000000000e+00,-1.000000000000000000e+00,-1.000000000000000000e+00,-1.000000000000000000e+00,-1.000000000000000000e+00,-1.000000000000000000e+00,-1.000000000000000000e+00,-1.000000000000000000e+00,-1.000000000000000000e+00,-1.000000000000000000e+00,-1.000000000000000000e+00,-1.000000000000000000e+00,-1.000000000000000000e+00,-1.000000000000000000e+00,-1.000000000000000000e+00,-1.000000000000000000e+00
5.241937041282653809e-01,7.744379043579101562e-01,4.378618143618950853e-07,5.224477052688598633e-01,6.780655384063720703e-01,6.910653319209814072e-03,5.039615631103515625e-01,5.924589037895202637e-01,-1.601493102498352528e-03,4.827595949172973633e-01,5.297102332115173340e-01,-9.647319093346595764e-03,4.755992889404296875e-01,4.886339902877807617e-01,-2.248078770935535431e-02,4.745962917804718018e-01,5.816259384155273438e-01,-6.050342693924903870e-02,4.337576031684875488e-01,4.843991994857788086e-01,-9.137866646051406860e-02,4.093947410583496094e-01,4.205113649368286133e-01,-1.075809448957443237e-01,3.896430134773254395e-01,3.704877495765686035e-01,-1.168356612324714661e-01,4.529032409191131592e-01,6.255599856376647949e-01,-7.602237910032272339e-02,3.699832856655120850e-01,5.442337989807128906e-01,-1.031129360198974609e-01,3.107977509498596191e-01,4.993777275085449219e-01,-1.165602281689643860e-01,2.642246782779693604e-01,4.686793088912963867e-01,-1.273981034755706787e-01,4.319750666618347168e-01,6.831085085868835449e-01,-8.702295273542404175e-02,3.489340543746948242e-01,6.169872283935546875e-01,-1.116611510515213013e-01,2.941378951072692871e-01,5.772945284843444824e-01,-1.238418817520141602e-01,2.544524669647216797e-01,5.495409965515136719e-01,-1.323818117380142212e-01,4.123188555240631104e-01,7.465828061103820801e-01,-9.482213854789733887e-02,3.397366106510162354e-01,7.063602805137634277e-01,-1.197242289781570435e-01,2.963627576828002930e-01,6.810755133628845215e-01,-1.294695436954498291e-01,2.610355615615844727e-01,6.555051803588867188e-01,-1.347970664501190186e-01,-1.000000000000000000e+00,-1.000000000000000000e+00,-1.000000000000000000e+00,-1.000000000000000000e+00,-1.000000000000000000e+00,-1.000000000000000000e+00,-1.000000000000000000e+00,-1.000000000000000000e+00,-1.000000000000000000e+00,-1.000000000000000000e+00,-1.000000000000000000e+00,-1.000000000000000000e+00,-1.000000000000000000e+00,-1.000000000000000000e+00,-1.000000000000000000e+00,-1.000000000000000000e+00,-1.000000000000000000e+00,-1.000000000000000000e+00,-1.000000000000000000e+00,-1.000000000000000000e+00,-1.000000000000000000e+00,-1.000000000000000000e+00,-1.000000000000000000e+00,-1.000000000000000000e+00,-1.000000000000000000e+00,-1.000000000000000000e+00,-1.000000000000000000e+00,-1.000000000000000000e+00,-1.000000000000000000e+00,-1.000000000000000000e+00,-1.000000000000000000e+00,-1.000000000000000000e+00,-1.000000000000000000e+00,-1.000000000000000000e+00,-1.000000000000000000e+00,-1.000000000000000000e+00,-1.000000000000000000e+00,-1.000000000000000000e+00,-1.000000000000000000e+00,-1.000000000000000000e+00,-1.000000000000000000e+00,-1.000000000000000000e+00,-1.000000000000000000e+00,-1.000000000000000000e+00,-1.000000000000000000e+00,-1.000000000000000000e+00,-1.000000000000000000e+00,-1.000000000000000000e+00,-1.000000000000000000e+00,-1.000000000000000000e+00,-1.000000000000000000e+00,-1.000000000000000000e+00,-1.000000000000000000e+00,-1.000000000000000000e+00,-1.000000000000000000e+00,-1.000000000000000000e+00,-1.000000000000000000e+00,-1.000000000000000000e+00,-1.000000000000000000e+00,-1.000000000000000000e+00,-1.000000000000000000e+00,-1.000000000000000000e+00,-1.000000000000000000e+00
5.241937041282653809e-01,7.744379043579101562e-01,4.378618143618950853e-07,5.224477052688598633e-01,6.780655384063720703e-01,6.910653319209814072e-03,5.039615631103515625e-01,5.924589037895202637e-01,-1.601493102498352528e-03,4.827595949172973633e-01,5.297102332115173340e-01,-9.647319093346595764e-03,4.755992889404296875e-01,4.886339902877807617e-01,-2.248078770935535431e-02,4.745962917804718018e-01,5.816259384155273438e-01,-6.050342693924903870e-02,4.337576031684875488e-01,4.843991994857788086e-01,-9.137866646051406860e-02,4.093947410583496094e-01,4.205113649368286133e-01,-1.075809448957443237e-01,3.896430134773254395e-01,3.704877495765686035e-01,-1.168356612324714661e-01,4.529032409191131592e-01,6.255599856376647949e-01,-7.602237910032272339e-02,3.699832856655120850e-01,5.442337989807128906e-01,-1.031129360198974609e-01,3.107977509498596191e-01,4.993777275085449219e-01,-1.165602281689643860e-01,2.642246782779693604e-01,4.686793088912963867e-01,-1.273981034755706787e-01,4.319750666618347168e-01,6.831085085868835449e-01,-8.702295273542404175e-02,3.489340543746948242e-01,6.169872283935546875e-01,-1.116611510515213013e-01,2.941378951072692871e-01,5.772945284843444824e-01,-1.238418817520141602e-01,2.544524669647216797e-01,5.495409965515136719e-01,-1.323818117380142212e-01,4.123188555240631104e-01,7.465828061103820801e-01,-9.482213854789733887e-02,3.397366106510162354e-01,7.063602805137634277e-01,-1.197242289781570435e-01,2.963627576828002930e-01,6.810755133628845215e-01,-1.294695436954498291e-01,2.610355615615844727e-01,6.555051803588867188e-01,-1.347970664501190186e-01,-1.000000000000000000e+00,-1.000000000000000000e+00,-1.000000000000000000e+00,-1.000000000000000000e+00,-1.000000000000000000e+00,-1.000000000000000000e+00,-1.000000000000000000e+00,-1.000000000000000000e+00,-1.000000000000000000e+00,-1.000000000000000000e+00,-1.000000000000000000e+00,-1.000000000000000000e+00,-1.000000000000000000e+00,-1.000000000000000000e+00,-1.000000000000000000e+00,-1.000000000000000000e+00,-1.000000000000000000e+00,-1.000000000000000000e+00,-1.000000000000000000e+00,-1.000000000000000000e+00,-1.000000000000000000e+00,-1.000000000000000000e+00,-1.000000000000000000e+00,-1.000000000000000000e+00,-1.000000000000000000e+00,-1.000000000000000000e+00,-1.000000000000000000e+00,-1.000000000000000000e+00,-1.000000000000000000e+00,-1.000000000000000000e+00,-1.000000000000000000e+00,-1.000000000000000000e+00,-1.000000000000000000e+00,-1.000000000000000000e+00,-1.000000000000000000e+00,-1.000000000000000000e+00,-1.000000000000000000e+00,-1.000000000000000000e+00,-1.000000000000000000e+00,-1.000000000000000000e+00,-1.000000000000000000e+00,-1.000000000000000000e+00,-1.000000000000000000e+00,-1.000000000000000000e+00,-1.000000000000000000e+00,-1.000000000000000000e+00,-1.000000000000000000e+00,-1.000000000000000000e+00,-1.000000000000000000e+00,-1.000000000000000000e+00,-1.000000000000000000e+00,-1.000000000000000000e+00,-1.000000000000000000e+00,-1.000000000000000000e+00,-1.000000000000000000e+00,-1.000000000000000000e+00,-1.000000000000000000e+00,-1.000000000000000000e+00,-1.000000000000000000e+00,-1.000000000000000000e+00,-1.000000000000000000e+00,-1.000000000000000000e+00,-1.000000000000000000e+00
5.271582603454589844e-01,7.813115119934082031e-01,3.599963633860170376e-07,5.262509584426879883e-01,6.822040677070617676e-01,9.874650277197360992e-03,5.096296072006225586e-01,5.960053205490112305e-01,3.327254671603441238e-03,4.914683401584625244e-01,5.328776240348815918e-01,-2.609933260828256607e-03,4.872634112834930420e-01,4.904749393463134766e-01,-1.324749179184436798e-02,4.796833992004394531e-01,5.852761268615722656e-01,-5.941426008939743042e-02,4.375264346599578857e-01,4.868306517601013184e-01,-8.900034427642822266e-02,4.087002575397491455e-01,4.247507452964782715e-01,-1.035749986767768860e-01,3.843621313571929932e-01,3.765420317649841309e-01,-1.120613589882850647e-01,4.578060507774353027e-01,6.296964883804321289e-01,-7.525506615638732910e-02,3.733463585376739502e-01,5.464108586311340332e-01,-1.030904948711395264e-01,3.136024773120880127e-01,5.005360841751098633e-01,-1.159351542592048645e-01,2.668329477310180664e-01,4.684262275695800781e-01,-1.261037141084671021e-01,4.361951351165771484e-01,6.869963407516479492e-01,-8.616635203361511230e-02,3.504213988780975342e-01,6.166028976440429688e-01,-1.119715347886085510e-01,2.960561513900756836e-01,5.762499570846557617e-01,-1.243747025728225708e-01,2.566929459571838379e-01,5.465776920318603516e-01,-1.327857077121734619e-01,4.155442714691162109e-01,7.501817941665649414e-01,-9.335657954216003418e-02,3.408191502094268799e-01,7.089478373527526855e-01,-1.210312917828559875e-01,2.974821925163269043e-01,6.830078363418579102e-01,-1.328991949558258057e-01,2.623171806335449219e-01,6.551488637924194336e-01,-1.393718421459197998e-01,-1.000000000000000000e+00,-1.000000000000000000e+00,-1.000000000000000000e+00,-1.000000000000000000e+00,-1.000000000000000000e+00,-1.000000000000000000e+00,-1.000000000000000000e+00,-1.000000000000000000e+00,-1.000000000000000000e+00,-1.000000000000000000e+00,-1.000000000000000000e+00,-1.000000000000000000e+00,-1.000000000000000000e+00,-1.000000000000000000e+00,-1.000000000000000000e+00,-1.000000000000000000e+00,-1.000000000000000000e+00,-1.000000000000000000e+00,-1.000000000000000000e+00,-1.000000000000000000e+00,-1.000000000000000000e+00,-1.000000000000000000e+00,-1.000000000000000000e+00,-1.000000000000000000e+00,-1.000000000000000000e+00,-1.000000000000000000e+00,-1.000000000000000000e+00,-1.000000000000000000e+00,-1.000000000000000000e+00,-1.000000000000000000e+00,-1.000000000000000000e+00,-1.000000000000000000e+00,-1.000000000000000000e+00,-1.000000000000000000e+00,-1.000000000000000000e+00,-1.000000000000000000e+00,-1.000000000000000000e+00,-1.000000000000000000e+00,-1.000000000000000000e+00,-1.000000000000000000e+00,-1.000000000000000000e+00,-1.000000000000000000e+00,-1.000000000000000000e+00,-1.000000000000000000e+00,-1.000000000000000000e+00,-1.000000000000000000e+00,-1.000000000000000000e+00,-1.000000000000000000e+00,-1.000000000000000000e+00,-1.000000000000000000e+00,-1.000000000000000000e+00,-1.000000000000000000e+00,-1.000000000000000000e+00,-1.000000000000000000e+00,-1.000000000000000000e+00,-1.000000000000000000e+00,-1.000000000000000000e+00,-1.000000000000000000e+00,-1.000000000000000000e+00,-1.000000000000000000e+00,-1.000000000000000000e+00,-1.000000000000000000e+00,-1.000000000000000000e+00
5.271582603454589844e-01,7.813115119934082031e-01,3.599963633860170376e-07,5.262509584426879883e-01,6.822040677070617676e-01,9.874650277197360992e-03,5.096296072006225586e-01,5.960053205490112305e-01,3.327254671603441238e-03,4.914683401584625244e-01,5.328776240348815918e-01,-2.609933260828256607e-03,4.872634112834930420e-01,4.904749393463134766e-01,-1.324749179184436798e-02,4.796833992004394531e-01,5.852761268615722656e-01,-5.941426008939743042e-02,4.375264346599578857e-01,4.868306517601013184e-01,-8.900034427642822266e-02,4.087002575397491455e-01,4.247507452964782715e-01,-1.035749986767768860e-01,3.843621313571929932e-01,3.765420317649841309e-01,-1.120613589882850647e-01,4.578060507774353027e-01,6.296964883804321289e-01,-7.525506615638732910e-02,3.733463585376739502e-01,5.464108586311340332e-01,-1.030904948711395264e-01,3.136024773120880127e-01,5.005360841751098633e-01,-1.159351542592048645e-01,2.668329477310180664e-01,4.684262275695800781e-01,-1.261037141084671021e-01,4.361951351165771484e-01,6.869963407516479492e-01,-8.616635203361511230e-02,3.504213988780975342e-01,6.166028976440429688e-01,-1.119715347886085510e-01,2.960561513900756836e-01,5.762499570846557617e-01,-1.243747025728225708e-01,2.566929459571838379e-01,5.465776920318603516e-01,-1.327857077121734619e-01,4.155442714691162109e-01,7.501817941665649414e-01,-9.335657954216003418e-02,3.408191502094268799e-01,7.089478373527526855e-01,-1.210312917828559875e-01,2.974821925163269043e-01,6.830078363418579102e-01,-1.328991949558258057e-01,2.623171806335449219e-01,6.551488637924194336e-01,-1.393718421459197998e-01,-1.000000000000000000e+00,-1.000000000000000000e+00,-1.000000000000000000e+00,-1.000000000000000000e+00,-1.000000000000000000e+00,-1.000000000000000000e+00,-1.000000000000000000e+00,-1.000000000000000000e+00,-1.000000000000000000e+00,-1.000000000000000000e+00,-1.000000000000000000e+00,-1.000000000000000000e+00,-1.000000000000000000e+00,-1.000000000000000000e+00,-1.000000000000000000e+00,-1.000000000000000000e+00,-1.000000000000000000e+00,-1.000000000000000000e+00,-1.000000000000000000e+00,-1.000000000000000000e+00,-1.000000000000000000e+00,-1.000000000000000000e+00,-1.000000000000000000e+00,-1.000000000000000000e+00,-1.000000000000000000e+00,-1.000000000000000000e+00,-1.000000000000000000e+00,-1.000000000000000000e+00,-1.000000000000000000e+00,-1.000000000000000000e+00,-1.000000000000000000e+00,-1.000000000000000000e+00,-1.000000000000000000e+00,-1.000000000000000000e+00,-1.000000000000000000e+00,-1.000000000000000000e+00,-1.000000000000000000e+00,-1.000000000000000000e+00,-1.000000000000000000e+00,-1.000000000000000000e+00,-1.000000000000000000e+00,-1.000000000000000000e+00,-1.000000000000000000e+00,-1.000000000000000000e+00,-1.000000000000000000e+00,-1.000000000000000000e+00,-1.000000000000000000e+00,-1.000000000000000000e+00,-1.000000000000000000e+00,-1.000000000000000000e+00,-1.000000000000000000e+00,-1.000000000000000000e+00,-1.000000000000000000e+00,-1.000000000000000000e+00,-1.000000000000000000e+00,-1.000000000000000000e+00,-1.000000000000000000e+00,-1.000000000000000000e+00,-1.000000000000000000e+00,-1.000000000000000000e+00,-1.000000000000000000e+00,-1.000000000000000000e+00,-1.000000000000000000e+00
5.271582603454589844e-01,7.813115119934082031e-01,3.599963633860170376e-07,5.262509584426879883e-01,6.822040677070617676e-01,9.874650277197360992e-03,5.096296072006225586e-01,5.960053205490112305e-01,3.327254671603441238e-03,4.914683401584625244e-01,5.328776240348815918e-01,-2.609933260828256607e-03,4.872634112834930420e-01,4.904749393463134766e-01,-1.324749179184436798e-02,4.796833992004394531e-01,5.852761268615722656e-01,-5.941426008939743042e-02,4.375264346599578857e-01,4.868306517601013184e-01,-8.900034427642822266e-02,4.087002575397491455e-01,4.247507452964782715e-01,-1.035749986767768860e-01,3.843621313571929932e-01,3.765420317649841309e-01,-1.120613589882850647e-01,4.578060507774353027e-01,6.296964883804321289e-01,-7.525506615638732910e-02,3.733463585376739502e-01,5.464108586311340332e-01,-1.030904948711395264e-01,3.136024773120880127e-01,5.005360841751098633e-01,-1.159351542592048645e-01,2.668329477310180664e-01,4.684262275695800781e-01,-1.261037141084671021e-01,4.361951351165771484e-01,6.869963407516479492e-01,-8.616635203361511230e-02,3.504213988780975342e-01,6.166028976440429688e-01,-1.119715347886085510e-01,2.960561513900756836e-01,5.762499570846557617e-01,-1.243747025728225708e-01,2.566929459571838379e-01,5.465776920318603516e-01,-1.327857077121734619e-01,4.155442714691162109e-01,7.501817941665649414e-01,-9.335657954216003418e-02,3.408191502094268799e-01,7.089478373527526855e-01,-1.210312917828559875e-01,2.974821925163269043e-01,6.830078363418579102e-01,-1.328991949558258057e-01,2.623171806335449219e-01,6.551488637924194336e-01,-1.393718421459197998e-01,-1.000000000000000000e+00,-1.000000000000000000e+00,-1.000000000000000000e+00,-1.000000000000000000e+00,-1.000000000000000000e+00,-1.000000000000000000e+00,-1.000000000000000000e+00,-1.000000000000000000e+00,-1.000000000000000000e+00,-1.000000000000000000e+00,-1.000000000000000000e+00,-1.000000000000000000e+00,-1.000000000000000000e+00,-1.000000000000000000e+00,-1.000000000000000000e+00,-1.000000000000000000e+00,-1.000000000000000000e+00,-1.000000000000000000e+00,-1.000000000000000000e+00,-1.000000000000000000e+00,-1.000000000000000000e+00,-1.000000000000000000e+00,-1.000000000000000000e+00,-1.000000000000000000e+00,-1.000000000000000000e+00,-1.000000000000000000e+00,-1.000000000000000000e+00,-1.000000000000000000e+00,-1.000000000000000000e+00,-1.000000000000000000e+00,-1.000000000000000000e+00,-1.000000000000000000e+00,-1.000000000000000000e+00,-1.000000000000000000e+00,-1.000000000000000000e+00,-1.000000000000000000e+00,-1.000000000000000000e+00,-1.000000000000000000e+00,-1.000000000000000000e+00,-1.000000000000000000e+00,-1.000000000000000000e+00,-1.000000000000000000e+00,-1.000000000000000000e+00,-1.000000000000000000e+00,-1.000000000000000000e+00,-1.000000000000000000e+00,-1.000000000000000000e+00,-1.000000000000000000e+00,-1.000000000000000000e+00,-1.000000000000000000e+00,-1.000000000000000000e+00,-1.000000000000000000e+00,-1.000000000000000000e+00,-1.000000000000000000e+00,-1.000000000000000000e+00,-1.000000000000000000e+00,-1.000000000000000000e+00,-1.000000000000000000e+00,-1.000000000000000000e+00,-1.000000000000000000e+00,-1.000000000000000000e+00,-1.000000000000000000e+00,-1.000000000000000000e+00
5.271582603454589844e-01,7.813115119934082031e-01,3.599963633860170376e-07,5.262509584426879883e-01,6.822040677070617676e-01,9.874650277197360992e-03,5.096296072006225586e-01,5.960053205490112305e-01,3.327254671603441238e-03,4.914683401584625244e-01,5.328776240348815918e-01,-2.609933260828256607e-03,4.872634112834930420e-01,4.904749393463134766e-01,-1.324749179184436798e-02,4.796833992004394531e-01,5.852761268615722656e-01,-5.941426008939743042e-02,4.375264346599578857e-01,4.868306517601013184e-01,-8.900034427642822266e-02,4.087002575397491455e-01,4.247507452964782715e-01,-1.035749986767768860e-01,3.843621313571929932e-01,3.765420317649841309e-01,-1.120613589882850647e-01,4.578060507774353027e-01,6.296964883804321289e-01,-7.525506615638732910e-02,3.733463585376739502e-01,5.464108586311340332e-01,-1.030904948711395264e-01,3.136024773120880127e-01,5.005360841751098633e-01,-1.159351542592048645e-01,2.668329477310180664e-01,4.684262275695800781e-01,-1.261037141084671021e-01,4.361951351165771484e-01,6.869963407516479492e-01,-8.616635203361511230e-02,3.504213988780975342e-01,6.166028976440429688e-01,-1.119715347886085510e-01,2.960561513900756836e-01,5.762499570846557617e-01,-1.243747025728225708e-01,2.566929459571838379e-01,5.465776920318603516e-01,-1.327857077121734619e-01,4.155442714691162109e-01,7.501817941665649414e-01,-9.335657954216003418e-02,3.408191502094268799e-01,7.089478373527526855e-01,-1.210312917828559875e-01,2.974821925163269043e-01,6.830078363418579102e-01,-1.328991949558258057e-01,2.623171806335449219e-01,6.551488637924194336e-01,-1.393718421459197998e-01,-1.000000000000000000e+00,-1.000000000000000000e+00,-1.000000000000000000e+00,-1.000000000000000000e+00,-1.000000000000000000e+00,-1.000000000000000000e+00,-1.000000000000000000e+00,-1.000000000000000000e+00,-1.000000000000000000e+00,-1.000000000000000000e+00,-1.000000000000000000e+00,-1.000000000000000000e+00,-1.000000000000000000e+00,-1.000000000000000000e+00,-1.000000000000000000e+00,-1.000000000000000000e+00,-1.000000000000000000e+00,-1.000000000000000000e+00,-1.000000000000000000e+00,-1.000000000000000000e+00,-1.000000000000000000e+00,-1.000000000000000000e+00,-1.000000000000000000e+00,-1.000000000000000000e+00,-1.000000000000000000e+00,-1.000000000000000000e+00,-1.000000000000000000e+00,-1.000000000000000000e+00,-1.000000000000000000e+00,-1.000000000000000000e+00,-1.000000000000000000e+00,-1.000000000000000000e+00,-1.000000000000000000e+00,-1.000000000000000000e+00,-1.000000000000000000e+00,-1.000000000000000000e+00,-1.000000000000000000e+00,-1.000000000000000000e+00,-1.000000000000000000e+00,-1.000000000000000000e+00,-1.000000000000000000e+00,-1.000000000000000000e+00,-1.000000000000000000e+00,-1.000000000000000000e+00,-1.000000000000000000e+00,-1.000000000000000000e+00,-1.000000000000000000e+00,-1.000000000000000000e+00,-1.000000000000000000e+00,-1.000000000000000000e+00,-1.000000000000000000e+00,-1.000000000000000000e+00,-1.000000000000000000e+00,-1.000000000000000000e+00,-1.000000000000000000e+00,-1.000000000000000000e+00,-1.000000000000000000e+00,-1.000000000000000000e+00,-1.000000000000000000e+00,-1.000000000000000000e+00,-1.000000000000000000e+00,-1.000000000000000000e+00,-1.000000000000000000e+00
5.300410985946655273e-01,7.828840017318725586e-01,3.615002697188174352e-07,5.271480679512023926e-01,6.826875209808349609e-01,9.307078085839748383e-03,5.105334520339965820e-01,5.959097743034362793e-01,1.970630604773759842e-03,4.922446012496948242e-01,5.331736803054809570e-01,-4.756932146847248077e-03,4.872626662254333496e-01,4.919053912162780762e-01,-1.619499921798706055e-02,4.805400967597961426e-01,5.845001339912414551e-01,-6.039352715015411377e-02,4.380877614021301270e-01,4.866175055503845215e-01,-9.090713411569595337e-02,4.099784493446350098e-01,4.238274395465850830e-01,-1.064678207039833069e-01,3.858594298362731934e-01,3.749662339687347412e-01,-1.154844909906387329e-01,4.591598808765411377e-01,6.293732523918151855e-01,-7.619368284940719604e-02,3.746213018894195557e-01,5.477465987205505371e-01,-1.036167368292808533e-01,3.152834773063659668e-01,5.011447668075561523e-01,-1.165908128023147583e-01,2.684048116207122803e-01,4.689757227897644043e-01,-1.273065954446792603e-01,4.378420114517211914e-01,6.873419284820556641e-01,-8.720510452985763550e-02,3.541356027126312256e-01,6.214489340782165527e-01,-1.123299002647399902e-01,3.000203967094421387e-01,5.807039737701416016e-01,-1.247366890311241150e-01,2.606802880764007568e-01,5.503668785095214844e-01,-1.335718631744384766e-01,4.173729121685028076e-01,7.511690855026245117e-01,-9.465316683053970337e-02,3.428496718406677246e-01,7.108687162399291992e-01,-1.209669932723045349e-01,2.999023199081420898e-01,6.842671036720275879e-01,-1.320712715387344360e-01,2.649534940719604492e-01,6.555487513542175293e-01,-1.384355723857879639e-01,-1.000000000000000000e+00,-1.000000000000000000e+00,-1.000000000000000000e+00,-1.000000000000000000e+00,-1.000000000000000000e+00,-1.000000000000000000e+00,-1.000000000000000000e+00,-1.000000000000000000e+00,-1.000000000000000000e+00,-1.000000000000000000e+00,-1.000000000000000000e+00,-1.000000000000000000e+00,-1.000000000000000000e+00,-1.000000000000000000e+00,-1.000000000000000000e+00,-1.000000000000000000e+00,-1.000000000000000000e+00,-1.000000000000000000e+00,-1.000000000000000000e+00,-1.000000000000000000e+00,-1.000000000000000000e+00,-1.000000000000000000e+00,-1.000000000000000000e+00,-1.000000000000000000e+00,-1.000000000000000000e+00,-1.000000000000000000e+00,-1.000000000000000000e+00,-1.000000000000000000e+00,-1.000000000000000000e+00,-1.000000000000000000e+00,-1.000000000000000000e+00,-1.000000000000000000e+00,-1.000000000000000000e+00,-1.000000000000000000e+00,-1.000000000000000000e+00,-1.000000000000000000e+00,-1.000000000000000000e+00,-1.000000000000000000e+00,-1.000000000000000000e+00,-1.000000000000000000e+00,-1.000000000000000000e+00,-1.000000000000000000e+00,-1.000000000000000000e+00,-1.000000000000000000e+00,-1.000000000000000000e+00,-1.000000000000000000e+00,-1.000000000000000000e+00,-1.000000000000000000e+00,-1.000000000000000000e+00,-1.000000000000000000e+00,-1.000000000000000000e+00,-1.000000000000000000e+00,-1.000000000000000000e+00,-1.000000000000000000e+00,-1.000000000000000000e+00,-1.000000000000000000e+00,-1.000000000000000000e+00,-1.000000000000000000e+00,-1.000000000000000000e+00,-1.000000000000000000e+00,-1.000000000000000000e+00,-1.000000000000000000e+00,-1.000000000000000000e+00
5.300410985946655273e-01,7.828840017318725586e-01,3.615002697188174352e-07,5.271480679512023926e-01,6.826875209808349609e-01,9.307078085839748383e-03,5.105334520339965820e-01,5.959097743034362793e-01,1.970630604773759842e-03,4.922446012496948242e-01,5.331736803054809570e-01,-4.756932146847248077e-03,4.872626662254333496e-01,4.919053912162780762e-01,-1.619499921798706055e-02,4.805400967597961426e-01,5.845001339912414551e-01,-6.039352715015411377e-02,4.380877614021301270e-01,4.866175055503845215e-01,-9.090713411569595337e-02,4.099784493446350098e-01,4.238274395465850830e-01,-1.064678207039833069e-01,3.858594298362731934e-01,3.749662339687347412e-01,-1.154844909906387329e-01,4.591598808765411377e-01,6.293732523918151855e-01,-7.619368284940719604e-02,3.746213018894195557e-01,5.477465987205505371e-01,-1.036167368292808533e-01,3.152834773063659668e-01,5.011447668075561523e-01,-1.165908128023147583e-01,2.684048116207122803e-01,4.689757227897644043e-01,-1.273065954446792603e-01,4.378420114517211914e-01,6.873419284820556641e-01,-8.720510452985763550e-02,3.541356027126312256e-01,6.214489340782165527e-01,-1.123299002647399902e-01,3.000203967094421387e-01,5.807039737701416016e-01,-1.247366890311241150e-01,2.606802880764007568e-01,5.503668785095214844e-01,-1.335718631744384766e-01,4.173729121685028076e-01,7.511690855026245117e-01,-9.465316683053970337e-02,3.428496718406677246e-01,7.108687162399291992e-01,-1.209669932723045349e-01,2.999023199081420898e-01,6.842671036720275879e-01,-1.320712715387344360e-01,2.649534940719604492e-01,6.555487513542175293e-01,-1.384355723857879639e-01,-1.000000000000000000e+00,-1.000000000000000000e+00,-1.000000000000000000e+00,-1.000000000000000000e+00,-1.000000000000000000e+00,-1.000000000000000000e+00,-1.000000000000000000e+00,-1.000000000000000000e+00,-1.000000000000000000e+00,-1.000000000000000000e+00,-1.000000000000000000e+00,-1.000000000000000000e+00,-1.000000000000000000e+00,-1.000000000000000000e+00,-1.000000000000000000e+00,-1.000000000000000000e+00,-1.000000000000000000e+00,-1.000000000000000000e+00,-1.000000000000000000e+00,-1.000000000000000000e+00,-1.000000000000000000e+00,-1.000000000000000000e+00,-1.000000000000000000e+00,-1.000000000000000000e+00,-1.000000000000000000e+00,-1.000000000000000000e+00,-1.000000000000000000e+00,-1.000000000000000000e+00,-1.000000000000000000e+00,-1.000000000000000000e+00,-1.000000000000000000e+00,-1.000000000000000000e+00,-1.000000000000000000e+00,-1.000000000000000000e+00,-1.000000000000000000e+00,-1.000000000000000000e+00,-1.000000000000000000e+00,-1.000000000000000000e+00,-1.000000000000000000e+00,-1.000000000000000000e+00,-1.000000000000000000e+00,-1.000000000000000000e+00,-1.000000000000000000e+00,-1.000000000000000000e+00,-1.000000000000000000e+00,-1.000000000000000000e+00,-1.000000000000000000e+00,-1.000000000000000000e+00,-1.000000000000000000e+00,-1.000000000000000000e+00,-1.000000000000000000e+00,-1.000000000000000000e+00,-1.000000000000000000e+00,-1.000000000000000000e+00,-1.000000000000000000e+00,-1.000000000000000000e+00,-1.000000000000000000e+00,-1.000000000000000000e+00,-1.000000000000000000e+00,-1.000000000000000000e+00,-1.000000000000000000e+00,-1.000000000000000000e+00,-1.000000000000000000e+00
5.300410985946655273e-01,7.828840017318725586e-01,3.615002697188174352e-07,5.271480679512023926e-01,6.826875209808349609e-01,9.307078085839748383e-03,5.105334520339965820e-01,5.959097743034362793e-01,1.970630604773759842e-03,4.922446012496948242e-01,5.331736803054809570e-01,-4.756932146847248077e-03,4.872626662254333496e-01,4.919053912162780762e-01,-1.619499921798706055e-02,4.805400967597961426e-01,5.845001339912414551e-01,-6.039352715015411377e-02,4.380877614021301270e-01,4.866175055503845215e-01,-9.090713411569595337e-02,4.099784493446350098e-01,4.238274395465850830e-01,-1.064678207039833069e-01,3.858594298362731934e-01,3.749662339687347412e-01,-1.154844909906387329e-01,4.591598808765411377e-01,6.293732523918151855e-01,-7.619368284940719604e-02,3.746213018894195557e-01,5.477465987205505371e-01,-1.036167368292808533e-01,3.152834773063659668e-01,5.011447668075561523e-01,-1.165908128023147583e-01,2.684048116207122803e-01,4.689757227897644043e-01,-1.273065954446792603e-01,4.378420114517211914e-01,6.873419284820556641e-01,-8.720510452985763550e-02,3.541356027126312256e-01,6.214489340782165527e-01,-1.123299002647399902e-01,3.000203967094421387e-01,5.807039737701416016e-01,-1.247366890311241150e-01,2.606802880764007568e-01,5.503668785095214844e-01,-1.335718631744384766e-01,4.173729121685028076e-01,7.511690855026245117e-01,-9.465316683053970337e-02,3.428496718406677246e-01,7.108687162399291992e-01,-1.209669932723045349e-01,2.999023199081420898e-01,6.842671036720275879e-01,-1.320712715387344360e-01,2.649534940719604492e-01,6.555487513542175293e-01,-1.384355723857879639e-01,-1.000000000000000000e+00,-1.000000000000000000e+00,-1.000000000000000000e+00,-1.000000000000000000e+00,-1.000000000000000000e+00,-1.000000000000000000e+00,-1.000000000000000000e+00,-1.000000000000000000e+00,-1.000000000000000000e+00,-1.000000000000000000e+00,-1.000000000000000000e+00,-1.000000000000000000e+00,-1.000000000000000000e+00,-1.000000000000000000e+00,-1.000000000000000000e+00,-1.000000000000000000e+00,-1.000000000000000000e+00,-1.000000000000000000e+00,-1.000000000000000000e+00,-1.000000000000000000e+00,-1.000000000000000000e+00,-1.000000000000000000e+00,-1.000000000000000000e+00,-1.000000000000000000e+00,-1.000000000000000000e+00,-1.000000000000000000e+00,-1.000000000000000000e+00,-1.000000000000000000e+00,-1.000000000000000000e+00,-1.000000000000000000e+00,-1.000000000000000000e+00,-1.000000000000000000e+00,-1.000000000000000000e+00,-1.000000000000000000e+00,-1.000000000000000000e+00,-1.000000000000000000e+00,-1.000000000000000000e+00,-1.000000000000000000e+00,-1.000000000000000000e+00,-1.000000000000000000e+00,-1.000000000000000000e+00,-1.000000000000000000e+00,-1.000000000000000000e+00,-1.000000000000000000e+00,-1.000000000000000000e+00,-1.000000000000000000e+00,-1.000000000000000000e+00,-1.000000000000000000e+00,-1.000000000000000000e+00,-1.000000000000000000e+00,-1.000000000000000000e+00,-1.000000000000000000e+00,-1.000000000000000000e+00,-1.000000000000000000e+00,-1.000000000000000000e+00,-1.000000000000000000e+00,-1.000000000000000000e+00,-1.000000000000000000e+00,-1.000000000000000000e+00,-1.000000000000000000e+00,-1.000000000000000000e+00,-1.000000000000000000e+00,-1.000000000000000000e+00
5.341067314147949219e-01,7.882488965988159180e-01,3.927023044525412843e-07,5.321878194808959961e-01,6.883918046951293945e-01,7.578043732792139053e-03,5.133785009384155273e-01,6.007728576660156250e-01,-4.502205993048846722e-04,4.929537475109100342e-01,5.365478992462158203e-01,-7.485902868211269379e-03,4.879370331764221191e-01,4.959248304367065430e-01,-1.928704790771007538e-02,4.854252636432647705e-01,5.915140509605407715e-01,-6.209699437022209167e-02,4.411265254020690918e-01,4.984924793243408203e-01,-9.268277883529663086e-02,4.115833640098571777e-01,4.373066425323486328e-01,-1.086179688572883606e-01,3.867459595203399658e-01,3.895113468170166016e-01,-1.179983690381050110e-01,4.626486301422119141e-01,6.381921768188476562e-01,-7.745196670293807983e-02,3.766729831695556641e-01,5.599328875541687012e-01,-1.051243543624877930e-01,3.152821660041809082e-01,5.159382820129394531e-01,-1.187552586197853088e-01,2.672752141952514648e-01,4.848302602767944336e-01,-1.299004852771759033e-01,4.402099549770355225e-01,6.970802545547485352e-01,-8.795292675495147705e-02,3.547994196414947510e-01,6.304784417152404785e-01,-1.131706014275550842e-01,2.989553213119506836e-01,5.913865566253662109e-01,-1.255467981100082397e-01,2.590737342834472656e-01,5.624885559082031250e-01,-1.343392729759216309e-01,4.189531207084655762e-01,7.617892622947692871e-01,-9.502493590116500854e-02,3.434194326400756836e-01,7.236614823341369629e-01,-1.208814233541488647e-01,3.000600934028625488e-01,6.983477473258972168e-01,-1.313275545835494995e-01,2.656628787517547607e-01,6.704963445663452148e-01,-1.372272074222564697e-01,-1.000000000000000000e+00,-1.000000000000000000e+00,-1.000000000000000000e+00,-1.000000000000000000e+00,-1.000000000000000000e+00,-1.000000000000000000e+00,-1.000000000000000000e+00,-1.000000000000000000e+00,-1.000000000000000000e+00,-1.000000000000000000e+00,-1.000000000000000000e+00,-1.000000000000000000e+00,-1.000000000000000000e+00,-1.000000000000000000e+00,-1.000000000000000000e+00,-1.000000000000000000e+00,-1.000000000000000000e+00,-1.000000000000000000e+00,-1.000000000000000000e+00,-1.000000000000000000e+00,-1.000000000000000000e+00,-1.000000000000000000e+00,-1.000000000000000000e+00,-1.000000000000000000e+00,-1.000000000000000000e+00,-1.000000000000000000e+00,-1.000000000000000000e+00,-1.000000000000000000e+00,-1.000000000000000000e+00,-1.000000000000000000e+00,-1.000000000000000000e+00,-1.000000000000000000e+00,-1.000000000000000000e+00,-1.000000000000000000e+00,-1.000000000000000000e+00,-1.000000000000000000e+00,-1.000000000000000000e+00,-1.000000000000000000e+00,-1.000000000000000000e+00,-1.000000000000000000e+00,-1.000000000000000000e+00,-1.000000000000000000e+00,-1.000000000000000000e+00,-1.000000000000000000e+00,-1.000000000000000000e+00,-1.000000000000000000e+00,-1.000000000000000000e+00,-1.000000000000000000e+00,-1.000000000000000000e+00,-1.000000000000000000e+00,-1.000000000000000000e+00,-1.000000000000000000e+00,-1.000000000000000000e+00,-1.000000000000000000e+00,-1.000000000000000000e+00,-1.000000000000000000e+00,-1.000000000000000000e+00,-1.000000000000000000e+00,-1.000000000000000000e+00,-1.000000000000000000e+00,-1.000000000000000000e+00,-1.000000000000000000e+00,-1.000000000000000000e+00
5.341067314147949219e-01,7.882488965988159180e-01,3.927023044525412843e-07,5.321878194808959961e-01,6.883918046951293945e-01,7.578043732792139053e-03,5.133785009384155273e-01,6.007728576660156250e-01,-4.502205993048846722e-04,4.929537475109100342e-01,5.365478992462158203e-01,-7.485902868211269379e-03,4.879370331764221191e-01,4.959248304367065430e-01,-1.928704790771007538e-02,4.854252636432647705e-01,5.915140509605407715e-01,-6.209699437022209167e-02,4.411265254020690918e-01,4.984924793243408203e-01,-9.268277883529663086e-02,4.115833640098571777e-01,4.373066425323486328e-01,-1.086179688572883606e-01,3.867459595203399658e-01,3.895113468170166016e-01,-1.179983690381050110e-01,4.626486301422119141e-01,6.381921768188476562e-01,-7.745196670293807983e-02,3.766729831695556641e-01,5.599328875541687012e-01,-1.051243543624877930e-01,3.152821660041809082e-01,5.159382820129394531e-01,-1.187552586197853088e-01,2.672752141952514648e-01,4.848302602767944336e-01,-1.299004852771759033e-01,4.402099549770355225e-01,6.970802545547485352e-01,-8.795292675495147705e-02,3.547994196414947510e-01,6.304784417152404785e-01,-1.131706014275550842e-01,2.989553213119506836e-01,5.913865566253662109e-01,-1.255467981100082397e-01,2.590737342834472656e-01,5.624885559082031250e-01,-1.343392729759216309e-01,4.189531207084655762e-01,7.617892622947692871e-01,-9.502493590116500854e-02,3.434194326400756836e-01,7.236614823341369629e-01,-1.208814233541488647e-01,3.000600934028625488e-01,6.983477473258972168e-01,-1.313275545835494995e-01,2.656628787517547607e-01,6.704963445663452148e-01,-1.372272074222564697e-01,-1.000000000000000000e+00,-1.000000000000000000e+00,-1.000000000000000000e+00,-1.000000000000000000e+00,-1.000000000000000000e+00,-1.000000000000000000e+00,-1.000000000000000000e+00,-1.000000000000000000e+00,-1.000000000000000000e+00,-1.000000000000000000e+00,-1.000000000000000000e+00,-1.000000000000000000e+00,-1.000000000000000000e+00,-1.000000000000000000e+00,-1.000000000000000000e+00,-1.000000000000000000e+00,-1.000000000000000000e+00,-1.000000000000000000e+00,-1.000000000000000000e+00,-1.000000000000000000e+00,-1.000000000000000000e+00,-1.000000000000000000e+00,-1.000000000000000000e+00,-1.000000000000000000e+00,-1.000000000000000000e+00,-1.000000000000000000e+00,-1.000000000000000000e+00,-1.000000000000000000e+00,-1.000000000000000000e+00,-1.000000000000000000e+00,-1.000000000000000000e+00,-1.000000000000000000e+00,-1.000000000000000000e+00,-1.000000000000000000e+00,-1.000000000000000000e+00,-1.000000000000000000e+00,-1.000000000000000000e+00,-1.000000000000000000e+00,-1.000000000000000000e+00,-1.000000000000000000e+00,-1.000000000000000000e+00,-1.000000000000000000e+00,-1.000000000000000000e+00,-1.000000000000000000e+00,-1.000000000000000000e+00,-1.000000000000000000e+00,-1.000000000000000000e+00,-1.000000000000000000e+00,-1.000000000000000000e+00,-1.000000000000000000e+00,-1.000000000000000000e+00,-1.000000000000000000e+00,-1.000000000000000000e+00,-1.000000000000000000e+00,-1.000000000000000000e+00,-1.000000000000000000e+00,-1.000000000000000000e+00,-1.000000000000000000e+00,-1.000000000000000000e+00,-1.000000000000000000e+00,-1.000000000000000000e+00,-1.000000000000000000e+00,-1.000000000000000000e+00
5.367212891578674316e-01,7.919840216636657715e-01,4.040787189296679571e-07,5.342512726783752441e-01,6.894809603691101074e-01,6.911547388881444931e-03,5.162696242332458496e-01,6.010170578956604004e-01,-2.407653722912073135e-03,4.950432777404785156e-01,5.371035933494567871e-01,-1.011892035603523254e-02,4.854009449481964111e-01,4.985162615776062012e-01,-2.262523025274276733e-02,4.876859784126281738e-01,5.964591503143310547e-01,-6.838195025920867920e-02,4.422527551651000977e-01,5.028613805770874023e-01,-1.003849878907203674e-01,4.110373854637145996e-01,4.423226118087768555e-01,-1.161808222532272339e-01,3.847180008888244629e-01,3.957582712173461914e-01,-1.252180188894271851e-01,4.638539254665374756e-01,6.456597447395324707e-01,-8.372126519680023193e-02,3.763043582439422607e-01,5.659254193305969238e-01,-1.129427179694175720e-01,3.144268095493316650e-01,5.210322737693786621e-01,-1.263258904218673706e-01,2.666813731193542480e-01,4.902466535568237305e-01,-1.371478438377380371e-01,4.411925077438354492e-01,7.056366205215454102e-01,-9.388002753257751465e-02,3.552689552307128906e-01,6.383112072944641113e-01,-1.199641153216362000e-01,2.992974817752838135e-01,5.966249108314514160e-01,-1.326090842485427856e-01,2.593997716903686523e-01,5.649710893630981445e-01,-1.416685283184051514e-01,4.206499755382537842e-01,7.701249718666076660e-01,-1.004817336797714233e-01,3.461368381977081299e-01,7.321726679801940918e-01,-1.270890235900878906e-01,3.032653033733367920e-01,7.059556841850280762e-01,-1.380261778831481934e-01,2.688477933406829834e-01,6.769081950187683105e-01,-1.443568766117095947e-01,-1.000000000000000000e+00,-1.000000000000000000e+00,-1.000000000000000000e+00,-1.000000000000000000e+00,-1.000000000000000000e+00,-1.000000000000000000e+00,-1.000000000000000000e+00,-1.000000000000000000e+00,-1.000000000000000000e+00,-1.000000000000000000e+00,-1.000000000000000000e+00,-1.000000000000000000e+00,-1.000000000000000000e+00,-1.000000000000000000e+00,-1.000000000000000000e+00,-1.000000000000000000e+00,-1.000000000000000000e+00,-1.000000000000000000e+00,-1.000000000000000000e+00,-1.000000000000000000e+00,-1.000000000000000000e+00,-1.000000000000000000e+00,-1.000000000000000000e+00,-1.000000000000000000e+00,-1.000000000000000000e+00,-1.000000000000000000e+00,-1.000000000000000000e+00,-1.000000000000000000e+00,-1.000000000000000000e+00,-1.000000000000000000e+00,-1.000000000000000000e+00,-1.000000000000000000e+00,-1.000000000000000000e+00,-1.000000000000000000e+00,-1.000000000000000000e+00,-1.000000000000000000e+00,-1.000000000000000000e+00,-1.000000000000000000e+00,-1.000000000000000000e+00,-1.000000000000000000e+00,-1.000000000000000000e+00,-1.000000000000000000e+00,-1.000000000000000000e+00,-1.000000000000000000e+00,-1.000000000000000000e+00,-1.000000000000000000e+00,-1.000000000000000000e+00,-1.000000000000000000e+00,-1.000000000000000000e+00,-1.000000000000000000e+00,-1.000000000000000000e+00,-1.000000000000000000e+00,-1.000000000000000000e+00,-1.000000000000000000e+00,-1.000000000000000000e+00,-1.000000000000000000e+00,-1.000000000000000000e+00,-1.000000000000000000e+00,-1.000000000000000000e+00,-1.000000000000000000e+00,-1.000000000000000000e+00,-1.000000000000000000e+00,-1.000000000000000000e+00
5.367212891578674316e-01,7.919840216636657715e-01,4.040787189296679571e-07,5.342512726783752441e-01,6.894809603691101074e-01,6.911547388881444931e-03,5.162696242332458496e-01,6.010170578956604004e-01,-2.407653722912073135e-03,4.950432777404785156e-01,5.371035933494567871e-01,-1.011892035603523254e-02,4.854009449481964111e-01,4.985162615776062012e-01,-2.262523025274276733e-02,4.876859784126281738e-01,5.964591503143310547e-01,-6.838195025920867920e-02,4.422527551651000977e-01,5.028613805770874023e-01,-1.003849878907203674e-01,4.110373854637145996e-01,4.423226118087768555e-01,-1.161808222532272339e-01,3.847180008888244629e-01,3.957582712173461914e-01,-1.252180188894271851e-01,4.638539254665374756e-01,6.456597447395324707e-01,-8.372126519680023193e-02,3.763043582439422607e-01,5.659254193305969238e-01,-1.129427179694175720e-01,3.144268095493316650e-01,5.210322737693786621e-01,-1.263258904218673706e-01,2.666813731193542480e-01,4.902466535568237305e-01,-1.371478438377380371e-01,4.411925077438354492e-01,7.056366205215454102e-01,-9.388002753257751465e-02,3.552689552307128906e-01,6.383112072944641113e-01,-1.199641153216362000e-01,2.992974817752838135e-01,5.966249108314514160e-01,-1.326090842485427856e-01,2.593997716903686523e-01,5.649710893630981445e-01,-1.416685283184051514e-01,4.206499755382537842e-01,7.701249718666076660e-01,-1.004817336797714233e-01,3.461368381977081299e-01,7.321726679801940918e-01,-1.270890235900878906e-01,3.032653033733367920e-01,7.059556841850280762e-01,-1.380261778831481934e-01,2.688477933406829834e-01,6.769081950187683105e-01,-1.443568766117095947e-01,-1.000000000000000000e+00,-1.000000000000000000e+00,-1.000000000000000000e+00,-1.000000000000000000e+00,-1.000000000000000000e+00,-1.000000000000000000e+00,-1.000000000000000000e+00,-1.000000000000000000e+00,-1.000000000000000000e+00,-1.000000000000000000e+00,-1.000000000000000000e+00,-1.000000000000000000e+00,-1.000000000000000000e+00,-1.000000000000000000e+00,-1.000000000000000000e+00,-1.000000000000000000e+00,-1.000000000000000000e+00,-1.000000000000000000e+00,-1.000000000000000000e+00,-1.000000000000000000e+00,-1.000000000000000000e+00,-1.000000000000000000e+00,-1.000000000000000000e+00,-1.000000000000000000e+00,-1.000000000000000000e+00,-1.000000000000000000e+00,-1.000000000000000000e+00,-1.000000000000000000e+00,-1.000000000000000000e+00,-1.000000000000000000e+00,-1.000000000000000000e+00,-1.000000000000000000e+00,-1.000000000000000000e+00,-1.000000000000000000e+00,-1.000000000000000000e+00,-1.000000000000000000e+00,-1.000000000000000000e+00,-1.000000000000000000e+00,-1.000000000000000000e+00,-1.000000000000000000e+00,-1.000000000000000000e+00,-1.000000000000000000e+00,-1.000000000000000000e+00,-1.000000000000000000e+00,-1.000000000000000000e+00,-1.000000000000000000e+00,-1.000000000000000000e+00,-1.000000000000000000e+00,-1.000000000000000000e+00,-1.000000000000000000e+00,-1.000000000000000000e+00,-1.000000000000000000e+00,-1.000000000000000000e+00,-1.000000000000000000e+00,-1.000000000000000000e+00,-1.000000000000000000e+00,-1.000000000000000000e+00,-1.000000000000000000e+00,-1.000000000000000000e+00,-1.000000000000000000e+00,-1.000000000000000000e+00,-1.000000000000000000e+00,-1.000000000000000000e+00
5.367212891578674316e-01,7.919840216636657715e-01,4.040787189296679571e-07,5.342512726783752441e-01,6.894809603691101074e-01,6.911547388881444931e-03,5.162696242332458496e-01,6.010170578956604004e-01,-2.407653722912073135e-03,4.950432777404785156e-01,5.371035933494567871e-01,-1.011892035603523254e-02,4.854009449481964111e-01,4.985162615776062012e-01,-2.262523025274276733e-02,4.876859784126281738e-01,5.964591503143310547e-01,-6.838195025920867920e-02,4.422527551651000977e-01,5.028613805770874023e-01,-1.003849878907203674e-01,4.110373854637145996e-01,4.423226118087768555e-01,-1.161808222532272339e-01,3.847180008888244629e-01,3.957582712173461914e-01,-1.252180188894271851e-01,4.638539254665374756e-01,6.456597447395324707e-01,-8.372126519680023193e-02,3.763043582439422607e-01,5.659254193305969238e-01,-1.129427179694175720e-01,3.144268095493316650e-01,5.210322737693786621e-01,-1.263258904218673706e-01,2.666813731193542480e-01,4.902466535568237305e-01,-1.371478438377380371e-01,4.411925077438354492e-01,7.056366205215454102e-01,-9.388002753257751465e-02,3.552689552307128906e-01,6.383112072944641113e-01,-1.199641153216362000e-01,2.992974817752838135e-01,5.966249108314514160e-01,-1.326090842485427856e-01,2.593997716903686523e-01,5.649710893630981445e-01,-1.416685283184051514e-01,4.206499755382537842e-01,7.701249718666076660e-01,-1.004817336797714233e-01,3.461368381977081299e-01,7.321726679801940918e-01,-1.270890235900878906e-01,3.032653033733367920e-01,7.059556841850280762e-01,-1.380261778831481934e-01,2.688477933406829834e-01,6.769081950187683105e-01,-1.443568766117095947e-01,-1.000000000000000000e+00,-1.000000000000000000e+00,-1.000000000000000000e+00,-1.000000000000000000e+00,-1.000000000000000000e+00,-1.000000000000000000e+00,-1.000000000000000000e+00,-1.000000000000000000e+00,-1.000000000000000000e+00,-1.000000000000000000e+00,-1.000000000000000000e+00,-1.000000000000000000e+00,-1.000000000000000000e+00,-1.000000000000000000e+00,-1.000000000000000000e+00,-1.000000000000000000e+00,-1.000000000000000000e+00,-1.000000000000000000e+00,-1.000000000000000000e+00,-1.000000000000000000e+00,-1.000000000000000000e+00,-1.000000000000000000e+00,-1.000000000000000000e+00,-1.000000000000000000e+00,-1.000000000000000000e+00,-1.000000000000000000e+00,-1.000000000000000000e+00,-1.000000000000000000e+00,-1.000000000000000000e+00,-1.000000000000000000e+00,-1.000000000000000000e+00,-1.000000000000000000e+00,-1.000000000000000000e+00,-1.000000000000000000e+00,-1.000000000000000000e+00,-1.000000000000000000e+00,-1.000000000000000000e+00,-1.000000000000000000e+00,-1.000000000000000000e+00,-1.000000000000000000e+00,-1.000000000000000000e+00,-1.000000000000000000e+00,-1.000000000000000000e+00,-1.000000000000000000e+00,-1.000000000000000000e+00,-1.000000000000000000e+00,-1.000000000000000000e+00,-1.000000000000000000e+00,-1.000000000000000000e+00,-1.000000000000000000e+00,-1.000000000000000000e+00,-1.000000000000000000e+00,-1.000000000000000000e+00,-1.000000000000000000e+00,-1.000000000000000000e+00,-1.000000000000000000e+00,-1.000000000000000000e+00,-1.000000000000000000e+00,-1.000000000000000000e+00,-1.000000000000000000e+00,-1.000000000000000000e+00,-1.000000000000000000e+00,-1.000000000000000000e+00
5.367212891578674316e-01,7.919840216636657715e-01,4.040787189296679571e-07,5.342512726783752441e-01,6.894809603691101074e-01,6.911547388881444931e-03,5.162696242332458496e-01,6.010170578956604004e-01,-2.407653722912073135e-03,4.950432777404785156e-01,5.371035933494567871e-01,-1.011892035603523254e-02,4.854009449481964111e-01,4.985162615776062012e-01,-2.262523025274276733e-02,4.876859784126281738e-01,5.964591503143310547e-01,-6.838195025920867920e-02,4.422527551651000977e-01,5.028613805770874023e-01,-1.003849878907203674e-01,4.110373854637145996e-01,4.423226118087768555e-01,-1.161808222532272339e-01,3.847180008888244629e-01,3.957582712173461914e-01,-1.252180188894271851e-01,4.638539254665374756e-01,6.456597447395324707e-01,-8.372126519680023193e-02,3.763043582439422607e-01,5.659254193305969238e-01,-1.129427179694175720e-01,3.144268095493316650e-01,5.210322737693786621e-01,-1.263258904218673706e-01,2.666813731193542480e-01,4.902466535568237305e-01,-1.371478438377380371e-01,4.411925077438354492e-01,7.056366205215454102e-01,-9.388002753257751465e-02,3.552689552307128906e-01,6.383112072944641113e-01,-1.199641153216362000e-01,2.992974817752838135e-01,5.966249108314514160e-01,-1.326090842485427856e-01,2.593997716903686523e-01,5.649710893630981445e-01,-1.416685283184051514e-01,4.206499755382537842e-01,7.701249718666076660e-01,-1.004817336797714233e-01,3.461368381977081299e-01,7.321726679801940918e-01,-1.270890235900878906e-01,3.032653033733367920e-01,7.059556841850280762e-01,-1.380261778831481934e-01,2.688477933406829834e-01,6.769081950187683105e-01,-1.443568766117095947e-01,-1.000000000000000000e+00,-1.000000000000000000e+00,-1.000000000000000000e+00,-1.000000000000000000e+00,-1.000000000000000000e+00,-1.000000000000000000e+00,-1.000000000000000000e+00,-1.000000000000000000e+00,-1.000000000000000000e+00,-1.000000000000000000e+00,-1.000000000000000000e+00,-1.000000000000000000e+00,-1.000000000000000000e+00,-1.000000000000000000e+00,-1.000000000000000000e+00,-1.000000000000000000e+00,-1.000000000000000000e+00,-1.000000000000000000e+00,-1.000000000000000000e+00,-1.000000000000000000e+00,-1.000000000000000000e+00,-1.000000000000000000e+00,-1.000000000000000000e+00,-1.000000000000000000e+00,-1.000000000000000000e+00,-1.000000000000000000e+00,-1.000000000000000000e+00,-1.000000000000000000e+00,-1.000000000000000000e+00,-1.000000000000000000e+00,-1.000000000000000000e+00,-1.000000000000000000e+00,-1.000000000000000000e+00,-1.000000000000000000e+00,-1.000000000000000000e+00,-1.000000000000000000e+00,-1.000000000000000000e+00,-1.000000000000000000e+00,-1.000000000000000000e+00,-1.000000000000000000e+00,-1.000000000000000000e+00,-1.000000000000000000e+00,-1.000000000000000000e+00,-1.000000000000000000e+00,-1.000000000000000000e+00,-1.000000000000000000e+00,-1.000000000000000000e+00,-1.000000000000000000e+00,-1.000000000000000000e+00,-1.000000000000000000e+00,-1.000000000000000000e+00,-1.000000000000000000e+00,-1.000000000000000000e+00,-1.000000000000000000e+00,-1.000000000000000000e+00,-1.000000000000000000e+00,-1.000000000000000000e+00,-1.000000000000000000e+00,-1.000000000000000000e+00,-1.000000000000000000e+00,-1.000000000000000000e+00,-1.000000000000000000e+00,-1.000000000000000000e+00
5.384600162506103516e-01,7.918921709060668945e-01,3.681965097257489106e-07,5.345612764358520508e-01,6.925756931304931641e-01,5.875648465007543564e-03,5.077328681945800781e-01,6.037260890007019043e-01,-4.353389143943786621e-03,4.767585992813110352e-01,5.389392375946044922e-01,-1.320700254291296005e-02,4.661955833435058594e-01,4.936376810073852539e-01,-2.673836797475814819e-02,4.873206317424774170e-01,5.960118770599365234e-01,-6.625077128410339355e-02,4.414397478103637695e-01,5.010100603103637695e-01,-9.722463786602020264e-02,4.088832736015319824e-01,4.429047703742980957e-01,-1.122473776340484619e-01,3.813804090023040771e-01,3.988562226295471191e-01,-1.208690926432609558e-01,4.657331109046936035e-01,6.449916958808898926e-01,-8.154928684234619141e-02,3.744068145751953125e-01,5.671470165252685547e-01,-1.091705933213233948e-01,3.119206428527832031e-01,5.281972885131835938e-01,-1.212278455495834351e-01,2.649064064025878906e-01,5.033789873123168945e-01,-1.310198456048965454e-01,4.442834258079528809e-01,7.056894898414611816e-01,-9.191740304231643677e-02,3.546147942543029785e-01,6.461097002029418945e-01,-1.165013760328292847e-01,2.967913150787353516e-01,6.110377311706542969e-01,-1.270970106124877930e-01,2.561951875686645508e-01,5.844789743423461914e-01,-1.347095966339111328e-01,4.246983528137207031e-01,7.715186476707458496e-01,-9.891936928033828735e-02,3.484742045402526855e-01,7.380053400993347168e-01,-1.219725981354713440e-01,3.060621321201324463e-01,7.136419415473937988e-01,-1.295452713966369629e-01,2.727263569831848145e-01,6.854535937309265137e-01,-1.337007880210876465e-01,-1.000000000000000000e+00,-1.000000000000000000e+00,-1.000000000000000000e+00,-1.000000000000000000e+00,-1.000000000000000000e+00,-1.000000000000000000e+00,-1.000000000000000000e+00,-1.000000000000000000e+00,-1.000000000000000000e+00,-1.000000000000000000e+00,-1.000000000000000000e+00,-1.000000000000000000e+00,-1.000000000000000000e+00,-1.000000000000000000e+00,-1.000000000000000000e+00,-1.000000000000000000e+00,-1.000000000000000000e+00,-1.000000000000000000e+00,-1.000000000000000000e+00,-1.000000000000000000e+00,-1.000000000000000000e+00,-1.000000000000000000e+00,-1.000000000000000000e+00,-1.000000000000000000e+00,-1.000000000000000000e+00,-1.000000000000000000e+00,-1.000000000000000000e+00,-1.000000000000000000e+00,-1.000000000000000000e+00,-1.000000000000000000e+00,-1.000000000000000000e+00,-1.000000000000000000e+00,-1.000000000000000000e+00,-1.000000000000000000e+00,-1.000000000000000000e+00,-1.000000000000000000e+00,-1.000000000000000000e+00,-1.000000000000000000e+00,-1.000000000000000000e+00,-1.000000000000000000e+00,-1.000000000000000000e+00,-1.000000000000000000e+00,-1.000000000000000000e+00,-1.000000000000000000e+00,-1.000000000000000000e+00,-1.000000000000000000e+00,-1.000000000000000000e+00,-1.000000000000000000e+00,-1.000000000000000000e+00,-1.000000000000000000e+00,-1.000000000000000000e+00,-1.000000000000000000e+00,-1.000000000000000000e+00,-1.000000000000000000e+00,-1.000000000000000000e+00,-1.000000000000000000e+00,-1.000000000000000000e+00,-1.000000000000000000e+00,-1.000000000000000000e+00,-1.000000000000000000e+00,-1.000000000000000000e+00,-1.000000000000000000e+00,-1.000000000000000000e+00
5.384600162506103516e-01,7.918921709060668945e-01,3.681965097257489106e-07,5.345612764358520508e-01,6.925756931304931641e-01,5.875648465007543564e-03,5.077328681945800781e-01,6.037260890007019043e-01,-4.353389143943786621e-03,4.767585992813110352e-01,5.389392375946044922e-01,-1.320700254291296005e-02,4.661955833435058594e-01,4.936376810073852539e-01,-2.673836797475814819e-02,4.873206317424774170e-01,5.960118770599365234e-01,-6.625077128410339355e-02,4.414397478103637695e-01,5.010100603103637695e-01,-9.722463786602020264e-02,4.088832736015319824e-01,4.429047703742980957e-01,-1.122473776340484619e-01,3.813804090023040771e-01,3.988562226295471191e-01,-1.208690926432609558e-01,4.657331109046936035e-01,6.449916958808898926e-01,-8.154928684234619141e-02,3.744068145751953125e-01,5.671470165252685547e-01,-1.091705933213233948e-01,3.119206428527832031e-01,5.281972885131835938e-01,-1.212278455495834351e-01,2.649064064025878906e-01,5.033789873123168945e-01,-1.310198456048965454e-01,4.442834258079528809e-01,7.056894898414611816e-01,-9.191740304231643677e-02,3.546147942543029785e-01,6.461097002029418945e-01,-1.165013760328292847e-01,2.967913150787353516e-01,6.110377311706542969e-01,-1.270970106124877930e-01,2.561951875686645508e-01,5.844789743423461914e-01,-1.347095966339111328e-01,4.246983528137207031e-01,7.715186476707458496e-01,-9.891936928033828735e-02,3.484742045402526855e-01,7.380053400993347168e-01,-1.219725981354713440e-01,3.060621321201324463e-01,7.136419415473937988e-01,-1.295452713966369629e-01,2.727263569831848145e-01,6.854535937309265137e-01,-1.337007880210876465e-01,-1.000000000000000000e+00,-1.000000000000000000e+00,-1.000000000000000000e+00,-1.000000000000000000e+00,-1.000000000000000000e+00,-1.000000000000000000e+00,-1.000000000000000000e+00,-1.000000000000000000e+00,-1.000000000000000000e+00,-1.000000000000000000e+00,-1.000000000000000000e+00,-1.000000000000000000e+00,-1.000000000000000000e+00,-1.000000000000000000e+00,-1.000000000000000000e+00,-1.000000000000000000e+00,-1.000000000000000000e+00,-1.000000000000000000e+00,-1.000000000000000000e+00,-1.000000000000000000e+00,-1.000000000000000000e+00,-1.000000000000000000e+00,-1.000000000000000000e+00,-1.000000000000000000e+00,-1.000000000000000000e+00,-1.000000000000000000e+00,-1.000000000000000000e+00,-1.000000000000000000e+00,-1.000000000000000000e+00,-1.000000000000000000e+00,-1.000000000000000000e+00,-1.000000000000000000e+00,-1.000000000000000000e+00,-1.000000000000000000e+00,-1.000000000000000000e+00,-1.000000000000000000e+00,-1.000000000000000000e+00,-1.000000000000000000e+00,-1.000000000000000000e+00,-1.000000000000000000e+00,-1.000000000000000000e+00,-1.000000000000000000e+00,-1.000000000000000000e+00,-1.000000000000000000e+00,-1.000000000000000000e+00,-1.000000000000000000e+00,-1.000000000000000000e+00,-1.000000000000000000e+00,-1.000000000000000000e+00,-1.000000000000000000e+00,-1.000000000000000000e+00,-1.000000000000000000e+00,-1.000000000000000000e+00,-1.000000000000000000e+00,-1.000000000000000000e+00,-1.000000000000000000e+00,-1.000000000000000000e+00,-1.000000000000000000e+00,-1.000000000000000000e+00,-1.000000000000000000e+00,-1.000000000000000000e+00,-1.000000000000000000e+00,-1.000000000000000000e+00
5.384600162506103516e-01,7.918921709060668945e-01,3.681965097257489106e-07,5.345612764358520508e-01,6.925756931304931641e-01,5.875648465007543564e-03,5.077328681945800781e-01,6.037260890007019043e-01,-4.353389143943786621e-03,4.767585992813110352e-01,5.389392375946044922e-01,-1.320700254291296005e-02,4.661955833435058594e-01,4.936376810073852539e-01,-2.673836797475814819e-02,4.873206317424774170e-01,5.960118770599365234e-01,-6.625077128410339355e-02,4.414397478103637695e-01,5.010100603103637695e-01,-9.722463786602020264e-02,4.088832736015319824e-01,4.429047703742980957e-01,-1.122473776340484619e-01,3.813804090023040771e-01,3.988562226295471191e-01,-1.208690926432609558e-01,4.657331109046936035e-01,6.449916958808898926e-01,-8.154928684234619141e-02,3.744068145751953125e-01,5.671470165252685547e-01,-1.091705933213233948e-01,3.119206428527832031e-01,5.281972885131835938e-01,-1.212278455495834351e-01,2.649064064025878906e-01,5.033789873123168945e-01,-1.310198456048965454e-01,4.442834258079528809e-01,7.056894898414611816e-01,-9.191740304231643677e-02,3.546147942543029785e-01,6.461097002029418945e-01,-1.165013760328292847e-01,2.967913150787353516e-01,6.110377311706542969e-01,-1.270970106124877930e-01,2.561951875686645508e-01,5.844789743423461914e-01,-1.347095966339111328e-01,4.246983528137207031e-01,7.715186476707458496e-01,-9.891936928033828735e-02,3.484742045402526855e-01,7.380053400993347168e-01,-1.219725981354713440e-01,3.060621321201324463e-01,7.136419415473937988e-01,-1.295452713966369629e-01,2.727263569831848145e-01,6.854535937309265137e-01,-1.337007880210876465e-01,-1.000000000000000000e+00,-1.000000000000000000e+00,-1.000000000000000000e+00,-1.000000000000000000e+00,-1.000000000000000000e+00,-1.000000000000000000e+00,-1.000000000000000000e+00,-1.000000000000000000e+00,-1.000000000000000000e+00,-1.000000000000000000e+00,-1.000000000000000000e+00,-1.000000000000000000e+00,-1.000000000000000000e+00,-1.000000000000000000e+00,-1.000000000000000000e+00,-1.000000000000000000e+00,-1.000000000000000000e+00,-1.000000000000000000e+00,-1.000000000000000000e+00,-1.000000000000000000e+00,-1.000000000000000000e+00,-1.000000000000000000e+00,-1.000000000000000000e+00,-1.000000000000000000e+00,-1.000000000000000000e+00,-1.000000000000000000e+00,-1.000000000000000000e+00,-1.000000000000000000e+00,-1.000000000000000000e+00,-1.000000000000000000e+00,-1.000000000000000000e+00,-1.000000000000000000e+00,-1.000000000000000000e+00,-1.000000000000000000e+00,-1.000000000000000000e+00,-1.000000000000000000e+00,-1.000000000000000000e+00,-1.000000000000000000e+00,-1.000000000000000000e+00,-1.000000000000000000e+00,-1.000000000000000000e+00,-1.000000000000000000e+00,-1.000000000000000000e+00,-1.000000000000000000e+00,-1.000000000000000000e+00,-1.000000000000000000e+00,-1.000000000000000000e+00,-1.000000000000000000e+00,-1.000000000000000000e+00,-1.000000000000000000e+00,-1.000000000000000000e+00,-1.000000000000000000e+00,-1.000000000000000000e+00,-1.000000000000000000e+00,-1.000000000000000000e+00,-1.000000000000000000e+00,-1.000000000000000000e+00,-1.000000000000000000e+00,-1.000000000000000000e+00,-1.000000000000000000e+00,-1.000000000000000000e+00,-1.000000000000000000e+00,-1.000000000000000000e+00
5.471872687339782715e-01,7.911928892135620117e-01,3.063065889818972209e-07,5.318458676338195801e-01,6.883585453033447266e-01,9.047202765941619873e-03,4.904718995094299316e-01,6.082946658134460449e-01,1.355833810521289706e-04,4.423973560333251953e-01,5.587669610977172852e-01,-8.456147275865077972e-03,4.066089391708374023e-01,5.277119874954223633e-01,-2.121103182435035706e-02,4.867147207260131836e-01,5.921460986137390137e-01,-5.591055005788803101e-02,4.380473196506500244e-01,4.974010586738586426e-01,-8.309654146432876587e-02,3.995096087455749512e-01,4.457133412361145020e-01,-9.584481269121170044e-02,3.657220900058746338e-01,4.082560837268829346e-01,-1.034231781959533691e-01,4.709179699420928955e-01,6.440572142601013184e-01,-7.239256054162979126e-02,3.766874074935913086e-01,5.722311139106750488e-01,-9.735801070928573608e-02,3.133376538753509521e-01,5.422971248626708984e-01,-1.075588986277580261e-01,2.656278014183044434e-01,5.247031450271606445e-01,-1.156853362917900085e-01,4.525595307350158691e-01,7.072110772132873535e-01,-8.415932953357696533e-02,3.572107553482055664e-01,6.528165936470031738e-01,-1.060146018862724304e-01,2.994829416275024414e-01,6.293543577194213867e-01,-1.141353100538253784e-01,2.592747211456298828e-01,6.114132404327392578e-01,-1.197597980499267578e-01,4.364326000213623047e-01,7.725632190704345703e-01,-9.252698719501495361e-02,3.611079156398773193e-01,7.458203434944152832e-01,-1.128209754824638367e-01,3.208659291267395020e-01,7.312747836112976074e-01,-1.178169548511505127e-01,2.907887995243072510e-01,7.139398455619812012e-01,-1.197443976998329163e-01,-1.000000000000000000e+00,-1.000000000000000000e+00,-1.000000000000000000e+00,-1.000000000000000000e+00,-1.000000000000000000e+00,-1.000000000000000000e+00,-1.000000000000000000e+00,-1.000000000000000000e+00,-1.000000000000000000e+00,-1.000000000000000000e+00,-1.000000000000000000e+00,-1.000000000000000000e+00,-1.000000000000000000e+00,-1.000000000000000000e+00,-1.000000000000000000e+00,-1.000000000000000000e+00,-1.000000000000000000e+00,-1.000000000000000000e+00,-1.000000000000000000e+00,-1.000000000000000000e+00,-1.000000000000000000e+00,-1.000000000000000000e+00,-1.000000000000000000e+00,-1.000000000000000000e+00,-1.000000000000000000e+00,-1.000000000000000000e+00,-1.000000000000000000e+00,-1.000000000000000000e+00,-1.000000000000000000e+00,-1.000000000000000000e+00,-1.000000000000000000e+00,-1.000000000000000000e+00,-1.000000000000000000e+00,-1.000000000000000000e+00,-1.000000000000000000e+00,-1.000000000000000000e+00,-1.000000000000000000e+00,-1.000000000000000000e+00,-1.000000000000000000e+00,-1.000000000000000000e+00,-1.000000000000000000e+00,-1.000000000000000000e+00,-1.000000000000000000e+00,-1.000000000000000000e+00,-1.000000000000000000e+00,-1.000000000000000000e+00,-1.000000000000000000e+00,-1.000000000000000000e+00,-1.000000000000000000e+00,-1.000000000000000000e+00,-1.000000000000000000e+00,-1.000000000000000000e+00,-1.000000000000000000e+00,-1.000000000000000000e+00,-1.000000000000000000e+00,-1.000000000000000000e+00,-1.000000000000000000e+00,-1.000000000000000000e+00,-1.000000000000000000e+00,-1.000000000000000000e+00,-1.000000000000000000e+00,-1.000000000000000000e+00,-1.000000000000000000e+00
