6.814277172088623047e-01,6.133706569671630859e-01,1.555781352635676740e-07,6.677682399749755859e-01,5.906619429588317871e-01,-8.590363897383213043e-03,6.619613170623779297e-01,5.639518499374389648e-01,-1.393054705113172531e-02,6.665630340576171875e-01,5.438556671142578125e-01,-1.880823634564876556e-02,6.774564385414123535e-01,5.361596941947937012e-01,-2.366781048476696014e-02,6.860313415527343750e-01,5.348567962646484375e-01,-8.210279978811740875e-03,6.922001242637634277e-01,5.077527761459350586e-01,-1.555898413062095642e-02,6.971280574798583984e-01,4.923169612884521484e-01,-2.182277664542198181e-02,7.027056217193603516e-01,4.781332612037658691e-01,-2.654313854873180389e-02,6.999361515045166016e-01,5.378655791282653809e-01,-9.769361466169357300e-03,7.108111977577209473e-01,5.087519288063049316e-01,-1.612521521747112274e-02,7.185527682304382324e-01,4.908671975135803223e-01,-2.171296626329421997e-02,7.257008552551269531e-01,4.740774333477020264e-01,-2.592790126800537109e-02,7.110607028007507324e-01,5.468967556953430176e-01,-1.258206553757190704e-02,7.260704040527343750e-01,5.212220549583435059e-01,-1.958374120295047760e-02,7.372621297836303711e-01,5.060584545135498047e-01,-2.388387545943260193e-02,7.462449073791503906e-01,4.930869340896606445e-01,-2.662847377359867096e-02,7.196791172027587891e-01,5.604395866394042969e-01,-1.621018350124359131e-02,7.336743474006652832e-01,5.399324297904968262e-01,-2.178023383021354675e-02,7.436887025833129883e-01,5.275503396987915039e-01,-2.340675145387649536e-02,7.520781159400939941e-01,5.161994099617004395e-01,-2.446053177118301392e-02,-1.000000000000000000e+00,-1.000000000000000000e+00,-1.000000000000000000e+00,-1.000000000000000000e+00,-1.000000000000000000e+00,-1.000000000000000000e+00,-1.000000000000000000e+00,-1.000000000000000000e+00,-1.000000000000000000e+00,-1.000000000000000000e+00,-1.000000000000000000e+00,-1.000000000000000000e+00,-1.000000000000000000e+00,-1.000000000000000000e+00,-1.000000000000000000e+00,-1.000000000000000000e+00,-1.000000000000000000e+00,-1.000000000000000000e+00,-1.000000000000000000e+00,-1.000000000000000000e+00,-1.000000000000000000e+00,-1.000000000000000000e+00,-1.000000000000000000e+00,-1.000000000000000000e+00,-1.000000000000000000e+00,-1.000000000000000000e+00,-1.000000000000000000e+00,-1.000000000000000000e+00,-1.000000000000000000e+00,-1.000000000000000000e+00,-1.000000000000000000e+00,-1.000000000000000000e+00,-1.000000000000000000e+00,-1.000000000000000000e+00,-1.000000000000000000e+00,-1.000000000000000000e+00,-1.000000000000000000e+00,-1.000000000000000000e+00,-1.000000000000000000e+00,-1.000000000000000000e+00,-1.000000000000000000e+00,-1.000000000000000000e+00,-1.000000000000000000e+00,-1.000000000000000000e+00,-1.000000000000000000e+00,-1.000000000000000000e+00,-1.000000000000000000e+00,-1.000000000000000000e+00,-1.000000000000000000e+00,-1.000000000000000000e+00,-1.000000000000000000e+00,-1.000000000000000000e+00,-1.000000000000000000e+00,-1.000000000000000000e+00,-1.000000000000000000e+00,-1.000000000000000000e+00,-1.000000000000000000e+00,-1.000000000000000000e+00,-1.000000000000000000e+00,-1.000000000000000000e+00,-1.000000000000000000e+00,-1.000000000000000000e+00,-1.000000000000000000e+00
6.814277172088623047e-01,6.133706569671630859e-01,1.555781352635676740e-07,6.677682399749755859e-01,5.906619429588317871e-01,-8.590363897383213043e-03,6.619613170623779297e-01,5.639518499374389648e-01,-1.393054705113172531e-02,6.665630340576171875e-01,5.438556671142578125e-01,-1.880823634564876556e-02,6.774564385414123535e-01,5.361596941947937012e-01,-2.366781048476696014e-02,6.860313415527343750e-01,5.348567962646484375e-01,-8.210279978811740875e-03,6.922001242637634277e-01,5.077527761459350586e-01,-1.555898413062095642e-02,6.971280574798583984e-01,4.923169612884521484e-01,-2.182277664542198181e-02,7.027056217193603516e-01,4.781332612037658691e-01,-2.654313854873180389e-02,6.999361515045166016e-01,5.378655791282653809e-01,-9.769361466169357300e-03,7.108111977577209473e-01,5.087519288063049316e-01,-1.612521521747112274e-02,7.185527682304382324e-01,4.908671975135803223e-01,-2.171296626329421997e-02,7.257008552551269531e-01,4.740774333477020264e-01,-2.592790126800537109e-02,7.110607028007507324e-01,5.468967556953430176e-01,-1.258206553757190704e-02,7.260704040527343750e-01,5.212220549583435059e-01,-1.958374120295047760e-02,7.372621297836303711e-01,5.060584545135498047e-01,-2.388387545943260193e-02,7.462449073791503906e-01,4.930869340896606445e-01,-2.662847377359867096e-02,7.196791172027587891e-01,5.604395866394042969e-01,-1.621018350124359131e-02,7.336743474006652832e-01,5.399324297904968262e-01,-2.178023383021354675e-02,7.436887025833129883e-01,5.275503396987915039e-01,-2.340675145387649536e-02,7.520781159400939941e-01,5.161994099617004395e-01,-2.446053177118301392e-02,-1.000000000000000000e+00,-1.000000000000000000e+00,-1.000000000000000000e+00,-1.000000000000000000e+00,-1.000000000000000000e+00,-1.000000000000000000e+00,-1.000000000000000000e+00,-1.000000000000000000e+00,-1.000000000000000000e+00,-1.000000000000000000e+00,-1.000000000000000000e+00,-1.000000000000000000e+00,-1.000000000000000000e+00,-1.000000000000000000e+00,-1.000000000000000000e+00,-1.000000000000000000e+00,-1.000000000000000000e+00,-1.000000000000000000e+00,-1.000000000000000000e+00,-1.000000000000000000e+00,-1.000000000000000000e+00,-1.000000000000000000e+00,-1.000000000000000000e+00,-1.000000000000000000e+00,-1.000000000000000000e+00,-1.000000000000000000e+00,-1.000000000000000000e+00,-1.000000000000000000e+00,-1.000000000000000000e+00,-1.000000000000000000e+00,-1.000000000000000000e+00,-1.000000000000000000e+00,-1.000000000000000000e+00,-1.000000000000000000e+00,-1.000000000000000000e+00,-1.000000000000000000e+00,-1.000000000000000000e+00,-1.000000000000000000e+00,-1.000000000000000000e+00,-1.000000000000000000e+00,-1.000000000000000000e+00,-1.000000000000000000e+00,-1.000000000000000000e+00,-1.000000000000000000e+00,-1.000000000000000000e+00,-1.000000000000000000e+00,-1.000000000000000000e+00,-1.000000000000000000e+00,-1.000000000000000000e+00,-1.000000000000000000e+00,-1.000000000000000000e+00,-1.000000000000000000e+00,-1.000000000000000000e+00,-1.000000000000000000e+00,-1.000000000000000000e+00,-1.000000000000000000e+00,-1.000000000000000000e+00,-1.000000000000000000e+00,-1.000000000000000000e+00,-1.000000000000000000e+00,-1.000000000000000000e+00,-1.000000000000000000e+00,-1.000000000000000000e+00
-1.000000000000000000e+00,-1.000000000000000000e+00,-1.000000000000000000e+00,-1.000000000000000000e+00,-1.000000000000000000e+00,-1.000000000000000000e+00,-1.000000000000000000e+00,-1.000000000000000000e+00,-1.000000000000000000e+00,-1.000000000000000000e+00,-1.000000000000000000e+00,-1.000000000000000000e+00,-1.000000000000000000e+00,-1.000000000000000000e+00,-1.000000000000000000e+00,-1.000000000000000000e+00,-1.000000000000000000e+00,-1.000000000000000000e+00,-1.000000000000000000e+00,-1.000000000000000000e+00,-1.000000000000000000e+00,-1.000000000000000000e+00,-1.000000000000000000e+00,-1.000000000000000000e+00,-1.000000000000000000e+00,-1.000000000000000000e+00,-1.000000000000000000e+00,-1.000000000000000000e+00,-1.000000000000000000e+00,-1.000000000000000000e+00,-1.000000000000000000e+00,-1.000000000000000000e+00,-1.000000000000000000e+00,-1.000000000000000000e+00,-1.000000000000000000e+00,-1.000000000000000000e+00,-1.000000000000000000e+00,-1.000000000000000000e+00,-1.000000000000000000e+00,-1.000000000000000000e+00,-1.000000000000000000e+00,-1.000000000000000000e+00,-1.000000000000000000e+00,-1.000000000000000000e+00,-1.000000000000000000e+00,-1.000000000000000000e+00,-1.000000000000000000e+00,-1.000000000000000000e+00,-1.000000000000000000e+00,-1.000000000000000000e+00,-1.000000000000000000e+00,-1.000000000000000000e+00,-1.000000000000000000e+00,-1.000000000000000000e+00,-1.000000000000000000e+00,-1.000000000000000000e+00,-1.000000000000000000e+00,-1.000000000000000000e+00,-1.000000000000000000e+00,-1.000000000000000000e+00,-1.000000000000000000e+00,-1.000000000000000000e+00,-1.000000000000000000e+00,-1.000000000000000000e+00,-1.000000000000000000e+00,-1.000000000000000000e+00,-1.000000000000000000e+00,-1.000000000000000000e+00,-1.000000000000000000e+00,-1.000000000000000000e+00,-1.000000000000000000e+00,-1.000000000000000000e+00,-1.000000000000000000e+00,-1.000000000000000000e+00,-1.000000000000000000e+00,-1.000000000000000000e+00,-1.000000000000000000e+00,-1.000000000000000000e+00,-1.000000000000000000e+00,-1.000000000000000000e+00,-1.000000000000000000e+00,-1.000000000000000000e+00,-1.000000000000000000e+00,-1.000000000000000000e+00,-1.000000000000000000e+00,-1.000000000000000000e+00,-1.000000000000000000e+00,-1.000000000000000000e+00,-1.000000000000000000e+00,-1.000000000000000000e+00,-1.000000000000000000e+00,-1.000000000000000000e+00,-1.000000000000000000e+00,-1.000000000000000000e+00,-1.000000000000000000e+00,-1.000000000000000000e+00,-1.000000000000000000e+00,-1.000000000000000000e+00,-1.000000000000000000e+00,-1.000000000000000000e+00,-1.000000000000000000e+00,-1.000000000000000000e+00,-1.000000000000000000e+00,-1.000000000000000000e+00,-1.000000000000000000e+00,-1.000000000000000000e+00,-1.000000000000000000e+00,-1.000000000000000000e+00,-1.000000000000000000e+00,-1.000000000000000000e+00,-1.000000000000000000e+00,-1.000000000000000000e+00,-1.000000000000000000e+00,-1.000000000000000000e+00,-1.000000000000000000e+00,-1.000000000000000000e+00,-1.000000000000000000e+00,-1.000000000000000000e+00,-1.000000000000000000e+00,-1.000000000000000000e+00,-1.000000000000000000e+00,-1.000000000000000000e+00,-1.000000000000000000e+00,-1.000000000000000000e+00,-1.000000000000000000e+00,-1.000000000000000000e+00
5.161463618278503418e-01,8.625366687774658203e-01,-1.107794886934243550e-07,4.931166768074035645e-01,8.535588979721069336e-01,2.495491178706288338e-03,4.629418551921844482e-01,8.548037409782409668e-01,1.035641646012663841e-03,4.424631297588348389e-01,8.664624691009521484e-01,-1.159872277639806271e-03,4.302383661270141602e-01,8.820528984069824219e-01,-3.913409542292356491e-03,4.534655511379241943e-01,8.445079326629638672e-01,-3.063936717808246613e-03,4.266632497310638428e-01,8.639503717422485352e-01,-8.909247815608978271e-03,4.161032140254974365e-01,8.819569349288940430e-01,-1.380205247551202774e-02,4.116155803203582764e-01,8.934236168861389160e-01,-1.680015958845615387e-02,4.579882919788360596e-01,8.592355251312255859e-01,-7.121381349861621857e-03,4.327103197574615479e-01,8.800200223922729492e-01,-9.695268236100673676e-03,4.234894514083862305e-01,8.940919041633605957e-01,-1.209136843681335449e-02,4.186652600765228271e-01,9.036649465560913086e-01,-1.492100954055786133e-02,4.644550085067749023e-01,8.759871125221252441e-01,-1.099151838570833206e-02,4.398364424705505371e-01,8.963158726692199707e-01,-1.267391256988048553e-02,4.308618009090423584e-01,9.077067375183105469e-01,-1.216910034418106079e-02,4.250584244728088379e-01,9.138101935386657715e-01,-1.288020983338356018e-02,4.712517261505126953e-01,8.931980133056640625e-01,-1.454460900276899338e-02,4.492127299308776855e-01,9.104733467102050781e-01,-1.616652868688106537e-02,4.405382871627807617e-01,9.196640849113464355e-01,-1.455440931022167206e-02,4.343471229076385498e-01,9.253696203231811523e-01,-1.355783455073833466e-02,-1.000000000000000000e+00,-1.000000000000000000e+00,-1.000000000000000000e+00,-1.000000000000000000e+00,-1.000000000000000000e+00,-1.000000000000000000e+00,-1.000000000000000000e+00,-1.000000000000000000e+00,-1.000000000000000000e+00,-1.000000000000000000e+00,-1.000000000000000000e+00,-1.000000000000000000e+00,-1.000000000000000000e+00,-1.000000000000000000e+00,-1.000000000000000000e+00,-1.000000000000000000e+00,-1.000000000000000000e+00,-1.000000000000000000e+00,-1.000000000000000000e+00,-1.000000000000000000e+00,-1.000000000000000000e+00,-1.000000000000000000e+00,-1.000000000000000000e+00,-1.000000000000000000e+00,-1.000000000000000000e+00,-1.000000000000000000e+00,-1.000000000000000000e+00,-1.000000000000000000e+00,-1.000000000000000000e+00,-1.000000000000000000e+00,-1.000000000000000000e+00,-1.000000000000000000e+00,-1.000000000000000000e+00,-1.000000000000000000e+00,-1.000000000000000000e+00,-1.000000000000000000e+00,-1.000000000000000000e+00,-1.000000000000000000e+00,-1.000000000000000000e+00,-1.000000000000000000e+00,-1.000000000000000000e+00,-1.000000000000000000e+00,-1.000000000000000000e+00,-1.000000000000000000e+00,-1.000000000000000000e+00,-1.000000000000000000e+00,-1.000000000000000000e+00,-1.000000000000000000e+00,-1.000000000000000000e+00,-1.000000000000000000e+00,-1.000000000000000000e+00,-1.000000000000000000e+00,-1.000000000000000000e+00,-1.000000000000000000e+00,-1.000000000000000000e+00,-1.000000000000000000e+00,-1.000000000000000000e+00,-1.000000000000000000e+00,-1.000000000000000000e+00,-1.000000000000000000e+00,-1.000000000000000000e+00,-1.000000000000000000e+00,-1.000000000000000000e+00
5.161463618278503418e-01,8.625366687774658203e-01,-1.107794886934243550e-07,4.931166768074035645e-01,8.535588979721069336e-01,2.495491178706288338e-03,4.629418551921844482e-01,8.548037409782409668e-01,1.035641646012663841e-03,4.424631297588348389e-01,8.664624691009521484e-01,-1.159872277639806271e-03,4.302383661270141602e-01,8.820528984069824219e-01,-3.913409542292356491e-03,4.534655511379241943e-01,8.445079326629638672e-01,-3.063936717808246613e-03,4.266632497310638428e-01,8.639503717422485352e-01,-8.909247815608978271e-03,4.161032140254974365e-01,8.819569349288940430e-01,-1.380205247551202774e-02,4.116155803203582764e-01,8.934236168861389160e-01,-1.680015958845615387e-02,4.579882919788360596e-01,8.592355251312255859e-01,-7.121381349861621857e-03,4.327103197574615479e-01,8.800200223922729492e-01,-9.695268236100673676e-03,4.234894514083862305e-01,8.940919041633605957e-01,-1.209136843681335449e-02,4.186652600765228271e-01,9.036649465560913086e-01,-1.492100954055786133e-02,4.644550085067749023e-01,8.759871125221252441e-01,-1.099151838570833206e-02,4.398364424705505371e-01,8.963158726692199707e-01,-1.267391256988048553e-02,4.308618009090423584e-01,9.077067375183105469e-01,-1.216910034418106079e-02,4.250584244728088379e-01,9.138101935386657715e-01,-1.288020983338356018e-02,4.712517261505126953e-01,8.931980133056640625e-01,-1.454460900276899338e-02,4.492127299308776855e-01,9.104733467102050781e-01,-1.616652868688106537e-02,4.405382871627807617e-01,9.196640849113464355e-01,-1.455440931022167206e-02,4.343471229076385498e-01,9.253696203231811523e-01,-1.355783455073833466e-02,-1.000000000000000000e+00,-1.000000000000000000e+00,-1.000000000000000000e+00,-1.000000000000000000e+00,-1.000000000000000000e+00,-1.000000000000000000e+00,-1.000000000000000000e+00,-1.000000000000000000e+00,-1.000000000000000000e+00,-1.000000000000000000e+00,-1.000000000000000000e+00,-1.000000000000000000e+00,-1.000000000000000000e+00,-1.000000000000000000e+00,-1.000000000000000000e+00,-1.000000000000000000e+00,-1.000000000000000000e+00,-1.000000000000000000e+00,-1.000000000000000000e+00,-1.000000000000000000e+00,-1.000000000000000000e+00,-1.000000000000000000e+00,-1.000000000000000000e+00,-1.000000000000000000e+00,-1.000000000000000000e+00,-1.000000000000000000e+00,-1.000000000000000000e+00,-1.000000000000000000e+00,-1.000000000000000000e+00,-1.000000000000000000e+00,-1.000000000000000000e+00,-1.000000000000000000e+00,-1.000000000000000000e+00,-1.000000000000000000e+00,-1.000000000000000000e+00,-1.000000000000000000e+00,-1.000000000000000000e+00,-1.000000000000000000e+00,-1.000000000000000000e+00,-1.000000000000000000e+00,-1.000000000000000000e+00,-1.000000000000000000e+00,-1.000000000000000000e+00,-1.000000000000000000e+00,-1.000000000000000000e+00,-1.000000000000000000e+00,-1.000000000000000000e+00,-1.000000000000000000e+00,-1.000000000000000000e+00,-1.000000000000000000e+00,-1.000000000000000000e+00,-1.000000000000000000e+00,-1.000000000000000000e+00,-1.000000000000000000e+00,-1.000000000000000000e+00,-1.000000000000000000e+00,-1.000000000000000000e+00,-1.000000000000000000e+00,-1.000000000000000000e+00,-1.000000000000000000e+00,-1.000000000000000000e+00,-1.000000000000000000e+00,-1.000000000000000000e+00
5.140264630317687988e-01,8.461161851882934570e-01,-3.759003419645523536e-08,4.908947050571441650e-01,8.383566737174987793e-01,1.145766233094036579e-03,4.625675678253173828e-01,8.421584367752075195e-01,-2.052418887615203857e-03,4.409773349761962891e-01,8.545060753822326660e-01,-5.322647746652364731e-03,4.262401163578033447e-01,8.692327737808227539e-01,-9.497968479990959167e-03,4.524014890193939209e-01,8.240091800689697266e-01,-1.266979333013296127e-02,4.232214391231536865e-01,8.466246724128723145e-01,-2.021897770464420319e-02,4.087851643562316895e-01,8.646166324615478516e-01,-2.485030330717563629e-02,3.991546034812927246e-01,8.775566816329956055e-01,-2.757991850376129150e-02,4.605151712894439697e-01,8.373874425888061523e-01,-1.665392331779003143e-02,4.305899739265441895e-01,8.628045916557312012e-01,-2.209606580436229706e-02,4.163803756237030029e-01,8.804831504821777344e-01,-2.431762218475341797e-02,4.067759215831756592e-01,8.936008214950561523e-01,-2.658996731042861938e-02,4.697140455245971680e-01,8.555814027786254883e-01,-1.993693970143795013e-02,4.427024126052856445e-01,8.797618746757507324e-01,-2.381031028926372528e-02,4.296784102916717529e-01,8.947421312332153320e-01,-2.310623973608016968e-02,4.203068912029266357e-01,9.049738645553588867e-01,-2.317539416253566742e-02,4.792966544628143311e-01,8.765224814414978027e-01,-2.282026968896389008e-02,4.569087028503417969e-01,8.947480916976928711e-01,-2.666496858000755310e-02,4.443028271198272705e-01,9.048293828964233398e-01,-2.625740319490432739e-02,4.332956373691558838e-01,9.130126237869262695e-01,-2.572032622992992401e-02,-1.000000000000000000e+00,-1.000000000000000000e+00,-1.000000000000000000e+00,-1.000000000000000000e+00,-1.000000000000000000e+00,-1.000000000000000000e+00,-1.000000000000000000e+00,-1.000000000000000000e+00,-1.000000000000000000e+00,-1.000000000000000000e+00,-1.000000000000000000e+00,-1.000000000000000000e+00,-1.000000000000000000e+00,-1.000000000000000000e+00,-1.000000000000000000e+00,-1.000000000000000000e+00,-1.000000000000000000e+00,-1.000000000000000000e+00,-1.000000000000000000e+00,-1.000000000000000000e+00,-1.000000000000000000e+00,-1.000000000000000000e+00,-1.000000000000000000e+00,-1.000000000000000000e+00,-1.000000000000000000e+00,-1.000000000000000000e+00,-1.000000000000000000e+00,-1.000000000000000000e+00,-1.000000000000000000e+00,-1.000000000000000000e+00,-1.000000000000000000e+00,-1.000000000000000000e+00,-1.000000000000000000e+00,-1.000000000000000000e+00,-1.000000000000000000e+00,-1.000000000000000000e+00,-1.000000000000000000e+00,-1.000000000000000000e+00,-1.000000000000000000e+00,-1.000000000000000000e+00,-1.000000000000000000e+00,-1.000000000000000000e+00,-1.000000000000000000e+00,-1.000000000000000000e+00,-1.000000000000000000e+00,-1.000000000000000000e+00,-1.000000000000000000e+00,-1.000000000000000000e+00,-1.000000000000000000e+00,-1.000000000000000000e+00,-1.000000000000000000e+00,-1.000000000000000000e+00,-1.000000000000000000e+00,-1.000000000000000000e+00,-1.000000000000000000e+00,-1.000000000000000000e+00,-1.000000000000000000e+00,-1.000000000000000000e+00,-1.000000000000000000e+00,-1.000000000000000000e+00,-1.000000000000000000e+00,-1.000000000000000000e+00,-1.000000000000000000e+00
5.158485770225524902e-01,8.344589471817016602e-01,-6.035067912080194219e-08,4.931833744049072266e-01,8.230038881301879883e-01,1.910703605972230434e-03,4.636472463607788086e-01,8.208070397377014160e-01,-9.104625205509364605e-04,4.410390853881835938e-01,8.286442160606384277e-01,-3.933082334697246552e-03,4.248553514480590820e-01,8.409098982810974121e-01,-7.928199134767055511e-03,4.527064561843872070e-01,8.053789734840393066e-01,-1.362106576561927795e-02,4.200946986675262451e-01,8.238926529884338379e-01,-2.263563685119152069e-02,4.042920768260955811e-01,8.446196317672729492e-01,-2.800036408007144928e-02,3.955509364604949951e-01,8.614712357521057129e-01,-3.070727735757827759e-02,4.604426324367523193e-01,8.175038695335388184e-01,-1.872508227825164795e-02,4.259620904922485352e-01,8.407610654830932617e-01,-2.466905303299427032e-02,4.097191095352172852e-01,8.621569871902465820e-01,-2.684399299323558807e-02,4.001094698905944824e-01,8.782164454460144043e-01,-2.895117178559303284e-02,4.701506495475769043e-01,8.366133570671081543e-01,-2.312281914055347443e-02,4.384072124958038330e-01,8.596676588058471680e-01,-2.748632431030273438e-02,4.237679839134216309e-01,8.766395449638366699e-01,-2.712435834109783173e-02,4.144432842731475830e-01,8.882257342338562012e-01,-2.749392390251159668e-02,4.811665117740631104e-01,8.603380918502807617e-01,-2.704744972288608551e-02,4.572674632072448730e-01,8.787456750869750977e-01,-3.158628568053245544e-02,4.448649883270263672e-01,8.896979689598083496e-01,-3.120134770870208740e-02,4.350932836532592773e-01,8.981798291206359863e-01,-3.060620836913585663e-02,-1.000000000000000000e+00,-1.000000000000000000e+00,-1.000000000000000000e+00,-1.000000000000000000e+00,-1.000000000000000000e+00,-1.000000000000000000e+00,-1.000000000000000000e+00,-1.000000000000000000e+00,-1.000000000000000000e+00,-1.000000000000000000e+00,-1.000000000000000000e+00,-1.000000000000000000e+00,-1.000000000000000000e+00,-1.000000000000000000e+00,-1.000000000000000000e+00,-1.000000000000000000e+00,-1.000000000000000000e+00,-1.000000000000000000e+00,-1.000000000000000000e+00,-1.000000000000000000e+00,-1.000000000000000000e+00,-1.000000000000000000e+00,-1.000000000000000000e+00,-1.000000000000000000e+00,-1.000000000000000000e+00,-1.000000000000000000e+00,-1.000000000000000000e+00,-1.000000000000000000e+00,-1.000000000000000000e+00,-1.000000000000000000e+00,-1.000000000000000000e+00,-1.000000000000000000e+00,-1.000000000000000000e+00,-1.000000000000000000e+00,-1.000000000000000000e+00,-1.000000000000000000e+00,-1.000000000000000000e+00,-1.000000000000000000e+00,-1.000000000000000000e+00,-1.000000000000000000e+00,-1.000000000000000000e+00,-1.000000000000000000e+00,-1.000000000000000000e+00,-1.000000000000000000e+00,-1.000000000000000000e+00,-1.000000000000000000e+00,-1.000000000000000000e+00,-1.000000000000000000e+00,-1.000000000000000000e+00,-1.000000000000000000e+00,-1.000000000000000000e+00,-1.000000000000000000e+00,-1.000000000000000000e+00,-1.000000000000000000e+00,-1.000000000000000000e+00,-1.000000000000000000e+00,-1.000000000000000000e+00,-1.000000000000000000e+00,-1.000000000000000000e+00,-1.000000000000000000e+00,-1.000000000000000000e+00,-1.000000000000000000e+00,-1.000000000000000000e+00
5.158485770225524902e-01,8.344589471817016602e-01,-6.035067912080194219e-08,4.931833744049072266e-01,8.230038881301879883e-01,1.910703605972230434e-03,4.636472463607788086e-01,8.208070397377014160e-01,-9.104625205509364605e-04,4.410390853881835938e-01,8.286442160606384277e-01,-3.933082334697246552e-03,4.248553514480590820e-01,8.409098982810974121e-01,-7.928199134767055511e-03,4.527064561843872070e-01,8.053789734840393066e-01,-1.362106576561927795e-02,4.200946986675262451e-01,8.238926529884338379e-01,-2.263563685119152069e-02,4.042920768260955811e-01,8.446196317672729492e-01,-2.800036408007144928e-02,3.955509364604949951e-01,8.614712357521057129e-01,-3.070727735757827759e-02,4.604426324367523193e-01,8.175038695335388184e-01,-1.872508227825164795e-02,4.259620904922485352e-01,8.407610654830932617e-01,-2.466905303299427032e-02,4.097191095352172852e-01,8.621569871902465820e-01,-2.684399299323558807e-02,4.001094698905944824e-01,8.782164454460144043e-01,-2.895117178559303284e-02,4.701506495475769043e-01,8.366133570671081543e-01,-2.312281914055347443e-02,4.384072124958038330e-01,8.596676588058471680e-01,-2.748632431030273438e-02,4.237679839134216309e-01,8.766395449638366699e-01,-2.712435834109783173e-02,4.144432842731475830e-01,8.882257342338562012e-01,-2.749392390251159668e-02,4.811665117740631104e-01,8.603380918502807617e-01,-2.704744972288608551e-02,4.572674632072448730e-01,8.787456750869750977e-01,-3.158628568053245544e-02,4.448649883270263672e-01,8.896979689598083496e-01,-3.120134770870208740e-02,4.350932836532592773e-01,8.981798291206359863e-01,-3.060620836913585663e-02,-1.000000000000000000e+00,-1.000000000000000000e+00,-1.000000000000000000e+00,-1.000000000000000000e+00,-1.000000000000000000e+00,-1.000000000000000000e+00,-1.000000000000000000e+00,-1.000000000000000000e+00,-1.000000000000000000e+00,-1.000000000000000000e+00,-1.000000000000000000e+00,-1.000000000000000000e+00,-1.000000000000000000e+00,-1.000000000000000000e+00,-1.000000000000000000e+00,-1.000000000000000000e+00,-1.000000000000000000e+00,-1.000000000000000000e+00,-1.000000000000000000e+00,-1.000000000000000000e+00,-1.000000000000000000e+00,-1.000000000000000000e+00,-1.000000000000000000e+00,-1.000000000000000000e+00,-1.000000000000000000e+00,-1.000000000000000000e+00,-1.000000000000000000e+00,-1.000000000000000000e+00,-1.000000000000000000e+00,-1.000000000000000000e+00,-1.000000000000000000e+00,-1.000000000000000000e+00,-1.000000000000000000e+00,-1.000000000000000000e+00,-1.000000000000000000e+00,-1.000000000000000000e+00,-1.000000000000000000e+00,-1.000000000000000000e+00,-1.000000000000000000e+00,-1.000000000000000000e+00,-1.000000000000000000e+00,-1.000000000000000000e+00,-1.000000000000000000e+00,-1.000000000000000000e+00,-1.000000000000000000e+00,-1.000000000000000000e+00,-1.000000000000000000e+00,-1.000000000000000000e+00,-1.000000000000000000e+00,-1.000000000000000000e+00,-1.000000000000000000e+00,-1.000000000000000000e+00,-1.000000000000000000e+00,-1.000000000000000000e+00,-1.000000000000000000e+00,-1.000000000000000000e+00,-1.000000000000000000e+00,-1.000000000000000000e+00,-1.000000000000000000e+00,-1.000000000000000000e+00,-1.000000000000000000e+00,-1.000000000000000000e+00,-1.000000000000000000e+00
5.173232555389404297e-01,8.284211754798889160e-01,-1.112367016276039067e-07,4.938520789146423340e-01,8.131052255630493164e-01,3.139941720291972160e-03,4.648895561695098877e-01,8.089175224304199219e-01,2.988809428643435240e-04,4.413855969905853271e-01,8.177046179771423340e-01,-3.260761965066194534e-03,4.255413711071014404e-01,8.317121267318725586e-01,-7.978197187185287476e-03,4.531715512275695801e-01,7.920086383819580078e-01,-1.198236458003520966e-02,4.199672937393188477e-01,8.122649788856506348e-01,-2.183831110596656799e-02,4.035223722457885742e-01,8.336910605430603027e-01,-2.831991575658321381e-02,3.941326141357421875e-01,8.521092534065246582e-01,-3.177353367209434509e-02,4.605362713336944580e-01,8.034482598304748535e-01,-1.804975606501102448e-02,4.248239099979400635e-01,8.286920189857482910e-01,-2.502284757792949677e-02,4.086521863937377930e-01,8.523709774017333984e-01,-2.793852239847183228e-02,3.992980718612670898e-01,8.713129162788391113e-01,-3.049107640981674194e-02,4.698865711688995361e-01,8.229222893714904785e-01,-2.342781424522399902e-02,4.355892539024353027e-01,8.464800715446472168e-01,-2.910823933780193329e-02,4.209890961647033691e-01,8.668865561485290527e-01,-2.958092093467712402e-02,4.125839769840240479e-01,8.827254176139831543e-01,-3.030967526137828827e-02,4.802913665771484375e-01,8.477252125740051270e-01,-2.821735292673110962e-02,4.544654488563537598e-01,8.653950691223144531e-01,-3.375617042183876038e-02,4.428298473358154297e-01,8.777881264686584473e-01,-3.400539979338645935e-02,4.348727762699127197e-01,8.886199593544006348e-01,-3.375756368041038513e-02,-1.000000000000000000e+00,-1.000000000000000000e+00,-1.000000000000000000e+00,-1.000000000000000000e+00,-1.000000000000000000e+00,-1.000000000000000000e+00,-1.000000000000000000e+00,-1.000000000000000000e+00,-1.000000000000000000e+00,-1.000000000000000000e+00,-1.000000000000000000e+00,-1.000000000000000000e+00,-1.000000000000000000e+00,-1.000000000000000000e+00,-1.000000000000000000e+00,-1.000000000000000000e+00,-1.000000000000000000e+00,-1.000000000000000000e+00,-1.000000000000000000e+00,-1.000000000000000000e+00,-1.000000000000000000e+00,-1.000000000000000000e+00,-1.000000000000000000e+00,-1.000000000000000000e+00,-1.000000000000000000e+00,-1.000000000000000000e+00,-1.000000000000000000e+00,-1.000000000000000000e+00,-1.000000000000000000e+00,-1.000000000000000000e+00,-1.000000000000000000e+00,-1.000000000000000000e+00,-1.000000000000000000e+00,-1.000000000000000000e+00,-1.000000000000000000e+00,-1.000000000000000000e+00,-1.000000000000000000e+00,-1.000000000000000000e+00,-1.000000000000000000e+00,-1.000000000000000000e+00,-1.000000000000000000e+00,-1.000000000000000000e+00,-1.000000000000000000e+00,-1.000000000000000000e+00,-1.000000000000000000e+00,-1.000000000000000000e+00,-1.000000000000000000e+00,-1.000000000000000000e+00,-1.000000000000000000e+00,-1.000000000000000000e+00,-1.000000000000000000e+00,-1.000000000000000000e+00,-1.000000000000000000e+00,-1.000000000000000000e+00,-1.000000000000000000e+00,-1.000000000000000000e+00,-1.000000000000000000e+00,-1.000000000000000000e+00,-1.000000000000000000e+00,-1.000000000000000000e+00,-1.000000000000000000e+00,-1.000000000000000000e+00,-1.000000000000000000e+00
5.173232555389404297e-01,8.284211754798889160e-01,-1.112367016276039067e-07,4.938520789146423340e-01,8.131052255630493164e-01,3.139941720291972160e-03,4.648895561695098877e-01,8.089175224304199219e-01,2.988809428643435240e-04,4.413855969905853271e-01,8.177046179771423340e-01,-3.260761965066194534e-03,4.255413711071014404e-01,8.317121267318725586e-01,-7.978197187185287476e-03,4.531715512275695801e-01,7.920086383819580078e-01,-1.198236458003520966e-02,4.199672937393188477e-01,8.122649788856506348e-01,-2.183831110596656799e-02,4.035223722457885742e-01,8.336910605430603027e-01,-2.831991575658321381e-02,3.941326141357421875e-01,8.521092534065246582e-01,-3.177353367209434509e-02,4.605362713336944580e-01,8.034482598304748535e-01,-1.804975606501102448e-02,4.248239099979400635e-01,8.286920189857482910e-01,-2.502284757792949677e-02,4.086521863937377930e-01,8.523709774017333984e-01,-2.793852239847183228e-02,3.992980718612670898e-01,8.713129162788391113e-01,-3.049107640981674194e-02,4.698865711688995361e-01,8.229222893714904785e-01,-2.342781424522399902e-02,4.355892539024353027e-01,8.464800715446472168e-01,-2.910823933780193329e-02,4.209890961647033691e-01,8.668865561485290527e-01,-2.958092093467712402e-02,4.125839769840240479e-01,8.827254176139831543e-01,-3.030967526137828827e-02,4.802913665771484375e-01,8.477252125740051270e-01,-2.821735292673110962e-02,4.544654488563537598e-01,8.653950691223144531e-01,-3.375617042183876038e-02,4.428298473358154297e-01,8.777881264686584473e-01,-3.400539979338645935e-02,4.348727762699127197e-01,8.886199593544006348e-01,-3.375756368041038513e-02,-1.000000000000000000e+00,-1.000000000000000000e+00,-1.000000000000000000e+00,-1.000000000000000000e+00,-1.000000000000000000e+00,-1.000000000000000000e+00,-1.000000000000000000e+00,-1.000000000000000000e+00,-1.000000000000000000e+00,-1.000000000000000000e+00,-1.000000000000000000e+00,-1.000000000000000000e+00,-1.000000000000000000e+00,-1.000000000000000000e+00,-1.000000000000000000e+00,-1.000000000000000000e+00,-1.000000000000000000e+00,-1.000000000000000000e+00,-1.000000000000000000e+00,-1.000000000000000000e+00,-1.000000000000000000e+00,-1.000000000000000000e+00,-1.000000000000000000e+00,-1.000000000000000000e+00,-1.000000000000000000e+00,-1.000000000000000000e+00,-1.000000000000000000e+00,-1.000000000000000000e+00,-1.000000000000000000e+00,-1.000000000000000000e+00,-1.000000000000000000e+00,-1.000000000000000000e+00,-1.000000000000000000e+00,-1.000000000000000000e+00,-1.000000000000000000e+00,-1.000000000000000000e+00,-1.000000000000000000e+00,-1.000000000000000000e+00,-1.000000000000000000e+00,-1.000000000000000000e+00,-1.000000000000000000e+00,-1.000000000000000000e+00,-1.000000000000000000e+00,-1.000000000000000000e+00,-1.000000000000000000e+00,-1.000000000000000000e+00,-1.000000000000000000e+00,-1.000000000000000000e+00,-1.000000000000000000e+00,-1.000000000000000000e+00,-1.000000000000000000e+00,-1.000000000000000000e+00,-1.000000000000000000e+00,-1.000000000000000000e+00,-1.000000000000000000e+00,-1.000000000000000000e+00,-1.000000000000000000e+00,-1.000000000000000000e+00,-1.000000000000000000e+00,-1.000000000000000000e+00,-1.000000000000000000e+00,-1.000000000000000000e+00,-1.000000000000000000e+00
5.151625871658325195e-01,8.029243946075439453e-01,-4.140746057146316161e-08,4.879950284957885742e-01,7.850012183189392090e-01,6.462996825575828552e-03,4.625849723815917969e-01,7.765008211135864258e-01,1.040070969611406326e-02,4.426468908786773682e-01,7.752547264099121094e-01,1.133966725319623947e-02,4.258828759193420410e-01,7.760460972785949707e-01,1.255374029278755188e-02,4.480789601802825928e-01,7.746765613555908203e-01,1.498394552618265152e-02,4.244913458824157715e-01,7.653262019157409668e-01,1.156553719192743301e-02,4.110536277294158936e-01,7.703037858009338379e-01,6.678612902760505676e-03,3.998988866806030273e-01,7.810952663421630859e-01,3.344682278111577034e-03,4.506601393222808838e-01,7.846304178237915039e-01,9.161033667623996735e-03,4.270597100257873535e-01,7.803397774696350098e-01,5.485062021762132645e-03,4.142879843711853027e-01,7.893280982971191406e-01,-4.601363325491547585e-04,4.033098816871643066e-01,8.032943606376647949e-01,-4.478123970329761505e-03,4.560404121875762939e-01,7.945958971977233887e-01,2.586154965683817863e-03,4.342665374279022217e-01,7.946693897247314453e-01,-4.053650773130357265e-04,4.233338236808776855e-01,8.040435910224914551e-01,-4.246263299137353897e-03,4.141530990600585938e-01,8.179910778999328613e-01,-6.878122221678495407e-03,4.634056389331817627e-01,8.055154681205749512e-01,-3.789840731769800186e-03,4.469648003578186035e-01,8.096866011619567871e-01,-6.114477757364511490e-03,4.368747472763061523e-01,8.173944354057312012e-01,-7.796251680701971054e-03,4.273058176040649414e-01,8.268232345581054688e-01,-8.758438751101493835e-03,-1.000000000000000000e+00,-1.000000000000000000e+00,-1.000000000000000000e+00,-1.000000000000000000e+00,-1.000000000000000000e+00,-1.000000000000000000e+00,-1.000000000000000000e+00,-1.000000000000000000e+00,-1.000000000000000000e+00,-1.000000000000000000e+00,-1.000000000000000000e+00,-1.000000000000000000e+00,-1.000000000000000000e+00,-1.000000000000000000e+00,-1.000000000000000000e+00,-1.000000000000000000e+00,-1.000000000000000000e+00,-1.000000000000000000e+00,-1.000000000000000000e+00,-1.000000000000000000e+00,-1.000000000000000000e+00,-1.000000000000000000e+00,-1.000000000000000000e+00,-1.000000000000000000e+00,-1.000000000000000000e+00,-1.000000000000000000e+00,-1.000000000000000000e+00,-1.000000000000000000e+00,-1.000000000000000000e+00,-1.000000000000000000e+00,-1.000000000000000000e+00,-1.000000000000000000e+00,-1.000000000000000000e+00,-1.000000000000000000e+00,-1.000000000000000000e+00,-1.000000000000000000e+00,-1.000000000000000000e+00,-1.000000000000000000e+00,-1.000000000000000000e+00,-1.000000000000000000e+00,-1.000000000000000000e+00,-1.000000000000000000e+00,-1.000000000000000000e+00,-1.000000000000000000e+00,-1.000000000000000000e+00,-1.000000000000000000e+00,-1.000000000000000000e+00,-1.000000000000000000e+00,-1.000000000000000000e+00,-1.000000000000000000e+00,-1.000000000000000000e+00,-1.000000000000000000e+00,-1.000000000000000000e+00,-1.000000000000000000e+00,-1.000000000000000000e+00,-1.000000000000000000e+00,-1.000000000000000000e+00,-1.000000000000000000e+00,-1.000000000000000000e+00,-1.000000000000000000e+00,-1.000000000000000000e+00,-1.000000000000000000e+00,-1.000000000000000000e+00
5.151625871658325195e-01,8.029243946075439453e-01,-4.140746057146316161e-08,4.879950284957885742e-01,7.850012183189392090e-01,6.462996825575828552e-03,4.625849723815917969e-01,7.765008211135864258e-01,1.040070969611406326e-02,4.426468908786773682e-01,7.752547264099121094e-01,1.133966725319623947e-02,4.258828759193420410e-01,7.760460972785949707e-01,1.255374029278755188e-02,4.480789601802825928e-01,7.746765613555908203e-01,1.498394552618265152e-02,4.244913458824157715e-01,7.653262019157409668e-01,1.156553719192743301e-02,4.110536277294158936e-01,7.703037858009338379e-01,6.678612902760505676e-03,3.998988866806030273e-01,7.810952663421630859e-01,3.344682278111577034e-03,4.506601393222808838e-01,7.846304178237915039e-01,9.161033667623996735e-03,4.270597100257873535e-01,7.803397774696350098e-01,5.485062021762132645e-03,4.142879843711853027e-01,7.893280982971191406e-01,-4.601363325491547585e-04,4.033098816871643066e-01,8.032943606376647949e-01,-4.478123970329761505e-03,4.560404121875762939e-01,7.945958971977233887e-01,2.586154965683817863e-03,4.342665374279022217e-01,7.946693897247314453e-01,-4.053650773130357265e-04,4.233338236808776855e-01,8.040435910224914551e-01,-4.246263299137353897e-03,4.141530990600585938e-01,8.179910778999328613e-01,-6.878122221678495407e-03,4.634056389331817627e-01,8.055154681205749512e-01,-3.789840731769800186e-03,4.469648003578186035e-01,8.096866011619567871e-01,-6.114477757364511490e-03,4.368747472763061523e-01,8.173944354057312012e-01,-7.796251680701971054e-03,4.273058176040649414e-01,8.268232345581054688e-01,-8.758438751101493835e-03,-1.000000000000000000e+00,-1.000000000000000000e+00,-1.000000000000000000e+00,-1.000000000000000000e+00,-1.000000000000000000e+00,-1.000000000000000000e+00,-1.000000000000000000e+00,-1.000000000000000000e+00,-1.000000000000000000e+00,-1.000000000000000000e+00,-1.000000000000000000e+00,-1.000000000000000000e+00,-1.000000000000000000e+00,-1.000000000000000000e+00,-1.000000000000000000e+00,-1.000000000000000000e+00,-1.000000000000000000e+00,-1.000000000000000000e+00,-1.000000000000000000e+00,-1.000000000000000000e+00,-1.000000000000000000e+00,-1.000000000000000000e+00,-1.000000000000000000e+00,-1.000000000000000000e+00,-1.000000000000000000e+00,-1.000000000000000000e+00,-1.000000000000000000e+00,-1.000000000000000000e+00,-1.000000000000000000e+00,-1.000000000000000000e+00,-1.000000000000000000e+00,-1.000000000000000000e+00,-1.000000000000000000e+00,-1.000000000000000000e+00,-1.000000000000000000e+00,-1.000000000000000000e+00,-1.000000000000000000e+00,-1.000000000000000000e+00,-1.000000000000000000e+00,-1.000000000000000000e+00,-1.000000000000000000e+00,-1.000000000000000000e+00,-1.000000000000000000e+00,-1.000000000000000000e+00,-1.000000000000000000e+00,-1.000000000000000000e+00,-1.000000000000000000e+00,-1.000000000000000000e+00,-1.000000000000000000e+00,-1.000000000000000000e+00,-1.000000000000000000e+00,-1.000000000000000000e+00,-1.000000000000000000e+00,-1.000000000000000000e+00,-1.000000000000000000e+00,-1.000000000000000000e+00,-1.000000000000000000e+00,-1.000000000000000000e+00,-1.000000000000000000e+00,-1.000000000000000000e+00,-1.000000000000000000e+00,-1.000000000000000000e+00,-1.000000000000000000e+00
5.215770602226257324e-01,7.818070054054260254e-01,-4.763201033597397327e-08,4.816945493221282959e-01,7.881625890731811523e-01,3.112186677753925323e-03,4.518168270587921143e-01,7.699118256568908691e-01,1.429322990588843822e-03,4.304545521736145020e-01,7.542642951011657715e-01,-1.611425192095339298e-03,4.151760339736938477e-01,7.397263050079345703e-01,-5.218950100243091583e-03,4.595776498317718506e-01,7.172315120697021484e-01,-5.161286797374486923e-03,4.327978789806365967e-01,7.119995355606079102e-01,-1.168490294367074966e-02,4.153239727020263672e-01,7.196313738822937012e-01,-1.621608063578605652e-02,4.024289548397064209e-01,7.297891378402709961e-01,-1.931881532073020935e-02,4.701667428016662598e-01,7.197748422622680664e-01,-1.117385923862457275e-02,4.383119642734527588e-01,7.239140868186950684e-01,-1.865847222506999969e-02,4.187026917934417725e-01,7.393286824226379395e-01,-2.363411709666252136e-02,4.042441248893737793e-01,7.565209269523620605e-01,-2.752531319856643677e-02,4.792062044143676758e-01,7.324182391166687012e-01,-1.681194268167018890e-02,4.469000697135925293e-01,7.412649393081665039e-01,-2.398801967501640320e-02,4.282200634479522705e-01,7.578932046890258789e-01,-2.701143361628055573e-02,4.163437485694885254e-01,7.753193974494934082e-01,-2.870252914726734161e-02,4.859973192214965820e-01,7.536558508872985840e-01,-2.192388474941253662e-02,4.577214419841766357e-01,7.624581456184387207e-01,-2.721511200070381165e-02,4.422907233238220215e-01,7.733833789825439453e-01,-2.856318093836307526e-02,4.314548671245574951e-01,7.862232923507690430e-01,-2.924432791769504547e-02,-1.000000000000000000e+00,-1.000000000000000000e+00,-1.000000000000000000e+00,-1.000000000000000000e+00,-1.000000000000000000e+00,-1.000000000000000000e+00,-1.000000000000000000e+00,-1.000000000000000000e+00,-1.000000000000000000e+00,-1.000000000000000000e+00,-1.000000000000000000e+00,-1.000000000000000000e+00,-1.000000000000000000e+00,-1.000000000000000000e+00,-1.000000000000000000e+00,-1.000000000000000000e+00,-1.000000000000000000e+00,-1.000000000000000000e+00,-1.000000000000000000e+00,-1.000000000000000000e+00,-1.000000000000000000e+00,-1.000000000000000000e+00,-1.000000000000000000e+00,-1.000000000000000000e+00,-1.000000000000000000e+00,-1.000000000000000000e+00,-1.000000000000000000e+00,-1.000000000000000000e+00,-1.000000000000000000e+00,-1.000000000000000000e+00,-1.000000000000000000e+00,-1.000000000000000000e+00,-1.000000000000000000e+00,-1.000000000000000000e+00,-1.000000000000000000e+00,-1.000000000000000000e+00,-1.000000000000000000e+00,-1.000000000000000000e+00,-1.000000000000000000e+00,-1.000000000000000000e+00,-1.000000000000000000e+00,-1.000000000000000000e+00,-1.000000000000000000e+00,-1.000000000000000000e+00,-1.000000000000000000e+00,-1.000000000000000000e+00,-1.000000000000000000e+00,-1.000000000000000000e+00,-1.000000000000000000e+00,-1.000000000000000000e+00,-1.000000000000000000e+00,-1.000000000000000000e+00,-1.000000000000000000e+00,-1.000000000000000000e+00,-1.000000000000000000e+00,-1.000000000000000000e+00,-1.000000000000000000e+00,-1.000000000000000000e+00,-1.000000000000000000e+00,-1.000000000000000000e+00,-1.000000000000000000e+00,-1.000000000000000000e+00,-1.000000000000000000e+00
5.215770602226257324e-01,7.818070054054260254e-01,-4.763201033597397327e-08,4.816945493221282959e-01,7.881625890731811523e-01,3.112186677753925323e-03,4.518168270587921143e-01,7.699118256568908691e-01,1.429322990588843822e-03,4.304545521736145020e-01,7.542642951011657715e-01,-1.611425192095339298e-03,4.151760339736938477e-01,7.397263050079345703e-01,-5.218950100243091583e-03,4.595776498317718506e-01,7.172315120697021484e-01,-5.161286797374486923e-03,4.327978789806365967e-01,7.119995355606079102e-01,-1.168490294367074966e-02,4.153239727020263672e-01,7.196313738822937012e-01,-1.621608063578605652e-02,4.024289548397064209e-01,7.297891378402709961e-01,-1.931881532073020935e-02,4.701667428016662598e-01,7.197748422622680664e-01,-1.117385923862457275e-02,4.383119642734527588e-01,7.239140868186950684e-01,-1.865847222506999969e-02,4.187026917934417725e-01,7.393286824226379395e-01,-2.363411709666252136e-02,4.042441248893737793e-01,7.565209269523620605e-01,-2.752531319856643677e-02,4.792062044143676758e-01,7.324182391166687012e-01,-1.681194268167018890e-02,4.469000697135925293e-01,7.412649393081665039e-01,-2.398801967501640320e-02,4.282200634479522705e-01,7.578932046890258789e-01,-2.701143361628055573e-02,4.163437485694885254e-01,7.753193974494934082e-01,-2.870252914726734161e-02,4.859973192214965820e-01,7.536558508872985840e-01,-2.192388474941253662e-02,4.577214419841766357e-01,7.624581456184387207e-01,-2.721511200070381165e-02,4.422907233238220215e-01,7.733833789825439453e-01,-2.856318093836307526e-02,4.314548671245574951e-01,7.862232923507690430e-01,-2.924432791769504547e-02,-1.000000000000000000e+00,-1.000000000000000000e+00,-1.000000000000000000e+00,-1.000000000000000000e+00,-1.000000000000000000e+00,-1.000000000000000000e+00,-1.000000000000000000e+00,-1.000000000000000000e+00,-1.000000000000000000e+00,-1.000000000000000000e+00,-1.000000000000000000e+00,-1.000000000000000000e+00,-1.000000000000000000e+00,-1.000000000000000000e+00,-1.000000000000000000e+00,-1.000000000000000000e+00,-1.000000000000000000e+00,-1.000000000000000000e+00,-1.000000000000000000e+00,-1.000000000000000000e+00,-1.000000000000000000e+00,-1.000000000000000000e+00,-1.000000000000000000e+00,-1.000000000000000000e+00,-1.000000000000000000e+00,-1.000000000000000000e+00,-1.000000000000000000e+00,-1.000000000000000000e+00,-1.000000000000000000e+00,-1.000000000000000000e+00,-1.000000000000000000e+00,-1.000000000000000000e+00,-1.000000000000000000e+00,-1.000000000000000000e+00,-1.000000000000000000e+00,-1.000000000000000000e+00,-1.000000000000000000e+00,-1.000000000000000000e+00,-1.000000000000000000e+00,-1.000000000000000000e+00,-1.000000000000000000e+00,-1.000000000000000000e+00,-1.000000000000000000e+00,-1.000000000000000000e+00,-1.000000000000000000e+00,-1.000000000000000000e+00,-1.000000000000000000e+00,-1.000000000000000000e+00,-1.000000000000000000e+00,-1.000000000000000000e+00,-1.000000000000000000e+00,-1.000000000000000000e+00,-1.000000000000000000e+00,-1.000000000000000000e+00,-1.000000000000000000e+00,-1.000000000000000000e+00,-1.000000000000000000e+00,-1.000000000000000000e+00,-1.000000000000000000e+00,-1.000000000000000000e+00,-1.000000000000000000e+00,-1.000000000000000000e+00,-1.000000000000000000e+00
5.190493464469909668e-01,7.515228986740112305e-01,-4.225230298970927834e-08,4.763505458831787109e-01,7.433051466941833496e-01,3.353621810674667358e-03,4.532842338085174561e-01,7.256376743316650391e-01,1.052523846738040447e-03,4.369406998157501221e-01,7.121577262878417969e-01,-3.065020777285099030e-03,4.231678843498229980e-01,7.032176852226257324e-01,-7.666318211704492569e-03,4.723195135593414307e-01,6.702647805213928223e-01,-2.931235125288367271e-03,4.450318813323974609e-01,6.609952449798583984e-01,-1.135535445064306259e-02,4.255541265010833740e-01,6.616715788841247559e-01,-1.819775439798831940e-02,4.103698730468750000e-01,6.660453677177429199e-01,-2.262795343995094299e-02,4.808911681175231934e-01,6.753472685813903809e-01,-9.923149831593036652e-03,4.474678337574005127e-01,6.654555797576904297e-01,-1.746254786849021912e-02,4.256756901741027832e-01,6.708471179008483887e-01,-2.219329401850700378e-02,4.096062183380126953e-01,6.795758605003356934e-01,-2.578621171414852142e-02,4.869567751884460449e-01,6.889927983283996582e-01,-1.715421304106712341e-02,4.551663398742675781e-01,6.850171685218811035e-01,-2.430533431470394135e-02,4.343110918998718262e-01,6.901341080665588379e-01,-2.762732468545436859e-02,4.195510745048522949e-01,6.982781291007995605e-01,-2.981356717646121979e-02,4.903590083122253418e-01,7.098596096038818359e-01,-2.417684905230998993e-02,4.662092030048370361e-01,7.062867879867553711e-01,-2.964134328067302704e-02,4.508703947067260742e-01,7.097544670104980469e-01,-3.140225633978843689e-02,4.384777247905731201e-01,7.151567935943603516e-01,-3.254598006606101990e-02,-1.000000000000000000e+00,-1.000000000000000000e+00,-1.000000000000000000e+00,-1.000000000000000000e+00,-1.000000000000000000e+00,-1.000000000000000000e+00,-1.000000000000000000e+00,-1.000000000000000000e+00,-1.000000000000000000e+00,-1.000000000000000000e+00,-1.000000000000000000e+00,-1.000000000000000000e+00,-1.000000000000000000e+00,-1.000000000000000000e+00,-1.000000000000000000e+00,-1.000000000000000000e+00,-1.000000000000000000e+00,-1.000000000000000000e+00,-1.000000000000000000e+00,-1.000000000000000000e+00,-1.000000000000000000e+00,-1.000000000000000000e+00,-1.000000000000000000e+00,-1.000000000000000000e+00,-1.000000000000000000e+00,-1.000000000000000000e+00,-1.000000000000000000e+00,-1.000000000000000000e+00,-1.000000000000000000e+00,-1.000000000000000000e+00,-1.000000000000000000e+00,-1.000000000000000000e+00,-1.000000000000000000e+00,-1.000000000000000000e+00,-1.000000000000000000e+00,-1.000000000000000000e+00,-1.000000000000000000e+00,-1.000000000000000000e+00,-1.000000000000000000e+00,-1.000000000000000000e+00,-1.000000000000000000e+00,-1.000000000000000000e+00,-1.000000000000000000e+00,-1.000000000000000000e+00,-1.000000000000000000e+00,-1.000000000000000000e+00,-1.000000000000000000e+00,-1.000000000000000000e+00,-1.000000000000000000e+00,-1.000000000000000000e+00,-1.000000000000000000e+00,-1.000000000000000000e+00,-1.000000000000000000e+00,-1.000000000000000000e+00,-1.000000000000000000e+00,-1.000000000000000000e+00,-1.000000000000000000e+00,-1.000000000000000000e+00,-1.000000000000000000e+00,-1.000000000000000000e+00,-1.000000000000000000e+00,-1.000000000000000000e+00,-1.000000000000000000e+00
5.190493464469909668e-01,7.515228986740112305e-01,-4.225230298970927834e-08,4.763505458831787109e-01,7.433051466941833496e-01,3.353621810674667358e-03,4.532842338085174561e-01,7.256376743316650391e-01,1.052523846738040447e-03,4.369406998157501221e-01,7.121577262878417969e-01,-3.065020777285099030e-03,4.231678843498229980e-01,7.032176852226257324e-01,-7.666318211704492569e-03,4.723195135593414307e-01,6.702647805213928223e-01,-2.931235125288367271e-03,4.450318813323974609e-01,6.609952449798583984e-01,-1.135535445064306259e-02,4.255541265010833740e-01,6.616715788841247559e-01,-1.819775439798831940e-02,4.103698730468750000e-01,6.660453677177429199e-01,-2.262795343995094299e-02,4.808911681175231934e-01,6.753472685813903809e-01,-9.923149831593036652e-03,4.474678337574005127e-01,6.654555797576904297e-01,-1.746254786849021912e-02,4.256756901741027832e-01,6.708471179008483887e-01,-2.219329401850700378e-02,4.096062183380126953e-01,6.795758605003356934e-01,-2.578621171414852142e-02,4.869567751884460449e-01,6.889927983283996582e-01,-1.715421304106712341e-02,4.551663398742675781e-01,6.850171685218811035e-01,-2.430533431470394135e-02,4.343110918998718262e-01,6.901341080665588379e-01,-2.762732468545436859e-02,4.195510745048522949e-01,6.982781291007995605e-01,-2.981356717646121979e-02,4.903590083122253418e-01,7.098596096038818359e-01,-2.417684905230998993e-02,4.662092030048370361e-01,7.062867879867553711e-01,-2.964134328067302704e-02,4.508703947067260742e-01,7.097544670104980469e-01,-3.140225633978843689e-02,4.384777247905731201e-01,7.151567935943603516e-01,-3.254598006606101990e-02,-1.000000000000000000e+00,-1.000000000000000000e+00,-1.000000000000000000e+00,-1.000000000000000000e+00,-1.000000000000000000e+00,-1.000000000000000000e+00,-1.000000000000000000e+00,-1.000000000000000000e+00,-1.000000000000000000e+00,-1.000000000000000000e+00,-1.000000000000000000e+00,-1.000000000000000000e+00,-1.000000000000000000e+00,-1.000000000000000000e+00,-1.000000000000000000e+00,-1.000000000000000000e+00,-1.000000000000000000e+00,-1.000000000000000000e+00,-1.000000000000000000e+00,-1.000000000000000000e+00,-1.000000000000000000e+00,-1.000000000000000000e+00,-1.000000000000000000e+00,-1.000000000000000000e+00,-1.000000000000000000e+00,-1.000000000000000000e+00,-1.000000000000000000e+00,-1.000000000000000000e+00,-1.000000000000000000e+00,-1.000000000000000000e+00,-1.000000000000000000e+00,-1.000000000000000000e+00,-1.000000000000000000e+00,-1.000000000000000000e+00,-1.000000000000000000e+00,-1.000000000000000000e+00,-1.000000000000000000e+00,-1.000000000000000000e+00,-1.000000000000000000e+00,-1.000000000000000000e+00,-1.000000000000000000e+00,-1.000000000000000000e+00,-1.000000000000000000e+00,-1.000000000000000000e+00,-1.000000000000000000e+00,-1.000000000000000000e+00,-1.000000000000000000e+00,-1.000000000000000000e+00,-1.000000000000000000e+00,-1.000000000000000000e+00,-1.000000000000000000e+00,-1.000000000000000000e+00,-1.000000000000000000e+00,-1.000000000000000000e+00,-1.000000000000000000e+00,-1.000000000000000000e+00,-1.000000000000000000e+00,-1.000000000000000000e+00,-1.000000000000000000e+00,-1.000000000000000000e+00,-1.000000000000000000e+00,-1.000000000000000000e+00,-1.000000000000000000e+00
5.155868530273437500e-01,7.380811572074890137e-01,-6.723409740061470075e-08,4.733398556709289551e-01,7.256576418876647949e-01,3.387343371286988258e-03,4.556927680969238281e-01,7.016938924789428711e-01,1.706305192783474922e-03,4.437294006347656250e-01,6.830270886421203613e-01,-1.887338003143668175e-03,4.332129657268524170e-01,6.698058843612670898e-01,-5.896365270018577576e-03,4.765664041042327881e-01,6.538962125778198242e-01,-8.995830430649220943e-04,4.504284262657165527e-01,6.432313919067382812e-01,-9.293800219893455505e-03,4.317237436771392822e-01,6.425445675849914551e-01,-1.631059311330318451e-02,4.169010519981384277e-01,6.450416445732116699e-01,-2.079704031348228455e-02,4.849734008312225342e-01,6.569827795028686523e-01,-7.672216743230819702e-03,4.531013369560241699e-01,6.437292695045471191e-01,-1.473281159996986389e-02,4.312943518161773682e-01,6.451418399810791016e-01,-1.967061124742031097e-02,4.149845838546752930e-01,6.503100395202636719e-01,-2.358285896480083466e-02,4.903171360492706299e-01,6.695722341537475586e-01,-1.489267684519290924e-02,4.607052206993103027e-01,6.615779399871826172e-01,-2.227138727903366089e-02,4.407977759838104248e-01,6.652371883392333984e-01,-2.617400698363780975e-02,4.262037575244903564e-01,6.713302731513977051e-01,-2.880446985363960266e-02,4.911374449729919434e-01,6.903440952301025391e-01,-2.193783968687057495e-02,4.715644717216491699e-01,6.849899291992187500e-01,-2.767951413989067078e-02,4.568100869655609131e-01,6.868068575859069824e-01,-3.026743605732917786e-02,4.441806972026824951e-01,6.898360252380371094e-01,-3.211019188165664673e-02,-1.000000000000000000e+00,-1.000000000000000000e+00,-1.000000000000000000e+00,-1.000000000000000000e+00,-1.000000000000000000e+00,-1.000000000000000000e+00,-1.000000000000000000e+00,-1.000000000000000000e+00,-1.000000000000000000e+00,-1.000000000000000000e+00,-1.000000000000000000e+00,-1.000000000000000000e+00,-1.000000000000000000e+00,-1.000000000000000000e+00,-1.000000000000000000e+00,-1.000000000000000000e+00,-1.000000000000000000e+00,-1.000000000000000000e+00,-1.000000000000000000e+00,-1.000000000000000000e+00,-1.000000000000000000e+00,-1.000000000000000000e+00,-1.000000000000000000e+00,-1.000000000000000000e+00,-1.000000000000000000e+00,-1.000000000000000000e+00,-1.000000000000000000e+00,-1.000000000000000000e+00,-1.000000000000000000e+00,-1.000000000000000000e+00,-1.000000000000000000e+00,-1.000000000000000000e+00,-1.000000000000000000e+00,-1.000000000000000000e+00,-1.000000000000000000e+00,-1.000000000000000000e+00,-1.000000000000000000e+00,-1.000000000000000000e+00,-1.000000000000000000e+00,-1.000000000000000000e+00,-1.000000000000000000e+00,-1.000000000000000000e+00,-1.000000000000000000e+00,-1.000000000000000000e+00,-1.000000000000000000e+00,-1.000000000000000000e+00,-1.000000000000000000e+00,-1.000000000000000000e+00,-1.000000000000000000e+00,-1.000000000000000000e+00,-1.000000000000000000e+00,-1.000000000000000000e+00,-1.000000000000000000e+00,-1.000000000000000000e+00,-1.000000000000000000e+00,-1.000000000000000000e+00,-1.000000000000000000e+00,-1.000000000000000000e+00,-1.000000000000000000e+00,-1.000000000000000000e+00,-1.000000000000000000e+00,-1.000000000000000000e+00,-1.000000000000000000e+00
5.124680399894714355e-01,7.176483869552612305e-01,-2.341147720130720700e-08,4.741266071796417236e-01,6.973810791969299316e-01,2.799668814986944199e-03,4.570729136466979980e-01,6.699680089950561523e-01,2.943917876109480858e-03,4.431712031364440918e-01,6.516058444976806641e-01,5.756076425313949585e-04,4.304041266441345215e-01,6.379218697547912598e-01,-1.874061883427202702e-03,4.796001911163330078e-01,6.277176737785339355e-01,9.455699473619461060e-03,4.585658907890319824e-01,6.118789911270141602e-01,4.692124668508768082e-03,4.409202933311462402e-01,6.047887206077575684e-01,-1.385642448440194130e-03,4.249514043331146240e-01,6.004681587219238281e-01,-6.246643140912055969e-03,4.862106144428253174e-01,6.285662651062011719e-01,3.349951235577464104e-03,4.598072171211242676e-01,6.108438968658447266e-01,-1.076786080375313759e-03,4.396792352199554443e-01,6.064449548721313477e-01,-6.867183372378349304e-03,4.227556288242340088e-01,6.038426160812377930e-01,-1.159507967531681061e-02,4.904742836952209473e-01,6.375212073326110840e-01,-3.842311212792992592e-03,4.650626778602600098e-01,6.228645443916320801e-01,-9.401888586580753326e-03,4.459119141101837158e-01,6.199581623077392578e-01,-1.343697495758533478e-02,4.304487109184265137e-01,6.202498078346252441e-01,-1.613935269415378571e-02,4.904845058917999268e-01,6.537628173828125000e-01,-1.122681703418493271e-02,4.719883799552917480e-01,6.419796943664550781e-01,-1.531865820288658142e-02,4.574275314807891846e-01,6.393096446990966797e-01,-1.722913607954978943e-02,4.449572861194610596e-01,6.399689316749572754e-01,-1.863440498709678650e-02,-1.000000000000000000e+00,-1.000000000000000000e+00,-1.000000000000000000e+00,-1.000000000000000000e+00,-1.000000000000000000e+00,-1.000000000000000000e+00,-1.000000000000000000e+00,-1.000000000000000000e+00,-1.000000000000000000e+00,-1.000000000000000000e+00,-1.000000000000000000e+00,-1.000000000000000000e+00,-1.000000000000000000e+00,-1.000000000000000000e+00,-1.000000000000000000e+00,-1.000000000000000000e+00,-1.000000000000000000e+00,-1.000000000000000000e+00,-1.000000000000000000e+00,-1.000000000000000000e+00,-1.000000000000000000e+00,-1.000000000000000000e+00,-1.000000000000000000e+00,-1.000000000000000000e+00,-1.000000000000000000e+00,-1.000000000000000000e+00,-1.000000000000000000e+00,-1.000000000000000000e+00,-1.000000000000000000e+00,-1.000000000000000000e+00,-1.000000000000000000e+00,-1.000000000000000000e+00,-1.000000000000000000e+00,-1.000000000000000000e+00,-1.000000000000000000e+00,-1.000000000000000000e+00,-1.000000000000000000e+00,-1.000000000000000000e+00,-1.000000000000000000e+00,-1.000000000000000000e+00,-1.000000000000000000e+00,-1.000000000000000000e+00,-1.000000000000000000e+00,-1.000000000000000000e+00,-1.000000000000000000e+00,-1.000000000000000000e+00,-1.000000000000000000e+00,-1.000000000000000000e+00,-1.000000000000000000e+00,-1.000000000000000000e+00,-1.000000000000000000e+00,-1.000000000000000000e+00,-1.000000000000000000e+00,-1.000000000000000000e+00,-1.000000000000000000e+00,-1.000000000000000000e+00,-1.000000000000000000e+00,-1.000000000000000000e+00,-1.000000000000000000e+00,-1.000000000000000000e+00,-1.000000000000000000e+00,-1.000000000000000000e+00,-1.000000000000000000e+00
5.124680399894714355e-01,7.176483869552612305e-01,-2.341147720130720700e-08,4.741266071796417236e-01,6.973810791969299316e-01,2.799668814986944199e-03,4.570729136466979980e-01,6.699680089950561523e-01,2.943917876109480858e-03,4.431712031364440918e-01,6.516058444976806641e-01,5.756076425313949585e-04,4.304041266441345215e-01,6.379218697547912598e-01,-1.874061883427202702e-03,4.796001911163330078e-01,6.277176737785339355e-01,9.455699473619461060e-03,4.585658907890319824e-01,6.118789911270141602e-01,4.692124668508768082e-03,4.409202933311462402e-01,6.047887206077575684e-01,-1.385642448440194130e-03,4.249514043331146240e-01,6.004681587219238281e-01,-6.246643140912055969e-03,4.862106144428253174e-01,6.285662651062011719e-01,3.349951235577464104e-03,4.598072171211242676e-01,6.108438968658447266e-01,-1.076786080375313759e-03,4.396792352199554443e-01,6.064449548721313477e-01,-6.867183372378349304e-03,4.227556288242340088e-01,6.038426160812377930e-01,-1.159507967531681061e-02,4.904742836952209473e-01,6.375212073326110840e-01,-3.842311212792992592e-03,4.650626778602600098e-01,6.228645443916320801e-01,-9.401888586580753326e-03,4.459119141101837158e-01,6.199581623077392578e-01,-1.343697495758533478e-02,4.304487109184265137e-01,6.202498078346252441e-01,-1.613935269415378571e-02,4.904845058917999268e-01,6.537628173828125000e-01,-1.122681703418493271e-02,4.719883799552917480e-01,6.419796943664550781e-01,-1.531865820288658142e-02,4.574275314807891846e-01,6.393096446990966797e-01,-1.722913607954978943e-02,4.449572861194610596e-01,6.399689316749572754e-01,-1.863440498709678650e-02,-1.000000000000000000e+00,-1.000000000000000000e+00,-1.000000000000000000e+00,-1.000000000000000000e+00,-1.000000000000000000e+00,-1.000000000000000000e+00,-1.000000000000000000e+00,-1.000000000000000000e+00,-1.000000000000000000e+00,-1.000000000000000000e+00,-1.000000000000000000e+00,-1.000000000000000000e+00,-1.000000000000000000e+00,-1.000000000000000000e+00,-1.000000000000000000e+00,-1.000000000000000000e+00,-1.000000000000000000e+00,-1.000000000000000000e+00,-1.000000000000000000e+00,-1.000000000000000000e+00,-1.000000000000000000e+00,-1.000000000000000000e+00,-1.000000000000000000e+00,-1.000000000000000000e+00,-1.000000000000000000e+00,-1.000000000000000000e+00,-1.000000000000000000e+00,-1.000000000000000000e+00,-1.000000000000000000e+00,-1.000000000000000000e+00,-1.000000000000000000e+00,-1.000000000000000000e+00,-1.000000000000000000e+00,-1.000000000000000000e+00,-1.000000000000000000e+00,-1.000000000000000000e+00,-1.000000000000000000e+00,-1.000000000000000000e+00,-1.000000000000000000e+00,-1.000000000000000000e+00,-1.000000000000000000e+00,-1.000000000000000000e+00,-1.000000000000000000e+00,-1.000000000000000000e+00,-1.000000000000000000e+00,-1.000000000000000000e+00,-1.000000000000000000e+00,-1.000000000000000000e+00,-1.000000000000000000e+00,-1.000000000000000000e+00,-1.000000000000000000e+00,-1.000000000000000000e+00,-1.000000000000000000e+00,-1.000000000000000000e+00,-1.000000000000000000e+00,-1.000000000000000000e+00,-1.000000000000000000e+00,-1.000000000000000000e+00,-1.000000000000000000e+00,-1.000000000000000000e+00,-1.000000000000000000e+00,-1.000000000000000000e+00,-1.000000000000000000e+00
5.086519122123718262e-01,7.161680459976196289e-01,-9.091218799994749133e-08,4.722281694412231445e-01,6.973885297775268555e-01,2.666736021637916565e-03,4.554790854454040527e-01,6.691587567329406738e-01,2.561728702858090401e-03,4.420722126960754395e-01,6.506693363189697266e-01,3.788473841268569231e-04,4.303268194198608398e-01,6.377300620079040527e-01,-1.947955694049596786e-03,4.791653156280517578e-01,6.258589625358581543e-01,5.751371849328279495e-03,4.572593867778778076e-01,6.095285415649414062e-01,8.372995653189718723e-04,4.403358399868011475e-01,6.031688451766967773e-01,-4.729550797492265701e-03,4.259527027606964111e-01,5.990480780601501465e-01,-9.042809717357158661e-03,4.865844845771789551e-01,6.272587776184082031e-01,-8.074178185779601336e-05,4.600974023342132568e-01,6.094939708709716797e-01,-4.365471191704273224e-03,4.405135512351989746e-01,6.063289642333984375e-01,-9.366147220134735107e-03,4.250680804252624512e-01,6.045364141464233398e-01,-1.358845271170139313e-02,4.909740090370178223e-01,6.367223262786865234e-01,-6.723369937390089035e-03,4.653117656707763672e-01,6.228374838829040527e-01,-1.220122911036014557e-02,4.460346996784210205e-01,6.209920048713684082e-01,-1.620221324265003204e-02,4.312135875225067139e-01,6.217194199562072754e-01,-1.895234547555446625e-02,4.899463653564453125e-01,6.535287499427795410e-01,-1.342229824513196945e-02,4.714803993701934814e-01,6.427567005157470703e-01,-1.726946979761123657e-02,4.572896659374237061e-01,6.407565474510192871e-01,-1.921606250107288361e-02,4.453553855419158936e-01,6.419603228569030762e-01,-2.074446342885494232e-02,-1.000000000000000000e+00,-1.000000000000000000e+00,-1.000000000000000000e+00,-1.000000000000000000e+00,-1.000000000000000000e+00,-1.000000000000000000e+00,-1.000000000000000000e+00,-1.000000000000000000e+00,-1.000000000000000000e+00,-1.000000000000000000e+00,-1.000000000000000000e+00,-1.000000000000000000e+00,-1.000000000000000000e+00,-1.000000000000000000e+00,-1.000000000000000000e+00,-1.000000000000000000e+00,-1.000000000000000000e+00,-1.000000000000000000e+00,-1.000000000000000000e+00,-1.000000000000000000e+00,-1.000000000000000000e+00,-1.000000000000000000e+00,-1.000000000000000000e+00,-1.000000000000000000e+00,-1.000000000000000000e+00,-1.000000000000000000e+00,-1.000000000000000000e+00,-1.000000000000000000e+00,-1.000000000000000000e+00,-1.000000000000000000e+00,-1.000000000000000000e+00,-1.000000000000000000e+00,-1.000000000000000000e+00,-1.000000000000000000e+00,-1.000000000000000000e+00,-1.000000000000000000e+00,-1.000000000000000000e+00,-1.000000000000000000e+00,-1.000000000000000000e+00,-1.000000000000000000e+00,-1.000000000000000000e+00,-1.000000000000000000e+00,-1.000000000000000000e+00,-1.000000000000000000e+00,-1.000000000000000000e+00,-1.000000000000000000e+00,-1.000000000000000000e+00,-1.000000000000000000e+00,-1.000000000000000000e+00,-1.000000000000000000e+00,-1.000000000000000000e+00,-1.000000000000000000e+00,-1.000000000000000000e+00,-1.000000000000000000e+00,-1.000000000000000000e+00,-1.000000000000000000e+00,-1.000000000000000000e+00,-1.000000000000000000e+00,-1.000000000000000000e+00,-1.000000000000000000e+00,-1.000000000000000000e+00,-1.000000000000000000e+00,-1.000000000000000000e+00
5.064298510551452637e-01,6.951138377189636230e-01,-5.082071297124457487e-08,4.748372435569763184e-01,6.793515682220458984e-01,1.804165891371667385e-03,4.578263163566589355e-01,6.500264406204223633e-01,2.573869191110134125e-03,4.444563686847686768e-01,6.315303444862365723e-01,1.124143134802579880e-03,4.314975142478942871e-01,6.198401451110839844e-01,-1.375112624373286963e-04,4.772555232048034668e-01,6.072000861167907715e-01,1.042410358786582947e-02,4.590128660202026367e-01,5.866022706031799316e-01,5.655919201672077179e-03,4.420922100543975830e-01,5.786522030830383301e-01,-4.106280975975096226e-04,4.274628460407257080e-01,5.743367075920104980e-01,-4.940832965075969696e-03,4.828875362873077393e-01,6.058869361877441406e-01,5.064621567726135254e-03,4.591451585292816162e-01,5.835565924644470215e-01,1.180159742943942547e-03,4.395826160907745361e-01,5.768872499465942383e-01,-3.959140274673700333e-03,4.245728850364685059e-01,5.728285908699035645e-01,-7.869652472436428070e-03,4.865401089191436768e-01,6.117564439773559570e-01,-1.707853283733129501e-03,4.632472395896911621e-01,5.923390984535217285e-01,-5.836394615471363068e-03,4.440843462944030762e-01,5.858324170112609863e-01,-9.325652383267879486e-03,4.290928840637207031e-01,5.829625725746154785e-01,-1.182445604354143143e-02,4.865601360797882080e-01,6.239597797393798828e-01,-8.953125216066837311e-03,4.705792963504791260e-01,6.096045970916748047e-01,-1.174838189035654068e-02,4.565819799900054932e-01,6.041933298110961914e-01,-1.330056972801685333e-02,4.443604946136474609e-01,6.015756726264953613e-01,-1.453346665948629379e-02,-1.000000000000000000e+00,-1.000000000000000000e+00,-1.000000000000000000e+00,-1.000000000000000000e+00,-1.000000000000000000e+00,-1.000000000000000000e+00,-1.000000000000000000e+00,-1.000000000000000000e+00,-1.000000000000000000e+00,-1.000000000000000000e+00,-1.000000000000000000e+00,-1.000000000000000000e+00,-1.000000000000000000e+00,-1.000000000000000000e+00,-1.000000000000000000e+00,-1.000000000000000000e+00,-1.000000000000000000e+00,-1.000000000000000000e+00,-1.000000000000000000e+00,-1.000000000000000000e+00,-1.000000000000000000e+00,-1.000000000000000000e+00,-1.000000000000000000e+00,-1.000000000000000000e+00,-1.000000000000000000e+00,-1.000000000000000000e+00,-1.000000000000000000e+00,-1.000000000000000000e+00,-1.000000000000000000e+00,-1.000000000000000000e+00,-1.000000000000000000e+00,-1.000000000000000000e+00,-1.000000000000000000e+00,-1.000000000000000000e+00,-1.000000000000000000e+00,-1.000000000000000000e+00,-1.000000000000000000e+00,-1.000000000000000000e+00,-1.000000000000000000e+00,-1.000000000000000000e+00,-1.000000000000000000e+00,-1.000000000000000000e+00,-1.000000000000000000e+00,-1.000000000000000000e+00,-1.000000000000000000e+00,-1.000000000000000000e+00,-1.000000000000000000e+00,-1.000000000000000000e+00,-1.000000000000000000e+00,-1.000000000000000000e+00,-1.000000000000000000e+00,-1.000000000000000000e+00,-1.000000000000000000e+00,-1.000000000000000000e+00,-1.000000000000000000e+00,-1.000000000000000000e+00,-1.000000000000000000e+00,-1.000000000000000000e+00,-1.000000000000000000e+00,-1.000000000000000000e+00,-1.000000000000000000e+00,-1.000000000000000000e+00,-1.000000000000000000e+00
5.029191374778747559e-01,6.884235143661499023e-01,-7.958346515124503640e-08,4.750818610191345215e-01,6.754486560821533203e-01,4.671017522923648357e-04,4.580563604831695557e-01,6.459289789199829102e-01,6.854961975477635860e-04,4.447671473026275635e-01,6.275041103363037109e-01,-9.781720582395792007e-04,4.316504299640655518e-01,6.166329979896545410e-01,-2.280795481055974960e-03,4.750992655754089355e-01,6.033647060394287109e-01,8.374603465199470520e-03,4.569127559661865234e-01,5.808925628662109375e-01,2.922604558989405632e-03,4.398240745067596436e-01,5.721688270568847656e-01,-3.062698990106582642e-03,4.257848262786865234e-01,5.678628683090209961e-01,-7.413894869387149811e-03,4.796058237552642822e-01,6.019314527511596680e-01,3.419414162635803223e-03,4.574937224388122559e-01,5.772569775581359863e-01,-1.474382472224533558e-03,4.377333819866180420e-01,5.694673061370849609e-01,-6.306466646492481232e-03,4.220472276210784912e-01,5.655015110969543457e-01,-9.682679548859596252e-03,4.832655787467956543e-01,6.066639423370361328e-01,-3.033302957192063332e-03,4.609920084476470947e-01,5.853642225265502930e-01,-8.061635307967662811e-03,4.417852163314819336e-01,5.785006284713745117e-01,-1.144526898860931396e-02,4.262546002864837646e-01,5.753539800643920898e-01,-1.369189471006393433e-02,4.846835136413574219e-01,6.171132922172546387e-01,-1.007523201406002045e-02,4.689236581325531006e-01,6.023966073989868164e-01,-1.369332056492567062e-02,4.548094868659973145e-01,5.976445078849792480e-01,-1.545456424355506897e-02,4.421648681163787842e-01,5.954954624176025391e-01,-1.673907972872257233e-02,-1.000000000000000000e+00,-1.000000000000000000e+00,-1.000000000000000000e+00,-1.000000000000000000e+00,-1.000000000000000000e+00,-1.000000000000000000e+00,-1.000000000000000000e+00,-1.000000000000000000e+00,-1.000000000000000000e+00,-1.000000000000000000e+00,-1.000000000000000000e+00,-1.000000000000000000e+00,-1.000000000000000000e+00,-1.000000000000000000e+00,-1.000000000000000000e+00,-1.000000000000000000e+00,-1.000000000000000000e+00,-1.000000000000000000e+00,-1.000000000000000000e+00,-1.000000000000000000e+00,-1.000000000000000000e+00,-1.000000000000000000e+00,-1.000000000000000000e+00,-1.000000000000000000e+00,-1.000000000000000000e+00,-1.000000000000000000e+00,-1.000000000000000000e+00,-1.000000000000000000e+00,-1.000000000000000000e+00,-1.000000000000000000e+00,-1.000000000000000000e+00,-1.000000000000000000e+00,-1.000000000000000000e+00,-1.000000000000000000e+00,-1.000000000000000000e+00,-1.000000000000000000e+00,-1.000000000000000000e+00,-1.000000000000000000e+00,-1.000000000000000000e+00,-1.000000000000000000e+00,-1.000000000000000000e+00,-1.000000000000000000e+00,-1.000000000000000000e+00,-1.000000000000000000e+00,-1.000000000000000000e+00,-1.000000000000000000e+00,-1.000000000000000000e+00,-1.000000000000000000e+00,-1.000000000000000000e+00,-1.000000000000000000e+00,-1.000000000000000000e+00,-1.000000000000000000e+00,-1.000000000000000000e+00,-1.000000000000000000e+00,-1.000000000000000000e+00,-1.000000000000000000e+00,-1.000000000000000000e+00,-1.000000000000000000e+00,-1.000000000000000000e+00,-1.000000000000000000e+00,-1.000000000000000000e+00,-1.000000000000000000e+00,-1.000000000000000000e+00
5.028284788131713867e-01,6.888849735260009766e-01,-9.193606587132308050e-08,4.752230048179626465e-01,6.767212748527526855e-01,3.887289785780012608e-04,4.576765894889831543e-01,6.469725966453552246e-01,1.023940043523907661e-03,4.447832703590393066e-01,6.280099153518676758e-01,-2.919843245763331652e-04,4.323320686817169189e-01,6.159729361534118652e-01,-1.201273407787084579e-03,4.745880067348480225e-01,6.038068532943725586e-01,8.628705516457557678e-03,4.574448466300964355e-01,5.811573863029479980e-01,3.418351290747523308e-03,4.407929182052612305e-01,5.721526741981506348e-01,-2.332414733245968819e-03,4.263606071472167969e-01,5.669996142387390137e-01,-6.630226504057645798e-03,4.793640077114105225e-01,6.019264459609985352e-01,3.732327604666352272e-03,4.578788280487060547e-01,5.778214931488037109e-01,-1.168791670352220535e-03,4.383125901222229004e-01,5.697438120841979980e-01,-6.015949416905641556e-03,4.226757287979125977e-01,5.655501484870910645e-01,-9.427003562450408936e-03,4.831165969371795654e-01,6.058880090713500977e-01,-2.682539401575922966e-03,4.611472487449645996e-01,5.858916044235229492e-01,-7.693019229918718338e-03,4.416960477828979492e-01,5.793947577476501465e-01,-1.123836357146501541e-02,4.262410402297973633e-01,5.765510201454162598e-01,-1.359185203909873962e-02,4.846338927745819092e-01,6.153212785720825195e-01,-9.731651283800601959e-03,4.684112071990966797e-01,6.013138890266418457e-01,-1.335446909070014954e-02,4.539025127887725830e-01,5.967484712600708008e-01,-1.544810738414525986e-02,4.412767887115478516e-01,5.949844717979431152e-01,-1.697968505322933197e-02,-1.000000000000000000e+00,-1.000000000000000000e+00,-1.000000000000000000e+00,-1.000000000000000000e+00,-1.000000000000000000e+00,-1.000000000000000000e+00,-1.000000000000000000e+00,-1.000000000000000000e+00,-1.000000000000000000e+00,-1.000000000000000000e+00,-1.000000000000000000e+00,-1.000000000000000000e+00,-1.000000000000000000e+00,-1.000000000000000000e+00,-1.000000000000000000e+00,-1.000000000000000000e+00,-1.000000000000000000e+00,-1.000000000000000000e+00,-1.000000000000000000e+00,-1.000000000000000000e+00,-1.000000000000000000e+00,-1.000000000000000000e+00,-1.000000000000000000e+00,-1.000000000000000000e+00,-1.000000000000000000e+00,-1.000000000000000000e+00,-1.000000000000000000e+00,-1.000000000000000000e+00,-1.000000000000000000e+00,-1.000000000000000000e+00,-1.000000000000000000e+00,-1.000000000000000000e+00,-1.000000000000000000e+00,-1.000000000000000000e+00,-1.000000000000000000e+00,-1.000000000000000000e+00,-1.000000000000000000e+00,-1.000000000000000000e+00,-1.000000000000000000e+00,-1.000000000000000000e+00,-1.000000000000000000e+00,-1.000000000000000000e+00,-1.000000000000000000e+00,-1.000000000000000000e+00,-1.000000000000000000e+00,-1.000000000000000000e+00,-1.000000000000000000e+00,-1.000000000000000000e+00,-1.000000000000000000e+00,-1.000000000000000000e+00,-1.000000000000000000e+00,-1.000000000000000000e+00,-1.000000000000000000e+00,-1.000000000000000000e+00,-1.000000000000000000e+00,-1.000000000000000000e+00,-1.000000000000000000e+00,-1.000000000000000000e+00,-1.000000000000000000e+00,-1.000000000000000000e+00,-1.000000000000000000e+00,-1.000000000000000000e+00,-1.000000000000000000e+00
5.028284788131713867e-01,6.888849735260009766e-01,-9.193606587132308050e-08,4.752230048179626465e-01,6.767212748527526855e-01,3.887289785780012608e-04,4.576765894889831543e-01,6.469725966453552246e-01,1.023940043523907661e-03,4.447832703590393066e-01,6.280099153518676758e-01,-2.919843245763331652e-04,4.323320686817169189e-01,6.159729361534118652e-01,-1.201273407787084579e-03,4.745880067348480225e-01,6.038068532943725586e-01,8.628705516457557678e-03,4.574448466300964355e-01,5.811573863029479980e-01,3.418351290747523308e-03,4.407929182052612305e-01,5.721526741981506348e-01,-2.332414733245968819e-03,4.263606071472167969e-01,5.669996142387390137e-01,-6.630226504057645798e-03,4.793640077114105225e-01,6.019264459609985352e-01,3.732327604666352272e-03,4.578788280487060547e-01,5.778214931488037109e-01,-1.168791670352220535e-03,4.383125901222229004e-01,5.697438120841979980e-01,-6.015949416905641556e-03,4.226757287979125977e-01,5.655501484870910645e-01,-9.427003562450408936e-03,4.831165969371795654e-01,6.058880090713500977e-01,-2.682539401575922966e-03,4.611472487449645996e-01,5.858916044235229492e-01,-7.693019229918718338e-03,4.416960477828979492e-01,5.793947577476501465e-01,-1.123836357146501541e-02,4.262410402297973633e-01,5.765510201454162598e-01,-1.359185203909873962e-02,4.846338927745819092e-01,6.153212785720825195e-01,-9.731651283800601959e-03,4.684112071990966797e-01,6.013138890266418457e-01,-1.335446909070014954e-02,4.539025127887725830e-01,5.967484712600708008e-01,-1.544810738414525986e-02,4.412767887115478516e-01,5.949844717979431152e-01,-1.697968505322933197e-02,-1.000000000000000000e+00,-1.000000000000000000e+00,-1.000000000000000000e+00,-1.000000000000000000e+00,-1.000000000000000000e+00,-1.000000000000000000e+00,-1.000000000000000000e+00,-1.000000000000000000e+00,-1.000000000000000000e+00,-1.000000000000000000e+00,-1.000000000000000000e+00,-1.000000000000000000e+00,-1.000000000000000000e+00,-1.000000000000000000e+00,-1.000000000000000000e+00,-1.000000000000000000e+00,-1.000000000000000000e+00,-1.000000000000000000e+00,-1.000000000000000000e+00,-1.000000000000000000e+00,-1.000000000000000000e+00,-1.000000000000000000e+00,-1.000000000000000000e+00,-1.000000000000000000e+00,-1.000000000000000000e+00,-1.000000000000000000e+00,-1.000000000000000000e+00,-1.000000000000000000e+00,-1.000000000000000000e+00,-1.000000000000000000e+00,-1.000000000000000000e+00,-1.000000000000000000e+00,-1.000000000000000000e+00,-1.000000000000000000e+00,-1.000000000000000000e+00,-1.000000000000000000e+00,-1.000000000000000000e+00,-1.000000000000000000e+00,-1.000000000000000000e+00,-1.000000000000000000e+00,-1.000000000000000000e+00,-1.000000000000000000e+00,-1.000000000000000000e+00,-1.000000000000000000e+00,-1.000000000000000000e+00,-1.000000000000000000e+00,-1.000000000000000000e+00,-1.000000000000000000e+00,-1.000000000000000000e+00,-1.000000000000000000e+00,-1.000000000000000000e+00,-1.000000000000000000e+00,-1.000000000000000000e+00,-1.000000000000000000e+00,-1.000000000000000000e+00,-1.000000000000000000e+00,-1.000000000000000000e+00,-1.000000000000000000e+00,-1.000000000000000000e+00,-1.000000000000000000e+00,-1.000000000000000000e+00,-1.000000000000000000e+00,-1.000000000000000000e+00
5.011909604072570801e-01,6.837444305419921875e-01,-9.178663162856537383e-08,4.752851128578186035e-01,6.727848649024963379e-01,3.613018488977104425e-04,4.582571089267730713e-01,6.446973085403442383e-01,4.350355011411011219e-04,4.451076090335845947e-01,6.267474293708801270e-01,-1.467706402763724327e-03,4.323403537273406982e-01,6.150310635566711426e-01,-3.022741060703992844e-03,4.739203155040740967e-01,6.007756590843200684e-01,8.052581921219825745e-03,4.557865858078002930e-01,5.788400769233703613e-01,2.288699848577380180e-03,4.380991756916046143e-01,5.703659057617187500e-01,-3.969531971961259842e-03,4.235352873802185059e-01,5.664716362953186035e-01,-8.513302542269229889e-03,4.778153002262115479e-01,5.986974239349365234e-01,2.895569195970892906e-03,4.558276832103729248e-01,5.738205313682556152e-01,-2.442318247631192207e-03,4.359345138072967529e-01,5.657408833503723145e-01,-7.458625361323356628e-03,4.198160469532012939e-01,5.627011656761169434e-01,-1.087517943233251572e-02,4.810830056667327881e-01,6.023260951042175293e-01,-3.771312069147825241e-03,4.583865702152252197e-01,5.789175629615783691e-01,-9.111057035624980927e-03,4.387905299663543701e-01,5.719588398933410645e-01,-1.240766048431396484e-02,4.228390157222747803e-01,5.698466300964355469e-01,-1.448914129287004471e-02,4.825252592563629150e-01,6.114521622657775879e-01,-1.105643901973962784e-02,4.654466211795806885e-01,5.953271389007568359e-01,-1.518272794783115387e-02,4.506945312023162842e-01,5.899068117141723633e-01,-1.707820221781730652e-02,4.376954436302185059e-01,5.879373550415039062e-01,-1.832143403589725494e-02,-1.000000000000000000e+00,-1.000000000000000000e+00,-1.000000000000000000e+00,-1.000000000000000000e+00,-1.000000000000000000e+00,-1.000000000000000000e+00,-1.000000000000000000e+00,-1.000000000000000000e+00,-1.000000000000000000e+00,-1.000000000000000000e+00,-1.000000000000000000e+00,-1.000000000000000000e+00,-1.000000000000000000e+00,-1.000000000000000000e+00,-1.000000000000000000e+00,-1.000000000000000000e+00,-1.000000000000000000e+00,-1.000000000000000000e+00,-1.000000000000000000e+00,-1.000000000000000000e+00,-1.000000000000000000e+00,-1.000000000000000000e+00,-1.000000000000000000e+00,-1.000000000000000000e+00,-1.000000000000000000e+00,-1.000000000000000000e+00,-1.000000000000000000e+00,-1.000000000000000000e+00,-1.000000000000000000e+00,-1.000000000000000000e+00,-1.000000000000000000e+00,-1.000000000000000000e+00,-1.000000000000000000e+00,-1.000000000000000000e+00,-1.000000000000000000e+00,-1.000000000000000000e+00,-1.000000000000000000e+00,-1.000000000000000000e+00,-1.000000000000000000e+00,-1.000000000000000000e+00,-1.000000000000000000e+00,-1.000000000000000000e+00,-1.000000000000000000e+00,-1.000000000000000000e+00,-1.000000000000000000e+00,-1.000000000000000000e+00,-1.000000000000000000e+00,-1.000000000000000000e+00,-1.000000000000000000e+00,-1.000000000000000000e+00,-1.000000000000000000e+00,-1.000000000000000000e+00,-1.000000000000000000e+00,-1.000000000000000000e+00,-1.000000000000000000e+00,-1.000000000000000000e+00,-1.000000000000000000e+00,-1.000000000000000000e+00,-1.000000000000000000e+00,-1.000000000000000000e+00,-1.000000000000000000e+00,-1.000000000000000000e+00,-1.000000000000000000e+00
5.011909604072570801e-01,6.837444305419921875e-01,-9.178663162856537383e-08,4.752851128578186035e-01,6.727848649024963379e-01,3.613018488977104425e-04,4.582571089267730713e-01,6.446973085403442383e-01,4.350355011411011219e-04,4.451076090335845947e-01,6.267474293708801270e-01,-1.467706402763724327e-03,4.323403537273406982e-01,6.150310635566711426e-01,-3.022741060703992844e-03,4.739203155040740967e-01,6.007756590843200684e-01,8.052581921219825745e-03,4.557865858078002930e-01,5.788400769233703613e-01,2.288699848577380180e-03,4.380991756916046143e-01,5.703659057617187500e-01,-3.969531971961259842e-03,4.235352873802185059e-01,5.664716362953186035e-01,-8.513302542269229889e-03,4.778153002262115479e-01,5.986974239349365234e-01,2.895569195970892906e-03,4.558276832103729248e-01,5.738205313682556152e-01,-2.442318247631192207e-03,4.359345138072967529e-01,5.657408833503723145e-01,-7.458625361323356628e-03,4.198160469532012939e-01,5.627011656761169434e-01,-1.087517943233251572e-02,4.810830056667327881e-01,6.023260951042175293e-01,-3.771312069147825241e-03,4.583865702152252197e-01,5.789175629615783691e-01,-9.111057035624980927e-03,4.387905299663543701e-01,5.719588398933410645e-01,-1.240766048431396484e-02,4.228390157222747803e-01,5.698466300964355469e-01,-1.448914129287004471e-02,4.825252592563629150e-01,6.114521622657775879e-01,-1.105643901973962784e-02,4.654466211795806885e-01,5.953271389007568359e-01,-1.518272794783115387e-02,4.506945312023162842e-01,5.899068117141723633e-01,-1.707820221781730652e-02,4.376954436302185059e-01,5.879373550415039062e-01,-1.832143403589725494e-02,-1.000000000000000000e+00,-1.000000000000000000e+00,-1.000000000000000000e+00,-1.000000000000000000e+00,-1.000000000000000000e+00,-1.000000000000000000e+00,-1.000000000000000000e+00,-1.000000000000000000e+00,-1.000000000000000000e+00,-1.000000000000000000e+00,-1.000000000000000000e+00,-1.000000000000000000e+00,-1.000000000000000000e+00,-1.000000000000000000e+00,-1.000000000000000000e+00,-1.000000000000000000e+00,-1.000000000000000000e+00,-1.000000000000000000e+00,-1.000000000000000000e+00,-1.000000000000000000e+00,-1.000000000000000000e+00,-1.000000000000000000e+00,-1.000000000000000000e+00,-1.000000000000000000e+00,-1.000000000000000000e+00,-1.000000000000000000e+00,-1.000000000000000000e+00,-1.000000000000000000e+00,-1.000000000000000000e+00,-1.000000000000000000e+00,-1.000000000000000000e+00,-1.000000000000000000e+00,-1.000000000000000000e+00,-1.000000000000000000e+00,-1.000000000000000000e+00,-1.000000000000000000e+00,-1.000000000000000000e+00,-1.000000000000000000e+00,-1.000000000000000000e+00,-1.000000000000000000e+00,-1.000000000000000000e+00,-1.000000000000000000e+00,-1.000000000000000000e+00,-1.000000000000000000e+00,-1.000000000000000000e+00,-1.000000000000000000e+00,-1.000000000000000000e+00,-1.000000000000000000e+00,-1.000000000000000000e+00,-1.000000000000000000e+00,-1.000000000000000000e+00,-1.000000000000000000e+00,-1.000000000000000000e+00,-1.000000000000000000e+00,-1.000000000000000000e+00,-1.000000000000000000e+00,-1.000000000000000000e+00,-1.000000000000000000e+00,-1.000000000000000000e+00,-1.000000000000000000e+00,-1.000000000000000000e+00,-1.000000000000000000e+00,-1.000000000000000000e+00
5.012976527214050293e-01,6.816905736923217773e-01,-1.049079756398896279e-07,4.746822416782379150e-01,6.720619201660156250e-01,1.014920766465365887e-03,4.580207765102386475e-01,6.446979045867919922e-01,1.652360544539988041e-03,4.452051520347595215e-01,6.270522475242614746e-01,6.934288830962032080e-05,4.326418936252593994e-01,6.147027015686035156e-01,-1.319581060670316219e-03,4.723166227340698242e-01,6.004416346549987793e-01,9.842088446021080017e-03,4.547005295753479004e-01,5.793753862380981445e-01,4.625150933861732483e-03,4.370113313198089600e-01,5.710160732269287109e-01,-1.554371672682464123e-03,4.222017526626586914e-01,5.672197341918945312e-01,-6.181580945849418640e-03,4.765984416007995605e-01,5.973584055900573730e-01,4.341353662312030792e-03,4.546813666820526123e-01,5.728425979614257812e-01,-4.839387256652116776e-04,4.350144565105438232e-01,5.651429891586303711e-01,-5.746664013713598251e-03,4.189628064632415771e-01,5.625660419464111328e-01,-9.483126923441886902e-03,4.802067875862121582e-01,6.001022458076477051e-01,-2.667085966095328331e-03,4.576394557952880859e-01,5.762389302253723145e-01,-7.933517917990684509e-03,4.380049407482147217e-01,5.699770450592041016e-01,-1.161094196140766144e-02,4.218356609344482422e-01,5.687343478202819824e-01,-1.402604393661022186e-02,4.817834794521331787e-01,6.083917617797851562e-01,-1.021327916532754898e-02,4.637655913829803467e-01,5.922287702560424805e-01,-1.447109784930944443e-02,4.489603042602539062e-01,5.873749852180480957e-01,-1.656734384596347809e-02,4.358126223087310791e-01,5.858582258224487305e-01,-1.800458878278732300e-02,-1.000000000000000000e+00,-1.000000000000000000e+00,-1.000000000000000000e+00,-1.000000000000000000e+00,-1.000000000000000000e+00,-1.000000000000000000e+00,-1.000000000000000000e+00,-1.000000000000000000e+00,-1.000000000000000000e+00,-1.000000000000000000e+00,-1.000000000000000000e+00,-1.000000000000000000e+00,-1.000000000000000000e+00,-1.000000000000000000e+00,-1.000000000000000000e+00,-1.000000000000000000e+00,-1.000000000000000000e+00,-1.000000000000000000e+00,-1.000000000000000000e+00,-1.000000000000000000e+00,-1.000000000000000000e+00,-1.000000000000000000e+00,-1.000000000000000000e+00,-1.000000000000000000e+00,-1.000000000000000000e+00,-1.000000000000000000e+00,-1.000000000000000000e+00,-1.000000000000000000e+00,-1.000000000000000000e+00,-1.000000000000000000e+00,-1.000000000000000000e+00,-1.000000000000000000e+00,-1.000000000000000000e+00,-1.000000000000000000e+00,-1.000000000000000000e+00,-1.000000000000000000e+00,-1.000000000000000000e+00,-1.000000000000000000e+00,-1.000000000000000000e+00,-1.000000000000000000e+00,-1.000000000000000000e+00,-1.000000000000000000e+00,-1.000000000000000000e+00,-1.000000000000000000e+00,-1.000000000000000000e+00,-1.000000000000000000e+00,-1.000000000000000000e+00,-1.000000000000000000e+00,-1.000000000000000000e+00,-1.000000000000000000e+00,-1.000000000000000000e+00,-1.000000000000000000e+00,-1.000000000000000000e+00,-1.000000000000000000e+00,-1.000000000000000000e+00,-1.000000000000000000e+00,-1.000000000000000000e+00,-1.000000000000000000e+00,-1.000000000000000000e+00,-1.000000000000000000e+00,-1.000000000000000000e+00,-1.000000000000000000e+00,-1.000000000000000000e+00
5.022696852684020996e-01,6.803726553916931152e-01,-9.767175157548990683e-08,4.750057160854339600e-01,6.732668876647949219e-01,2.053017960861325264e-03,4.579916894435882568e-01,6.472944617271423340e-01,3.399078734219074249e-03,4.455351233482360840e-01,6.300944089889526367e-01,2.199098234996199608e-03,4.330422878265380859e-01,6.180481314659118652e-01,1.086781034246087074e-03,4.689108431339263916e-01,6.028221845626831055e-01,1.208004448562860489e-02,4.524743556976318359e-01,5.811706781387329102e-01,7.518088445067405701e-03,4.356081485748291016e-01,5.725957751274108887e-01,1.765681197866797447e-03,4.213818609714508057e-01,5.685209035873413086e-01,-2.684803912416100502e-03,4.732594192028045654e-01,5.992925763130187988e-01,5.945881828665733337e-03,4.526117742061614990e-01,5.735449790954589844e-01,1.291113556362688541e-03,4.336756467819213867e-01,5.657160878181457520e-01,-4.023623652756214142e-03,4.180445969104766846e-01,5.633608698844909668e-01,-7.748189382255077362e-03,4.773143529891967773e-01,6.009947657585144043e-01,-1.729651587083935738e-03,4.558342695236206055e-01,5.762706398963928223e-01,-6.824862677603960037e-03,4.365407228469848633e-01,5.702064037322998047e-01,-1.074247155338525772e-02,4.208571314811706543e-01,5.694043636322021484e-01,-1.332373637706041336e-02,4.799641072750091553e-01,6.072513461112976074e-01,-9.884839877486228943e-03,4.622151851654052734e-01,5.902205109596252441e-01,-1.400698628276586533e-02,4.476138055324554443e-01,5.856595635414123535e-01,-1.624724082648754120e-02,4.350222051143646240e-01,5.846101045608520508e-01,-1.786986179649829865e-02,-1.000000000000000000e+00,-1.000000000000000000e+00,-1.000000000000000000e+00,-1.000000000000000000e+00,-1.000000000000000000e+00,-1.000000000000000000e+00,-1.000000000000000000e+00,-1.000000000000000000e+00,-1.000000000000000000e+00,-1.000000000000000000e+00,-1.000000000000000000e+00,-1.000000000000000000e+00,-1.000000000000000000e+00,-1.000000000000000000e+00,-1.000000000000000000e+00,-1.000000000000000000e+00,-1.000000000000000000e+00,-1.000000000000000000e+00,-1.000000000000000000e+00,-1.000000000000000000e+00,-1.000000000000000000e+00,-1.000000000000000000e+00,-1.000000000000000000e+00,-1.000000000000000000e+00,-1.000000000000000000e+00,-1.000000000000000000e+00,-1.000000000000000000e+00,-1.000000000000000000e+00,-1.000000000000000000e+00,-1.000000000000000000e+00,-1.000000000000000000e+00,-1.000000000000000000e+00,-1.000000000000000000e+00,-1.000000000000000000e+00,-1.000000000000000000e+00,-1.000000000000000000e+00,-1.000000000000000000e+00,-1.000000000000000000e+00,-1.000000000000000000e+00,-1.000000000000000000e+00,-1.000000000000000000e+00,-1.000000000000000000e+00,-1.000000000000000000e+00,-1.000000000000000000e+00,-1.000000000000000000e+00,-1.000000000000000000e+00,-1.000000000000000000e+00,-1.000000000000000000e+00,-1.000000000000000000e+00,-1.000000000000000000e+00,-1.000000000000000000e+00,-1.000000000000000000e+00,-1.000000000000000000e+00,-1.000000000000000000e+00,-1.000000000000000000e+00,-1.000000000000000000e+00,-1.000000000000000000e+00,-1.000000000000000000e+00,-1.000000000000000000e+00,-1.000000000000000000e+00,-1.000000000000000000e+00,-1.000000000000000000e+00,-1.000000000000000000e+00
5.022696852684020996e-01,6.803726553916931152e-01,-9.767175157548990683e-08,4.750057160854339600e-01,6.732668876647949219e-01,2.053017960861325264e-03,4.579916894435882568e-01,6.472944617271423340e-01,3.399078734219074249e-03,4.455351233482360840e-01,6.300944089889526367e-01,2.199098234996199608e-03,4.330422878265380859e-01,6.180481314659118652e-01,1.086781034246087074e-03,4.689108431339263916e-01,6.028221845626831055e-01,1.208004448562860489e-02,4.524743556976318359e-01,5.811706781387329102e-01,7.518088445067405701e-03,4.356081485748291016e-01,5.725957751274108887e-01,1.765681197866797447e-03,4.213818609714508057e-01,5.685209035873413086e-01,-2.684803912416100502e-03,4.732594192028045654e-01,5.992925763130187988e-01,5.945881828665733337e-03,4.526117742061614990e-01,5.735449790954589844e-01,1.291113556362688541e-03,4.336756467819213867e-01,5.657160878181457520e-01,-4.023623652756214142e-03,4.180445969104766846e-01,5.633608698844909668e-01,-7.748189382255077362e-03,4.773143529891967773e-01,6.009947657585144043e-01,-1.729651587083935738e-03,4.558342695236206055e-01,5.762706398963928223e-01,-6.824862677603960037e-03,4.365407228469848633e-01,5.702064037322998047e-01,-1.074247155338525772e-02,4.208571314811706543e-01,5.694043636322021484e-01,-1.332373637706041336e-02,4.799641072750091553e-01,6.072513461112976074e-01,-9.884839877486228943e-03,4.622151851654052734e-01,5.902205109596252441e-01,-1.400698628276586533e-02,4.476138055324554443e-01,5.856595635414123535e-01,-1.624724082648754120e-02,4.350222051143646240e-01,5.846101045608520508e-01,-1.786986179649829865e-02,-1.000000000000000000e+00,-1.000000000000000000e+00,-1.000000000000000000e+00,-1.000000000000000000e+00,-1.000000000000000000e+00,-1.000000000000000000e+00,-1.000000000000000000e+00,-1.000000000000000000e+00,-1.000000000000000000e+00,-1.000000000000000000e+00,-1.000000000000000000e+00,-1.000000000000000000e+00,-1.000000000000000000e+00,-1.000000000000000000e+00,-1.000000000000000000e+00,-1.000000000000000000e+00,-1.000000000000000000e+00,-1.000000000000000000e+00,-1.000000000000000000e+00,-1.000000000000000000e+00,-1.000000000000000000e+00,-1.000000000000000000e+00,-1.000000000000000000e+00,-1.000000000000000000e+00,-1.000000000000000000e+00,-1.000000000000000000e+00,-1.000000000000000000e+00,-1.000000000000000000e+00,-1.000000000000000000e+00,-1.000000000000000000e+00,-1.000000000000000000e+00,-1.000000000000000000e+00,-1.000000000000000000e+00,-1.000000000000000000e+00,-1.000000000000000000e+00,-1.000000000000000000e+00,-1.000000000000000000e+00,-1.000000000000000000e+00,-1.000000000000000000e+00,-1.000000000000000000e+00,-1.000000000000000000e+00,-1.000000000000000000e+00,-1.000000000000000000e+00,-1.000000000000000000e+00,-1.000000000000000000e+00,-1.000000000000000000e+00,-1.000000000000000000e+00,-1.000000000000000000e+00,-1.000000000000000000e+00,-1.000000000000000000e+00,-1.000000000000000000e+00,-1.000000000000000000e+00,-1.000000000000000000e+00,-1.000000000000000000e+00,-1.000000000000000000e+00,-1.000000000000000000e+00,-1.000000000000000000e+00,-1.000000000000000000e+00,-1.000000000000000000e+00,-1.000000000000000000e+00,-1.000000000000000000e+00,-1.000000000000000000e+00,-1.000000000000000000e+00
5.039256215095520020e-01,6.810109615325927734e-01,-7.638758603434325778e-08,4.761493504047393799e-01,6.749641895294189453e-01,2.635969081893563271e-03,4.581725597381591797e-01,6.509781479835510254e-01,4.708761349320411682e-03,4.451327025890350342e-01,6.355997323989868164e-01,4.140529781579971313e-03,4.328234493732452393e-01,6.254633665084838867e-01,3.643334610387682915e-03,4.669828712940216064e-01,6.078264117240905762e-01,1.405259873718023300e-02,4.509622454643249512e-01,5.859749317169189453e-01,1.084796525537967682e-02,4.354467093944549561e-01,5.764129161834716797e-01,6.102761253714561462e-03,4.220585525035858154e-01,5.708430409431457520e-01,2.154442947357892990e-03,4.711961150169372559e-01,6.037067770957946777e-01,7.952162064611911774e-03,4.517617821693420410e-01,5.774837732315063477e-01,4.153543617576360703e-03,4.339245855808258057e-01,5.687677264213562012e-01,-7.951036095619201660e-04,4.186975657939910889e-01,5.653149485588073730e-01,-4.315807949751615524e-03,4.752351343631744385e-01,6.039777994155883789e-01,3.453711397014558315e-04,4.552076458930969238e-01,5.784205198287963867e-01,-4.113486967980861664e-03,4.369863867759704590e-01,5.718985199928283691e-01,-7.967438548803329468e-03,4.220104217529296875e-01,5.708120465278625488e-01,-1.051754504442214966e-02,4.781613349914550781e-01,6.078006029129028320e-01,-7.701302412897348404e-03,4.612928032875061035e-01,5.902464389801025391e-01,-1.115435827523469925e-02,4.474340975284576416e-01,5.852193832397460938e-01,-1.315345335751771927e-02,4.352920353412628174e-01,5.840662121772766113e-01,-1.470121089369058609e-02,-1.000000000000000000e+00,-1.000000000000000000e+00,-1.000000000000000000e+00,-1.000000000000000000e+00,-1.000000000000000000e+00,-1.000000000000000000e+00,-1.000000000000000000e+00,-1.000000000000000000e+00,-1.000000000000000000e+00,-1.000000000000000000e+00,-1.000000000000000000e+00,-1.000000000000000000e+00,-1.000000000000000000e+00,-1.000000000000000000e+00,-1.000000000000000000e+00,-1.000000000000000000e+00,-1.000000000000000000e+00,-1.000000000000000000e+00,-1.000000000000000000e+00,-1.000000000000000000e+00,-1.000000000000000000e+00,-1.000000000000000000e+00,-1.000000000000000000e+00,-1.000000000000000000e+00,-1.000000000000000000e+00,-1.000000000000000000e+00,-1.000000000000000000e+00,-1.000000000000000000e+00,-1.000000000000000000e+00,-1.000000000000000000e+00,-1.000000000000000000e+00,-1.000000000000000000e+00,-1.000000000000000000e+00,-1.000000000000000000e+00,-1.000000000000000000e+00,-1.000000000000000000e+00,-1.000000000000000000e+00,-1.000000000000000000e+00,-1.000000000000000000e+00,-1.000000000000000000e+00,-1.000000000000000000e+00,-1.000000000000000000e+00,-1.000000000000000000e+00,-1.000000000000000000e+00,-1.000000000000000000e+00,-1.000000000000000000e+00,-1.000000000000000000e+00,-1.000000000000000000e+00,-1.000000000000000000e+00,-1.000000000000000000e+00,-1.000000000000000000e+00,-1.000000000000000000e+00,-1.000000000000000000e+00,-1.000000000000000000e+00,-1.000000000000000000e+00,-1.000000000000000000e+00,-1.000000000000000000e+00,-1.000000000000000000e+00,-1.000000000000000000e+00,-1.000000000000000000e+00,-1.000000000000000000e+00,-1.000000000000000000e+00,-1.000000000000000000e+00
5.084039568901062012e-01,6.825057864189147949e-01,-1.103474716046548565e-07,4.808801710605621338e-01,6.803276538848876953e-01,2.250700257718563080e-03,4.604968726634979248e-01,6.605618596076965332e-01,4.664015956223011017e-03,4.462162554264068604e-01,6.467480659484863281e-01,4.458259325474500656e-03,4.338684976100921631e-01,6.364546418190002441e-01,4.222531337291002274e-03,4.653109908103942871e-01,6.218438148498535156e-01,1.377131789922714233e-02,4.457710981369018555e-01,6.030947566032409668e-01,1.049544010311365128e-02,4.292831420898437500e-01,5.941073894500732422e-01,5.503597669303417206e-03,4.154742360115051270e-01,5.887638330459594727e-01,1.483029336668550968e-03,4.686177670955657959e-01,6.150808930397033691e-01,7.987353950738906860e-03,4.467100501060485840e-01,5.921452641487121582e-01,4.001409746706485748e-03,4.282638132572174072e-01,5.843363404273986816e-01,-1.549239153973758221e-03,4.126214981079101562e-01,5.808342695236206055e-01,-5.455453880131244659e-03,4.730153679847717285e-01,6.110866069793701172e-01,7.663940195925533772e-04,4.518229663372039795e-01,5.861725807189941406e-01,-3.929899539798498154e-03,4.327839016914367676e-01,5.793384909629821777e-01,-8.170528337359428406e-03,4.172554612159729004e-01,5.772405862808227539e-01,-1.073121279478073120e-02,4.779126346111297607e-01,6.090756654739379883e-01,-6.883213296532630920e-03,4.590737223625183105e-01,5.883205533027648926e-01,-1.085759792476892471e-02,4.437650144100189209e-01,5.819940567016601562e-01,-1.284586172550916672e-02,4.307477772235870361e-01,5.806081295013427734e-01,-1.409172266721725464e-02,-1.000000000000000000e+00,-1.000000000000000000e+00,-1.000000000000000000e+00,-1.000000000000000000e+00,-1.000000000000000000e+00,-1.000000000000000000e+00,-1.000000000000000000e+00,-1.000000000000000000e+00,-1.000000000000000000e+00,-1.000000000000000000e+00,-1.000000000000000000e+00,-1.000000000000000000e+00,-1.000000000000000000e+00,-1.000000000000000000e+00,-1.000000000000000000e+00,-1.000000000000000000e+00,-1.000000000000000000e+00,-1.000000000000000000e+00,-1.000000000000000000e+00,-1.000000000000000000e+00,-1.000000000000000000e+00,-1.000000000000000000e+00,-1.000000000000000000e+00,-1.000000000000000000e+00,-1.000000000000000000e+00,-1.000000000000000000e+00,-1.000000000000000000e+00,-1.000000000000000000e+00,-1.000000000000000000e+00,-1.000000000000000000e+00,-1.000000000000000000e+00,-1.000000000000000000e+00,-1.000000000000000000e+00,-1.000000000000000000e+00,-1.000000000000000000e+00,-1.000000000000000000e+00,-1.000000000000000000e+00,-1.000000000000000000e+00,-1.000000000000000000e+00,-1.000000000000000000e+00,-1.000000000000000000e+00,-1.000000000000000000e+00,-1.000000000000000000e+00,-1.000000000000000000e+00,-1.000000000000000000e+00,-1.000000000000000000e+00,-1.000000000000000000e+00,-1.000000000000000000e+00,-1.000000000000000000e+00,-1.000000000000000000e+00,-1.000000000000000000e+00,-1.000000000000000000e+00,-1.000000000000000000e+00,-1.000000000000000000e+00,-1.000000000000000000e+00,-1.000000000000000000e+00,-1.000000000000000000e+00,-1.000000000000000000e+00,-1.000000000000000000e+00,-1.000000000000000000e+00,-1.000000000000000000e+00,-1.000000000000000000e+00,-1.000000000000000000e+00
5.071504712104797363e-01,6.819910407066345215e-01,-6.688613041205826448e-08,4.808379411697387695e-01,6.798074245452880859e-01,2.967608626931905746e-03,4.616474509239196777e-01,6.608908772468566895e-01,5.802743136882781982e-03,4.479453563690185547e-01,6.479837298393249512e-01,6.018735934048891068e-03,4.349150657653808594e-01,6.379849314689636230e-01,6.211617961525917053e-03,4.640220105648040771e-01,6.214870214462280273e-01,1.457547675818204880e-02,4.454594254493713379e-01,6.047240495681762695e-01,1.195467542856931686e-02,4.300017058849334717e-01,5.972044467926025391e-01,7.569591514766216278e-03,4.165112078189849854e-01,5.920195579528808594e-01,3.948255907744169235e-03,4.673571288585662842e-01,6.139906048774719238e-01,8.994944393634796143e-03,4.467159509658813477e-01,5.931478738784790039e-01,6.172560621052980423e-03,4.293716549873352051e-01,5.852283835411071777e-01,1.410875236615538597e-03,4.138829410076141357e-01,5.803924798965454102e-01,-2.125484403222799301e-03,4.721204638481140137e-01,6.099312305450439453e-01,2.066152403131127357e-03,4.518153667449951172e-01,5.871942043304443359e-01,-1.704148715361952782e-03,4.343160092830657959e-01,5.803418755531311035e-01,-5.198550876230001450e-03,4.193721711635589600e-01,5.777196884155273438e-01,-7.330743130296468735e-03,4.773294925689697266e-01,6.086935997009277344e-01,-5.253829993307590485e-03,4.597547054290771484e-01,5.892227888107299805e-01,-8.486514911055564880e-03,4.449971914291381836e-01,5.827568769454956055e-01,-1.009469758719205856e-02,4.316060543060302734e-01,5.813649892807006836e-01,-1.109594292938709259e-02,-1.000000000000000000e+00,-1.000000000000000000e+00,-1.000000000000000000e+00,-1.000000000000000000e+00,-1.000000000000000000e+00,-1.000000000000000000e+00,-1.000000000000000000e+00,-1.000000000000000000e+00,-1.000000000000000000e+00,-1.000000000000000000e+00,-1.000000000000000000e+00,-1.000000000000000000e+00,-1.000000000000000000e+00,-1.000000000000000000e+00,-1.000000000000000000e+00,-1.000000000000000000e+00,-1.000000000000000000e+00,-1.000000000000000000e+00,-1.000000000000000000e+00,-1.000000000000000000e+00,-1.000000000000000000e+00,-1.000000000000000000e+00,-1.000000000000000000e+00,-1.000000000000000000e+00,-1.000000000000000000e+00,-1.000000000000000000e+00,-1.000000000000000000e+00,-1.000000000000000000e+00,-1.000000000000000000e+00,-1.000000000000000000e+00,-1.000000000000000000e+00,-1.000000000000000000e+00,-1.000000000000000000e+00,-1.000000000000000000e+00,-1.000000000000000000e+00,-1.000000000000000000e+00,-1.000000000000000000e+00,-1.000000000000000000e+00,-1.000000000000000000e+00,-1.000000000000000000e+00,-1.000000000000000000e+00,-1.000000000000000000e+00,-1.000000000000000000e+00,-1.000000000000000000e+00,-1.000000000000000000e+00,-1.000000000000000000e+00,-1.000000000000000000e+00,-1.000000000000000000e+00,-1.000000000000000000e+00,-1.000000000000000000e+00,-1.000000000000000000e+00,-1.000000000000000000e+00,-1.000000000000000000e+00,-1.000000000000000000e+00,-1.000000000000000000e+00,-1.000000000000000000e+00,-1.000000000000000000e+00,-1.000000000000000000e+00,-1.000000000000000000e+00,-1.000000000000000000e+00,-1.000000000000000000e+00,-1.000000000000000000e+00,-1.000000000000000000e+00
5.071504712104797363e-01,6.819910407066345215e-01,-6.688613041205826448e-08,4.808379411697387695e-01,6.798074245452880859e-01,2.967608626931905746e-03,4.616474509239196777e-01,6.608908772468566895e-01,5.802743136882781982e-03,4.479453563690185547e-01,6.479837298393249512e-01,6.018735934048891068e-03,4.349150657653808594e-01,6.379849314689636230e-01,6.211617961525917053e-03,4.640220105648040771e-01,6.214870214462280273e-01,1.457547675818204880e-02,4.454594254493713379e-01,6.047240495681762695e-01,1.195467542856931686e-02,4.300017058849334717e-01,5.972044467926025391e-01,7.569591514766216278e-03,4.165112078189849854e-01,5.920195579528808594e-01,3.948255907744169235e-03,4.673571288585662842e-01,6.139906048774719238e-01,8.994944393634796143e-03,4.467159509658813477e-01,5.931478738784790039e-01,6.172560621052980423e-03,4.293716549873352051e-01,5.852283835411071777e-01,1.410875236615538597e-03,4.138829410076141357e-01,5.803924798965454102e-01,-2.125484403222799301e-03,4.721204638481140137e-01,6.099312305450439453e-01,2.066152403131127357e-03,4.518153667449951172e-01,5.871942043304443359e-01,-1.704148715361952782e-03,4.343160092830657959e-01,5.803418755531311035e-01,-5.198550876230001450e-03,4.193721711635589600e-01,5.777196884155273438e-01,-7.330743130296468735e-03,4.773294925689697266e-01,6.086935997009277344e-01,-5.253829993307590485e-03,4.597547054290771484e-01,5.892227888107299805e-01,-8.486514911055564880e-03,4.449971914291381836e-01,5.827568769454956055e-01,-1.009469758719205856e-02,4.316060543060302734e-01,5.813649892807006836e-01,-1.109594292938709259e-02,-1.000000000000000000e+00,-1.000000000000000000e+00,-1.000000000000000000e+00,-1.000000000000000000e+00,-1.000000000000000000e+00,-1.000000000000000000e+00,-1.000000000000000000e+00,-1.000000000000000000e+00,-1.000000000000000000e+00,-1.000000000000000000e+00,-1.000000000000000000e+00,-1.000000000000000000e+00,-1.000000000000000000e+00,-1.000000000000000000e+00,-1.000000000000000000e+00,-1.000000000000000000e+00,-1.000000000000000000e+00,-1.000000000000000000e+00,-1.000000000000000000e+00,-1.000000000000000000e+00,-1.000000000000000000e+00,-1.000000000000000000e+00,-1.000000000000000000e+00,-1.000000000000000000e+00,-1.000000000000000000e+00,-1.000000000000000000e+00,-1.000000000000000000e+00,-1.000000000000000000e+00,-1.000000000000000000e+00,-1.000000000000000000e+00,-1.000000000000000000e+00,-1.000000000000000000e+00,-1.000000000000000000e+00,-1.000000000000000000e+00,-1.000000000000000000e+00,-1.000000000000000000e+00,-1.000000000000000000e+00,-1.000000000000000000e+00,-1.000000000000000000e+00,-1.000000000000000000e+00,-1.000000000000000000e+00,-1.000000000000000000e+00,-1.000000000000000000e+00,-1.000000000000000000e+00,-1.000000000000000000e+00,-1.000000000000000000e+00,-1.000000000000000000e+00,-1.000000000000000000e+00,-1.000000000000000000e+00,-1.000000000000000000e+00,-1.000000000000000000e+00,-1.000000000000000000e+00,-1.000000000000000000e+00,-1.000000000000000000e+00,-1.000000000000000000e+00,-1.000000000000000000e+00,-1.000000000000000000e+00,-1.000000000000000000e+00,-1.000000000000000000e+00,-1.000000000000000000e+00,-1.000000000000000000e+00,-1.000000000000000000e+00,-1.000000000000000000e+00
5.065504908561706543e-01,6.814945340156555176e-01,-6.370252236820306280e-08,4.808690249919891357e-01,6.795546412467956543e-01,2.122287405654788017e-03,4.615200161933898926e-01,6.606439352035522461e-01,4.464668221771717072e-03,4.476748108863830566e-01,6.476469635963439941e-01,4.390482325106859207e-03,4.345589280128479004e-01,6.374230980873107910e-01,4.349601920694112778e-03,4.640642106533050537e-01,6.215973496437072754e-01,1.300871185958385468e-02,4.455049633979797363e-01,6.048312783241271973e-01,9.879527613520622253e-03,4.297301471233367920e-01,5.973767638206481934e-01,5.283419508486986160e-03,4.160404205322265625e-01,5.923715829849243164e-01,1.589673338457942009e-03,4.675102233886718750e-01,6.141202449798583984e-01,7.723932154476642609e-03,4.468359351158142090e-01,5.933880209922790527e-01,4.370856098830699921e-03,4.292126595973968506e-01,5.855957865715026855e-01,-5.029496387578547001e-04,4.136263430118560791e-01,5.809148550033569336e-01,-3.994860686361789703e-03,4.722935557365417480e-01,6.100568771362304688e-01,1.098943874239921570e-03,4.518882334232330322e-01,5.872794985771179199e-01,-3.092687111347913742e-03,4.341924190521240234e-01,5.804219841957092285e-01,-6.561500951647758484e-03,4.192479252815246582e-01,5.777608752250671387e-01,-8.530163206160068512e-03,4.775334596633911133e-01,6.088755130767822266e-01,-5.968024954199790955e-03,4.598889946937561035e-01,5.892412662506103516e-01,-9.517672471702098846e-03,4.449937641620635986e-01,5.824257731437683105e-01,-1.115694642066955566e-02,4.315317273139953613e-01,5.807704329490661621e-01,-1.205176953226327896e-02,-1.000000000000000000e+00,-1.000000000000000000e+00,-1.000000000000000000e+00,-1.000000000000000000e+00,-1.000000000000000000e+00,-1.000000000000000000e+00,-1.000000000000000000e+00,-1.000000000000000000e+00,-1.000000000000000000e+00,-1.000000000000000000e+00,-1.000000000000000000e+00,-1.000000000000000000e+00,-1.000000000000000000e+00,-1.000000000000000000e+00,-1.000000000000000000e+00,-1.000000000000000000e+00,-1.000000000000000000e+00,-1.000000000000000000e+00,-1.000000000000000000e+00,-1.000000000000000000e+00,-1.000000000000000000e+00,-1.000000000000000000e+00,-1.000000000000000000e+00,-1.000000000000000000e+00,-1.000000000000000000e+00,-1.000000000000000000e+00,-1.000000000000000000e+00,-1.000000000000000000e+00,-1.000000000000000000e+00,-1.000000000000000000e+00,-1.000000000000000000e+00,-1.000000000000000000e+00,-1.000000000000000000e+00,-1.000000000000000000e+00,-1.000000000000000000e+00,-1.000000000000000000e+00,-1.000000000000000000e+00,-1.000000000000000000e+00,-1.000000000000000000e+00,-1.000000000000000000e+00,-1.000000000000000000e+00,-1.000000000000000000e+00,-1.000000000000000000e+00,-1.000000000000000000e+00,-1.000000000000000000e+00,-1.000000000000000000e+00,-1.000000000000000000e+00,-1.000000000000000000e+00,-1.000000000000000000e+00,-1.000000000000000000e+00,-1.000000000000000000e+00,-1.000000000000000000e+00,-1.000000000000000000e+00,-1.000000000000000000e+00,-1.000000000000000000e+00,-1.000000000000000000e+00,-1.000000000000000000e+00,-1.000000000000000000e+00,-1.000000000000000000e+00,-1.000000000000000000e+00,-1.000000000000000000e+00,-1.000000000000000000e+00,-1.000000000000000000e+00
5.108520388603210449e-01,6.798011064529418945e-01,-6.596355461851999280e-08,4.866083562374114990e-01,6.795955896377563477e-01,-6.525000208057463169e-04,4.662828743457794189e-01,6.618130207061767578e-01,2.964106170111335814e-05,4.519476592540740967e-01,6.482665538787841797e-01,-1.103345653973519802e-03,4.382234215736389160e-01,6.380604505538940430e-01,-2.094171475619077682e-03,4.673779010772705078e-01,6.200461983680725098e-01,8.655708283185958862e-03,4.481118321418762207e-01,6.029713749885559082e-01,4.071943927556276321e-03,4.322787821292877197e-01,5.954556465148925781e-01,-1.677393564023077488e-03,4.180210530757904053e-01,5.906683802604675293e-01,-6.113491021096706390e-03,4.716106355190277100e-01,6.120056509971618652e-01,4.389713518321514130e-03,4.508629739284515381e-01,5.911135673522949219e-01,-1.263026570086367428e-05,4.328554272651672363e-01,5.834919214248657227e-01,-5.710829515010118484e-03,4.163793027400970459e-01,5.798701047897338867e-01,-9.834725409746170044e-03,4.773101210594177246e-01,6.073451042175292969e-01,-1.240357407368719578e-03,4.580172300338745117e-01,5.840189456939697266e-01,-6.272504571825265884e-03,4.397845566272735596e-01,5.762687921524047852e-01,-1.028533000499010086e-02,4.235852956771850586e-01,5.734872221946716309e-01,-1.265600416809320450e-02,4.839418828487396240e-01,6.058378219604492188e-01,-7.464037276804447174e-03,4.674811959266662598e-01,5.849516987800598145e-01,-1.183709688484668732e-02,4.526589214801788330e-01,5.783950686454772949e-01,-1.360833179205656052e-02,4.391082823276519775e-01,5.776931047439575195e-01,-1.450003869831562042e-02,-1.000000000000000000e+00,-1.000000000000000000e+00,-1.000000000000000000e+00,-1.000000000000000000e+00,-1.000000000000000000e+00,-1.000000000000000000e+00,-1.000000000000000000e+00,-1.000000000000000000e+00,-1.000000000000000000e+00,-1.000000000000000000e+00,-1.000000000000000000e+00,-1.000000000000000000e+00,-1.000000000000000000e+00,-1.000000000000000000e+00,-1.000000000000000000e+00,-1.000000000000000000e+00,-1.000000000000000000e+00,-1.000000000000000000e+00,-1.000000000000000000e+00,-1.000000000000000000e+00,-1.000000000000000000e+00,-1.000000000000000000e+00,-1.000000000000000000e+00,-1.000000000000000000e+00,-1.000000000000000000e+00,-1.000000000000000000e+00,-1.000000000000000000e+00,-1.000000000000000000e+00,-1.000000000000000000e+00,-1.000000000000000000e+00,-1.000000000000000000e+00,-1.000000000000000000e+00,-1.000000000000000000e+00,-1.000000000000000000e+00,-1.000000000000000000e+00,-1.000000000000000000e+00,-1.000000000000000000e+00,-1.000000000000000000e+00,-1.000000000000000000e+00,-1.000000000000000000e+00,-1.000000000000000000e+00,-1.000000000000000000e+00,-1.000000000000000000e+00,-1.000000000000000000e+00,-1.000000000000000000e+00,-1.000000000000000000e+00,-1.000000000000000000e+00,-1.000000000000000000e+00,-1.000000000000000000e+00,-1.000000000000000000e+00,-1.000000000000000000e+00,-1.000000000000000000e+00,-1.000000000000000000e+00,-1.000000000000000000e+00,-1.000000000000000000e+00,-1.000000000000000000e+00,-1.000000000000000000e+00,-1.000000000000000000e+00,-1.000000000000000000e+00,-1.000000000000000000e+00,-1.000000000000000000e+00,-1.000000000000000000e+00,-1.000000000000000000e+00
5.114981532096862793e-01,6.796797513961791992e-01,-5.769292599211439665e-08,4.862962067127227783e-01,6.799201369285583496e-01,-7.199149113148450851e-04,4.656111598014831543e-01,6.616485118865966797e-01,2.472342202963773161e-05,4.508537948131561279e-01,6.477835178375244141e-01,-1.103147165849804878e-03,4.367345571517944336e-01,6.364185810089111328e-01,-2.075852360576391220e-03,4.674277305603027344e-01,6.197613477706909180e-01,8.926884271204471588e-03,4.485177099704742432e-01,6.023032665252685547e-01,4.561088047921657562e-03,4.329064190387725830e-01,5.948274135589599609e-01,-9.903822792693972588e-04,4.186499714851379395e-01,5.899735689163208008e-01,-5.340524017810821533e-03,4.715429246425628662e-01,6.116020679473876953e-01,4.581601358950138092e-03,4.509254097938537598e-01,5.910342931747436523e-01,-3.117688174825161695e-05,4.324869215488433838e-01,5.834047198295593262e-01,-5.889480933547019958e-03,4.156330823898315430e-01,5.796071887016296387e-01,-1.008275337517261505e-02,4.771845340728759766e-01,6.070217490196228027e-01,-1.179823419079184532e-03,4.579002857208251953e-01,5.835541486740112305e-01,-6.402306724339723587e-03,4.394016861915588379e-01,5.763458609580993652e-01,-1.073717605322599411e-02,4.231603145599365234e-01,5.739679336547851562e-01,-1.327930856496095657e-02,4.837810099124908447e-01,6.057198643684387207e-01,-7.546680513769388199e-03,4.666292071342468262e-01,5.849491357803344727e-01,-1.209166273474693298e-02,4.511195421218872070e-01,5.783224105834960938e-01,-1.431259699165821075e-02,4.370242059230804443e-01,5.773812532424926758e-01,-1.548686530441045761e-02,-1.000000000000000000e+00,-1.000000000000000000e+00,-1.000000000000000000e+00,-1.000000000000000000e+00,-1.000000000000000000e+00,-1.000000000000000000e+00,-1.000000000000000000e+00,-1.000000000000000000e+00,-1.000000000000000000e+00,-1.000000000000000000e+00,-1.000000000000000000e+00,-1.000000000000000000e+00,-1.000000000000000000e+00,-1.000000000000000000e+00,-1.000000000000000000e+00,-1.000000000000000000e+00,-1.000000000000000000e+00,-1.000000000000000000e+00,-1.000000000000000000e+00,-1.000000000000000000e+00,-1.000000000000000000e+00,-1.000000000000000000e+00,-1.000000000000000000e+00,-1.000000000000000000e+00,-1.000000000000000000e+00,-1.000000000000000000e+00,-1.000000000000000000e+00,-1.000000000000000000e+00,-1.000000000000000000e+00,-1.000000000000000000e+00,-1.000000000000000000e+00,-1.000000000000000000e+00,-1.000000000000000000e+00,-1.000000000000000000e+00,-1.000000000000000000e+00,-1.000000000000000000e+00,-1.000000000000000000e+00,-1.000000000000000000e+00,-1.000000000000000000e+00,-1.000000000000000000e+00,-1.000000000000000000e+00,-1.000000000000000000e+00,-1.000000000000000000e+00,-1.000000000000000000e+00,-1.000000000000000000e+00,-1.000000000000000000e+00,-1.000000000000000000e+00,-1.000000000000000000e+00,-1.000000000000000000e+00,-1.000000000000000000e+00,-1.000000000000000000e+00,-1.000000000000000000e+00,-1.000000000000000000e+00,-1.000000000000000000e+00,-1.000000000000000000e+00,-1.000000000000000000e+00,-1.000000000000000000e+00,-1.000000000000000000e+00,-1.000000000000000000e+00,-1.000000000000000000e+00,-1.000000000000000000e+00,-1.000000000000000000e+00,-1.000000000000000000e+00
5.114981532096862793e-01,6.796797513961791992e-01,-5.769292599211439665e-08,4.862962067127227783e-01,6.799201369285583496e-01,-7.199149113148450851e-04,4.656111598014831543e-01,6.616485118865966797e-01,2.472342202963773161e-05,4.508537948131561279e-01,6.477835178375244141e-01,-1.103147165849804878e-03,4.367345571517944336e-01,6.364185810089111328e-01,-2.075852360576391220e-03,4.674277305603027344e-01,6.197613477706909180e-01,8.926884271204471588e-03,4.485177099704742432e-01,6.023032665252685547e-01,4.561088047921657562e-03,4.329064190387725830e-01,5.948274135589599609e-01,-9.903822792693972588e-04,4.186499714851379395e-01,5.899735689163208008e-01,-5.340524017810821533e-03,4.715429246425628662e-01,6.116020679473876953e-01,4.581601358950138092e-03,4.509254097938537598e-01,5.910342931747436523e-01,-3.117688174825161695e-05,4.324869215488433838e-01,5.834047198295593262e-01,-5.889480933547019958e-03,4.156330823898315430e-01,5.796071887016296387e-01,-1.008275337517261505e-02,4.771845340728759766e-01,6.070217490196228027e-01,-1.179823419079184532e-03,4.579002857208251953e-01,5.835541486740112305e-01,-6.402306724339723587e-03,4.394016861915588379e-01,5.763458609580993652e-01,-1.073717605322599411e-02,4.231603145599365234e-01,5.739679336547851562e-01,-1.327930856496095657e-02,4.837810099124908447e-01,6.057198643684387207e-01,-7.546680513769388199e-03,4.666292071342468262e-01,5.849491357803344727e-01,-1.209166273474693298e-02,4.511195421218872070e-01,5.783224105834960938e-01,-1.431259699165821075e-02,4.370242059230804443e-01,5.773812532424926758e-01,-1.548686530441045761e-02,-1.000000000000000000e+00,-1.000000000000000000e+00,-1.000000000000000000e+00,-1.000000000000000000e+00,-1.000000000000000000e+00,-1.000000000000000000e+00,-1.000000000000000000e+00,-1.000000000000000000e+00,-1.000000000000000000e+00,-1.000000000000000000e+00,-1.000000000000000000e+00,-1.000000000000000000e+00,-1.000000000000000000e+00,-1.000000000000000000e+00,-1.000000000000000000e+00,-1.000000000000000000e+00,-1.000000000000000000e+00,-1.000000000000000000e+00,-1.000000000000000000e+00,-1.000000000000000000e+00,-1.000000000000000000e+00,-1.000000000000000000e+00,-1.000000000000000000e+00,-1.000000000000000000e+00,-1.000000000000000000e+00,-1.000000000000000000e+00,-1.000000000000000000e+00,-1.000000000000000000e+00,-1.000000000000000000e+00,-1.000000000000000000e+00,-1.000000000000000000e+00,-1.000000000000000000e+00,-1.000000000000000000e+00,-1.000000000000000000e+00,-1.000000000000000000e+00,-1.000000000000000000e+00,-1.000000000000000000e+00,-1.000000000000000000e+00,-1.000000000000000000e+00,-1.000000000000000000e+00,-1.000000000000000000e+00,-1.000000000000000000e+00,-1.000000000000000000e+00,-1.000000000000000000e+00,-1.000000000000000000e+00,-1.000000000000000000e+00,-1.000000000000000000e+00,-1.000000000000000000e+00,-1.000000000000000000e+00,-1.000000000000000000e+00,-1.000000000000000000e+00,-1.000000000000000000e+00,-1.000000000000000000e+00,-1.000000000000000000e+00,-1.000000000000000000e+00,-1.000000000000000000e+00,-1.000000000000000000e+00,-1.000000000000000000e+00,-1.000000000000000000e+00,-1.000000000000000000e+00,-1.000000000000000000e+00,-1.000000000000000000e+00,-1.000000000000000000e+00
5.114681124687194824e-01,6.798819899559020996e-01,-5.191216345679094957e-08,4.861389398574829102e-01,6.796213388442993164e-01,-6.424224120564758778e-04,4.654930531978607178e-01,6.616038680076599121e-01,2.055005315924063325e-04,4.508166611194610596e-01,6.478886604309082031e-01,-8.345480309799313545e-04,4.368768632411956787e-01,6.364402174949645996e-01,-1.715538091957569122e-03,4.673139452934265137e-01,6.200595498085021973e-01,9.329034015536308289e-03,4.487234652042388916e-01,6.024641394615173340e-01,5.102572496980428696e-03,4.333503246307373047e-01,5.947288274765014648e-01,-3.976553271058946848e-04,4.193541407585144043e-01,5.896113514900207520e-01,-4.699874669313430786e-03,4.716215133666992188e-01,6.118298768997192383e-01,5.043053999543190002e-03,4.515789449214935303e-01,5.906684398651123047e-01,6.344155990518629551e-04,4.335805773735046387e-01,5.827732682228088379e-01,-5.125937983393669128e-03,4.171555936336517334e-01,5.788639783859252930e-01,-9.250138886272907257e-03,4.773991107940673828e-01,6.072015166282653809e-01,-6.748266750946640968e-04,4.584347605705261230e-01,5.836927294731140137e-01,-5.633655004203319550e-03,4.401949942111968994e-01,5.763026475906372070e-01,-9.834986180067062378e-03,4.242394864559173584e-01,5.738628506660461426e-01,-1.231185905635356903e-02,4.839988052845001221e-01,6.059156656265258789e-01,-7.010624743998050690e-03,4.670971632003784180e-01,5.851264595985412598e-01,-1.127427443861961365e-02,4.517944753170013428e-01,5.783913135528564453e-01,-1.335931476205587387e-02,4.379242658615112305e-01,5.773905515670776367e-01,-1.447643898427486420e-02,-1.000000000000000000e+00,-1.000000000000000000e+00,-1.000000000000000000e+00,-1.000000000000000000e+00,-1.000000000000000000e+00,-1.000000000000000000e+00,-1.000000000000000000e+00,-1.000000000000000000e+00,-1.000000000000000000e+00,-1.000000000000000000e+00,-1.000000000000000000e+00,-1.000000000000000000e+00,-1.000000000000000000e+00,-1.000000000000000000e+00,-1.000000000000000000e+00,-1.000000000000000000e+00,-1.000000000000000000e+00,-1.000000000000000000e+00,-1.000000000000000000e+00,-1.000000000000000000e+00,-1.000000000000000000e+00,-1.000000000000000000e+00,-1.000000000000000000e+00,-1.000000000000000000e+00,-1.000000000000000000e+00,-1.000000000000000000e+00,-1.000000000000000000e+00,-1.000000000000000000e+00,-1.000000000000000000e+00,-1.000000000000000000e+00,-1.000000000000000000e+00,-1.000000000000000000e+00,-1.000000000000000000e+00,-1.000000000000000000e+00,-1.000000000000000000e+00,-1.000000000000000000e+00,-1.000000000000000000e+00,-1.000000000000000000e+00,-1.000000000000000000e+00,-1.000000000000000000e+00,-1.000000000000000000e+00,-1.000000000000000000e+00,-1.000000000000000000e+00,-1.000000000000000000e+00,-1.000000000000000000e+00,-1.000000000000000000e+00,-1.000000000000000000e+00,-1.000000000000000000e+00,-1.000000000000000000e+00,-1.000000000000000000e+00,-1.000000000000000000e+00,-1.000000000000000000e+00,-1.000000000000000000e+00,-1.000000000000000000e+00,-1.000000000000000000e+00,-1.000000000000000000e+00,-1.000000000000000000e+00,-1.000000000000000000e+00,-1.000000000000000000e+00,-1.000000000000000000e+00,-1.000000000000000000e+00,-1.000000000000000000e+00,-1.000000000000000000e+00
5.114681124687194824e-01,6.798819899559020996e-01,-5.191216345679094957e-08,4.861389398574829102e-01,6.796213388442993164e-01,-6.424224120564758778e-04,4.654930531978607178e-01,6.616038680076599121e-01,2.055005315924063325e-04,4.508166611194610596e-01,6.478886604309082031e-01,-8.345480309799313545e-04,4.368768632411956787e-01,6.364402174949645996e-01,-1.715538091957569122e-03,4.673139452934265137e-01,6.200595498085021973e-01,9.329034015536308289e-03,4.487234652042388916e-01,6.024641394615173340e-01,5.102572496980428696e-03,4.333503246307373047e-01,5.947288274765014648e-01,-3.976553271058946848e-04,4.193541407585144043e-01,5.896113514900207520e-01,-4.699874669313430786e-03,4.716215133666992188e-01,6.118298768997192383e-01,5.043053999543190002e-03,4.515789449214935303e-01,5.906684398651123047e-01,6.344155990518629551e-04,4.335805773735046387e-01,5.827732682228088379e-01,-5.125937983393669128e-03,4.171555936336517334e-01,5.788639783859252930e-01,-9.250138886272907257e-03,4.773991107940673828e-01,6.072015166282653809e-01,-6.748266750946640968e-04,4.584347605705261230e-01,5.836927294731140137e-01,-5.633655004203319550e-03,4.401949942111968994e-01,5.763026475906372070e-01,-9.834986180067062378e-03,4.242394864559173584e-01,5.738628506660461426e-01,-1.231185905635356903e-02,4.839988052845001221e-01,6.059156656265258789e-01,-7.010624743998050690e-03,4.670971632003784180e-01,5.851264595985412598e-01,-1.127427443861961365e-02,4.517944753170013428e-01,5.783913135528564453e-01,-1.335931476205587387e-02,4.379242658615112305e-01,5.773905515670776367e-01,-1.447643898427486420e-02,-1.000000000000000000e+00,-1.000000000000000000e+00,-1.000000000000000000e+00,-1.000000000000000000e+00,-1.000000000000000000e+00,-1.000000000000000000e+00,-1.000000000000000000e+00,-1.000000000000000000e+00,-1.000000000000000000e+00,-1.000000000000000000e+00,-1.000000000000000000e+00,-1.000000000000000000e+00,-1.000000000000000000e+00,-1.000000000000000000e+00,-1.000000000000000000e+00,-1.000000000000000000e+00,-1.000000000000000000e+00,-1.000000000000000000e+00,-1.000000000000000000e+00,-1.000000000000000000e+00,-1.000000000000000000e+00,-1.000000000000000000e+00,-1.000000000000000000e+00,-1.000000000000000000e+00,-1.000000000000000000e+00,-1.000000000000000000e+00,-1.000000000000000000e+00,-1.000000000000000000e+00,-1.000000000000000000e+00,-1.000000000000000000e+00,-1.000000000000000000e+00,-1.000000000000000000e+00,-1.000000000000000000e+00,-1.000000000000000000e+00,-1.000000000000000000e+00,-1.000000000000000000e+00,-1.000000000000000000e+00,-1.000000000000000000e+00,-1.000000000000000000e+00,-1.000000000000000000e+00,-1.000000000000000000e+00,-1.000000000000000000e+00,-1.000000000000000000e+00,-1.000000000000000000e+00,-1.000000000000000000e+00,-1.000000000000000000e+00,-1.000000000000000000e+00,-1.000000000000000000e+00,-1.000000000000000000e+00,-1.000000000000000000e+00,-1.000000000000000000e+00,-1.000000000000000000e+00,-1.000000000000000000e+00,-1.000000000000000000e+00,-1.000000000000000000e+00,-1.000000000000000000e+00,-1.000000000000000000e+00,-1.000000000000000000e+00,-1.000000000000000000e+00,-1.000000000000000000e+00,-1.000000000000000000e+00,-1.000000000000000000e+00,-1.000000000000000000e+00
5.219836831092834473e-01,6.725649237632751465e-01,8.054760769482527394e-08,4.958463013172149658e-01,6.628666520118713379e-01,-5.962121766060590744e-03,4.765497446060180664e-01,6.380118131637573242e-01,-8.159112185239791870e-03,4.628347456455230713e-01,6.175602078437805176e-01,-1.083486899733543396e-02,4.507293999195098877e-01,6.001505851745605469e-01,-1.339214295148849487e-02,4.864094555377960205e-01,5.970988869667053223e-01,-6.712899776175618172e-04,4.706637263298034668e-01,5.709369778633117676e-01,-7.434805855154991150e-03,4.581707119941711426e-01,5.564294457435607910e-01,-1.373982429504394531e-02,4.470085501670837402e-01,5.451422333717346191e-01,-1.822450011968612671e-02,4.955197274684906006e-01,5.886524915695190430e-01,-3.188902046531438828e-03,4.817044436931610107e-01,5.550493001937866211e-01,-8.826122619211673737e-03,4.692104458808898926e-01,5.365438461303710938e-01,-1.471639890223741531e-02,4.580469429492950439e-01,5.226697325706481934e-01,-1.884894818067550659e-02,5.061221718788146973e-01,5.861070156097412109e-01,-7.155507337301969528e-03,4.952449798583984375e-01,5.517555475234985352e-01,-1.271804515272378922e-02,4.848353266716003418e-01,5.323334932327270508e-01,-1.693368144333362579e-02,4.754951596260070801e-01,5.180448293685913086e-01,-1.980429142713546753e-02,5.174435973167419434e-01,5.891032218933105469e-01,-1.201516576111316681e-02,5.125834345817565918e-01,5.605299472808837891e-01,-1.651651039719581604e-02,5.067158937454223633e-01,5.429009199142456055e-01,-1.830667816102504730e-02,5.005108118057250977e-01,5.295178890228271484e-01,-1.944166421890258789e-02,-1.000000000000000000e+00,-1.000000000000000000e+00,-1.000000000000000000e+00,-1.000000000000000000e+00,-1.000000000000000000e+00,-1.000000000000000000e+00,-1.000000000000000000e+00,-1.000000000000000000e+00,-1.000000000000000000e+00,-1.000000000000000000e+00,-1.000000000000000000e+00,-1.000000000000000000e+00,-1.000000000000000000e+00,-1.000000000000000000e+00,-1.000000000000000000e+00,-1.000000000000000000e+00,-1.000000000000000000e+00,-1.000000000000000000e+00,-1.000000000000000000e+00,-1.000000000000000000e+00,-1.000000000000000000e+00,-1.000000000000000000e+00,-1.000000000000000000e+00,-1.000000000000000000e+00,-1.000000000000000000e+00,-1.000000000000000000e+00,-1.000000000000000000e+00,-1.000000000000000000e+00,-1.000000000000000000e+00,-1.000000000000000000e+00,-1.000000000000000000e+00,-1.000000000000000000e+00,-1.000000000000000000e+00,-1.000000000000000000e+00,-1.000000000000000000e+00,-1.000000000000000000e+00,-1.000000000000000000e+00,-1.000000000000000000e+00,-1.000000000000000000e+00,-1.000000000000000000e+00,-1.000000000000000000e+00,-1.000000000000000000e+00,-1.000000000000000000e+00,-1.000000000000000000e+00,-1.000000000000000000e+00,-1.000000000000000000e+00,-1.000000000000000000e+00,-1.000000000000000000e+00,-1.000000000000000000e+00,-1.000000000000000000e+00,-1.000000000000000000e+00,-1.000000000000000000e+00,-1.000000000000000000e+00,-1.000000000000000000e+00,-1.000000000000000000e+00,-1.000000000000000000e+00,-1.000000000000000000e+00,-1.000000000000000000e+00,-1.000000000000000000e+00,-1.000000000000000000e+00,-1.000000000000000000e+00,-1.000000000000000000e+00,-1.000000000000000000e+00
5.219836831092834473e-01,6.725649237632751465e-01,8.054760769482527394e-08,4.958463013172149658e-01,6.628666520118713379e-01,-5.962121766060590744e-03,4.765497446060180664e-01,6.380118131637573242e-01,-8.159112185239791870e-03,4.628347456455230713e-01,6.175602078437805176e-01,-1.083486899733543396e-02,4.507293999195098877e-01,6.001505851745605469e-01,-1.339214295148849487e-02,4.864094555377960205e-01,5.970988869667053223e-01,-6.712899776175618172e-04,4.706637263298034668e-01,5.709369778633117676e-01,-7.434805855154991150e-03,4.581707119941711426e-01,5.564294457435607910e-01,-1.373982429504394531e-02,4.470085501670837402e-01,5.451422333717346191e-01,-1.822450011968612671e-02,4.955197274684906006e-01,5.886524915695190430e-01,-3.188902046531438828e-03,4.817044436931610107e-01,5.550493001937866211e-01,-8.826122619211673737e-03,4.692104458808898926e-01,5.365438461303710938e-01,-1.471639890223741531e-02,4.580469429492950439e-01,5.226697325706481934e-01,-1.884894818067550659e-02,5.061221718788146973e-01,5.861070156097412109e-01,-7.155507337301969528e-03,4.952449798583984375e-01,5.517555475234985352e-01,-1.271804515272378922e-02,4.848353266716003418e-01,5.323334932327270508e-01,-1.693368144333362579e-02,4.754951596260070801e-01,5.180448293685913086e-01,-1.980429142713546753e-02,5.174435973167419434e-01,5.891032218933105469e-01,-1.201516576111316681e-02,5.125834345817565918e-01,5.605299472808837891e-01,-1.651651039719581604e-02,5.067158937454223633e-01,5.429009199142456055e-01,-1.830667816102504730e-02,5.005108118057250977e-01,5.295178890228271484e-01,-1.944166421890258789e-02,-1.000000000000000000e+00,-1.000000000000000000e+00,-1.000000000000000000e+00,-1.000000000000000000e+00,-1.000000000000000000e+00,-1.000000000000000000e+00,-1.000000000000000000e+00,-1.000000000000000000e+00,-1.000000000000000000e+00,-1.000000000000000000e+00,-1.000000000000000000e+00,-1.000000000000000000e+00,-1.000000000000000000e+00,-1.000000000000000000e+00,-1.000000000000000000e+00,-1.000000000000000000e+00,-1.000000000000000000e+00,-1.000000000000000000e+00,-1.000000000000000000e+00,-1.000000000000000000e+00,-1.000000000000000000e+00,-1.000000000000000000e+00,-1.000000000000000000e+00,-1.000000000000000000e+00,-1.000000000000000000e+00,-1.000000000000000000e+00,-1.000000000000000000e+00,-1.000000000000000000e+00,-1.000000000000000000e+00,-1.000000000000000000e+00,-1.000000000000000000e+00,-1.000000000000000000e+00,-1.000000000000000000e+00,-1.000000000000000000e+00,-1.000000000000000000e+00,-1.000000000000000000e+00,-1.000000000000000000e+00,-1.000000000000000000e+00,-1.000000000000000000e+00,-1.000000000000000000e+00,-1.000000000000000000e+00,-1.000000000000000000e+00,-1.000000000000000000e+00,-1.000000000000000000e+00,-1.000000000000000000e+00,-1.000000000000000000e+00,-1.000000000000000000e+00,-1.000000000000000000e+00,-1.000000000000000000e+00,-1.000000000000000000e+00,-1.000000000000000000e+00,-1.000000000000000000e+00,-1.000000000000000000e+00,-1.000000000000000000e+00,-1.000000000000000000e+00,-1.000000000000000000e+00,-1.000000000000000000e+00,-1.000000000000000000e+00,-1.000000000000000000e+00,-1.000000000000000000e+00,-1.000000000000000000e+00,-1.000000000000000000e+00,-1.000000000000000000e+00
5.361902117729187012e-01,6.638208627700805664e-01,1.213166598290627007e-07,5.098159313201904297e-01,6.415551304817199707e-01,-4.875717684626579285e-03,4.943848848342895508e-01,6.096583008766174316e-01,-6.880379747599363327e-03,4.854278564453125000e-01,5.833031535148620605e-01,-9.522880427539348602e-03,4.776530265808105469e-01,5.620234012603759766e-01,-1.227098517119884491e-02,5.116485953330993652e-01,5.738557577133178711e-01,-1.406852970831096172e-03,5.068787336349487305e-01,5.372006893157958984e-01,-8.201750926673412323e-03,5.032426714897155762e-01,5.162975788116455078e-01,-1.416311692446470261e-02,4.990043342113494873e-01,4.982181191444396973e-01,-1.866307482123374939e-02,5.252183675765991211e-01,5.723226666450500488e-01,-5.040743388235569000e-03,5.233699083328247070e-01,5.349004864692687988e-01,-1.115287281572818756e-02,5.203659534454345703e-01,5.128864645957946777e-01,-1.746095158159732819e-02,5.172809958457946777e-01,4.935544133186340332e-01,-2.206881530582904816e-02,5.380428433418273926e-01,5.772509574890136719e-01,-9.883657097816467285e-03,5.403133034706115723e-01,5.410168766975402832e-01,-1.707169413566589355e-02,5.412984490394592285e-01,5.179889798164367676e-01,-2.139857411384582520e-02,5.418770313262939453e-01,4.983946681022644043e-01,-2.428960986435413361e-02,5.498431921005249023e-01,5.892449021339416504e-01,-1.527643389999866486e-02,5.550315380096435547e-01,5.619768500328063965e-01,-2.156444080173969269e-02,5.594632625579833984e-01,5.437266230583190918e-01,-2.310035750269889832e-02,5.628653764724731445e-01,5.277665257453918457e-01,-2.392241731286048889e-02,-1.000000000000000000e+00,-1.000000000000000000e+00,-1.000000000000000000e+00,-1.000000000000000000e+00,-1.000000000000000000e+00,-1.000000000000000000e+00,-1.000000000000000000e+00,-1.000000000000000000e+00,-1.000000000000000000e+00,-1.000000000000000000e+00,-1.000000000000000000e+00,-1.000000000000000000e+00,-1.000000000000000000e+00,-1.000000000000000000e+00,-1.000000000000000000e+00,-1.000000000000000000e+00,-1.000000000000000000e+00,-1.000000000000000000e+00,-1.000000000000000000e+00,-1.000000000000000000e+00,-1.000000000000000000e+00,-1.000000000000000000e+00,-1.000000000000000000e+00,-1.000000000000000000e+00,-1.000000000000000000e+00,-1.000000000000000000e+00,-1.000000000000000000e+00,-1.000000000000000000e+00,-1.000000000000000000e+00,-1.000000000000000000e+00,-1.000000000000000000e+00,-1.000000000000000000e+00,-1.000000000000000000e+00,-1.000000000000000000e+00,-1.000000000000000000e+00,-1.000000000000000000e+00,-1.000000000000000000e+00,-1.000000000000000000e+00,-1.000000000000000000e+00,-1.000000000000000000e+00,-1.000000000000000000e+00,-1.000000000000000000e+00,-1.000000000000000000e+00,-1.000000000000000000e+00,-1.000000000000000000e+00,-1.000000000000000000e+00,-1.000000000000000000e+00,-1.000000000000000000e+00,-1.000000000000000000e+00,-1.000000000000000000e+00,-1.000000000000000000e+00,-1.000000000000000000e+00,-1.000000000000000000e+00,-1.000000000000000000e+00,-1.000000000000000000e+00,-1.000000000000000000e+00,-1.000000000000000000e+00,-1.000000000000000000e+00,-1.000000000000000000e+00,-1.000000000000000000e+00,-1.000000000000000000e+00,-1.000000000000000000e+00,-1.000000000000000000e+00
5.361902117729187012e-01,6.638208627700805664e-01,1.213166598290627007e-07,5.098159313201904297e-01,6.415551304817199707e-01,-4.875717684626579285e-03,4.943848848342895508e-01,6.096583008766174316e-01,-6.880379747599363327e-03,4.854278564453125000e-01,5.833031535148620605e-01,-9.522880427539348602e-03,4.776530265808105469e-01,5.620234012603759766e-01,-1.227098517119884491e-02,5.116485953330993652e-01,5.738557577133178711e-01,-1.406852970831096172e-03,5.068787336349487305e-01,5.372006893157958984e-01,-8.201750926673412323e-03,5.032426714897155762e-01,5.162975788116455078e-01,-1.416311692446470261e-02,4.990043342113494873e-01,4.982181191444396973e-01,-1.866307482123374939e-02,5.252183675765991211e-01,5.723226666450500488e-01,-5.040743388235569000e-03,5.233699083328247070e-01,5.349004864692687988e-01,-1.115287281572818756e-02,5.203659534454345703e-01,5.128864645957946777e-01,-1.746095158159732819e-02,5.172809958457946777e-01,4.935544133186340332e-01,-2.206881530582904816e-02,5.380428433418273926e-01,5.772509574890136719e-01,-9.883657097816467285e-03,5.403133034706115723e-01,5.410168766975402832e-01,-1.707169413566589355e-02,5.412984490394592285e-01,5.179889798164367676e-01,-2.139857411384582520e-02,5.418770313262939453e-01,4.983946681022644043e-01,-2.428960986435413361e-02,5.498431921005249023e-01,5.892449021339416504e-01,-1.527643389999866486e-02,5.550315380096435547e-01,5.619768500328063965e-01,-2.156444080173969269e-02,5.594632625579833984e-01,5.437266230583190918e-01,-2.310035750269889832e-02,5.628653764724731445e-01,5.277665257453918457e-01,-2.392241731286048889e-02,-1.000000000000000000e+00,-1.000000000000000000e+00,-1.000000000000000000e+00,-1.000000000000000000e+00,-1.000000000000000000e+00,-1.000000000000000000e+00,-1.000000000000000000e+00,-1.000000000000000000e+00,-1.000000000000000000e+00,-1.000000000000000000e+00,-1.000000000000000000e+00,-1.000000000000000000e+00,-1.000000000000000000e+00,-1.000000000000000000e+00,-1.000000000000000000e+00,-1.000000000000000000e+00,-1.000000000000000000e+00,-1.000000000000000000e+00,-1.000000000000000000e+00,-1.000000000000000000e+00,-1.000000000000000000e+00,-1.000000000000000000e+00,-1.000000000000000000e+00,-1.000000000000000000e+00,-1.000000000000000000e+00,-1.000000000000000000e+00,-1.000000000000000000e+00,-1.000000000000000000e+00,-1.000000000000000000e+00,-1.000000000000000000e+00,-1.000000000000000000e+00,-1.000000000000000000e+00,-1.000000000000000000e+00,-1.000000000000000000e+00,-1.000000000000000000e+00,-1.000000000000000000e+00,-1.000000000000000000e+00,-1.000000000000000000e+00,-1.000000000000000000e+00,-1.000000000000000000e+00,-1.000000000000000000e+00,-1.000000000000000000e+00,-1.000000000000000000e+00,-1.000000000000000000e+00,-1.000000000000000000e+00,-1.000000000000000000e+00,-1.000000000000000000e+00,-1.000000000000000000e+00,-1.000000000000000000e+00,-1.000000000000000000e+00,-1.000000000000000000e+00,-1.000000000000000000e+00,-1.000000000000000000e+00,-1.000000000000000000e+00,-1.000000000000000000e+00,-1.000000000000000000e+00,-1.000000000000000000e+00,-1.000000000000000000e+00,-1.000000000000000000e+00,-1.000000000000000000e+00,-1.000000000000000000e+00,-1.000000000000000000e+00,-1.000000000000000000e+00
5.477548241615295410e-01,6.546744704246520996e-01,1.654808414741637534e-07,5.266310572624206543e-01,6.244363784790039062e-01,-4.005843773484230042e-03,5.163192749023437500e-01,5.875867605209350586e-01,-5.948706530034542084e-03,5.119029283523559570e-01,5.605226755142211914e-01,-8.521575480699539185e-03,5.060126781463623047e-01,5.402370691299438477e-01,-1.153041701763868332e-02,5.410265922546386719e-01,5.563009977340698242e-01,-4.169153515249490738e-03,5.395171642303466797e-01,5.191326737403869629e-01,-1.108164899051189423e-02,5.398204922676086426e-01,4.974069297313690186e-01,-1.689784601330757141e-02,5.408632755279541016e-01,4.781674742698669434e-01,-2.146529033780097961e-02,5.554395914077758789e-01,5.599825978279113770e-01,-8.766022510826587677e-03,5.611185431480407715e-01,5.218228697776794434e-01,-1.498357579112052917e-02,5.652130842208862305e-01,4.976419806480407715e-01,-2.143110521137714386e-02,5.696921944618225098e-01,4.770531654357910156e-01,-2.634172514081001282e-02,5.673806667327880859e-01,5.720691680908203125e-01,-1.427476853132247925e-02,5.793892741203308105e-01,5.393466949462890625e-01,-2.203850261867046356e-02,5.874479413032531738e-01,5.178071856498718262e-01,-2.778569795191287994e-02,5.948829650878906250e-01,4.992590844631195068e-01,-3.194793313741683960e-02,5.761834979057312012e-01,5.916391611099243164e-01,-2.010655030608177185e-02,5.895090699195861816e-01,5.719411969184875488e-01,-2.771908976137638092e-02,5.984906554222106934e-01,5.574451684951782227e-01,-3.069500438868999481e-02,6.065219044685363770e-01,5.438206791877746582e-01,-3.271809592843055725e-02,-1.000000000000000000e+00,-1.000000000000000000e+00,-1.000000000000000000e+00,-1.000000000000000000e+00,-1.000000000000000000e+00,-1.000000000000000000e+00,-1.000000000000000000e+00,-1.000000000000000000e+00,-1.000000000000000000e+00,-1.000000000000000000e+00,-1.000000000000000000e+00,-1.000000000000000000e+00,-1.000000000000000000e+00,-1.000000000000000000e+00,-1.000000000000000000e+00,-1.000000000000000000e+00,-1.000000000000000000e+00,-1.000000000000000000e+00,-1.000000000000000000e+00,-1.000000000000000000e+00,-1.000000000000000000e+00,-1.000000000000000000e+00,-1.000000000000000000e+00,-1.000000000000000000e+00,-1.000000000000000000e+00,-1.000000000000000000e+00,-1.000000000000000000e+00,-1.000000000000000000e+00,-1.000000000000000000e+00,-1.000000000000000000e+00,-1.000000000000000000e+00,-1.000000000000000000e+00,-1.000000000000000000e+00,-1.000000000000000000e+00,-1.000000000000000000e+00,-1.000000000000000000e+00,-1.000000000000000000e+00,-1.000000000000000000e+00,-1.000000000000000000e+00,-1.000000000000000000e+00,-1.000000000000000000e+00,-1.000000000000000000e+00,-1.000000000000000000e+00,-1.000000000000000000e+00,-1.000000000000000000e+00,-1.000000000000000000e+00,-1.000000000000000000e+00,-1.000000000000000000e+00,-1.000000000000000000e+00,-1.000000000000000000e+00,-1.000000000000000000e+00,-1.000000000000000000e+00,-1.000000000000000000e+00,-1.000000000000000000e+00,-1.000000000000000000e+00,-1.000000000000000000e+00,-1.000000000000000000e+00,-1.000000000000000000e+00,-1.000000000000000000e+00,-1.000000000000000000e+00,-1.000000000000000000e+00,-1.000000000000000000e+00,-1.000000000000000000e+00
5.578870773315429688e-01,6.480224728584289551e-01,1.744509745549294166e-07,5.380184054374694824e-01,6.159039735794067383e-01,-4.875340033322572708e-03,5.300139188766479492e-01,5.784042477607727051e-01,-6.857178173959255219e-03,5.295972824096679688e-01,5.503178238868713379e-01,-9.207390248775482178e-03,5.271811485290527344e-01,5.290783643722534180e-01,-1.173028443008661270e-02,5.589885115623474121e-01,5.528600215911865234e-01,-4.457717295736074448e-03,5.644878745079040527e-01,5.161517262458801270e-01,-1.056872308254241943e-02,5.685819983482360840e-01,4.949276447296142578e-01,-1.572334207594394684e-02,5.730652213096618652e-01,4.761038422584533691e-01,-1.986308768391609192e-02,5.747318863868713379e-01,5.588628053665161133e-01,-8.336483500897884369e-03,5.871279239654541016e-01,5.229725241661071777e-01,-1.346927508711814880e-02,5.959968566894531250e-01,5.004153251647949219e-01,-1.908407174050807953e-02,6.042081713676452637e-01,4.812104403972625732e-01,-2.369388751685619354e-02,5.866588354110717773e-01,5.723687410354614258e-01,-1.326174940913915634e-02,6.052027940750122070e-01,5.455086827278137207e-01,-2.026044577360153198e-02,6.178042292594909668e-01,5.284625291824340820e-01,-2.532340958714485168e-02,6.284822225570678711e-01,5.136116147041320801e-01,-2.909469790756702423e-02,5.946488380432128906e-01,5.916427373886108398e-01,-1.865063048899173737e-02,6.127623915672302246e-01,5.758380889892578125e-01,-2.605663426220417023e-02,6.250509023666381836e-01,5.647910237312316895e-01,-2.888553217053413391e-02,6.357775926589965820e-01,5.544252991676330566e-01,-3.073284216225147247e-02,-1.000000000000000000e+00,-1.000000000000000000e+00,-1.000000000000000000e+00,-1.000000000000000000e+00,-1.000000000000000000e+00,-1.000000000000000000e+00,-1.000000000000000000e+00,-1.000000000000000000e+00,-1.000000000000000000e+00,-1.000000000000000000e+00,-1.000000000000000000e+00,-1.000000000000000000e+00,-1.000000000000000000e+00,-1.000000000000000000e+00,-1.000000000000000000e+00,-1.000000000000000000e+00,-1.000000000000000000e+00,-1.000000000000000000e+00,-1.000000000000000000e+00,-1.000000000000000000e+00,-1.000000000000000000e+00,-1.000000000000000000e+00,-1.000000000000000000e+00,-1.000000000000000000e+00,-1.000000000000000000e+00,-1.000000000000000000e+00,-1.000000000000000000e+00,-1.000000000000000000e+00,-1.000000000000000000e+00,-1.000000000000000000e+00,-1.000000000000000000e+00,-1.000000000000000000e+00,-1.000000000000000000e+00,-1.000000000000000000e+00,-1.000000000000000000e+00,-1.000000000000000000e+00,-1.000000000000000000e+00,-1.000000000000000000e+00,-1.000000000000000000e+00,-1.000000000000000000e+00,-1.000000000000000000e+00,-1.000000000000000000e+00,-1.000000000000000000e+00,-1.000000000000000000e+00,-1.000000000000000000e+00,-1.000000000000000000e+00,-1.000000000000000000e+00,-1.000000000000000000e+00,-1.000000000000000000e+00,-1.000000000000000000e+00,-1.000000000000000000e+00,-1.000000000000000000e+00,-1.000000000000000000e+00,-1.000000000000000000e+00,-1.000000000000000000e+00,-1.000000000000000000e+00,-1.000000000000000000e+00,-1.000000000000000000e+00,-1.000000000000000000e+00,-1.000000000000000000e+00,-1.000000000000000000e+00,-1.000000000000000000e+00,-1.000000000000000000e+00
5.578870773315429688e-01,6.480224728584289551e-01,1.744509745549294166e-07,5.380184054374694824e-01,6.159039735794067383e-01,-4.875340033322572708e-03,5.300139188766479492e-01,5.784042477607727051e-01,-6.857178173959255219e-03,5.295972824096679688e-01,5.503178238868713379e-01,-9.207390248775482178e-03,5.271811485290527344e-01,5.290783643722534180e-01,-1.173028443008661270e-02,5.589885115623474121e-01,5.528600215911865234e-01,-4.457717295736074448e-03,5.644878745079040527e-01,5.161517262458801270e-01,-1.056872308254241943e-02,5.685819983482360840e-01,4.949276447296142578e-01,-1.572334207594394684e-02,5.730652213096618652e-01,4.761038422584533691e-01,-1.986308768391609192e-02,5.747318863868713379e-01,5.588628053665161133e-01,-8.336483500897884369e-03,5.871279239654541016e-01,5.229725241661071777e-01,-1.346927508711814880e-02,5.959968566894531250e-01,5.004153251647949219e-01,-1.908407174050807953e-02,6.042081713676452637e-01,4.812104403972625732e-01,-2.369388751685619354e-02,5.866588354110717773e-01,5.723687410354614258e-01,-1.326174940913915634e-02,6.052027940750122070e-01,5.455086827278137207e-01,-2.026044577360153198e-02,6.178042292594909668e-01,5.284625291824340820e-01,-2.532340958714485168e-02,6.284822225570678711e-01,5.136116147041320801e-01,-2.909469790756702423e-02,5.946488380432128906e-01,5.916427373886108398e-01,-1.865063048899173737e-02,6.127623915672302246e-01,5.758380889892578125e-01,-2.605663426220417023e-02,6.250509023666381836e-01,5.647910237312316895e-01,-2.888553217053413391e-02,6.357775926589965820e-01,5.544252991676330566e-01,-3.073284216225147247e-02,-1.000000000000000000e+00,-1.000000000000000000e+00,-1.000000000000000000e+00,-1.000000000000000000e+00,-1.000000000000000000e+00,-1.000000000000000000e+00,-1.000000000000000000e+00,-1.000000000000000000e+00,-1.000000000000000000e+00,-1.000000000000000000e+00,-1.000000000000000000e+00,-1.000000000000000000e+00,-1.000000000000000000e+00,-1.000000000000000000e+00,-1.000000000000000000e+00,-1.000000000000000000e+00,-1.000000000000000000e+00,-1.000000000000000000e+00,-1.000000000000000000e+00,-1.000000000000000000e+00,-1.000000000000000000e+00,-1.000000000000000000e+00,-1.000000000000000000e+00,-1.000000000000000000e+00,-1.000000000000000000e+00,-1.000000000000000000e+00,-1.000000000000000000e+00,-1.000000000000000000e+00,-1.000000000000000000e+00,-1.000000000000000000e+00,-1.000000000000000000e+00,-1.000000000000000000e+00,-1.000000000000000000e+00,-1.000000000000000000e+00,-1.000000000000000000e+00,-1.000000000000000000e+00,-1.000000000000000000e+00,-1.000000000000000000e+00,-1.000000000000000000e+00,-1.000000000000000000e+00,-1.000000000000000000e+00,-1.000000000000000000e+00,-1.000000000000000000e+00,-1.000000000000000000e+00,-1.000000000000000000e+00,-1.000000000000000000e+00,-1.000000000000000000e+00,-1.000000000000000000e+00,-1.000000000000000000e+00,-1.000000000000000000e+00,-1.000000000000000000e+00,-1.000000000000000000e+00,-1.000000000000000000e+00,-1.000000000000000000e+00,-1.000000000000000000e+00,-1.000000000000000000e+00,-1.000000000000000000e+00,-1.000000000000000000e+00,-1.000000000000000000e+00,-1.000000000000000000e+00,-1.000000000000000000e+00,-1.000000000000000000e+00,-1.000000000000000000e+00
5.635860562324523926e-01,6.425769329071044922e-01,2.112449664082305389e-07,5.456709265708923340e-01,6.094474792480468750e-01,-6.236590910702943802e-03,5.399257540702819824e-01,5.727455019950866699e-01,-9.343131445348262787e-03,5.400810241699218750e-01,5.461397171020507812e-01,-1.255438290536403656e-02,5.388187170028686523e-01,5.250233411788940430e-01,-1.591026224195957184e-02,5.689052343368530273e-01,5.492320060729980469e-01,-5.557123571634292603e-03,5.776762366294860840e-01,5.141177773475646973e-01,-1.228445768356323242e-02,5.850313901901245117e-01,4.941252768039703369e-01,-1.782650873064994812e-02,5.926223993301391602e-01,4.767361879348754883e-01,-2.198239788413047791e-02,5.849255323410034180e-01,5.575012564659118652e-01,-8.673544973134994507e-03,5.999411940574645996e-01,5.232918858528137207e-01,-1.434807479381561279e-02,6.110377907752990723e-01,5.026262402534484863e-01,-2.026497572660446167e-02,6.218047142028808594e-01,4.850183725357055664e-01,-2.485997974872589111e-02,5.964611768722534180e-01,5.725336074829101562e-01,-1.297663711011409760e-02,6.159607768058776855e-01,5.472847819328308105e-01,-2.076698467135429382e-02,6.294719576835632324e-01,5.322198271751403809e-01,-2.679696865379810333e-02,6.416802406311035156e-01,5.189751982688903809e-01,-3.087744675576686859e-02,6.034976840019226074e-01,5.922700166702270508e-01,-1.771970652043819427e-02,6.226634383201599121e-01,5.787579417228698730e-01,-2.569371275603771210e-02,6.362904906272888184e-01,5.703727006912231445e-01,-2.924753166735172272e-02,6.488909125328063965e-01,5.619288086891174316e-01,-3.137743100523948669e-02,-1.000000000000000000e+00,-1.000000000000000000e+00,-1.000000000000000000e+00,-1.000000000000000000e+00,-1.000000000000000000e+00,-1.000000000000000000e+00,-1.000000000000000000e+00,-1.000000000000000000e+00,-1.000000000000000000e+00,-1.000000000000000000e+00,-1.000000000000000000e+00,-1.000000000000000000e+00,-1.000000000000000000e+00,-1.000000000000000000e+00,-1.000000000000000000e+00,-1.000000000000000000e+00,-1.000000000000000000e+00,-1.000000000000000000e+00,-1.000000000000000000e+00,-1.000000000000000000e+00,-1.000000000000000000e+00,-1.000000000000000000e+00,-1.000000000000000000e+00,-1.000000000000000000e+00,-1.000000000000000000e+00,-1.000000000000000000e+00,-1.000000000000000000e+00,-1.000000000000000000e+00,-1.000000000000000000e+00,-1.000000000000000000e+00,-1.000000000000000000e+00,-1.000000000000000000e+00,-1.000000000000000000e+00,-1.000000000000000000e+00,-1.000000000000000000e+00,-1.000000000000000000e+00,-1.000000000000000000e+00,-1.000000000000000000e+00,-1.000000000000000000e+00,-1.000000000000000000e+00,-1.000000000000000000e+00,-1.000000000000000000e+00,-1.000000000000000000e+00,-1.000000000000000000e+00,-1.000000000000000000e+00,-1.000000000000000000e+00,-1.000000000000000000e+00,-1.000000000000000000e+00,-1.000000000000000000e+00,-1.000000000000000000e+00,-1.000000000000000000e+00,-1.000000000000000000e+00,-1.000000000000000000e+00,-1.000000000000000000e+00,-1.000000000000000000e+00,-1.000000000000000000e+00,-1.000000000000000000e+00,-1.000000000000000000e+00,-1.000000000000000000e+00,-1.000000000000000000e+00,-1.000000000000000000e+00,-1.000000000000000000e+00,-1.000000000000000000e+00
5.709940791130065918e-01,6.374821662902832031e-01,2.226708488706208300e-07,5.539540648460388184e-01,6.036373376846313477e-01,-7.698803674429655075e-03,5.504790544509887695e-01,5.666195154190063477e-01,-1.132576726377010345e-02,5.530187487602233887e-01,5.398041009902954102e-01,-1.474700216203927994e-02,5.531768798828125000e-01,5.173619985580444336e-01,-1.830938644707202911e-02,5.810176134109497070e-01,5.452300310134887695e-01,-6.502704229205846786e-03,5.930458307266235352e-01,5.128432512283325195e-01,-1.354728173464536667e-02,6.020842194557189941e-01,4.939965307712554932e-01,-1.949391886591911316e-02,6.111837625503540039e-01,4.774057865142822266e-01,-2.403637021780014038e-02,5.967823863029479980e-01,5.557294487953186035e-01,-9.098568931221961975e-03,6.138325929641723633e-01,5.241976380348205566e-01,-1.511011272668838501e-02,6.260943412780761719e-01,5.048185586929321289e-01,-2.141166664659976959e-02,6.379543542861938477e-01,4.879520833492279053e-01,-2.636628225445747375e-02,6.072543859481811523e-01,5.724541544914245605e-01,-1.302629336714744568e-02,6.275730133056640625e-01,5.482156276702880859e-01,-2.119058743119239807e-02,6.415234208106994629e-01,5.333997607231140137e-01,-2.768200449645519257e-02,6.541980504989624023e-01,5.200147032737731934e-01,-3.220232948660850525e-02,6.130568385124206543e-01,5.932557582855224609e-01,-1.749838329851627350e-02,6.327224969863891602e-01,5.818356275558471680e-01,-2.610527724027633667e-02,6.464381217956542969e-01,5.742852091789245605e-01,-3.025427274405956268e-02,6.591837406158447266e-01,5.661309957504272461e-01,-3.284845128655433655e-02,-1.000000000000000000e+00,-1.000000000000000000e+00,-1.000000000000000000e+00,-1.000000000000000000e+00,-1.000000000000000000e+00,-1.000000000000000000e+00,-1.000000000000000000e+00,-1.000000000000000000e+00,-1.000000000000000000e+00,-1.000000000000000000e+00,-1.000000000000000000e+00,-1.000000000000000000e+00,-1.000000000000000000e+00,-1.000000000000000000e+00,-1.000000000000000000e+00,-1.000000000000000000e+00,-1.000000000000000000e+00,-1.000000000000000000e+00,-1.000000000000000000e+00,-1.000000000000000000e+00,-1.000000000000000000e+00,-1.000000000000000000e+00,-1.000000000000000000e+00,-1.000000000000000000e+00,-1.000000000000000000e+00,-1.000000000000000000e+00,-1.000000000000000000e+00,-1.000000000000000000e+00,-1.000000000000000000e+00,-1.000000000000000000e+00,-1.000000000000000000e+00,-1.000000000000000000e+00,-1.000000000000000000e+00,-1.000000000000000000e+00,-1.000000000000000000e+00,-1.000000000000000000e+00,-1.000000000000000000e+00,-1.000000000000000000e+00,-1.000000000000000000e+00,-1.000000000000000000e+00,-1.000000000000000000e+00,-1.000000000000000000e+00,-1.000000000000000000e+00,-1.000000000000000000e+00,-1.000000000000000000e+00,-1.000000000000000000e+00,-1.000000000000000000e+00,-1.000000000000000000e+00,-1.000000000000000000e+00,-1.000000000000000000e+00,-1.000000000000000000e+00,-1.000000000000000000e+00,-1.000000000000000000e+00,-1.000000000000000000e+00,-1.000000000000000000e+00,-1.000000000000000000e+00,-1.000000000000000000e+00,-1.000000000000000000e+00,-1.000000000000000000e+00,-1.000000000000000000e+00,-1.000000000000000000e+00,-1.000000000000000000e+00,-1.000000000000000000e+00
5.714267492294311523e-01,6.354454159736633301e-01,2.130463627736389753e-07,5.557000637054443359e-01,6.023172140121459961e-01,-8.013192564249038696e-03,5.532519817352294922e-01,5.652534365653991699e-01,-1.159649156033992767e-02,5.562048554420471191e-01,5.384731888771057129e-01,-1.487288065254688263e-02,5.578372478485107422e-01,5.154024362564086914e-01,-1.813860982656478882e-02,5.845269560813903809e-01,5.429248213768005371e-01,-6.421042140573263168e-03,5.972839593887329102e-01,5.117775797843933105e-01,-1.351513713598251343e-02,6.065229773521423340e-01,4.931742250919342041e-01,-1.940772123634815216e-02,6.157237291336059570e-01,4.770169258117675781e-01,-2.398736029863357544e-02,5.997245311737060547e-01,5.541430115699768066e-01,-8.946553803980350494e-03,6.169028878211975098e-01,5.233029127120971680e-01,-1.511007174849510193e-02,6.290286183357238770e-01,5.035685300827026367e-01,-2.155212126672267914e-02,6.406483054161071777e-01,4.860310852527618408e-01,-2.649338170886039734e-02,6.094468235969543457e-01,5.715696215629577637e-01,-1.283936575055122375e-02,6.306173205375671387e-01,5.472005605697631836e-01,-2.153168618679046631e-02,6.447347998619079590e-01,5.328993201255798340e-01,-2.805458940565586090e-02,6.576634049415588379e-01,5.190303325653076172e-01,-3.244252502918243408e-02,6.144037246704101562e-01,5.935263633728027344e-01,-1.726054586470127106e-02,6.344247460365295410e-01,5.832455754280090332e-01,-2.677392028272151947e-02,6.482745409011840820e-01,5.757035613059997559e-01,-3.131815791130065918e-02,6.610456109046936035e-01,5.669189691543579102e-01,-3.402131795883178711e-02,-1.000000000000000000e+00,-1.000000000000000000e+00,-1.000000000000000000e+00,-1.000000000000000000e+00,-1.000000000000000000e+00,-1.000000000000000000e+00,-1.000000000000000000e+00,-1.000000000000000000e+00,-1.000000000000000000e+00,-1.000000000000000000e+00,-1.000000000000000000e+00,-1.000000000000000000e+00,-1.000000000000000000e+00,-1.000000000000000000e+00,-1.000000000000000000e+00,-1.000000000000000000e+00,-1.000000000000000000e+00,-1.000000000000000000e+00,-1.000000000000000000e+00,-1.000000000000000000e+00,-1.000000000000000000e+00,-1.000000000000000000e+00,-1.000000000000000000e+00,-1.000000000000000000e+00,-1.000000000000000000e+00,-1.000000000000000000e+00,-1.000000000000000000e+00,-1.000000000000000000e+00,-1.000000000000000000e+00,-1.000000000000000000e+00,-1.000000000000000000e+00,-1.000000000000000000e+00,-1.000000000000000000e+00,-1.000000000000000000e+00,-1.000000000000000000e+00,-1.000000000000000000e+00,-1.000000000000000000e+00,-1.000000000000000000e+00,-1.000000000000000000e+00,-1.000000000000000000e+00,-1.000000000000000000e+00,-1.000000000000000000e+00,-1.000000000000000000e+00,-1.000000000000000000e+00,-1.000000000000000000e+00,-1.000000000000000000e+00,-1.000000000000000000e+00,-1.000000000000000000e+00,-1.000000000000000000e+00,-1.000000000000000000e+00,-1.000000000000000000e+00,-1.000000000000000000e+00,-1.000000000000000000e+00,-1.000000000000000000e+00,-1.000000000000000000e+00,-1.000000000000000000e+00,-1.000000000000000000e+00,-1.000000000000000000e+00,-1.000000000000000000e+00,-1.000000000000000000e+00,-1.000000000000000000e+00,-1.000000000000000000e+00,-1.000000000000000000e+00
5.714267492294311523e-01,6.354454159736633301e-01,2.130463627736389753e-07,5.557000637054443359e-01,6.023172140121459961e-01,-8.013192564249038696e-03,5.532519817352294922e-01,5.652534365653991699e-01,-1.159649156033992767e-02,5.562048554420471191e-01,5.384731888771057129e-01,-1.487288065254688263e-02,5.578372478485107422e-01,5.154024362564086914e-01,-1.813860982656478882e-02,5.845269560813903809e-01,5.429248213768005371e-01,-6.421042140573263168e-03,5.972839593887329102e-01,5.117775797843933105e-01,-1.351513713598251343e-02,6.065229773521423340e-01,4.931742250919342041e-01,-1.940772123634815216e-02,6.157237291336059570e-01,4.770169258117675781e-01,-2.398736029863357544e-02,5.997245311737060547e-01,5.541430115699768066e-01,-8.946553803980350494e-03,6.169028878211975098e-01,5.233029127120971680e-01,-1.511007174849510193e-02,6.290286183357238770e-01,5.035685300827026367e-01,-2.155212126672267914e-02,6.406483054161071777e-01,4.860310852527618408e-01,-2.649338170886039734e-02,6.094468235969543457e-01,5.715696215629577637e-01,-1.283936575055122375e-02,6.306173205375671387e-01,5.472005605697631836e-01,-2.153168618679046631e-02,6.447347998619079590e-01,5.328993201255798340e-01,-2.805458940565586090e-02,6.576634049415588379e-01,5.190303325653076172e-01,-3.244252502918243408e-02,6.144037246704101562e-01,5.935263633728027344e-01,-1.726054586470127106e-02,6.344247460365295410e-01,5.832455754280090332e-01,-2.677392028272151947e-02,6.482745409011840820e-01,5.757035613059997559e-01,-3.131815791130065918e-02,6.610456109046936035e-01,5.669189691543579102e-01,-3.402131795883178711e-02,-1.000000000000000000e+00,-1.000000000000000000e+00,-1.000000000000000000e+00,-1.000000000000000000e+00,-1.000000000000000000e+00,-1.000000000000000000e+00,-1.000000000000000000e+00,-1.000000000000000000e+00,-1.000000000000000000e+00,-1.000000000000000000e+00,-1.000000000000000000e+00,-1.000000000000000000e+00,-1.000000000000000000e+00,-1.000000000000000000e+00,-1.000000000000000000e+00,-1.000000000000000000e+00,-1.000000000000000000e+00,-1.000000000000000000e+00,-1.000000000000000000e+00,-1.000000000000000000e+00,-1.000000000000000000e+00,-1.000000000000000000e+00,-1.000000000000000000e+00,-1.000000000000000000e+00,-1.000000000000000000e+00,-1.000000000000000000e+00,-1.000000000000000000e+00,-1.000000000000000000e+00,-1.000000000000000000e+00,-1.000000000000000000e+00,-1.000000000000000000e+00,-1.000000000000000000e+00,-1.000000000000000000e+00,-1.000000000000000000e+00,-1.000000000000000000e+00,-1.000000000000000000e+00,-1.000000000000000000e+00,-1.000000000000000000e+00,-1.000000000000000000e+00,-1.000000000000000000e+00,-1.000000000000000000e+00,-1.000000000000000000e+00,-1.000000000000000000e+00,-1.000000000000000000e+00,-1.000000000000000000e+00,-1.000000000000000000e+00,-1.000000000000000000e+00,-1.000000000000000000e+00,-1.000000000000000000e+00,-1.000000000000000000e+00,-1.000000000000000000e+00,-1.000000000000000000e+00,-1.000000000000000000e+00,-1.000000000000000000e+00,-1.000000000000000000e+00,-1.000000000000000000e+00,-1.000000000000000000e+00,-1.000000000000000000e+00,-1.000000000000000000e+00,-1.000000000000000000e+00,-1.000000000000000000e+00,-1.000000000000000000e+00,-1.000000000000000000e+00
5.736392736434936523e-01,6.347084045410156250e-01,2.090739599225344136e-07,5.582534670829772949e-01,6.016052961349487305e-01,-8.489618077874183655e-03,5.565358400344848633e-01,5.642833709716796875e-01,-1.207415759563446045e-02,5.604519248008728027e-01,5.375787019729614258e-01,-1.512615382671356201e-02,5.639060735702514648e-01,5.152683854103088379e-01,-1.811842620372772217e-02,5.889828801155090332e-01,5.410537719726562500e-01,-6.563641596585512161e-03,6.025169491767883301e-01,5.102006196975708008e-01,-1.311877835541963577e-02,6.120868921279907227e-01,4.921843707561492920e-01,-1.874067448079586029e-02,6.214431524276733398e-01,4.763572216033935547e-01,-2.318491041660308838e-02,6.043366789817810059e-01,5.530988574028015137e-01,-8.770527318120002747e-03,6.219518184661865234e-01,5.213552117347717285e-01,-1.426085922867059708e-02,6.345503330230712891e-01,5.018708705902099609e-01,-2.045040018856525421e-02,6.466009616851806641e-01,4.843628108501434326e-01,-2.532583847641944885e-02,6.138812303543090820e-01,5.714233517646789551e-01,-1.234938018023967743e-02,6.356551647186279297e-01,5.467165708541870117e-01,-2.049696631729602814e-02,6.504351496696472168e-01,5.330131649971008301e-01,-2.682124823331832886e-02,6.638891100883483887e-01,5.194126367568969727e-01,-3.114963322877883911e-02,6.184075474739074707e-01,5.936046242713928223e-01,-1.650134474039077759e-02,6.380578279495239258e-01,5.812722444534301758e-01,-2.552214823663234711e-02,6.518047451972961426e-01,5.735586285591125488e-01,-2.972291037440299988e-02,6.646949648857116699e-01,5.646048188209533691e-01,-3.224930912256240845e-02,-1.000000000000000000e+00,-1.000000000000000000e+00,-1.000000000000000000e+00,-1.000000000000000000e+00,-1.000000000000000000e+00,-1.000000000000000000e+00,-1.000000000000000000e+00,-1.000000000000000000e+00,-1.000000000000000000e+00,-1.000000000000000000e+00,-1.000000000000000000e+00,-1.000000000000000000e+00,-1.000000000000000000e+00,-1.000000000000000000e+00,-1.000000000000000000e+00,-1.000000000000000000e+00,-1.000000000000000000e+00,-1.000000000000000000e+00,-1.000000000000000000e+00,-1.000000000000000000e+00,-1.000000000000000000e+00,-1.000000000000000000e+00,-1.000000000000000000e+00,-1.000000000000000000e+00,-1.000000000000000000e+00,-1.000000000000000000e+00,-1.000000000000000000e+00,-1.000000000000000000e+00,-1.000000000000000000e+00,-1.000000000000000000e+00,-1.000000000000000000e+00,-1.000000000000000000e+00,-1.000000000000000000e+00,-1.000000000000000000e+00,-1.000000000000000000e+00,-1.000000000000000000e+00,-1.000000000000000000e+00,-1.000000000000000000e+00,-1.000000000000000000e+00,-1.000000000000000000e+00,-1.000000000000000000e+00,-1.000000000000000000e+00,-1.000000000000000000e+00,-1.000000000000000000e+00,-1.000000000000000000e+00,-1.000000000000000000e+00,-1.000000000000000000e+00,-1.000000000000000000e+00,-1.000000000000000000e+00,-1.000000000000000000e+00,-1.000000000000000000e+00,-1.000000000000000000e+00,-1.000000000000000000e+00,-1.000000000000000000e+00,-1.000000000000000000e+00,-1.000000000000000000e+00,-1.000000000000000000e+00,-1.000000000000000000e+00,-1.000000000000000000e+00,-1.000000000000000000e+00,-1.000000000000000000e+00,-1.000000000000000000e+00,-1.000000000000000000e+00
5.736392736434936523e-01,6.347084045410156250e-01,2.090739599225344136e-07,5.582534670829772949e-01,6.016052961349487305e-01,-8.489618077874183655e-03,5.565358400344848633e-01,5.642833709716796875e-01,-1.207415759563446045e-02,5.604519248008728027e-01,5.375787019729614258e-01,-1.512615382671356201e-02,5.639060735702514648e-01,5.152683854103088379e-01,-1.811842620372772217e-02,5.889828801155090332e-01,5.410537719726562500e-01,-6.563641596585512161e-03,6.025169491767883301e-01,5.102006196975708008e-01,-1.311877835541963577e-02,6.120868921279907227e-01,4.921843707561492920e-01,-1.874067448079586029e-02,6.214431524276733398e-01,4.763572216033935547e-01,-2.318491041660308838e-02,6.043366789817810059e-01,5.530988574028015137e-01,-8.770527318120002747e-03,6.219518184661865234e-01,5.213552117347717285e-01,-1.426085922867059708e-02,6.345503330230712891e-01,5.018708705902099609e-01,-2.045040018856525421e-02,6.466009616851806641e-01,4.843628108501434326e-01,-2.532583847641944885e-02,6.138812303543090820e-01,5.714233517646789551e-01,-1.234938018023967743e-02,6.356551647186279297e-01,5.467165708541870117e-01,-2.049696631729602814e-02,6.504351496696472168e-01,5.330131649971008301e-01,-2.682124823331832886e-02,6.638891100883483887e-01,5.194126367568969727e-01,-3.114963322877883911e-02,6.184075474739074707e-01,5.936046242713928223e-01,-1.650134474039077759e-02,6.380578279495239258e-01,5.812722444534301758e-01,-2.552214823663234711e-02,6.518047451972961426e-01,5.735586285591125488e-01,-2.972291037440299988e-02,6.646949648857116699e-01,5.646048188209533691e-01,-3.224930912256240845e-02,-1.000000000000000000e+00,-1.000000000000000000e+00,-1.000000000000000000e+00,-1.000000000000000000e+00,-1.000000000000000000e+00,-1.000000000000000000e+00,-1.000000000000000000e+00,-1.000000000000000000e+00,-1.000000000000000000e+00,-1.000000000000000000e+00,-1.000000000000000000e+00,-1.000000000000000000e+00,-1.000000000000000000e+00,-1.000000000000000000e+00,-1.000000000000000000e+00,-1.000000000000000000e+00,-1.000000000000000000e+00,-1.000000000000000000e+00,-1.000000000000000000e+00,-1.000000000000000000e+00,-1.000000000000000000e+00,-1.000000000000000000e+00,-1.000000000000000000e+00,-1.000000000000000000e+00,-1.000000000000000000e+00,-1.000000000000000000e+00,-1.000000000000000000e+00,-1.000000000000000000e+00,-1.000000000000000000e+00,-1.000000000000000000e+00,-1.000000000000000000e+00,-1.000000000000000000e+00,-1.000000000000000000e+00,-1.000000000000000000e+00,-1.000000000000000000e+00,-1.000000000000000000e+00,-1.000000000000000000e+00,-1.000000000000000000e+00,-1.000000000000000000e+00,-1.000000000000000000e+00,-1.000000000000000000e+00,-1.000000000000000000e+00,-1.000000000000000000e+00,-1.000000000000000000e+00,-1.000000000000000000e+00,-1.000000000000000000e+00,-1.000000000000000000e+00,-1.000000000000000000e+00,-1.000000000000000000e+00,-1.000000000000000000e+00,-1.000000000000000000e+00,-1.000000000000000000e+00,-1.000000000000000000e+00,-1.000000000000000000e+00,-1.000000000000000000e+00,-1.000000000000000000e+00,-1.000000000000000000e+00,-1.000000000000000000e+00,-1.000000000000000000e+00,-1.000000000000000000e+00,-1.000000000000000000e+00,-1.000000000000000000e+00,-1.000000000000000000e+00
5.724981427192687988e-01,6.309927105903625488e-01,1.912427620709422627e-07,5.574473738670349121e-01,5.974572300910949707e-01,-8.725799620151519775e-03,5.561065077781677246e-01,5.591438412666320801e-01,-1.248773280531167984e-02,5.601603984832763672e-01,5.312173366546630859e-01,-1.572647690773010254e-02,5.619770884513854980e-01,5.077242851257324219e-01,-1.886270567774772644e-02,5.877917408943176270e-01,5.371874570846557617e-01,-6.445483304560184479e-03,6.008811593055725098e-01,5.058290958404541016e-01,-1.322424970567226410e-02,6.090304255485534668e-01,4.867582917213439941e-01,-1.915018446743488312e-02,6.173072457313537598e-01,4.697607457637786865e-01,-2.394345216453075409e-02,6.029427051544189453e-01,5.480757951736450195e-01,-8.719634264707565308e-03,6.201298236846923828e-01,5.164144039154052734e-01,-1.433247048407793045e-02,6.318708658218383789e-01,4.961059093475341797e-01,-2.063427120447158813e-02,6.428350806236267090e-01,4.778054952621459961e-01,-2.577955834567546844e-02,6.126626729965209961e-01,5.651354193687438965e-01,-1.243548933416604996e-02,6.334620118141174316e-01,5.399095416069030762e-01,-1.992420665919780731e-02,6.472659111022949219e-01,5.244559049606323242e-01,-2.560384012758731842e-02,6.593734025955200195e-01,5.094385147094726562e-01,-2.985392510890960693e-02,6.179490089416503906e-01,5.865563154220581055e-01,-1.689908653497695923e-02,6.370549201965332031e-01,5.730620622634887695e-01,-2.469185367226600647e-02,6.502044796943664551e-01,5.638358592987060547e-01,-2.818860113620758057e-02,6.621839404106140137e-01,5.539864301681518555e-01,-3.057365491986274719e-02,-1.000000000000000000e+00,-1.000000000000000000e+00,-1.000000000000000000e+00,-1.000000000000000000e+00,-1.000000000000000000e+00,-1.000000000000000000e+00,-1.000000000000000000e+00,-1.000000000000000000e+00,-1.000000000000000000e+00,-1.000000000000000000e+00,-1.000000000000000000e+00,-1.000000000000000000e+00,-1.000000000000000000e+00,-1.000000000000000000e+00,-1.000000000000000000e+00,-1.000000000000000000e+00,-1.000000000000000000e+00,-1.000000000000000000e+00,-1.000000000000000000e+00,-1.000000000000000000e+00,-1.000000000000000000e+00,-1.000000000000000000e+00,-1.000000000000000000e+00,-1.000000000000000000e+00,-1.000000000000000000e+00,-1.000000000000000000e+00,-1.000000000000000000e+00,-1.000000000000000000e+00,-1.000000000000000000e+00,-1.000000000000000000e+00,-1.000000000000000000e+00,-1.000000000000000000e+00,-1.000000000000000000e+00,-1.000000000000000000e+00,-1.000000000000000000e+00,-1.000000000000000000e+00,-1.000000000000000000e+00,-1.000000000000000000e+00,-1.000000000000000000e+00,-1.000000000000000000e+00,-1.000000000000000000e+00,-1.000000000000000000e+00,-1.000000000000000000e+00,-1.000000000000000000e+00,-1.000000000000000000e+00,-1.000000000000000000e+00,-1.000000000000000000e+00,-1.000000000000000000e+00,-1.000000000000000000e+00,-1.000000000000000000e+00,-1.000000000000000000e+00,-1.000000000000000000e+00,-1.000000000000000000e+00,-1.000000000000000000e+00,-1.000000000000000000e+00,-1.000000000000000000e+00,-1.000000000000000000e+00,-1.000000000000000000e+00,-1.000000000000000000e+00,-1.000000000000000000e+00,-1.000000000000000000e+00,-1.000000000000000000e+00,-1.000000000000000000e+00
5.696045756340026855e-01,6.299815177917480469e-01,1.662324535800507874e-07,5.548835992813110352e-01,5.967424511909484863e-01,-7.020674180239439011e-03,5.535364151000976562e-01,5.576540827751159668e-01,-9.859042242169380188e-03,5.557793974876403809e-01,5.294219255447387695e-01,-1.257673557847738266e-02,5.538291931152343750e-01,5.066309571266174316e-01,-1.549394987523555756e-02,5.824044346809387207e-01,5.358304381370544434e-01,-4.527097102254629135e-03,5.939801335334777832e-01,5.048102736473083496e-01,-1.076161768287420273e-02,6.010378599166870117e-01,4.856206178665161133e-01,-1.632663048803806305e-02,6.082705259323120117e-01,4.681667685508728027e-01,-2.097440510988235474e-02,5.974638462066650391e-01,5.454164147377014160e-01,-7.570095825940370560e-03,6.138495802879333496e-01,5.130717754364013672e-01,-1.279076002538204193e-02,6.245750188827514648e-01,4.920043647289276123e-01,-1.880433969199657440e-02,6.344524025917053223e-01,4.726650118827819824e-01,-2.379037626087665558e-02,6.073812842369079590e-01,5.617238879203796387e-01,-1.193207874894142151e-02,6.270177364349365234e-01,5.353951454162597656e-01,-1.894458383321762085e-02,6.404514312744140625e-01,5.192412137985229492e-01,-2.451689727604389191e-02,6.521983146667480469e-01,5.035333633422851562e-01,-2.881086245179176331e-02,6.129416227340698242e-01,5.826844573020935059e-01,-1.691462472081184387e-02,6.310511231422424316e-01,5.682545304298400879e-01,-2.401935867965221405e-02,6.439220905303955078e-01,5.582408308982849121e-01,-2.723187021911144257e-02,6.557651758193969727e-01,5.476970076560974121e-01,-2.963756397366523743e-02,-1.000000000000000000e+00,-1.000000000000000000e+00,-1.000000000000000000e+00,-1.000000000000000000e+00,-1.000000000000000000e+00,-1.000000000000000000e+00,-1.000000000000000000e+00,-1.000000000000000000e+00,-1.000000000000000000e+00,-1.000000000000000000e+00,-1.000000000000000000e+00,-1.000000000000000000e+00,-1.000000000000000000e+00,-1.000000000000000000e+00,-1.000000000000000000e+00,-1.000000000000000000e+00,-1.000000000000000000e+00,-1.000000000000000000e+00,-1.000000000000000000e+00,-1.000000000000000000e+00,-1.000000000000000000e+00,-1.000000000000000000e+00,-1.000000000000000000e+00,-1.000000000000000000e+00,-1.000000000000000000e+00,-1.000000000000000000e+00,-1.000000000000000000e+00,-1.000000000000000000e+00,-1.000000000000000000e+00,-1.000000000000000000e+00,-1.000000000000000000e+00,-1.000000000000000000e+00,-1.000000000000000000e+00,-1.000000000000000000e+00,-1.000000000000000000e+00,-1.000000000000000000e+00,-1.000000000000000000e+00,-1.000000000000000000e+00,-1.000000000000000000e+00,-1.000000000000000000e+00,-1.000000000000000000e+00,-1.000000000000000000e+00,-1.000000000000000000e+00,-1.000000000000000000e+00,-1.000000000000000000e+00,-1.000000000000000000e+00,-1.000000000000000000e+00,-1.000000000000000000e+00,-1.000000000000000000e+00,-1.000000000000000000e+00,-1.000000000000000000e+00,-1.000000000000000000e+00,-1.000000000000000000e+00,-1.000000000000000000e+00,-1.000000000000000000e+00,-1.000000000000000000e+00,-1.000000000000000000e+00,-1.000000000000000000e+00,-1.000000000000000000e+00,-1.000000000000000000e+00,-1.000000000000000000e+00,-1.000000000000000000e+00,-1.000000000000000000e+00
5.636350512504577637e-01,6.313855648040771484e-01,1.338431729891453870e-07,5.463370680809020996e-01,6.002513766288757324e-01,-7.062300108373165131e-03,5.404133796691894531e-01,5.628659725189208984e-01,-1.003869157284498215e-02,5.410645008087158203e-01,5.348362326622009277e-01,-1.300318259745836258e-02,5.405732393264770508e-01,5.100054144859313965e-01,-1.594612933695316315e-02,5.687439441680908203e-01,5.356189608573913574e-01,-3.094796556979417801e-03,5.760981440544128418e-01,5.014567971229553223e-01,-9.611329063773155212e-03,5.806375741958618164e-01,4.808388948440551758e-01,-1.551700197160243988e-02,5.853899121284484863e-01,4.619078934192657471e-01,-2.023465186357498169e-02,5.829590559005737305e-01,5.426894426345825195e-01,-6.070184987038373947e-03,5.951287150382995605e-01,5.074698328971862793e-01,-1.154830306768417358e-02,6.026834249496459961e-01,4.853579998016357422e-01,-1.760329492390155792e-02,6.097166538238525391e-01,4.649035036563873291e-01,-2.242742851376533508e-02,5.930914282798767090e-01,5.572161674499511719e-01,-1.061922870576381683e-02,6.095306873321533203e-01,5.287287235260009766e-01,-1.783736795186996460e-02,6.198028922080993652e-01,5.097106099128723145e-01,-2.366163954138755798e-02,6.282206177711486816e-01,4.907307326793670654e-01,-2.796977385878562927e-02,5.999131202697753906e-01,5.772337913513183594e-01,-1.585771329700946808e-02,6.152517199516296387e-01,5.598356723785400391e-01,-2.304660715162754059e-02,6.251060962677001953e-01,5.466724634170532227e-01,-2.659437991678714752e-02,6.334152221679687500e-01,5.322930216789245605e-01,-2.919549867510795593e-02,-1.000000000000000000e+00,-1.000000000000000000e+00,-1.000000000000000000e+00,-1.000000000000000000e+00,-1.000000000000000000e+00,-1.000000000000000000e+00,-1.000000000000000000e+00,-1.000000000000000000e+00,-1.000000000000000000e+00,-1.000000000000000000e+00,-1.000000000000000000e+00,-1.000000000000000000e+00,-1.000000000000000000e+00,-1.000000000000000000e+00,-1.000000000000000000e+00,-1.000000000000000000e+00,-1.000000000000000000e+00,-1.000000000000000000e+00,-1.000000000000000000e+00,-1.000000000000000000e+00,-1.000000000000000000e+00,-1.000000000000000000e+00,-1.000000000000000000e+00,-1.000000000000000000e+00,-1.000000000000000000e+00,-1.000000000000000000e+00,-1.000000000000000000e+00,-1.000000000000000000e+00,-1.000000000000000000e+00,-1.000000000000000000e+00,-1.000000000000000000e+00,-1.000000000000000000e+00,-1.000000000000000000e+00,-1.000000000000000000e+00,-1.000000000000000000e+00,-1.000000000000000000e+00,-1.000000000000000000e+00,-1.000000000000000000e+00,-1.000000000000000000e+00,-1.000000000000000000e+00,-1.000000000000000000e+00,-1.000000000000000000e+00,-1.000000000000000000e+00,-1.000000000000000000e+00,-1.000000000000000000e+00,-1.000000000000000000e+00,-1.000000000000000000e+00,-1.000000000000000000e+00,-1.000000000000000000e+00,-1.000000000000000000e+00,-1.000000000000000000e+00,-1.000000000000000000e+00,-1.000000000000000000e+00,-1.000000000000000000e+00,-1.000000000000000000e+00,-1.000000000000000000e+00,-1.000000000000000000e+00,-1.000000000000000000e+00,-1.000000000000000000e+00,-1.000000000000000000e+00,-1.000000000000000000e+00,-1.000000000000000000e+00,-1.000000000000000000e+00
5.636350512504577637e-01,6.313855648040771484e-01,1.338431729891453870e-07,5.463370680809020996e-01,6.002513766288757324e-01,-7.062300108373165131e-03,5.404133796691894531e-01,5.628659725189208984e-01,-1.003869157284498215e-02,5.410645008087158203e-01,5.348362326622009277e-01,-1.300318259745836258e-02,5.405732393264770508e-01,5.100054144859313965e-01,-1.594612933695316315e-02,5.687439441680908203e-01,5.356189608573913574e-01,-3.094796556979417801e-03,5.760981440544128418e-01,5.014567971229553223e-01,-9.611329063773155212e-03,5.806375741958618164e-01,4.808388948440551758e-01,-1.551700197160243988e-02,5.853899121284484863e-01,4.619078934192657471e-01,-2.023465186357498169e-02,5.829590559005737305e-01,5.426894426345825195e-01,-6.070184987038373947e-03,5.951287150382995605e-01,5.074698328971862793e-01,-1.154830306768417358e-02,6.026834249496459961e-01,4.853579998016357422e-01,-1.760329492390155792e-02,6.097166538238525391e-01,4.649035036563873291e-01,-2.242742851376533508e-02,5.930914282798767090e-01,5.572161674499511719e-01,-1.061922870576381683e-02,6.095306873321533203e-01,5.287287235260009766e-01,-1.783736795186996460e-02,6.198028922080993652e-01,5.097106099128723145e-01,-2.366163954138755798e-02,6.282206177711486816e-01,4.907307326793670654e-01,-2.796977385878562927e-02,5.999131202697753906e-01,5.772337913513183594e-01,-1.585771329700946808e-02,6.152517199516296387e-01,5.598356723785400391e-01,-2.304660715162754059e-02,6.251060962677001953e-01,5.466724634170532227e-01,-2.659437991678714752e-02,6.334152221679687500e-01,5.322930216789245605e-01,-2.919549867510795593e-02,-1.000000000000000000e+00,-1.000000000000000000e+00,-1.000000000000000000e+00,-1.000000000000000000e+00,-1.000000000000000000e+00,-1.000000000000000000e+00,-1.000000000000000000e+00,-1.000000000000000000e+00,-1.000000000000000000e+00,-1.000000000000000000e+00,-1.000000000000000000e+00,-1.000000000000000000e+00,-1.000000000000000000e+00,-1.000000000000000000e+00,-1.000000000000000000e+00,-1.000000000000000000e+00,-1.000000000000000000e+00,-1.000000000000000000e+00,-1.000000000000000000e+00,-1.000000000000000000e+00,-1.000000000000000000e+00,-1.000000000000000000e+00,-1.000000000000000000e+00,-1.000000000000000000e+00,-1.000000000000000000e+00,-1.000000000000000000e+00,-1.000000000000000000e+00,-1.000000000000000000e+00,-1.000000000000000000e+00,-1.000000000000000000e+00,-1.000000000000000000e+00,-1.000000000000000000e+00,-1.000000000000000000e+00,-1.000000000000000000e+00,-1.000000000000000000e+00,-1.000000000000000000e+00,-1.000000000000000000e+00,-1.000000000000000000e+00,-1.000000000000000000e+00,-1.000000000000000000e+00,-1.000000000000000000e+00,-1.000000000000000000e+00,-1.000000000000000000e+00,-1.000000000000000000e+00,-1.000000000000000000e+00,-1.000000000000000000e+00,-1.000000000000000000e+00,-1.000000000000000000e+00,-1.000000000000000000e+00,-1.000000000000000000e+00,-1.000000000000000000e+00,-1.000000000000000000e+00,-1.000000000000000000e+00,-1.000000000000000000e+00,-1.000000000000000000e+00,-1.000000000000000000e+00,-1.000000000000000000e+00,-1.000000000000000000e+00,-1.000000000000000000e+00,-1.000000000000000000e+00,-1.000000000000000000e+00,-1.000000000000000000e+00,-1.000000000000000000e+00
5.642576217651367188e-01,6.308341622352600098e-01,1.532946782845101552e-07,5.472766757011413574e-01,5.997737646102905273e-01,-6.966348271816968918e-03,5.412130951881408691e-01,5.615142583847045898e-01,-9.783817455172538757e-03,5.413808226585388184e-01,5.332902073860168457e-01,-1.243663672357797623e-02,5.415593385696411133e-01,5.090491771697998047e-01,-1.501963939517736435e-02,5.684646368026733398e-01,5.363434553146362305e-01,-4.825686570256948471e-03,5.767101049423217773e-01,5.025005936622619629e-01,-1.192082837224006653e-02,5.815784931182861328e-01,4.819552600383758545e-01,-1.776169985532760620e-02,5.865583419799804688e-01,4.632601737976074219e-01,-2.228828892111778259e-02,5.830087661743164062e-01,5.437148809432983398e-01,-7.767280098050832748e-03,5.952596068382263184e-01,5.087725520133972168e-01,-1.371952332556247711e-02,6.031618118286132812e-01,4.860534667968750000e-01,-1.963554322719573975e-02,6.102730631828308105e-01,4.658701419830322266e-01,-2.424420602619647980e-02,5.937449336051940918e-01,5.577977895736694336e-01,-1.212521269917488098e-02,6.093973517417907715e-01,5.290585756301879883e-01,-1.937946118414402008e-02,6.196249127388000488e-01,5.100333690643310547e-01,-2.442660555243492126e-02,6.282607913017272949e-01,4.924639761447906494e-01,-2.807879075407981873e-02,6.010344624519348145e-01,5.769666433334350586e-01,-1.715986058115959167e-02,6.154916882514953613e-01,5.590534806251525879e-01,-2.422968484461307526e-02,6.255740523338317871e-01,5.461540222167968750e-01,-2.717135474085807800e-02,6.343693733215332031e-01,5.335579514503479004e-01,-2.916698157787322998e-02,-1.000000000000000000e+00,-1.000000000000000000e+00,-1.000000000000000000e+00,-1.000000000000000000e+00,-1.000000000000000000e+00,-1.000000000000000000e+00,-1.000000000000000000e+00,-1.000000000000000000e+00,-1.000000000000000000e+00,-1.000000000000000000e+00,-1.000000000000000000e+00,-1.000000000000000000e+00,-1.000000000000000000e+00,-1.000000000000000000e+00,-1.000000000000000000e+00,-1.000000000000000000e+00,-1.000000000000000000e+00,-1.000000000000000000e+00,-1.000000000000000000e+00,-1.000000000000000000e+00,-1.000000000000000000e+00,-1.000000000000000000e+00,-1.000000000000000000e+00,-1.000000000000000000e+00,-1.000000000000000000e+00,-1.000000000000000000e+00,-1.000000000000000000e+00,-1.000000000000000000e+00,-1.000000000000000000e+00,-1.000000000000000000e+00,-1.000000000000000000e+00,-1.000000000000000000e+00,-1.000000000000000000e+00,-1.000000000000000000e+00,-1.000000000000000000e+00,-1.000000000000000000e+00,-1.000000000000000000e+00,-1.000000000000000000e+00,-1.000000000000000000e+00,-1.000000000000000000e+00,-1.000000000000000000e+00,-1.000000000000000000e+00,-1.000000000000000000e+00,-1.000000000000000000e+00,-1.000000000000000000e+00,-1.000000000000000000e+00,-1.000000000000000000e+00,-1.000000000000000000e+00,-1.000000000000000000e+00,-1.000000000000000000e+00,-1.000000000000000000e+00,-1.000000000000000000e+00,-1.000000000000000000e+00,-1.000000000000000000e+00,-1.000000000000000000e+00,-1.000000000000000000e+00,-1.000000000000000000e+00,-1.000000000000000000e+00,-1.000000000000000000e+00,-1.000000000000000000e+00,-1.000000000000000000e+00,-1.000000000000000000e+00,-1.000000000000000000e+00
5.560386776924133301e-01,6.322307586669921875e-01,1.324149820902675856e-07,5.378850698471069336e-01,6.044046878814697266e-01,-6.606107577681541443e-03,5.302470326423645020e-01,5.690067410469055176e-01,-1.006096880882978439e-02,5.284414291381835938e-01,5.429264903068542480e-01,-1.353143062442541122e-02,5.249990820884704590e-01,5.199604034423828125e-01,-1.699159666895866394e-02,5.550188422203063965e-01,5.368632078170776367e-01,-4.338657483458518982e-03,5.597249269485473633e-01,5.018880963325500488e-01,-1.142046228051185608e-02,5.618106126785278320e-01,4.811493158340454102e-01,-1.759181730449199677e-02,5.638572573661804199e-01,4.625511765480041504e-01,-2.225693129003047943e-02,5.687016248703002930e-01,5.424695014953613281e-01,-7.565606851130723953e-03,5.784487128257751465e-01,5.059251189231872559e-01,-1.346191950142383575e-02,5.837094187736511230e-01,4.828396141529083252e-01,-1.929029822349548340e-02,5.882887244224548340e-01,4.624409079551696777e-01,-2.373377606272697449e-02,5.793808698654174805e-01,5.558405518531799316e-01,-1.219297572970390320e-02,5.927413105964660645e-01,5.245699882507324219e-01,-1.895976811647415161e-02,6.002556085586547852e-01,5.045500993728637695e-01,-2.371827326714992523e-02,6.061630249023437500e-01,4.854826927185058594e-01,-2.726225741207599640e-02,5.872069597244262695e-01,5.752742290496826172e-01,-1.752617396414279938e-02,5.998564362525939941e-01,5.541390180587768555e-01,-2.393494732677936554e-02,6.068172454833984375e-01,5.386933684349060059e-01,-2.646369673311710358e-02,6.121591329574584961e-01,5.227582454681396484e-01,-2.826084941625595093e-02,-1.000000000000000000e+00,-1.000000000000000000e+00,-1.000000000000000000e+00,-1.000000000000000000e+00,-1.000000000000000000e+00,-1.000000000000000000e+00,-1.000000000000000000e+00,-1.000000000000000000e+00,-1.000000000000000000e+00,-1.000000000000000000e+00,-1.000000000000000000e+00,-1.000000000000000000e+00,-1.000000000000000000e+00,-1.000000000000000000e+00,-1.000000000000000000e+00,-1.000000000000000000e+00,-1.000000000000000000e+00,-1.000000000000000000e+00,-1.000000000000000000e+00,-1.000000000000000000e+00,-1.000000000000000000e+00,-1.000000000000000000e+00,-1.000000000000000000e+00,-1.000000000000000000e+00,-1.000000000000000000e+00,-1.000000000000000000e+00,-1.000000000000000000e+00,-1.000000000000000000e+00,-1.000000000000000000e+00,-1.000000000000000000e+00,-1.000000000000000000e+00,-1.000000000000000000e+00,-1.000000000000000000e+00,-1.000000000000000000e+00,-1.000000000000000000e+00,-1.000000000000000000e+00,-1.000000000000000000e+00,-1.000000000000000000e+00,-1.000000000000000000e+00,-1.000000000000000000e+00,-1.000000000000000000e+00,-1.000000000000000000e+00,-1.000000000000000000e+00,-1.000000000000000000e+00,-1.000000000000000000e+00,-1.000000000000000000e+00,-1.000000000000000000e+00,-1.000000000000000000e+00,-1.000000000000000000e+00,-1.000000000000000000e+00,-1.000000000000000000e+00,-1.000000000000000000e+00,-1.000000000000000000e+00,-1.000000000000000000e+00,-1.000000000000000000e+00,-1.000000000000000000e+00,-1.000000000000000000e+00,-1.000000000000000000e+00,-1.000000000000000000e+00,-1.000000000000000000e+00,-1.000000000000000000e+00,-1.000000000000000000e+00,-1.000000000000000000e+00
5.498231053352355957e-01,6.365357637405395508e-01,9.885779661544802366e-08,5.292893052101135254e-01,6.108235716819763184e-01,-5.829567555338144302e-03,5.187584757804870605e-01,5.760887265205383301e-01,-9.231165982782840729e-03,5.143818855285644531e-01,5.502249598503112793e-01,-1.289563067257404327e-02,5.089402794837951660e-01,5.282996296882629395e-01,-1.661100983619689941e-02,5.406675338745117188e-01,5.429796576499938965e-01,-3.908285405486822128e-03,5.408172607421875000e-01,5.082431435585021973e-01,-1.133671775460243225e-02,5.402479171752929688e-01,4.876451492309570312e-01,-1.802060194313526154e-02,5.397921204566955566e-01,4.684586524963378906e-01,-2.311502024531364441e-02,5.535103082656860352e-01,5.456665158271789551e-01,-7.555078249424695969e-03,5.587477684020996094e-01,5.083528757095336914e-01,-1.405798550695180893e-02,5.608254671096801758e-01,4.842095375061035156e-01,-1.999977044761180878e-02,5.622897148132324219e-01,4.628098011016845703e-01,-2.445368096232414246e-02,5.642874240875244141e-01,5.564562082290649414e-01,-1.254081819206476212e-02,5.732892155647277832e-01,5.225241780281066895e-01,-1.940750516951084137e-02,5.777164697647094727e-01,5.010483264923095703e-01,-2.362362667918205261e-02,5.806410312652587891e-01,4.808893799781799316e-01,-2.673619426786899567e-02,5.729198455810546875e-01,5.736985802650451660e-01,-1.826393976807594299e-02,5.823636054992675781e-01,5.500157475471496582e-01,-2.459076978266239166e-02,5.870094299316406250e-01,5.328404903411865234e-01,-2.684130333364009857e-02,5.901367664337158203e-01,5.158756971359252930e-01,-2.840070798993110657e-02,-1.000000000000000000e+00,-1.000000000000000000e+00,-1.000000000000000000e+00,-1.000000000000000000e+00,-1.000000000000000000e+00,-1.000000000000000000e+00,-1.000000000000000000e+00,-1.000000000000000000e+00,-1.000000000000000000e+00,-1.000000000000000000e+00,-1.000000000000000000e+00,-1.000000000000000000e+00,-1.000000000000000000e+00,-1.000000000000000000e+00,-1.000000000000000000e+00,-1.000000000000000000e+00,-1.000000000000000000e+00,-1.000000000000000000e+00,-1.000000000000000000e+00,-1.000000000000000000e+00,-1.000000000000000000e+00,-1.000000000000000000e+00,-1.000000000000000000e+00,-1.000000000000000000e+00,-1.000000000000000000e+00,-1.000000000000000000e+00,-1.000000000000000000e+00,-1.000000000000000000e+00,-1.000000000000000000e+00,-1.000000000000000000e+00,-1.000000000000000000e+00,-1.000000000000000000e+00,-1.000000000000000000e+00,-1.000000000000000000e+00,-1.000000000000000000e+00,-1.000000000000000000e+00,-1.000000000000000000e+00,-1.000000000000000000e+00,-1.000000000000000000e+00,-1.000000000000000000e+00,-1.000000000000000000e+00,-1.000000000000000000e+00,-1.000000000000000000e+00,-1.000000000000000000e+00,-1.000000000000000000e+00,-1.000000000000000000e+00,-1.000000000000000000e+00,-1.000000000000000000e+00,-1.000000000000000000e+00,-1.000000000000000000e+00,-1.000000000000000000e+00,-1.000000000000000000e+00,-1.000000000000000000e+00,-1.000000000000000000e+00,-1.000000000000000000e+00,-1.000000000000000000e+00,-1.000000000000000000e+00,-1.000000000000000000e+00,-1.000000000000000000e+00,-1.000000000000000000e+00,-1.000000000000000000e+00,-1.000000000000000000e+00,-1.000000000000000000e+00
5.498231053352355957e-01,6.365357637405395508e-01,9.885779661544802366e-08,5.292893052101135254e-01,6.108235716819763184e-01,-5.829567555338144302e-03,5.187584757804870605e-01,5.760887265205383301e-01,-9.231165982782840729e-03,5.143818855285644531e-01,5.502249598503112793e-01,-1.289563067257404327e-02,5.089402794837951660e-01,5.282996296882629395e-01,-1.661100983619689941e-02,5.406675338745117188e-01,5.429796576499938965e-01,-3.908285405486822128e-03,5.408172607421875000e-01,5.082431435585021973e-01,-1.133671775460243225e-02,5.402479171752929688e-01,4.876451492309570312e-01,-1.802060194313526154e-02,5.397921204566955566e-01,4.684586524963378906e-01,-2.311502024531364441e-02,5.535103082656860352e-01,5.456665158271789551e-01,-7.555078249424695969e-03,5.587477684020996094e-01,5.083528757095336914e-01,-1.405798550695180893e-02,5.608254671096801758e-01,4.842095375061035156e-01,-1.999977044761180878e-02,5.622897148132324219e-01,4.628098011016845703e-01,-2.445368096232414246e-02,5.642874240875244141e-01,5.564562082290649414e-01,-1.254081819206476212e-02,5.732892155647277832e-01,5.225241780281066895e-01,-1.940750516951084137e-02,5.777164697647094727e-01,5.010483264923095703e-01,-2.362362667918205261e-02,5.806410312652587891e-01,4.808893799781799316e-01,-2.673619426786899567e-02,5.729198455810546875e-01,5.736985802650451660e-01,-1.826393976807594299e-02,5.823636054992675781e-01,5.500157475471496582e-01,-2.459076978266239166e-02,5.870094299316406250e-01,5.328404903411865234e-01,-2.684130333364009857e-02,5.901367664337158203e-01,5.158756971359252930e-01,-2.840070798993110657e-02,-1.000000000000000000e+00,-1.000000000000000000e+00,-1.000000000000000000e+00,-1.000000000000000000e+00,-1.000000000000000000e+00,-1.000000000000000000e+00,-1.000000000000000000e+00,-1.000000000000000000e+00,-1.000000000000000000e+00,-1.000000000000000000e+00,-1.000000000000000000e+00,-1.000000000000000000e+00,-1.000000000000000000e+00,-1.000000000000000000e+00,-1.000000000000000000e+00,-1.000000000000000000e+00,-1.000000000000000000e+00,-1.000000000000000000e+00,-1.000000000000000000e+00,-1.000000000000000000e+00,-1.000000000000000000e+00,-1.000000000000000000e+00,-1.000000000000000000e+00,-1.000000000000000000e+00,-1.000000000000000000e+00,-1.000000000000000000e+00,-1.000000000000000000e+00,-1.000000000000000000e+00,-1.000000000000000000e+00,-1.000000000000000000e+00,-1.000000000000000000e+00,-1.000000000000000000e+00,-1.000000000000000000e+00,-1.000000000000000000e+00,-1.000000000000000000e+00,-1.000000000000000000e+00,-1.000000000000000000e+00,-1.000000000000000000e+00,-1.000000000000000000e+00,-1.000000000000000000e+00,-1.000000000000000000e+00,-1.000000000000000000e+00,-1.000000000000000000e+00,-1.000000000000000000e+00,-1.000000000000000000e+00,-1.000000000000000000e+00,-1.000000000000000000e+00,-1.000000000000000000e+00,-1.000000000000000000e+00,-1.000000000000000000e+00,-1.000000000000000000e+00,-1.000000000000000000e+00,-1.000000000000000000e+00,-1.000000000000000000e+00,-1.000000000000000000e+00,-1.000000000000000000e+00,-1.000000000000000000e+00,-1.000000000000000000e+00,-1.000000000000000000e+00,-1.000000000000000000e+00,-1.000000000000000000e+00,-1.000000000000000000e+00,-1.000000000000000000e+00
5.437941551208496094e-01,6.390805840492248535e-01,9.038240023073740304e-08,5.225942730903625488e-01,6.147799491882324219e-01,-5.317020695656538010e-03,5.102055072784423828e-01,5.800424218177795410e-01,-8.243216201663017273e-03,5.038505792617797852e-01,5.540674328804016113e-01,-1.155252475291490555e-02,4.958322942256927490e-01,5.337364673614501953e-01,-1.486930903047323227e-02,5.313322544097900391e-01,5.475218892097473145e-01,-2.370987553149461746e-03,5.300373435020446777e-01,5.132583379745483398e-01,-9.735737927258014679e-03,5.271790027618408203e-01,4.939261674880981445e-01,-1.634788513183593750e-02,5.237183570861816406e-01,4.756139218807220459e-01,-2.124795876443386078e-02,5.437341332435607910e-01,5.488953590393066406e-01,-6.025531794875860214e-03,5.466202497482299805e-01,5.113391876220703125e-01,-1.229876931756734848e-02,5.469649434089660645e-01,4.873977601528167725e-01,-1.822311989963054657e-02,5.467221736907958984e-01,4.654636979103088379e-01,-2.262673154473304749e-02,5.545243620872497559e-01,5.576839447021484375e-01,-1.109981723129749298e-02,5.609194040298461914e-01,5.234572291374206543e-01,-1.760650053620338440e-02,5.638334751129150391e-01,5.011810660362243652e-01,-2.197206951677799225e-02,5.652303099632263184e-01,4.805165231227874756e-01,-2.516247890889644623e-02,5.635426640510559082e-01,5.725632905960083008e-01,-1.689841039478778839e-02,5.705828070640563965e-01,5.478986501693725586e-01,-2.239429950714111328e-02,5.732616186141967773e-01,5.305252075195312500e-01,-2.447544038295745850e-02,5.744923353195190430e-01,5.137595534324645996e-01,-2.604225277900695801e-02,-1.000000000000000000e+00,-1.000000000000000000e+00,-1.000000000000000000e+00,-1.000000000000000000e+00,-1.000000000000000000e+00,-1.000000000000000000e+00,-1.000000000000000000e+00,-1.000000000000000000e+00,-1.000000000000000000e+00,-1.000000000000000000e+00,-1.000000000000000000e+00,-1.000000000000000000e+00,-1.000000000000000000e+00,-1.000000000000000000e+00,-1.000000000000000000e+00,-1.000000000000000000e+00,-1.000000000000000000e+00,-1.000000000000000000e+00,-1.000000000000000000e+00,-1.000000000000000000e+00,-1.000000000000000000e+00,-1.000000000000000000e+00,-1.000000000000000000e+00,-1.000000000000000000e+00,-1.000000000000000000e+00,-1.000000000000000000e+00,-1.000000000000000000e+00,-1.000000000000000000e+00,-1.000000000000000000e+00,-1.000000000000000000e+00,-1.000000000000000000e+00,-1.000000000000000000e+00,-1.000000000000000000e+00,-1.000000000000000000e+00,-1.000000000000000000e+00,-1.000000000000000000e+00,-1.000000000000000000e+00,-1.000000000000000000e+00,-1.000000000000000000e+00,-1.000000000000000000e+00,-1.000000000000000000e+00,-1.000000000000000000e+00,-1.000000000000000000e+00,-1.000000000000000000e+00,-1.000000000000000000e+00,-1.000000000000000000e+00,-1.000000000000000000e+00,-1.000000000000000000e+00,-1.000000000000000000e+00,-1.000000000000000000e+00,-1.000000000000000000e+00,-1.000000000000000000e+00,-1.000000000000000000e+00,-1.000000000000000000e+00,-1.000000000000000000e+00,-1.000000000000000000e+00,-1.000000000000000000e+00,-1.000000000000000000e+00,-1.000000000000000000e+00,-1.000000000000000000e+00,-1.000000000000000000e+00,-1.000000000000000000e+00,-1.000000000000000000e+00
5.333143472671508789e-01,6.475118994712829590e-01,6.423112353104443173e-08,5.093976259231567383e-01,6.268253326416015625e-01,-6.009021308273077011e-03,4.950657784938812256e-01,5.955067873001098633e-01,-9.563372470438480377e-03,4.872018694877624512e-01,5.711429715156555176e-01,-1.355566550046205521e-02,4.783197045326232910e-01,5.511037111282348633e-01,-1.744779013097286224e-02,5.121409296989440918e-01,5.575515627861022949e-01,-1.252486137673258781e-03,5.067812204360961914e-01,5.242953896522521973e-01,-8.888609707355499268e-03,5.011727213859558105e-01,5.044091343879699707e-01,-1.624253205955028534e-02,4.954665899276733398e-01,4.870243072509765625e-01,-2.155418880283832550e-02,5.227841138839721680e-01,5.566868782043457031e-01,-4.367779009044170380e-03,5.197495818138122559e-01,5.192291736602783203e-01,-1.088674739003181458e-02,5.156632661819458008e-01,4.957408010959625244e-01,-1.720026135444641113e-02,5.118614435195922852e-01,4.743468165397644043e-01,-2.175080962479114532e-02,5.332273840904235840e-01,5.626795291900634766e-01,-9.056536480784416199e-03,5.334498286247253418e-01,5.273121595382690430e-01,-1.529142539948225021e-02,5.315941572189331055e-01,5.049900412559509277e-01,-1.956077478826045990e-02,5.292999148368835449e-01,4.846380949020385742e-01,-2.265214361250400543e-02,5.435314178466796875e-01,5.749033093452453613e-01,-1.467649079859256744e-02,5.458982586860656738e-01,5.486088395118713379e-01,-2.002155594527721405e-02,5.449056029319763184e-01,5.305204987525939941e-01,-2.221087925136089325e-02,5.429862737655639648e-01,5.135961174964904785e-01,-2.374517545104026794e-02,-1.000000000000000000e+00,-1.000000000000000000e+00,-1.000000000000000000e+00,-1.000000000000000000e+00,-1.000000000000000000e+00,-1.000000000000000000e+00,-1.000000000000000000e+00,-1.000000000000000000e+00,-1.000000000000000000e+00,-1.000000000000000000e+00,-1.000000000000000000e+00,-1.000000000000000000e+00,-1.000000000000000000e+00,-1.000000000000000000e+00,-1.000000000000000000e+00,-1.000000000000000000e+00,-1.000000000000000000e+00,-1.000000000000000000e+00,-1.000000000000000000e+00,-1.000000000000000000e+00,-1.000000000000000000e+00,-1.000000000000000000e+00,-1.000000000000000000e+00,-1.000000000000000000e+00,-1.000000000000000000e+00,-1.000000000000000000e+00,-1.000000000000000000e+00,-1.000000000000000000e+00,-1.000000000000000000e+00,-1.000000000000000000e+00,-1.000000000000000000e+00,-1.000000000000000000e+00,-1.000000000000000000e+00,-1.000000000000000000e+00,-1.000000000000000000e+00,-1.000000000000000000e+00,-1.000000000000000000e+00,-1.000000000000000000e+00,-1.000000000000000000e+00,-1.000000000000000000e+00,-1.000000000000000000e+00,-1.000000000000000000e+00,-1.000000000000000000e+00,-1.000000000000000000e+00,-1.000000000000000000e+00,-1.000000000000000000e+00,-1.000000000000000000e+00,-1.000000000000000000e+00,-1.000000000000000000e+00,-1.000000000000000000e+00,-1.000000000000000000e+00,-1.000000000000000000e+00,-1.000000000000000000e+00,-1.000000000000000000e+00,-1.000000000000000000e+00,-1.000000000000000000e+00,-1.000000000000000000e+00,-1.000000000000000000e+00,-1.000000000000000000e+00,-1.000000000000000000e+00,-1.000000000000000000e+00,-1.000000000000000000e+00,-1.000000000000000000e+00
5.333143472671508789e-01,6.475118994712829590e-01,6.423112353104443173e-08,5.093976259231567383e-01,6.268253326416015625e-01,-6.009021308273077011e-03,4.950657784938812256e-01,5.955067873001098633e-01,-9.563372470438480377e-03,4.872018694877624512e-01,5.711429715156555176e-01,-1.355566550046205521e-02,4.783197045326232910e-01,5.511037111282348633e-01,-1.744779013097286224e-02,5.121409296989440918e-01,5.575515627861022949e-01,-1.252486137673258781e-03,5.067812204360961914e-01,5.242953896522521973e-01,-8.888609707355499268e-03,5.011727213859558105e-01,5.044091343879699707e-01,-1.624253205955028534e-02,4.954665899276733398e-01,4.870243072509765625e-01,-2.155418880283832550e-02,5.227841138839721680e-01,5.566868782043457031e-01,-4.367779009044170380e-03,5.197495818138122559e-01,5.192291736602783203e-01,-1.088674739003181458e-02,5.156632661819458008e-01,4.957408010959625244e-01,-1.720026135444641113e-02,5.118614435195922852e-01,4.743468165397644043e-01,-2.175080962479114532e-02,5.332273840904235840e-01,5.626795291900634766e-01,-9.056536480784416199e-03,5.334498286247253418e-01,5.273121595382690430e-01,-1.529142539948225021e-02,5.315941572189331055e-01,5.049900412559509277e-01,-1.956077478826045990e-02,5.292999148368835449e-01,4.846380949020385742e-01,-2.265214361250400543e-02,5.435314178466796875e-01,5.749033093452453613e-01,-1.467649079859256744e-02,5.458982586860656738e-01,5.486088395118713379e-01,-2.002155594527721405e-02,5.449056029319763184e-01,5.305204987525939941e-01,-2.221087925136089325e-02,5.429862737655639648e-01,5.135961174964904785e-01,-2.374517545104026794e-02,-1.000000000000000000e+00,-1.000000000000000000e+00,-1.000000000000000000e+00,-1.000000000000000000e+00,-1.000000000000000000e+00,-1.000000000000000000e+00,-1.000000000000000000e+00,-1.000000000000000000e+00,-1.000000000000000000e+00,-1.000000000000000000e+00,-1.000000000000000000e+00,-1.000000000000000000e+00,-1.000000000000000000e+00,-1.000000000000000000e+00,-1.000000000000000000e+00,-1.000000000000000000e+00,-1.000000000000000000e+00,-1.000000000000000000e+00,-1.000000000000000000e+00,-1.000000000000000000e+00,-1.000000000000000000e+00,-1.000000000000000000e+00,-1.000000000000000000e+00,-1.000000000000000000e+00,-1.000000000000000000e+00,-1.000000000000000000e+00,-1.000000000000000000e+00,-1.000000000000000000e+00,-1.000000000000000000e+00,-1.000000000000000000e+00,-1.000000000000000000e+00,-1.000000000000000000e+00,-1.000000000000000000e+00,-1.000000000000000000e+00,-1.000000000000000000e+00,-1.000000000000000000e+00,-1.000000000000000000e+00,-1.000000000000000000e+00,-1.000000000000000000e+00,-1.000000000000000000e+00,-1.000000000000000000e+00,-1.000000000000000000e+00,-1.000000000000000000e+00,-1.000000000000000000e+00,-1.000000000000000000e+00,-1.000000000000000000e+00,-1.000000000000000000e+00,-1.000000000000000000e+00,-1.000000000000000000e+00,-1.000000000000000000e+00,-1.000000000000000000e+00,-1.000000000000000000e+00,-1.000000000000000000e+00,-1.000000000000000000e+00,-1.000000000000000000e+00,-1.000000000000000000e+00,-1.000000000000000000e+00,-1.000000000000000000e+00,-1.000000000000000000e+00,-1.000000000000000000e+00,-1.000000000000000000e+00,-1.000000000000000000e+00,-1.000000000000000000e+00
5.302796959877014160e-01,6.521704792976379395e-01,4.726597779836083646e-08,5.052417516708374023e-01,6.353703737258911133e-01,-5.400815978646278381e-03,4.885515272617340088e-01,6.038146018981933594e-01,-7.989056408405303955e-03,4.787174761295318604e-01,5.798702239990234375e-01,-1.115205138921737671e-02,4.675286114215850830e-01,5.623593926429748535e-01,-1.420472096651792526e-02,5.013394355773925781e-01,5.656667351722717285e-01,2.841864188667386770e-04,4.925881624221801758e-01,5.342223644256591797e-01,-6.568388082087039948e-03,4.849541783332824707e-01,5.160015225410461426e-01,-1.329606398940086365e-02,4.775082468986511230e-01,4.999557733535766602e-01,-1.829831302165985107e-02,5.117471814155578613e-01,5.619981884956359863e-01,-2.983612474054098129e-03,5.050957202911376953e-01,5.265007019042968750e-01,-8.960978128015995026e-03,4.981722831726074219e-01,5.045983195304870605e-01,-1.468241307884454727e-02,4.914333820343017578e-01,4.859389066696166992e-01,-1.874111406505107880e-02,5.226702094078063965e-01,5.656239986419677734e-01,-7.825220935046672821e-03,5.179067850112915039e-01,5.298935770988464355e-01,-1.371995639055967331e-02,5.133535861968994141e-01,5.080850124359130859e-01,-1.727913133800029755e-02,5.086593627929687500e-01,4.886534810066223145e-01,-1.978864334523677826e-02,5.336689949035644531e-01,5.752292275428771973e-01,-1.358067896217107773e-02,5.326489806175231934e-01,5.478259921073913574e-01,-1.863899640738964081e-02,5.301055908203125000e-01,5.289387106895446777e-01,-2.042057923972606659e-02,5.272166132926940918e-01,5.117658972740173340e-01,-2.162148430943489075e-02,-1.000000000000000000e+00,-1.000000000000000000e+00,-1.000000000000000000e+00,-1.000000000000000000e+00,-1.000000000000000000e+00,-1.000000000000000000e+00,-1.000000000000000000e+00,-1.000000000000000000e+00,-1.000000000000000000e+00,-1.000000000000000000e+00,-1.000000000000000000e+00,-1.000000000000000000e+00,-1.000000000000000000e+00,-1.000000000000000000e+00,-1.000000000000000000e+00,-1.000000000000000000e+00,-1.000000000000000000e+00,-1.000000000000000000e+00,-1.000000000000000000e+00,-1.000000000000000000e+00,-1.000000000000000000e+00,-1.000000000000000000e+00,-1.000000000000000000e+00,-1.000000000000000000e+00,-1.000000000000000000e+00,-1.000000000000000000e+00,-1.000000000000000000e+00,-1.000000000000000000e+00,-1.000000000000000000e+00,-1.000000000000000000e+00,-1.000000000000000000e+00,-1.000000000000000000e+00,-1.000000000000000000e+00,-1.000000000000000000e+00,-1.000000000000000000e+00,-1.000000000000000000e+00,-1.000000000000000000e+00,-1.000000000000000000e+00,-1.000000000000000000e+00,-1.000000000000000000e+00,-1.000000000000000000e+00,-1.000000000000000000e+00,-1.000000000000000000e+00,-1.000000000000000000e+00,-1.000000000000000000e+00,-1.000000000000000000e+00,-1.000000000000000000e+00,-1.000000000000000000e+00,-1.000000000000000000e+00,-1.000000000000000000e+00,-1.000000000000000000e+00,-1.000000000000000000e+00,-1.000000000000000000e+00,-1.000000000000000000e+00,-1.000000000000000000e+00,-1.000000000000000000e+00,-1.000000000000000000e+00,-1.000000000000000000e+00,-1.000000000000000000e+00,-1.000000000000000000e+00,-1.000000000000000000e+00,-1.000000000000000000e+00,-1.000000000000000000e+00
5.271719098091125488e-01,6.598225235939025879e-01,3.425117256483645178e-08,5.016318559646606445e-01,6.486243009567260742e-01,-6.166235078126192093e-03,4.819845855236053467e-01,6.207736134529113770e-01,-8.657033555209636688e-03,4.699323177337646484e-01,5.975298881530761719e-01,-1.156330201774835587e-02,4.585485160350799561e-01,5.796470046043395996e-01,-1.428437232971191406e-02,4.916542470455169678e-01,5.812850594520568848e-01,-4.366867651697248220e-04,4.787769317626953125e-01,5.520467162132263184e-01,-7.555256132036447525e-03,4.685900807380676270e-01,5.347424149513244629e-01,-1.420593075454235077e-02,4.596720933914184570e-01,5.201399326324462891e-01,-1.892866753041744232e-02,5.011646747589111328e-01,5.740795731544494629e-01,-3.036284353584051132e-03,4.899386763572692871e-01,5.391350388526916504e-01,-9.429965168237686157e-03,4.798121452331542969e-01,5.175358057022094727e-01,-1.504505425691604614e-02,4.707939624786376953e-01,4.997676014900207520e-01,-1.886721514165401459e-02,5.115610361099243164e-01,5.732982158660888672e-01,-7.267882581800222397e-03,5.031508803367614746e-01,5.371469259262084961e-01,-1.372357457876205444e-02,4.948444962501525879e-01,5.161529183387756348e-01,-1.750832237303256989e-02,4.871550798416137695e-01,4.983513951301574707e-01,-1.980958878993988037e-02,5.222228169441223145e-01,5.778635144233703613e-01,-1.244450919330120087e-02,5.184574723243713379e-01,5.485188364982604980e-01,-1.794326491653919220e-02,5.137789249420166016e-01,5.287386178970336914e-01,-2.015479095280170441e-02,5.089125037193298340e-01,5.113838315010070801e-01,-2.143124863505363464e-02,-1.000000000000000000e+00,-1.000000000000000000e+00,-1.000000000000000000e+00,-1.000000000000000000e+00,-1.000000000000000000e+00,-1.000000000000000000e+00,-1.000000000000000000e+00,-1.000000000000000000e+00,-1.000000000000000000e+00,-1.000000000000000000e+00,-1.000000000000000000e+00,-1.000000000000000000e+00,-1.000000000000000000e+00,-1.000000000000000000e+00,-1.000000000000000000e+00,-1.000000000000000000e+00,-1.000000000000000000e+00,-1.000000000000000000e+00,-1.000000000000000000e+00,-1.000000000000000000e+00,-1.000000000000000000e+00,-1.000000000000000000e+00,-1.000000000000000000e+00,-1.000000000000000000e+00,-1.000000000000000000e+00,-1.000000000000000000e+00,-1.000000000000000000e+00,-1.000000000000000000e+00,-1.000000000000000000e+00,-1.000000000000000000e+00,-1.000000000000000000e+00,-1.000000000000000000e+00,-1.000000000000000000e+00,-1.000000000000000000e+00,-1.000000000000000000e+00,-1.000000000000000000e+00,-1.000000000000000000e+00,-1.000000000000000000e+00,-1.000000000000000000e+00,-1.000000000000000000e+00,-1.000000000000000000e+00,-1.000000000000000000e+00,-1.000000000000000000e+00,-1.000000000000000000e+00,-1.000000000000000000e+00,-1.000000000000000000e+00,-1.000000000000000000e+00,-1.000000000000000000e+00,-1.000000000000000000e+00,-1.000000000000000000e+00,-1.000000000000000000e+00,-1.000000000000000000e+00,-1.000000000000000000e+00,-1.000000000000000000e+00,-1.000000000000000000e+00,-1.000000000000000000e+00,-1.000000000000000000e+00,-1.000000000000000000e+00,-1.000000000000000000e+00,-1.000000000000000000e+00,-1.000000000000000000e+00,-1.000000000000000000e+00,-1.000000000000000000e+00
5.271719098091125488e-01,6.598225235939025879e-01,3.425117256483645178e-08,5.016318559646606445e-01,6.486243009567260742e-01,-6.166235078126192093e-03,4.819845855236053467e-01,6.207736134529113770e-01,-8.657033555209636688e-03,4.699323177337646484e-01,5.975298881530761719e-01,-1.156330201774835587e-02,4.585485160350799561e-01,5.796470046043395996e-01,-1.428437232971191406e-02,4.916542470455169678e-01,5.812850594520568848e-01,-4.366867651697248220e-04,4.787769317626953125e-01,5.520467162132263184e-01,-7.555256132036447525e-03,4.685900807380676270e-01,5.347424149513244629e-01,-1.420593075454235077e-02,4.596720933914184570e-01,5.201399326324462891e-01,-1.892866753041744232e-02,5.011646747589111328e-01,5.740795731544494629e-01,-3.036284353584051132e-03,4.899386763572692871e-01,5.391350388526916504e-01,-9.429965168237686157e-03,4.798121452331542969e-01,5.175358057022094727e-01,-1.504505425691604614e-02,4.707939624786376953e-01,4.997676014900207520e-01,-1.886721514165401459e-02,5.115610361099243164e-01,5.732982158660888672e-01,-7.267882581800222397e-03,5.031508803367614746e-01,5.371469259262084961e-01,-1.372357457876205444e-02,4.948444962501525879e-01,5.161529183387756348e-01,-1.750832237303256989e-02,4.871550798416137695e-01,4.983513951301574707e-01,-1.980958878993988037e-02,5.222228169441223145e-01,5.778635144233703613e-01,-1.244450919330120087e-02,5.184574723243713379e-01,5.485188364982604980e-01,-1.794326491653919220e-02,5.137789249420166016e-01,5.287386178970336914e-01,-2.015479095280170441e-02,5.089125037193298340e-01,5.113838315010070801e-01,-2.143124863505363464e-02,-1.000000000000000000e+00,-1.000000000000000000e+00,-1.000000000000000000e+00,-1.000000000000000000e+00,-1.000000000000000000e+00,-1.000000000000000000e+00,-1.000000000000000000e+00,-1.000000000000000000e+00,-1.000000000000000000e+00,-1.000000000000000000e+00,-1.000000000000000000e+00,-1.000000000000000000e+00,-1.000000000000000000e+00,-1.000000000000000000e+00,-1.000000000000000000e+00,-1.000000000000000000e+00,-1.000000000000000000e+00,-1.000000000000000000e+00,-1.000000000000000000e+00,-1.000000000000000000e+00,-1.000000000000000000e+00,-1.000000000000000000e+00,-1.000000000000000000e+00,-1.000000000000000000e+00,-1.000000000000000000e+00,-1.000000000000000000e+00,-1.000000000000000000e+00,-1.000000000000000000e+00,-1.000000000000000000e+00,-1.000000000000000000e+00,-1.000000000000000000e+00,-1.000000000000000000e+00,-1.000000000000000000e+00,-1.000000000000000000e+00,-1.000000000000000000e+00,-1.000000000000000000e+00,-1.000000000000000000e+00,-1.000000000000000000e+00,-1.000000000000000000e+00,-1.000000000000000000e+00,-1.000000000000000000e+00,-1.000000000000000000e+00,-1.000000000000000000e+00,-1.000000000000000000e+00,-1.000000000000000000e+00,-1.000000000000000000e+00,-1.000000000000000000e+00,-1.000000000000000000e+00,-1.000000000000000000e+00,-1.000000000000000000e+00,-1.000000000000000000e+00,-1.000000000000000000e+00,-1.000000000000000000e+00,-1.000000000000000000e+00,-1.000000000000000000e+00,-1.000000000000000000e+00,-1.000000000000000000e+00,-1.000000000000000000e+00,-1.000000000000000000e+00,-1.000000000000000000e+00,-1.000000000000000000e+00,-1.000000000000000000e+00,-1.000000000000000000e+00
5.257024168968200684e-01,6.634232401847839355e-01,3.395194525523947959e-08,5.003485083580017090e-01,6.567983627319335938e-01,-6.047813221812248230e-03,4.783092141151428223e-01,6.344225406646728516e-01,-8.321164175868034363e-03,4.640697240829467773e-01,6.143696904182434082e-01,-1.105057913810014725e-02,4.519068300724029541e-01,5.971469283103942871e-01,-1.348384469747543335e-02,4.850995242595672607e-01,5.915801525115966797e-01,1.546590792713686824e-04,4.690658748149871826e-01,5.665844678878784180e-01,-6.363381631672382355e-03,4.573108851909637451e-01,5.519874095916748047e-01,-1.257739868015050888e-02,4.472507536411285400e-01,5.392012000083923340e-01,-1.712363585829734802e-02,4.929176568984985352e-01,5.821647644042968750e-01,-2.530711935833096504e-03,4.776810109615325928e-01,5.494552254676818848e-01,-8.585480041801929474e-03,4.658225178718566895e-01,5.297256112098693848e-01,-1.388321816921234131e-02,4.557487964630126953e-01,5.141733288764953613e-01,-1.746232807636260986e-02,5.025255084037780762e-01,5.788994431495666504e-01,-6.917793769389390945e-03,4.898846447467803955e-01,5.438554883003234863e-01,-1.355740893632173538e-02,4.794839918613433838e-01,5.233729481697082520e-01,-1.795158535242080688e-02,4.703688621520996094e-01,5.065749287605285645e-01,-2.059204131364822388e-02,5.132808089256286621e-01,5.809250473976135254e-01,-1.220888644456863403e-02,5.074453353881835938e-01,5.509384870529174805e-01,-1.801172085106372833e-02,5.018525719642639160e-01,5.306820869445800781e-01,-2.082024887204170227e-02,4.962875247001647949e-01,5.135908722877502441e-01,-2.254106476902961731e-02,-1.000000000000000000e+00,-1.000000000000000000e+00,-1.000000000000000000e+00,-1.000000000000000000e+00,-1.000000000000000000e+00,-1.000000000000000000e+00,-1.000000000000000000e+00,-1.000000000000000000e+00,-1.000000000000000000e+00,-1.000000000000000000e+00,-1.000000000000000000e+00,-1.000000000000000000e+00,-1.000000000000000000e+00,-1.000000000000000000e+00,-1.000000000000000000e+00,-1.000000000000000000e+00,-1.000000000000000000e+00,-1.000000000000000000e+00,-1.000000000000000000e+00,-1.000000000000000000e+00,-1.000000000000000000e+00,-1.000000000000000000e+00,-1.000000000000000000e+00,-1.000000000000000000e+00,-1.000000000000000000e+00,-1.000000000000000000e+00,-1.000000000000000000e+00,-1.000000000000000000e+00,-1.000000000000000000e+00,-1.000000000000000000e+00,-1.000000000000000000e+00,-1.000000000000000000e+00,-1.000000000000000000e+00,-1.000000000000000000e+00,-1.000000000000000000e+00,-1.000000000000000000e+00,-1.000000000000000000e+00,-1.000000000000000000e+00,-1.000000000000000000e+00,-1.000000000000000000e+00,-1.000000000000000000e+00,-1.000000000000000000e+00,-1.000000000000000000e+00,-1.000000000000000000e+00,-1.000000000000000000e+00,-1.000000000000000000e+00,-1.000000000000000000e+00,-1.000000000000000000e+00,-1.000000000000000000e+00,-1.000000000000000000e+00,-1.000000000000000000e+00,-1.000000000000000000e+00,-1.000000000000000000e+00,-1.000000000000000000e+00,-1.000000000000000000e+00,-1.000000000000000000e+00,-1.000000000000000000e+00,-1.000000000000000000e+00,-1.000000000000000000e+00,-1.000000000000000000e+00,-1.000000000000000000e+00,-1.000000000000000000e+00,-1.000000000000000000e+00
5.245761275291442871e-01,6.660828590393066406e-01,5.174551276354577567e-08,4.984208643436431885e-01,6.599141955375671387e-01,-5.555274896323680878e-03,4.774566590785980225e-01,6.385936737060546875e-01,-7.358734495937824249e-03,4.632451832294464111e-01,6.186259388923645020e-01,-9.773276746273040771e-03,4.509710371494293213e-01,6.012478470802307129e-01,-1.187436375766992569e-02,4.836418032646179199e-01,5.951815843582153320e-01,2.403609920293092728e-03,4.671158194541931152e-01,5.714248418807983398e-01,-3.475574543699622154e-03,4.551082253456115723e-01,5.579552650451660156e-01,-9.347635321319103241e-03,4.447722434997558594e-01,5.459456443786621094e-01,-1.365789119154214859e-02,4.910744130611419678e-01,5.849909186363220215e-01,-2.138515701517462730e-04,4.758269190788269043e-01,5.524408817291259766e-01,-5.727624054998159409e-03,4.642715454101562500e-01,5.341430902481079102e-01,-1.088511757552623749e-02,4.541803002357482910e-01,5.194811224937438965e-01,-1.433629170060157776e-02,5.000122785568237305e-01,5.804728269577026367e-01,-4.638992249965667725e-03,4.870832264423370361e-01,5.459117889404296875e-01,-1.112060341984033585e-02,4.766140878200531006e-01,5.269259214401245117e-01,-1.549087930470705032e-02,4.669712185859680176e-01,5.114327073097229004e-01,-1.800717599689960480e-02,5.097942352294921875e-01,5.809765458106994629e-01,-9.934571571648120880e-03,5.035599470138549805e-01,5.499536395072937012e-01,-1.546239573508501053e-02,4.982198178768157959e-01,5.302684903144836426e-01,-1.798857748508453369e-02,4.925300776958465576e-01,5.137174129486083984e-01,-1.948252506554126740e-02,-1.000000000000000000e+00,-1.000000000000000000e+00,-1.000000000000000000e+00,-1.000000000000000000e+00,-1.000000000000000000e+00,-1.000000000000000000e+00,-1.000000000000000000e+00,-1.000000000000000000e+00,-1.000000000000000000e+00,-1.000000000000000000e+00,-1.000000000000000000e+00,-1.000000000000000000e+00,-1.000000000000000000e+00,-1.000000000000000000e+00,-1.000000000000000000e+00,-1.000000000000000000e+00,-1.000000000000000000e+00,-1.000000000000000000e+00,-1.000000000000000000e+00,-1.000000000000000000e+00,-1.000000000000000000e+00,-1.000000000000000000e+00,-1.000000000000000000e+00,-1.000000000000000000e+00,-1.000000000000000000e+00,-1.000000000000000000e+00,-1.000000000000000000e+00,-1.000000000000000000e+00,-1.000000000000000000e+00,-1.000000000000000000e+00,-1.000000000000000000e+00,-1.000000000000000000e+00,-1.000000000000000000e+00,-1.000000000000000000e+00,-1.000000000000000000e+00,-1.000000000000000000e+00,-1.000000000000000000e+00,-1.000000000000000000e+00,-1.000000000000000000e+00,-1.000000000000000000e+00,-1.000000000000000000e+00,-1.000000000000000000e+00,-1.000000000000000000e+00,-1.000000000000000000e+00,-1.000000000000000000e+00,-1.000000000000000000e+00,-1.000000000000000000e+00,-1.000000000000000000e+00,-1.000000000000000000e+00,-1.000000000000000000e+00,-1.000000000000000000e+00,-1.000000000000000000e+00,-1.000000000000000000e+00,-1.000000000000000000e+00,-1.000000000000000000e+00,-1.000000000000000000e+00,-1.000000000000000000e+00,-1.000000000000000000e+00,-1.000000000000000000e+00,-1.000000000000000000e+00,-1.000000000000000000e+00,-1.000000000000000000e+00,-1.000000000000000000e+00
5.245761275291442871e-01,6.660828590393066406e-01,5.174551276354577567e-08,4.984208643436431885e-01,6.599141955375671387e-01,-5.555274896323680878e-03,4.774566590785980225e-01,6.385936737060546875e-01,-7.358734495937824249e-03,4.632451832294464111e-01,6.186259388923645020e-01,-9.773276746273040771e-03,4.509710371494293213e-01,6.012478470802307129e-01,-1.187436375766992569e-02,4.836418032646179199e-01,5.951815843582153320e-01,2.403609920293092728e-03,4.671158194541931152e-01,5.714248418807983398e-01,-3.475574543699622154e-03,4.551082253456115723e-01,5.579552650451660156e-01,-9.347635321319103241e-03,4.447722434997558594e-01,5.459456443786621094e-01,-1.365789119154214859e-02,4.910744130611419678e-01,5.849909186363220215e-01,-2.138515701517462730e-04,4.758269190788269043e-01,5.524408817291259766e-01,-5.727624054998159409e-03,4.642715454101562500e-01,5.341430902481079102e-01,-1.088511757552623749e-02,4.541803002357482910e-01,5.194811224937438965e-01,-1.433629170060157776e-02,5.000122785568237305e-01,5.804728269577026367e-01,-4.638992249965667725e-03,4.870832264423370361e-01,5.459117889404296875e-01,-1.112060341984033585e-02,4.766140878200531006e-01,5.269259214401245117e-01,-1.549087930470705032e-02,4.669712185859680176e-01,5.114327073097229004e-01,-1.800717599689960480e-02,5.097942352294921875e-01,5.809765458106994629e-01,-9.934571571648120880e-03,5.035599470138549805e-01,5.499536395072937012e-01,-1.546239573508501053e-02,4.982198178768157959e-01,5.302684903144836426e-01,-1.798857748508453369e-02,4.925300776958465576e-01,5.137174129486083984e-01,-1.948252506554126740e-02,-1.000000000000000000e+00,-1.000000000000000000e+00,-1.000000000000000000e+00,-1.000000000000000000e+00,-1.000000000000000000e+00,-1.000000000000000000e+00,-1.000000000000000000e+00,-1.000000000000000000e+00,-1.000000000000000000e+00,-1.000000000000000000e+00,-1.000000000000000000e+00,-1.000000000000000000e+00,-1.000000000000000000e+00,-1.000000000000000000e+00,-1.000000000000000000e+00,-1.000000000000000000e+00,-1.000000000000000000e+00,-1.000000000000000000e+00,-1.000000000000000000e+00,-1.000000000000000000e+00,-1.000000000000000000e+00,-1.000000000000000000e+00,-1.000000000000000000e+00,-1.000000000000000000e+00,-1.000000000000000000e+00,-1.000000000000000000e+00,-1.000000000000000000e+00,-1.000000000000000000e+00,-1.000000000000000000e+00,-1.000000000000000000e+00,-1.000000000000000000e+00,-1.000000000000000000e+00,-1.000000000000000000e+00,-1.000000000000000000e+00,-1.000000000000000000e+00,-1.000000000000000000e+00,-1.000000000000000000e+00,-1.000000000000000000e+00,-1.000000000000000000e+00,-1.000000000000000000e+00,-1.000000000000000000e+00,-1.000000000000000000e+00,-1.000000000000000000e+00,-1.000000000000000000e+00,-1.000000000000000000e+00,-1.000000000000000000e+00,-1.000000000000000000e+00,-1.000000000000000000e+00,-1.000000000000000000e+00,-1.000000000000000000e+00,-1.000000000000000000e+00,-1.000000000000000000e+00,-1.000000000000000000e+00,-1.000000000000000000e+00,-1.000000000000000000e+00,-1.000000000000000000e+00,-1.000000000000000000e+00,-1.000000000000000000e+00,-1.000000000000000000e+00,-1.000000000000000000e+00,-1.000000000000000000e+00,-1.000000000000000000e+00,-1.000000000000000000e+00
5.250520110130310059e-01,6.675496101379394531e-01,-1.870754928745554935e-08,4.994606673717498779e-01,6.626459360122680664e-01,-3.142376663163304329e-03,4.784120321273803711e-01,6.458622217178344727e-01,-3.809840185567736626e-03,4.645941853523254395e-01,6.289414167404174805e-01,-5.758863873779773712e-03,4.541054368019104004e-01,6.120181679725646973e-01,-7.383130956441164017e-03,4.819905161857604980e-01,6.037833094596862793e-01,6.937742233276367188e-03,4.650923311710357666e-01,5.851811170578002930e-01,1.770453876815736294e-03,4.522461593151092529e-01,5.760388970375061035e-01,-4.121368285268545151e-03,4.411901235580444336e-01,5.688990354537963867e-01,-8.221761323511600494e-03,4.879685938358306885e-01,5.912126302719116211e-01,3.701067296788096428e-03,4.711832106113433838e-01,5.643063783645629883e-01,-6.544680800288915634e-04,4.584161639213562012e-01,5.497581362724304199e-01,-5.301152355968952179e-03,4.472868442535400391e-01,5.391019582748413086e-01,-8.431580848991870880e-03,4.966551661491394043e-01,5.831329822540283203e-01,-1.387177966535091400e-03,4.818180501461029053e-01,5.527299642562866211e-01,-6.848620250821113586e-03,4.703146815299987793e-01,5.365213751792907715e-01,-1.080617401748895645e-02,4.598756134510040283e-01,5.239585638046264648e-01,-1.298998203128576279e-02,5.072467923164367676e-01,5.790541768074035645e-01,-7.223240565508604050e-03,5.005242228507995605e-01,5.488706827163696289e-01,-1.162965502589941025e-02,4.951365590095520020e-01,5.300904512405395508e-01,-1.353944558650255203e-02,4.892176091670989990e-01,5.149322152137756348e-01,-1.457944046705961227e-02,-1.000000000000000000e+00,-1.000000000000000000e+00,-1.000000000000000000e+00,-1.000000000000000000e+00,-1.000000000000000000e+00,-1.000000000000000000e+00,-1.000000000000000000e+00,-1.000000000000000000e+00,-1.000000000000000000e+00,-1.000000000000000000e+00,-1.000000000000000000e+00,-1.000000000000000000e+00,-1.000000000000000000e+00,-1.000000000000000000e+00,-1.000000000000000000e+00,-1.000000000000000000e+00,-1.000000000000000000e+00,-1.000000000000000000e+00,-1.000000000000000000e+00,-1.000000000000000000e+00,-1.000000000000000000e+00,-1.000000000000000000e+00,-1.000000000000000000e+00,-1.000000000000000000e+00,-1.000000000000000000e+00,-1.000000000000000000e+00,-1.000000000000000000e+00,-1.000000000000000000e+00,-1.000000000000000000e+00,-1.000000000000000000e+00,-1.000000000000000000e+00,-1.000000000000000000e+00,-1.000000000000000000e+00,-1.000000000000000000e+00,-1.000000000000000000e+00,-1.000000000000000000e+00,-1.000000000000000000e+00,-1.000000000000000000e+00,-1.000000000000000000e+00,-1.000000000000000000e+00,-1.000000000000000000e+00,-1.000000000000000000e+00,-1.000000000000000000e+00,-1.000000000000000000e+00,-1.000000000000000000e+00,-1.000000000000000000e+00,-1.000000000000000000e+00,-1.000000000000000000e+00,-1.000000000000000000e+00,-1.000000000000000000e+00,-1.000000000000000000e+00,-1.000000000000000000e+00,-1.000000000000000000e+00,-1.000000000000000000e+00,-1.000000000000000000e+00,-1.000000000000000000e+00,-1.000000000000000000e+00,-1.000000000000000000e+00,-1.000000000000000000e+00,-1.000000000000000000e+00,-1.000000000000000000e+00,-1.000000000000000000e+00,-1.000000000000000000e+00
5.268914699554443359e-01,6.649286746978759766e-01,-8.292436959322913026e-09,5.015513896942138672e-01,6.605978012084960938e-01,-2.898009726777672768e-03,4.803886711597442627e-01,6.425861716270446777e-01,-2.999318530783057213e-03,4.662090837955474854e-01,6.250530481338500977e-01,-4.282029811292886734e-03,4.558447301387786865e-01,6.100684404373168945e-01,-5.156506784260272980e-03,4.851343333721160889e-01,6.014487743377685547e-01,6.584975868463516235e-03,4.677626788616180420e-01,5.820822715759277344e-01,1.861578202806413174e-03,4.550059735774993896e-01,5.732514858245849609e-01,-3.283692058175802231e-03,4.436147809028625488e-01,5.661160349845886230e-01,-6.992069073021411896e-03,4.912234544754028320e-01,5.896262526512145996e-01,3.466503694653511047e-03,4.738114178180694580e-01,5.638635158538818359e-01,-9.335420909337699413e-04,4.618120789527893066e-01,5.506209135055541992e-01,-5.356042180210351944e-03,4.513388276100158691e-01,5.402001142501831055e-01,-8.239229209721088409e-03,5.000916719436645508e-01,5.813268423080444336e-01,-1.367579097859561443e-03,4.839426577091217041e-01,5.518012046813964844e-01,-7.281007245182991028e-03,4.723554849624633789e-01,5.361288189888000488e-01,-1.103350520133972168e-02,4.622136354446411133e-01,5.237469673156738281e-01,-1.296111010015010834e-02,5.111645460128784180e-01,5.765705108642578125e-01,-6.895486731082201004e-03,5.046163797378540039e-01,5.463529825210571289e-01,-1.180016621947288513e-02,4.999464452266693115e-01,5.273154973983764648e-01,-1.376658678054809570e-02,4.951086342334747314e-01,5.120941400527954102e-01,-1.475339569151401520e-02,-1.000000000000000000e+00,-1.000000000000000000e+00,-1.000000000000000000e+00,-1.000000000000000000e+00,-1.000000000000000000e+00,-1.000000000000000000e+00,-1.000000000000000000e+00,-1.000000000000000000e+00,-1.000000000000000000e+00,-1.000000000000000000e+00,-1.000000000000000000e+00,-1.000000000000000000e+00,-1.000000000000000000e+00,-1.000000000000000000e+00,-1.000000000000000000e+00,-1.000000000000000000e+00,-1.000000000000000000e+00,-1.000000000000000000e+00,-1.000000000000000000e+00,-1.000000000000000000e+00,-1.000000000000000000e+00,-1.000000000000000000e+00,-1.000000000000000000e+00,-1.000000000000000000e+00,-1.000000000000000000e+00,-1.000000000000000000e+00,-1.000000000000000000e+00,-1.000000000000000000e+00,-1.000000000000000000e+00,-1.000000000000000000e+00,-1.000000000000000000e+00,-1.000000000000000000e+00,-1.000000000000000000e+00,-1.000000000000000000e+00,-1.000000000000000000e+00,-1.000000000000000000e+00,-1.000000000000000000e+00,-1.000000000000000000e+00,-1.000000000000000000e+00,-1.000000000000000000e+00,-1.000000000000000000e+00,-1.000000000000000000e+00,-1.000000000000000000e+00,-1.000000000000000000e+00,-1.000000000000000000e+00,-1.000000000000000000e+00,-1.000000000000000000e+00,-1.000000000000000000e+00,-1.000000000000000000e+00,-1.000000000000000000e+00,-1.000000000000000000e+00,-1.000000000000000000e+00,-1.000000000000000000e+00,-1.000000000000000000e+00,-1.000000000000000000e+00,-1.000000000000000000e+00,-1.000000000000000000e+00,-1.000000000000000000e+00,-1.000000000000000000e+00,-1.000000000000000000e+00,-1.000000000000000000e+00,-1.000000000000000000e+00,-1.000000000000000000e+00
5.268914699554443359e-01,6.649286746978759766e-01,-8.292436959322913026e-09,5.015513896942138672e-01,6.605978012084960938e-01,-2.898009726777672768e-03,4.803886711597442627e-01,6.425861716270446777e-01,-2.999318530783057213e-03,4.662090837955474854e-01,6.250530481338500977e-01,-4.282029811292886734e-03,4.558447301387786865e-01,6.100684404373168945e-01,-5.156506784260272980e-03,4.851343333721160889e-01,6.014487743377685547e-01,6.584975868463516235e-03,4.677626788616180420e-01,5.820822715759277344e-01,1.861578202806413174e-03,4.550059735774993896e-01,5.732514858245849609e-01,-3.283692058175802231e-03,4.436147809028625488e-01,5.661160349845886230e-01,-6.992069073021411896e-03,4.912234544754028320e-01,5.896262526512145996e-01,3.466503694653511047e-03,4.738114178180694580e-01,5.638635158538818359e-01,-9.335420909337699413e-04,4.618120789527893066e-01,5.506209135055541992e-01,-5.356042180210351944e-03,4.513388276100158691e-01,5.402001142501831055e-01,-8.239229209721088409e-03,5.000916719436645508e-01,5.813268423080444336e-01,-1.367579097859561443e-03,4.839426577091217041e-01,5.518012046813964844e-01,-7.281007245182991028e-03,4.723554849624633789e-01,5.361288189888000488e-01,-1.103350520133972168e-02,4.622136354446411133e-01,5.237469673156738281e-01,-1.296111010015010834e-02,5.111645460128784180e-01,5.765705108642578125e-01,-6.895486731082201004e-03,5.046163797378540039e-01,5.463529825210571289e-01,-1.180016621947288513e-02,4.999464452266693115e-01,5.273154973983764648e-01,-1.376658678054809570e-02,4.951086342334747314e-01,5.120941400527954102e-01,-1.475339569151401520e-02,-1.000000000000000000e+00,-1.000000000000000000e+00,-1.000000000000000000e+00,-1.000000000000000000e+00,-1.000000000000000000e+00,-1.000000000000000000e+00,-1.000000000000000000e+00,-1.000000000000000000e+00,-1.000000000000000000e+00,-1.000000000000000000e+00,-1.000000000000000000e+00,-1.000000000000000000e+00,-1.000000000000000000e+00,-1.000000000000000000e+00,-1.000000000000000000e+00,-1.000000000000000000e+00,-1.000000000000000000e+00,-1.000000000000000000e+00,-1.000000000000000000e+00,-1.000000000000000000e+00,-1.000000000000000000e+00,-1.000000000000000000e+00,-1.000000000000000000e+00,-1.000000000000000000e+00,-1.000000000000000000e+00,-1.000000000000000000e+00,-1.000000000000000000e+00,-1.000000000000000000e+00,-1.000000000000000000e+00,-1.000000000000000000e+00,-1.000000000000000000e+00,-1.000000000000000000e+00,-1.000000000000000000e+00,-1.000000000000000000e+00,-1.000000000000000000e+00,-1.000000000000000000e+00,-1.000000000000000000e+00,-1.000000000000000000e+00,-1.000000000000000000e+00,-1.000000000000000000e+00,-1.000000000000000000e+00,-1.000000000000000000e+00,-1.000000000000000000e+00,-1.000000000000000000e+00,-1.000000000000000000e+00,-1.000000000000000000e+00,-1.000000000000000000e+00,-1.000000000000000000e+00,-1.000000000000000000e+00,-1.000000000000000000e+00,-1.000000000000000000e+00,-1.000000000000000000e+00,-1.000000000000000000e+00,-1.000000000000000000e+00,-1.000000000000000000e+00,-1.000000000000000000e+00,-1.000000000000000000e+00,-1.000000000000000000e+00,-1.000000000000000000e+00,-1.000000000000000000e+00,-1.000000000000000000e+00,-1.000000000000000000e+00,-1.000000000000000000e+00
5.318009853363037109e-01,6.603605151176452637e-01,1.245875225208692427e-08,5.069655179977416992e-01,6.544174551963806152e-01,-2.909754170104861259e-03,4.877148568630218506e-01,6.338135600090026855e-01,-2.841525012627243996e-03,4.761762619018554688e-01,6.127411127090454102e-01,-3.958461806178092957e-03,4.671479761600494385e-01,5.946620702743530273e-01,-4.934363532811403275e-03,4.944074451923370361e-01,5.931254625320434570e-01,6.180349737405776978e-03,4.789974391460418701e-01,5.719177722930908203e-01,2.142321551218628883e-03,4.664353430271148682e-01,5.600672960281372070e-01,-2.665924839675426483e-03,4.555273056030273438e-01,5.499654412269592285e-01,-6.562143098562955856e-03,5.010905861854553223e-01,5.831538438796997070e-01,2.877545775845646858e-03,4.854077696800231934e-01,5.547479391098022461e-01,-1.035150489769876003e-03,4.738326668739318848e-01,5.387161970138549805e-01,-5.714393220841884613e-03,4.638287425041198730e-01,5.259482264518737793e-01,-9.187281131744384766e-03,5.106046795845031738e-01,5.768017172813415527e-01,-2.026345813646912575e-03,4.976077675819396973e-01,5.433080196380615234e-01,-7.920246571302413940e-03,4.876804351806640625e-01,5.244030952453613281e-01,-1.263273507356643677e-02,4.786574244499206543e-01,5.089945793151855469e-01,-1.567128859460353851e-02,5.222690105438232422e-01,5.739409923553466797e-01,-7.507114671170711517e-03,5.192342400550842285e-01,5.426127910614013672e-01,-1.313447300344705582e-02,5.167964100837707520e-01,5.219053030014038086e-01,-1.605232805013656616e-02,5.137057304382324219e-01,5.049743056297302246e-01,-1.797573640942573547e-02,-1.000000000000000000e+00,-1.000000000000000000e+00,-1.000000000000000000e+00,-1.000000000000000000e+00,-1.000000000000000000e+00,-1.000000000000000000e+00,-1.000000000000000000e+00,-1.000000000000000000e+00,-1.000000000000000000e+00,-1.000000000000000000e+00,-1.000000000000000000e+00,-1.000000000000000000e+00,-1.000000000000000000e+00,-1.000000000000000000e+00,-1.000000000000000000e+00,-1.000000000000000000e+00,-1.000000000000000000e+00,-1.000000000000000000e+00,-1.000000000000000000e+00,-1.000000000000000000e+00,-1.000000000000000000e+00,-1.000000000000000000e+00,-1.000000000000000000e+00,-1.000000000000000000e+00,-1.000000000000000000e+00,-1.000000000000000000e+00,-1.000000000000000000e+00,-1.000000000000000000e+00,-1.000000000000000000e+00,-1.000000000000000000e+00,-1.000000000000000000e+00,-1.000000000000000000e+00,-1.000000000000000000e+00,-1.000000000000000000e+00,-1.000000000000000000e+00,-1.000000000000000000e+00,-1.000000000000000000e+00,-1.000000000000000000e+00,-1.000000000000000000e+00,-1.000000000000000000e+00,-1.000000000000000000e+00,-1.000000000000000000e+00,-1.000000000000000000e+00,-1.000000000000000000e+00,-1.000000000000000000e+00,-1.000000000000000000e+00,-1.000000000000000000e+00,-1.000000000000000000e+00,-1.000000000000000000e+00,-1.000000000000000000e+00,-1.000000000000000000e+00,-1.000000000000000000e+00,-1.000000000000000000e+00,-1.000000000000000000e+00,-1.000000000000000000e+00,-1.000000000000000000e+00,-1.000000000000000000e+00,-1.000000000000000000e+00,-1.000000000000000000e+00,-1.000000000000000000e+00,-1.000000000000000000e+00,-1.000000000000000000e+00,-1.000000000000000000e+00
5.384488105773925781e-01,6.543036699295043945e-01,5.083403564754007675e-08,5.136672258377075195e-01,6.444554924964904785e-01,-4.892125260084867477e-03,4.951522052288055420e-01,6.229705810546875000e-01,-7.126154378056526184e-03,4.836602807044982910e-01,6.009394526481628418e-01,-1.014090608805418015e-02,4.760722219944000244e-01,5.814014673233032227e-01,-1.303968951106071472e-02,5.047122836112976074e-01,5.830162763595581055e-01,4.865791124757379293e-04,4.897985756397247314e-01,5.583300590515136719e-01,-6.849493831396102905e-03,4.777734875679016113e-01,5.438352227210998535e-01,-1.378042995929718018e-02,4.677843451499938965e-01,5.317855477333068848e-01,-1.867281645536422729e-02,5.132191181182861328e-01,5.732118487358093262e-01,-2.590386662632226944e-03,4.995400011539459229e-01,5.414706468582153320e-01,-8.765219710767269135e-03,4.885864853858947754e-01,5.226855874061584473e-01,-1.464108284562826157e-02,4.789009690284729004e-01,5.074035525321960449e-01,-1.872100122272968292e-02,5.241182446479797363e-01,5.682504773139953613e-01,-7.163498550653457642e-03,5.133842229843139648e-01,5.330283641815185547e-01,-1.419537048786878586e-02,5.049238204956054688e-01,5.120108723640441895e-01,-1.876558735966682434e-02,4.972960352897644043e-01,4.945023655891418457e-01,-2.160956896841526031e-02,5.365982055664062500e-01,5.686527490615844727e-01,-1.244964450597763062e-02,5.358237028121948242e-01,5.374366044998168945e-01,-1.873187720775604248e-02,5.351921916007995605e-01,5.163445472717285156e-01,-2.128473855555057526e-02,5.340921878814697266e-01,4.984205663204193115e-01,-2.268420346081256866e-02,-1.000000000000000000e+00,-1.000000000000000000e+00,-1.000000000000000000e+00,-1.000000000000000000e+00,-1.000000000000000000e+00,-1.000000000000000000e+00,-1.000000000000000000e+00,-1.000000000000000000e+00,-1.000000000000000000e+00,-1.000000000000000000e+00,-1.000000000000000000e+00,-1.000000000000000000e+00,-1.000000000000000000e+00,-1.000000000000000000e+00,-1.000000000000000000e+00,-1.000000000000000000e+00,-1.000000000000000000e+00,-1.000000000000000000e+00,-1.000000000000000000e+00,-1.000000000000000000e+00,-1.000000000000000000e+00,-1.000000000000000000e+00,-1.000000000000000000e+00,-1.000000000000000000e+00,-1.000000000000000000e+00,-1.000000000000000000e+00,-1.000000000000000000e+00,-1.000000000000000000e+00,-1.000000000000000000e+00,-1.000000000000000000e+00,-1.000000000000000000e+00,-1.000000000000000000e+00,-1.000000000000000000e+00,-1.000000000000000000e+00,-1.000000000000000000e+00,-1.000000000000000000e+00,-1.000000000000000000e+00,-1.000000000000000000e+00,-1.000000000000000000e+00,-1.000000000000000000e+00,-1.000000000000000000e+00,-1.000000000000000000e+00,-1.000000000000000000e+00,-1.000000000000000000e+00,-1.000000000000000000e+00,-1.000000000000000000e+00,-1.000000000000000000e+00,-1.000000000000000000e+00,-1.000000000000000000e+00,-1.000000000000000000e+00,-1.000000000000000000e+00,-1.000000000000000000e+00,-1.000000000000000000e+00,-1.000000000000000000e+00,-1.000000000000000000e+00,-1.000000000000000000e+00,-1.000000000000000000e+00,-1.000000000000000000e+00,-1.000000000000000000e+00,-1.000000000000000000e+00,-1.000000000000000000e+00,-1.000000000000000000e+00,-1.000000000000000000e+00
5.371913909912109375e-01,6.551022529602050781e-01,3.618609412114892621e-08,5.128805637359619141e-01,6.446574926376342773e-01,-5.124218296259641647e-03,4.945239424705505371e-01,6.223896741867065430e-01,-7.282083854079246521e-03,4.837292134761810303e-01,6.004011034965515137e-01,-1.007394865155220032e-02,4.764074683189392090e-01,5.805280208587646484e-01,-1.261383946985006332e-02,5.042638778686523438e-01,5.822223424911499023e-01,1.148520037531852722e-03,4.902788698673248291e-01,5.578089356422424316e-01,-5.566069390624761581e-03,4.784556627273559570e-01,5.439803600311279297e-01,-1.201522350311279297e-02,4.680039882659912109e-01,5.324546694755554199e-01,-1.663267239928245544e-02,5.128787159919738770e-01,5.722883343696594238e-01,-1.747536472976207733e-03,4.993336498737335205e-01,5.411626100540161133e-01,-7.834983058273792267e-03,4.881684780120849609e-01,5.222935676574707031e-01,-1.340088527649641037e-02,4.781840741634368896e-01,5.069315433502197266e-01,-1.724557764828205109e-02,5.237556695938110352e-01,5.674913525581359863e-01,-6.281743757426738739e-03,5.133159756660461426e-01,5.316160321235656738e-01,-1.362776383757591248e-02,5.043979883193969727e-01,5.101176500320434570e-01,-1.852068677544593811e-02,4.961726069450378418e-01,4.925149381160736084e-01,-2.146316692233085632e-02,5.361258387565612793e-01,5.679997801780700684e-01,-1.151420921087265015e-02,5.361688733100891113e-01,5.357004404067993164e-01,-1.804267615079879761e-02,5.360490083694458008e-01,5.140836834907531738e-01,-2.106447331607341766e-02,5.350494384765625000e-01,4.959701299667358398e-01,-2.284829132258892059e-02,-1.000000000000000000e+00,-1.000000000000000000e+00,-1.000000000000000000e+00,-1.000000000000000000e+00,-1.000000000000000000e+00,-1.000000000000000000e+00,-1.000000000000000000e+00,-1.000000000000000000e+00,-1.000000000000000000e+00,-1.000000000000000000e+00,-1.000000000000000000e+00,-1.000000000000000000e+00,-1.000000000000000000e+00,-1.000000000000000000e+00,-1.000000000000000000e+00,-1.000000000000000000e+00,-1.000000000000000000e+00,-1.000000000000000000e+00,-1.000000000000000000e+00,-1.000000000000000000e+00,-1.000000000000000000e+00,-1.000000000000000000e+00,-1.000000000000000000e+00,-1.000000000000000000e+00,-1.000000000000000000e+00,-1.000000000000000000e+00,-1.000000000000000000e+00,-1.000000000000000000e+00,-1.000000000000000000e+00,-1.000000000000000000e+00,-1.000000000000000000e+00,-1.000000000000000000e+00,-1.000000000000000000e+00,-1.000000000000000000e+00,-1.000000000000000000e+00,-1.000000000000000000e+00,-1.000000000000000000e+00,-1.000000000000000000e+00,-1.000000000000000000e+00,-1.000000000000000000e+00,-1.000000000000000000e+00,-1.000000000000000000e+00,-1.000000000000000000e+00,-1.000000000000000000e+00,-1.000000000000000000e+00,-1.000000000000000000e+00,-1.000000000000000000e+00,-1.000000000000000000e+00,-1.000000000000000000e+00,-1.000000000000000000e+00,-1.000000000000000000e+00,-1.000000000000000000e+00,-1.000000000000000000e+00,-1.000000000000000000e+00,-1.000000000000000000e+00,-1.000000000000000000e+00,-1.000000000000000000e+00,-1.000000000000000000e+00,-1.000000000000000000e+00,-1.000000000000000000e+00,-1.000000000000000000e+00,-1.000000000000000000e+00,-1.000000000000000000e+00
5.371913909912109375e-01,6.551022529602050781e-01,3.618609412114892621e-08,5.128805637359619141e-01,6.446574926376342773e-01,-5.124218296259641647e-03,4.945239424705505371e-01,6.223896741867065430e-01,-7.282083854079246521e-03,4.837292134761810303e-01,6.004011034965515137e-01,-1.007394865155220032e-02,4.764074683189392090e-01,5.805280208587646484e-01,-1.261383946985006332e-02,5.042638778686523438e-01,5.822223424911499023e-01,1.148520037531852722e-03,4.902788698673248291e-01,5.578089356422424316e-01,-5.566069390624761581e-03,4.784556627273559570e-01,5.439803600311279297e-01,-1.201522350311279297e-02,4.680039882659912109e-01,5.324546694755554199e-01,-1.663267239928245544e-02,5.128787159919738770e-01,5.722883343696594238e-01,-1.747536472976207733e-03,4.993336498737335205e-01,5.411626100540161133e-01,-7.834983058273792267e-03,4.881684780120849609e-01,5.222935676574707031e-01,-1.340088527649641037e-02,4.781840741634368896e-01,5.069315433502197266e-01,-1.724557764828205109e-02,5.237556695938110352e-01,5.674913525581359863e-01,-6.281743757426738739e-03,5.133159756660461426e-01,5.316160321235656738e-01,-1.362776383757591248e-02,5.043979883193969727e-01,5.101176500320434570e-01,-1.852068677544593811e-02,4.961726069450378418e-01,4.925149381160736084e-01,-2.146316692233085632e-02,5.361258387565612793e-01,5.679997801780700684e-01,-1.151420921087265015e-02,5.361688733100891113e-01,5.357004404067993164e-01,-1.804267615079879761e-02,5.360490083694458008e-01,5.140836834907531738e-01,-2.106447331607341766e-02,5.350494384765625000e-01,4.959701299667358398e-01,-2.284829132258892059e-02,-1.000000000000000000e+00,-1.000000000000000000e+00,-1.000000000000000000e+00,-1.000000000000000000e+00,-1.000000000000000000e+00,-1.000000000000000000e+00,-1.000000000000000000e+00,-1.000000000000000000e+00,-1.000000000000000000e+00,-1.000000000000000000e+00,-1.000000000000000000e+00,-1.000000000000000000e+00,-1.000000000000000000e+00,-1.000000000000000000e+00,-1.000000000000000000e+00,-1.000000000000000000e+00,-1.000000000000000000e+00,-1.000000000000000000e+00,-1.000000000000000000e+00,-1.000000000000000000e+00,-1.000000000000000000e+00,-1.000000000000000000e+00,-1.000000000000000000e+00,-1.000000000000000000e+00,-1.000000000000000000e+00,-1.000000000000000000e+00,-1.000000000000000000e+00,-1.000000000000000000e+00,-1.000000000000000000e+00,-1.000000000000000000e+00,-1.000000000000000000e+00,-1.000000000000000000e+00,-1.000000000000000000e+00,-1.000000000000000000e+00,-1.000000000000000000e+00,-1.000000000000000000e+00,-1.000000000000000000e+00,-1.000000000000000000e+00,-1.000000000000000000e+00,-1.000000000000000000e+00,-1.000000000000000000e+00,-1.000000000000000000e+00,-1.000000000000000000e+00,-1.000000000000000000e+00,-1.000000000000000000e+00,-1.000000000000000000e+00,-1.000000000000000000e+00,-1.000000000000000000e+00,-1.000000000000000000e+00,-1.000000000000000000e+00,-1.000000000000000000e+00,-1.000000000000000000e+00,-1.000000000000000000e+00,-1.000000000000000000e+00,-1.000000000000000000e+00,-1.000000000000000000e+00,-1.000000000000000000e+00,-1.000000000000000000e+00,-1.000000000000000000e+00,-1.000000000000000000e+00,-1.000000000000000000e+00,-1.000000000000000000e+00,-1.000000000000000000e+00
5.481807589530944824e-01,6.477838754653930664e-01,5.928219692918901274e-08,5.235155224800109863e-01,6.340370774269104004e-01,-5.257703363895416260e-03,5.045497417449951172e-01,6.092684864997863770e-01,-7.170762401074171066e-03,4.933325648307800293e-01,5.861988067626953125e-01,-9.782789275050163269e-03,4.880935251712799072e-01,5.647593140602111816e-01,-1.214482076466083527e-02,5.170787572860717773e-01,5.691334605216979980e-01,1.490559778176248074e-03,5.043131113052368164e-01,5.426253080368041992e-01,-4.980613011866807938e-03,4.943749308586120605e-01,5.265856981277465820e-01,-1.116206962615251541e-02,4.858458936214447021e-01,5.128846764564514160e-01,-1.571416854858398438e-02,5.280232429504394531e-01,5.599600672721862793e-01,-1.429428113624453545e-03,5.174496769905090332e-01,5.268028974533081055e-01,-7.099401205778121948e-03,5.091683268547058105e-01,5.063350200653076172e-01,-1.271074544638395309e-02,5.017827749252319336e-01,4.892437458038330078e-01,-1.669293642044067383e-02,5.407166481018066406e-01,5.570726394653320312e-01,-6.027139723300933838e-03,5.343889594078063965e-01,5.222782492637634277e-01,-1.342836208641529083e-02,5.298097729682922363e-01,4.998319745063781738e-01,-1.872712746262550354e-02,5.255604386329650879e-01,4.806443452835083008e-01,-2.203859016299247742e-02,5.543184280395507812e-01,5.602310895919799805e-01,-1.127950381487607956e-02,5.573904514312744141e-01,5.292740464210510254e-01,-1.790911145508289337e-02,5.605481266975402832e-01,5.087789297103881836e-01,-2.094458229839801788e-02,5.627264380455017090e-01,4.911310672760009766e-01,-2.278489619493484497e-02,-1.000000000000000000e+00,-1.000000000000000000e+00,-1.000000000000000000e+00,-1.000000000000000000e+00,-1.000000000000000000e+00,-1.000000000000000000e+00,-1.000000000000000000e+00,-1.000000000000000000e+00,-1.000000000000000000e+00,-1.000000000000000000e+00,-1.000000000000000000e+00,-1.000000000000000000e+00,-1.000000000000000000e+00,-1.000000000000000000e+00,-1.000000000000000000e+00,-1.000000000000000000e+00,-1.000000000000000000e+00,-1.000000000000000000e+00,-1.000000000000000000e+00,-1.000000000000000000e+00,-1.000000000000000000e+00,-1.000000000000000000e+00,-1.000000000000000000e+00,-1.000000000000000000e+00,-1.000000000000000000e+00,-1.000000000000000000e+00,-1.000000000000000000e+00,-1.000000000000000000e+00,-1.000000000000000000e+00,-1.000000000000000000e+00,-1.000000000000000000e+00,-1.000000000000000000e+00,-1.000000000000000000e+00,-1.000000000000000000e+00,-1.000000000000000000e+00,-1.000000000000000000e+00,-1.000000000000000000e+00,-1.000000000000000000e+00,-1.000000000000000000e+00,-1.000000000000000000e+00,-1.000000000000000000e+00,-1.000000000000000000e+00,-1.000000000000000000e+00,-1.000000000000000000e+00,-1.000000000000000000e+00,-1.000000000000000000e+00,-1.000000000000000000e+00,-1.000000000000000000e+00,-1.000000000000000000e+00,-1.000000000000000000e+00,-1.000000000000000000e+00,-1.000000000000000000e+00,-1.000000000000000000e+00,-1.000000000000000000e+00,-1.000000000000000000e+00,-1.000000000000000000e+00,-1.000000000000000000e+00,-1.000000000000000000e+00,-1.000000000000000000e+00,-1.000000000000000000e+00,-1.000000000000000000e+00,-1.000000000000000000e+00,-1.000000000000000000e+00
5.560772418975830078e-01,6.421968340873718262e-01,7.405828483797449735e-08,5.322000980377197266e-01,6.263582706451416016e-01,-3.986994735896587372e-03,5.139482617378234863e-01,5.989577174186706543e-01,-5.237802397459745407e-03,5.030669569969177246e-01,5.754953622817993164e-01,-7.399798370897769928e-03,4.971799254417419434e-01,5.546115636825561523e-01,-9.346019476652145386e-03,5.289394855499267578e-01,5.615086555480957031e-01,1.963253598660230637e-03,5.186808705329895020e-01,5.323055982589721680e-01,-3.662102157250046730e-03,5.112745761871337891e-01,5.153038501739501953e-01,-9.020002558827400208e-03,5.054531693458557129e-01,5.008469223976135254e-01,-1.303313858807086945e-02,5.410652756690979004e-01,5.540122389793395996e-01,-1.523599145002663136e-03,5.331991910934448242e-01,5.192212462425231934e-01,-6.523466669023036957e-03,5.276896357536315918e-01,4.977011084556579590e-01,-1.162236277014017105e-02,5.230350494384765625e-01,4.792140424251556396e-01,-1.526091154664754868e-02,5.547420978546142578e-01,5.525369644165039062e-01,-6.520215421915054321e-03,5.511572360992431641e-01,5.156329870223999023e-01,-1.344498526304960251e-02,5.481193661689758301e-01,4.924175739288330078e-01,-1.839669793844223022e-02,5.452401041984558105e-01,4.721320867538452148e-01,-2.156084589660167694e-02,5.691143274307250977e-01,5.574500560760498047e-01,-1.202518492937088013e-02,5.754212737083435059e-01,5.272346138954162598e-01,-1.856685988605022430e-02,5.805330276489257812e-01,5.071129202842712402e-01,-2.144430391490459442e-02,5.844824910163879395e-01,4.896550178527832031e-01,-2.315049059689044952e-02,-1.000000000000000000e+00,-1.000000000000000000e+00,-1.000000000000000000e+00,-1.000000000000000000e+00,-1.000000000000000000e+00,-1.000000000000000000e+00,-1.000000000000000000e+00,-1.000000000000000000e+00,-1.000000000000000000e+00,-1.000000000000000000e+00,-1.000000000000000000e+00,-1.000000000000000000e+00,-1.000000000000000000e+00,-1.000000000000000000e+00,-1.000000000000000000e+00,-1.000000000000000000e+00,-1.000000000000000000e+00,-1.000000000000000000e+00,-1.000000000000000000e+00,-1.000000000000000000e+00,-1.000000000000000000e+00,-1.000000000000000000e+00,-1.000000000000000000e+00,-1.000000000000000000e+00,-1.000000000000000000e+00,-1.000000000000000000e+00,-1.000000000000000000e+00,-1.000000000000000000e+00,-1.000000000000000000e+00,-1.000000000000000000e+00,-1.000000000000000000e+00,-1.000000000000000000e+00,-1.000000000000000000e+00,-1.000000000000000000e+00,-1.000000000000000000e+00,-1.000000000000000000e+00,-1.000000000000000000e+00,-1.000000000000000000e+00,-1.000000000000000000e+00,-1.000000000000000000e+00,-1.000000000000000000e+00,-1.000000000000000000e+00,-1.000000000000000000e+00,-1.000000000000000000e+00,-1.000000000000000000e+00,-1.000000000000000000e+00,-1.000000000000000000e+00,-1.000000000000000000e+00,-1.000000000000000000e+00,-1.000000000000000000e+00,-1.000000000000000000e+00,-1.000000000000000000e+00,-1.000000000000000000e+00,-1.000000000000000000e+00,-1.000000000000000000e+00,-1.000000000000000000e+00,-1.000000000000000000e+00,-1.000000000000000000e+00,-1.000000000000000000e+00,-1.000000000000000000e+00,-1.000000000000000000e+00,-1.000000000000000000e+00,-1.000000000000000000e+00
5.560772418975830078e-01,6.421968340873718262e-01,7.405828483797449735e-08,5.322000980377197266e-01,6.263582706451416016e-01,-3.986994735896587372e-03,5.139482617378234863e-01,5.989577174186706543e-01,-5.237802397459745407e-03,5.030669569969177246e-01,5.754953622817993164e-01,-7.399798370897769928e-03,4.971799254417419434e-01,5.546115636825561523e-01,-9.346019476652145386e-03,5.289394855499267578e-01,5.615086555480957031e-01,1.963253598660230637e-03,5.186808705329895020e-01,5.323055982589721680e-01,-3.662102157250046730e-03,5.112745761871337891e-01,5.153038501739501953e-01,-9.020002558827400208e-03,5.054531693458557129e-01,5.008469223976135254e-01,-1.303313858807086945e-02,5.410652756690979004e-01,5.540122389793395996e-01,-1.523599145002663136e-03,5.331991910934448242e-01,5.192212462425231934e-01,-6.523466669023036957e-03,5.276896357536315918e-01,4.977011084556579590e-01,-1.162236277014017105e-02,5.230350494384765625e-01,4.792140424251556396e-01,-1.526091154664754868e-02,5.547420978546142578e-01,5.525369644165039062e-01,-6.520215421915054321e-03,5.511572360992431641e-01,5.156329870223999023e-01,-1.344498526304960251e-02,5.481193661689758301e-01,4.924175739288330078e-01,-1.839669793844223022e-02,5.452401041984558105e-01,4.721320867538452148e-01,-2.156084589660167694e-02,5.691143274307250977e-01,5.574500560760498047e-01,-1.202518492937088013e-02,5.754212737083435059e-01,5.272346138954162598e-01,-1.856685988605022430e-02,5.805330276489257812e-01,5.071129202842712402e-01,-2.144430391490459442e-02,5.844824910163879395e-01,4.896550178527832031e-01,-2.315049059689044952e-02,-1.000000000000000000e+00,-1.000000000000000000e+00,-1.000000000000000000e+00,-1.000000000000000000e+00,-1.000000000000000000e+00,-1.000000000000000000e+00,-1.000000000000000000e+00,-1.000000000000000000e+00,-1.000000000000000000e+00,-1.000000000000000000e+00,-1.000000000000000000e+00,-1.000000000000000000e+00,-1.000000000000000000e+00,-1.000000000000000000e+00,-1.000000000000000000e+00,-1.000000000000000000e+00,-1.000000000000000000e+00,-1.000000000000000000e+00,-1.000000000000000000e+00,-1.000000000000000000e+00,-1.000000000000000000e+00,-1.000000000000000000e+00,-1.000000000000000000e+00,-1.000000000000000000e+00,-1.000000000000000000e+00,-1.000000000000000000e+00,-1.000000000000000000e+00,-1.000000000000000000e+00,-1.000000000000000000e+00,-1.000000000000000000e+00,-1.000000000000000000e+00,-1.000000000000000000e+00,-1.000000000000000000e+00,-1.000000000000000000e+00,-1.000000000000000000e+00,-1.000000000000000000e+00,-1.000000000000000000e+00,-1.000000000000000000e+00,-1.000000000000000000e+00,-1.000000000000000000e+00,-1.000000000000000000e+00,-1.000000000000000000e+00,-1.000000000000000000e+00,-1.000000000000000000e+00,-1.000000000000000000e+00,-1.000000000000000000e+00,-1.000000000000000000e+00,-1.000000000000000000e+00,-1.000000000000000000e+00,-1.000000000000000000e+00,-1.000000000000000000e+00,-1.000000000000000000e+00,-1.000000000000000000e+00,-1.000000000000000000e+00,-1.000000000000000000e+00,-1.000000000000000000e+00,-1.000000000000000000e+00,-1.000000000000000000e+00,-1.000000000000000000e+00,-1.000000000000000000e+00,-1.000000000000000000e+00,-1.000000000000000000e+00,-1.000000000000000000e+00
5.749632120132446289e-01,6.362110972404479980e-01,1.236070801269306685e-07,5.519219636917114258e-01,6.150842308998107910e-01,-5.178417079150676727e-03,5.359738469123840332e-01,5.821156501770019531e-01,-6.401613820344209671e-03,5.291380882263183594e-01,5.558354854583740234e-01,-7.927243597805500031e-03,5.268282294273376465e-01,5.348453521728515625e-01,-9.481085464358329773e-03,5.581258535385131836e-01,5.449712276458740234e-01,-3.041418734937906265e-03,5.511214137077331543e-01,5.086433887481689453e-01,-9.127113968133926392e-03,5.460324287414550781e-01,4.872095584869384766e-01,-1.434219069778919220e-02,5.413566827774047852e-01,4.696175456047058105e-01,-1.820201799273490906e-02,5.734104514122009277e-01,5.416182875633239746e-01,-6.301482208073139191e-03,5.721028447151184082e-01,5.013341903686523438e-01,-1.093900110572576523e-02,5.708036422729492188e-01,4.760024547576904297e-01,-1.634098961949348450e-02,5.693916678428649902e-01,4.556029736995697021e-01,-2.019539661705493927e-02,5.876462459564208984e-01,5.464908480644226074e-01,-1.068837847560644150e-02,5.927810668945312500e-01,5.090652108192443848e-01,-1.712275668978691101e-02,5.966676473617553711e-01,4.854792952537536621e-01,-2.264291793107986450e-02,5.998833775520324707e-01,4.658056199550628662e-01,-2.639284543693065643e-02,6.001546978950500488e-01,5.592128038406372070e-01,-1.554349344223737717e-02,6.116436719894409180e-01,5.354221463203430176e-01,-2.233491279184818268e-02,6.193455457687377930e-01,5.192815661430358887e-01,-2.510935440659523010e-02,6.253945827484130859e-01,5.060405135154724121e-01,-2.661209739744663239e-02,-1.000000000000000000e+00,-1.000000000000000000e+00,-1.000000000000000000e+00,-1.000000000000000000e+00,-1.000000000000000000e+00,-1.000000000000000000e+00,-1.000000000000000000e+00,-1.000000000000000000e+00,-1.000000000000000000e+00,-1.000000000000000000e+00,-1.000000000000000000e+00,-1.000000000000000000e+00,-1.000000000000000000e+00,-1.000000000000000000e+00,-1.000000000000000000e+00,-1.000000000000000000e+00,-1.000000000000000000e+00,-1.000000000000000000e+00,-1.000000000000000000e+00,-1.000000000000000000e+00,-1.000000000000000000e+00,-1.000000000000000000e+00,-1.000000000000000000e+00,-1.000000000000000000e+00,-1.000000000000000000e+00,-1.000000000000000000e+00,-1.000000000000000000e+00,-1.000000000000000000e+00,-1.000000000000000000e+00,-1.000000000000000000e+00,-1.000000000000000000e+00,-1.000000000000000000e+00,-1.000000000000000000e+00,-1.000000000000000000e+00,-1.000000000000000000e+00,-1.000000000000000000e+00,-1.000000000000000000e+00,-1.000000000000000000e+00,-1.000000000000000000e+00,-1.000000000000000000e+00,-1.000000000000000000e+00,-1.000000000000000000e+00,-1.000000000000000000e+00,-1.000000000000000000e+00,-1.000000000000000000e+00,-1.000000000000000000e+00,-1.000000000000000000e+00,-1.000000000000000000e+00,-1.000000000000000000e+00,-1.000000000000000000e+00,-1.000000000000000000e+00,-1.000000000000000000e+00,-1.000000000000000000e+00,-1.000000000000000000e+00,-1.000000000000000000e+00,-1.000000000000000000e+00,-1.000000000000000000e+00,-1.000000000000000000e+00,-1.000000000000000000e+00,-1.000000000000000000e+00,-1.000000000000000000e+00,-1.000000000000000000e+00,-1.000000000000000000e+00
5.851141214370727539e-01,6.349962353706359863e-01,1.269696667804964818e-07,5.633805990219116211e-01,6.086246371269226074e-01,-5.474804900586605072e-03,5.516228079795837402e-01,5.726302862167358398e-01,-7.113953121006488800e-03,5.483969449996948242e-01,5.443155169486999512e-01,-9.201914072036743164e-03,5.495959520339965820e-01,5.218082666397094727e-01,-1.122384797781705856e-02,5.775751471519470215e-01,5.389962196350097656e-01,-1.590773463249206543e-03,5.739176273345947266e-01,5.024244189262390137e-01,-7.214645389467477798e-03,5.712562203407287598e-01,4.801208674907684326e-01,-1.230976078659296036e-02,5.699180960655212402e-01,4.608719348907470703e-01,-1.636219583451747894e-02,5.929972529411315918e-01,5.384614467620849609e-01,-4.852839745581150055e-03,5.972073674201965332e-01,4.981386065483093262e-01,-9.250135160982608795e-03,5.998494625091552734e-01,4.728006422519683838e-01,-1.470695715397596359e-02,6.023120880126953125e-01,4.510424137115478516e-01,-1.896331831812858582e-02,6.071274876594543457e-01,5.456891655921936035e-01,-9.451498277485370636e-03,6.175470352172851562e-01,5.086426734924316406e-01,-1.613683812320232391e-02,6.249945163726806641e-01,4.857799708843231201e-01,-2.207157202064990997e-02,6.312600970268249512e-01,4.662261009216308594e-01,-2.627789974212646484e-02,6.195883750915527344e-01,5.598819255828857422e-01,-1.460900995880365372e-02,6.369216442108154297e-01,5.353881120681762695e-01,-2.175468951463699341e-02,6.495032310485839844e-01,5.199348330497741699e-01,-2.526878565549850464e-02,6.602122783660888672e-01,5.069087743759155273e-01,-2.749180234968662262e-02,-1.000000000000000000e+00,-1.000000000000000000e+00,-1.000000000000000000e+00,-1.000000000000000000e+00,-1.000000000000000000e+00,-1.000000000000000000e+00,-1.000000000000000000e+00,-1.000000000000000000e+00,-1.000000000000000000e+00,-1.000000000000000000e+00,-1.000000000000000000e+00,-1.000000000000000000e+00,-1.000000000000000000e+00,-1.000000000000000000e+00,-1.000000000000000000e+00,-1.000000000000000000e+00,-1.000000000000000000e+00,-1.000000000000000000e+00,-1.000000000000000000e+00,-1.000000000000000000e+00,-1.000000000000000000e+00,-1.000000000000000000e+00,-1.000000000000000000e+00,-1.000000000000000000e+00,-1.000000000000000000e+00,-1.000000000000000000e+00,-1.000000000000000000e+00,-1.000000000000000000e+00,-1.000000000000000000e+00,-1.000000000000000000e+00,-1.000000000000000000e+00,-1.000000000000000000e+00,-1.000000000000000000e+00,-1.000000000000000000e+00,-1.000000000000000000e+00,-1.000000000000000000e+00,-1.000000000000000000e+00,-1.000000000000000000e+00,-1.000000000000000000e+00,-1.000000000000000000e+00,-1.000000000000000000e+00,-1.000000000000000000e+00,-1.000000000000000000e+00,-1.000000000000000000e+00,-1.000000000000000000e+00,-1.000000000000000000e+00,-1.000000000000000000e+00,-1.000000000000000000e+00,-1.000000000000000000e+00,-1.000000000000000000e+00,-1.000000000000000000e+00,-1.000000000000000000e+00,-1.000000000000000000e+00,-1.000000000000000000e+00,-1.000000000000000000e+00,-1.000000000000000000e+00,-1.000000000000000000e+00,-1.000000000000000000e+00,-1.000000000000000000e+00,-1.000000000000000000e+00,-1.000000000000000000e+00,-1.000000000000000000e+00,-1.000000000000000000e+00
5.851141214370727539e-01,6.349962353706359863e-01,1.269696667804964818e-07,5.633805990219116211e-01,6.086246371269226074e-01,-5.474804900586605072e-03,5.516228079795837402e-01,5.726302862167358398e-01,-7.113953121006488800e-03,5.483969449996948242e-01,5.443155169486999512e-01,-9.201914072036743164e-03,5.495959520339965820e-01,5.218082666397094727e-01,-1.122384797781705856e-02,5.775751471519470215e-01,5.389962196350097656e-01,-1.590773463249206543e-03,5.739176273345947266e-01,5.024244189262390137e-01,-7.214645389467477798e-03,5.712562203407287598e-01,4.801208674907684326e-01,-1.230976078659296036e-02,5.699180960655212402e-01,4.608719348907470703e-01,-1.636219583451747894e-02,5.929972529411315918e-01,5.384614467620849609e-01,-4.852839745581150055e-03,5.972073674201965332e-01,4.981386065483093262e-01,-9.250135160982608795e-03,5.998494625091552734e-01,4.728006422519683838e-01,-1.470695715397596359e-02,6.023120880126953125e-01,4.510424137115478516e-01,-1.896331831812858582e-02,6.071274876594543457e-01,5.456891655921936035e-01,-9.451498277485370636e-03,6.175470352172851562e-01,5.086426734924316406e-01,-1.613683812320232391e-02,6.249945163726806641e-01,4.857799708843231201e-01,-2.207157202064990997e-02,6.312600970268249512e-01,4.662261009216308594e-01,-2.627789974212646484e-02,6.195883750915527344e-01,5.598819255828857422e-01,-1.460900995880365372e-02,6.369216442108154297e-01,5.353881120681762695e-01,-2.175468951463699341e-02,6.495032310485839844e-01,5.199348330497741699e-01,-2.526878565549850464e-02,6.602122783660888672e-01,5.069087743759155273e-01,-2.749180234968662262e-02,-1.000000000000000000e+00,-1.000000000000000000e+00,-1.000000000000000000e+00,-1.000000000000000000e+00,-1.000000000000000000e+00,-1.000000000000000000e+00,-1.000000000000000000e+00,-1.000000000000000000e+00,-1.000000000000000000e+00,-1.000000000000000000e+00,-1.000000000000000000e+00,-1.000000000000000000e+00,-1.000000000000000000e+00,-1.000000000000000000e+00,-1.000000000000000000e+00,-1.000000000000000000e+00,-1.000000000000000000e+00,-1.000000000000000000e+00,-1.000000000000000000e+00,-1.000000000000000000e+00,-1.000000000000000000e+00,-1.000000000000000000e+00,-1.000000000000000000e+00,-1.000000000000000000e+00,-1.000000000000000000e+00,-1.000000000000000000e+00,-1.000000000000000000e+00,-1.000000000000000000e+00,-1.000000000000000000e+00,-1.000000000000000000e+00,-1.000000000000000000e+00,-1.000000000000000000e+00,-1.000000000000000000e+00,-1.000000000000000000e+00,-1.000000000000000000e+00,-1.000000000000000000e+00,-1.000000000000000000e+00,-1.000000000000000000e+00,-1.000000000000000000e+00,-1.000000000000000000e+00,-1.000000000000000000e+00,-1.000000000000000000e+00,-1.000000000000000000e+00,-1.000000000000000000e+00,-1.000000000000000000e+00,-1.000000000000000000e+00,-1.000000000000000000e+00,-1.000000000000000000e+00,-1.000000000000000000e+00,-1.000000000000000000e+00,-1.000000000000000000e+00,-1.000000000000000000e+00,-1.000000000000000000e+00,-1.000000000000000000e+00,-1.000000000000000000e+00,-1.000000000000000000e+00,-1.000000000000000000e+00,-1.000000000000000000e+00,-1.000000000000000000e+00,-1.000000000000000000e+00,-1.000000000000000000e+00,-1.000000000000000000e+00,-1.000000000000000000e+00
5.849123597145080566e-01,6.344920396804809570e-01,1.129624394025086076e-07,5.638861656188964844e-01,6.087937355041503906e-01,-6.091878749430179596e-03,5.523538589477539062e-01,5.720581412315368652e-01,-8.149663917720317841e-03,5.487041473388671875e-01,5.435967445373535156e-01,-1.041309162974357605e-02,5.492136478424072266e-01,5.208041071891784668e-01,-1.252258382737636566e-02,5.774353742599487305e-01,5.380957722663879395e-01,-1.900484785437583923e-03,5.741913914680480957e-01,5.015208721160888672e-01,-7.766467519104480743e-03,5.719261765480041504e-01,4.788552820682525635e-01,-1.314493920654058456e-02,5.711913704872131348e-01,4.593316912651062012e-01,-1.739786751568317413e-02,5.932017564773559570e-01,5.374945402145385742e-01,-4.799264948815107346e-03,5.970015525817871094e-01,4.969418346881866455e-01,-9.605156257748603821e-03,5.993412733078002930e-01,4.716638326644897461e-01,-1.470933854579925537e-02,6.016969680786132812e-01,4.503911137580871582e-01,-1.874320767819881439e-02,6.076751351356506348e-01,5.452021956443786621e-01,-9.206545539200305939e-03,6.176441311836242676e-01,5.074254274368286133e-01,-1.641254685819149017e-02,6.246665120124816895e-01,4.847364723682403564e-01,-2.199608460068702698e-02,6.308187842369079590e-01,4.652207493782043457e-01,-2.592700906097888947e-02,6.202179193496704102e-01,5.598915815353393555e-01,-1.419801544398069382e-02,6.369250416755676270e-01,5.350718498229980469e-01,-2.183774486184120178e-02,6.493679881095886230e-01,5.200102329254150391e-01,-2.544142864644527435e-02,6.602289676666259766e-01,5.069277286529541016e-01,-2.775062993168830872e-02,-1.000000000000000000e+00,-1.000000000000000000e+00,-1.000000000000000000e+00,-1.000000000000000000e+00,-1.000000000000000000e+00,-1.000000000000000000e+00,-1.000000000000000000e+00,-1.000000000000000000e+00,-1.000000000000000000e+00,-1.000000000000000000e+00,-1.000000000000000000e+00,-1.000000000000000000e+00,-1.000000000000000000e+00,-1.000000000000000000e+00,-1.000000000000000000e+00,-1.000000000000000000e+00,-1.000000000000000000e+00,-1.000000000000000000e+00,-1.000000000000000000e+00,-1.000000000000000000e+00,-1.000000000000000000e+00,-1.000000000000000000e+00,-1.000000000000000000e+00,-1.000000000000000000e+00,-1.000000000000000000e+00,-1.000000000000000000e+00,-1.000000000000000000e+00,-1.000000000000000000e+00,-1.000000000000000000e+00,-1.000000000000000000e+00,-1.000000000000000000e+00,-1.000000000000000000e+00,-1.000000000000000000e+00,-1.000000000000000000e+00,-1.000000000000000000e+00,-1.000000000000000000e+00,-1.000000000000000000e+00,-1.000000000000000000e+00,-1.000000000000000000e+00,-1.000000000000000000e+00,-1.000000000000000000e+00,-1.000000000000000000e+00,-1.000000000000000000e+00,-1.000000000000000000e+00,-1.000000000000000000e+00,-1.000000000000000000e+00,-1.000000000000000000e+00,-1.000000000000000000e+00,-1.000000000000000000e+00,-1.000000000000000000e+00,-1.000000000000000000e+00,-1.000000000000000000e+00,-1.000000000000000000e+00,-1.000000000000000000e+00,-1.000000000000000000e+00,-1.000000000000000000e+00,-1.000000000000000000e+00,-1.000000000000000000e+00,-1.000000000000000000e+00,-1.000000000000000000e+00,-1.000000000000000000e+00,-1.000000000000000000e+00,-1.000000000000000000e+00
5.849123597145080566e-01,6.344920396804809570e-01,1.129624394025086076e-07,5.638861656188964844e-01,6.087937355041503906e-01,-6.091878749430179596e-03,5.523538589477539062e-01,5.720581412315368652e-01,-8.149663917720317841e-03,5.487041473388671875e-01,5.435967445373535156e-01,-1.041309162974357605e-02,5.492136478424072266e-01,5.208041071891784668e-01,-1.252258382737636566e-02,5.774353742599487305e-01,5.380957722663879395e-01,-1.900484785437583923e-03,5.741913914680480957e-01,5.015208721160888672e-01,-7.766467519104480743e-03,5.719261765480041504e-01,4.788552820682525635e-01,-1.314493920654058456e-02,5.711913704872131348e-01,4.593316912651062012e-01,-1.739786751568317413e-02,5.932017564773559570e-01,5.374945402145385742e-01,-4.799264948815107346e-03,5.970015525817871094e-01,4.969418346881866455e-01,-9.605156257748603821e-03,5.993412733078002930e-01,4.716638326644897461e-01,-1.470933854579925537e-02,6.016969680786132812e-01,4.503911137580871582e-01,-1.874320767819881439e-02,6.076751351356506348e-01,5.452021956443786621e-01,-9.206545539200305939e-03,6.176441311836242676e-01,5.074254274368286133e-01,-1.641254685819149017e-02,6.246665120124816895e-01,4.847364723682403564e-01,-2.199608460068702698e-02,6.308187842369079590e-01,4.652207493782043457e-01,-2.592700906097888947e-02,6.202179193496704102e-01,5.598915815353393555e-01,-1.419801544398069382e-02,6.369250416755676270e-01,5.350718498229980469e-01,-2.183774486184120178e-02,6.493679881095886230e-01,5.200102329254150391e-01,-2.544142864644527435e-02,6.602289676666259766e-01,5.069277286529541016e-01,-2.775062993168830872e-02,-1.000000000000000000e+00,-1.000000000000000000e+00,-1.000000000000000000e+00,-1.000000000000000000e+00,-1.000000000000000000e+00,-1.000000000000000000e+00,-1.000000000000000000e+00,-1.000000000000000000e+00,-1.000000000000000000e+00,-1.000000000000000000e+00,-1.000000000000000000e+00,-1.000000000000000000e+00,-1.000000000000000000e+00,-1.000000000000000000e+00,-1.000000000000000000e+00,-1.000000000000000000e+00,-1.000000000000000000e+00,-1.000000000000000000e+00,-1.000000000000000000e+00,-1.000000000000000000e+00,-1.000000000000000000e+00,-1.000000000000000000e+00,-1.000000000000000000e+00,-1.000000000000000000e+00,-1.000000000000000000e+00,-1.000000000000000000e+00,-1.000000000000000000e+00,-1.000000000000000000e+00,-1.000000000000000000e+00,-1.000000000000000000e+00,-1.000000000000000000e+00,-1.000000000000000000e+00,-1.000000000000000000e+00,-1.000000000000000000e+00,-1.000000000000000000e+00,-1.000000000000000000e+00,-1.000000000000000000e+00,-1.000000000000000000e+00,-1.000000000000000000e+00,-1.000000000000000000e+00,-1.000000000000000000e+00,-1.000000000000000000e+00,-1.000000000000000000e+00,-1.000000000000000000e+00,-1.000000000000000000e+00,-1.000000000000000000e+00,-1.000000000000000000e+00,-1.000000000000000000e+00,-1.000000000000000000e+00,-1.000000000000000000e+00,-1.000000000000000000e+00,-1.000000000000000000e+00,-1.000000000000000000e+00,-1.000000000000000000e+00,-1.000000000000000000e+00,-1.000000000000000000e+00,-1.000000000000000000e+00,-1.000000000000000000e+00,-1.000000000000000000e+00,-1.000000000000000000e+00,-1.000000000000000000e+00,-1.000000000000000000e+00,-1.000000000000000000e+00
6.125428080558776855e-01,6.339781284332275391e-01,2.037094333218192332e-07,6.025727987289428711e-01,5.930097103118896484e-01,-7.203210610896348953e-03,6.066018939018249512e-01,5.519242286682128906e-01,-9.748338721692562103e-03,6.151582002639770508e-01,5.235090255737304688e-01,-1.266032923012971878e-02,6.259348392486572266e-01,5.050978064537048340e-01,-1.542305946350097656e-02,6.327728033065795898e-01,5.371881723403930664e-01,-2.210739534348249435e-03,6.535813808441162109e-01,5.052080154418945312e-01,-1.082873530685901642e-02,6.664895415306091309e-01,4.836298227310180664e-01,-1.840175688266754150e-02,6.779168248176574707e-01,4.669504165649414062e-01,-2.343120239675045013e-02,6.386044025421142578e-01,5.447856187820434570e-01,-2.856113249436020851e-03,6.573120951652526855e-01,5.132857561111450195e-01,-7.699374575167894363e-03,6.674872040748596191e-01,4.929828345775604248e-01,-1.126536913216114044e-02,6.770983934402465820e-01,4.778947234153747559e-01,-1.391901727765798569e-02,6.422688961029052734e-01,5.563068389892578125e-01,-5.348488688468933105e-03,6.568523049354553223e-01,5.305426716804504395e-01,-1.023860368877649307e-02,6.637237668037414551e-01,5.134750008583068848e-01,-1.095692627131938934e-02,6.709828972816467285e-01,5.016925334930419922e-01,-1.107503566890954971e-02,6.434769630432128906e-01,5.716779232025146484e-01,-9.013462811708450317e-03,6.528502702713012695e-01,5.529085993766784668e-01,-1.319125201553106308e-02,6.591615676879882812e-01,5.426307320594787598e-01,-1.276175212115049362e-02,6.652758717536926270e-01,5.357526540756225586e-01,-1.185158733278512955e-02,6.187732815742492676e-01,6.220869421958923340e-01,2.696020473536009376e-08,6.120085716247558594e-01,5.839864611625671387e-01,-1.088313292711973190e-02,6.151239275932312012e-01,5.481439828872680664e-01,-1.767050102353096008e-02,6.247202754020690918e-01,5.251654982566833496e-01,-2.417825907468795776e-02,6.345081925392150879e-01,5.074775218963623047e-01,-3.061382099986076355e-02,6.533229947090148926e-01,5.336677432060241699e-01,-1.087839808315038681e-02,6.699141263961791992e-01,5.030593872070312500e-01,-2.076972834765911102e-02,6.803273558616638184e-01,4.840389490127563477e-01,-2.886341884732246399e-02,6.896309256553649902e-01,4.676938056945800781e-01,-3.463142737746238708e-02,6.686583161354064941e-01,5.473253130912780762e-01,-1.268651802092790604e-02,6.941348314285278320e-01,5.196949839591979980e-01,-2.126827649772167206e-02,7.092136740684509277e-01,5.017729401588439941e-01,-2.799691446125507355e-02,7.213739752769470215e-01,4.868716597557067871e-01,-3.312385082244873047e-02,6.775577068328857422e-01,5.669274926185607910e-01,-1.621249504387378693e-02,7.053299546241760254e-01,5.474823713302612305e-01,-2.485626377165317535e-02,7.217921018600463867e-01,5.355166196823120117e-01,-3.117110207676887512e-02,7.353608608245849609e-01,5.255495905876159668e-01,-3.543498367071151733e-02,6.813238263130187988e-01,5.906873941421508789e-01,-2.078954689204692841e-02,7.070733308792114258e-01,5.832134485244750977e-01,-2.781932987272739410e-02,7.235786914825439453e-01,5.791224241256713867e-01,-3.153317421674728394e-02,7.380527257919311523e-01,5.746063590049743652e-01,-3.417277336120605469e-02
6.281827688217163086e-01,6.317596435546875000e-01,2.153384883740727673e-07,6.233856678009033203e-01,5.862533450126647949e-01,-7.516408339142799377e-03,6.344231367111206055e-01,5.464324951171875000e-01,-1.010859105736017227e-02,6.490181684494018555e-01,5.209225416183471680e-01,-1.325570140033960342e-02,6.643607020378112793e-01,5.068988204002380371e-01,-1.655145920813083649e-02,6.751574277877807617e-01,5.409054160118103027e-01,-2.521479967981576920e-03,6.996306180953979492e-01,5.171812772750854492e-01,-1.062684506177902222e-02,7.159296274185180664e-01,5.014816522598266602e-01,-1.809233799576759338e-02,7.296043038368225098e-01,4.897748827934265137e-01,-2.358634769916534424e-02,6.843104362487792969e-01,5.575647950172424316e-01,-5.064362660050392151e-03,7.126773595809936523e-01,5.367977619171142578e-01,-1.087127253413200378e-02,7.301254272460937500e-01,5.243080854415893555e-01,-1.637411862611770630e-02,7.440587878227233887e-01,5.158076882362365723e-01,-2.053382247686386108e-02,6.879895925521850586e-01,5.785192847251892090e-01,-9.398470632731914520e-03,7.123377323150634766e-01,5.639736056327819824e-01,-1.617619767785072327e-02,7.270315885543823242e-01,5.542629361152648926e-01,-1.957867294549942017e-02,7.395192384719848633e-01,5.486457347869873047e-01,-2.173205092549324036e-02,6.852983832359313965e-01,6.034033298492431641e-01,-1.480510272085666656e-02,7.040367722511291504e-01,5.972046852111816406e-01,-2.092148177325725555e-02,7.160839438438415527e-01,5.936143994331359863e-01,-2.222188748419284821e-02,7.263090610504150391e-01,5.910222530364990234e-01,-2.272220887243747711e-02,-1.000000000000000000e+00,-1.000000000000000000e+00,-1.000000000000000000e+00,-1.000000000000000000e+00,-1.000000000000000000e+00,-1.000000000000000000e+00,-1.000000000000000000e+00,-1.000000000000000000e+00,-1.000000000000000000e+00,-1.000000000000000000e+00,-1.000000000000000000e+00,-1.000000000000000000e+00,-1.000000000000000000e+00,-1.000000000000000000e+00,-1.000000000000000000e+00,-1.000000000000000000e+00,-1.000000000000000000e+00,-1.000000000000000000e+00,-1.000000000000000000e+00,-1.000000000000000000e+00,-1.000000000000000000e+00,-1.000000000000000000e+00,-1.000000000000000000e+00,-1.000000000000000000e+00,-1.000000000000000000e+00,-1.000000000000000000e+00,-1.000000000000000000e+00,-1.000000000000000000e+00,-1.000000000000000000e+00,-1.000000000000000000e+00,-1.000000000000000000e+00,-1.000000000000000000e+00,-1.000000000000000000e+00,-1.000000000000000000e+00,-1.000000000000000000e+00,-1.000000000000000000e+00,-1.000000000000000000e+00,-1.000000000000000000e+00,-1.000000000000000000e+00,-1.000000000000000000e+00,-1.000000000000000000e+00,-1.000000000000000000e+00,-1.000000000000000000e+00,-1.000000000000000000e+00,-1.000000000000000000e+00,-1.000000000000000000e+00,-1.000000000000000000e+00,-1.000000000000000000e+00,-1.000000000000000000e+00,-1.000000000000000000e+00,-1.000000000000000000e+00,-1.000000000000000000e+00,-1.000000000000000000e+00,-1.000000000000000000e+00,-1.000000000000000000e+00,-1.000000000000000000e+00,-1.000000000000000000e+00,-1.000000000000000000e+00,-1.000000000000000000e+00,-1.000000000000000000e+00,-1.000000000000000000e+00,-1.000000000000000000e+00,-1.000000000000000000e+00
6.399055719375610352e-01,6.250293254852294922e-01,2.283917410750291310e-07,6.373546719551086426e-01,5.832303166389465332e-01,-8.195344358682632446e-03,6.507586836814880371e-01,5.486366748809814453e-01,-1.176943350583314896e-02,6.674640178680419922e-01,5.283738374710083008e-01,-1.528391242027282715e-02,6.823566555976867676e-01,5.159795880317687988e-01,-1.893244683742523193e-02,6.934821605682373047e-01,5.490959286689758301e-01,-5.629122722893953323e-03,7.181900143623352051e-01,5.250926017761230469e-01,-1.256441138684749603e-02,7.343505620956420898e-01,5.114886164665222168e-01,-1.901888474822044373e-02,7.490599155426025391e-01,5.011613368988037109e-01,-2.395449951291084290e-02,7.053996324539184570e-01,5.674868226051330566e-01,-8.237557485699653625e-03,7.368373274803161621e-01,5.486623048782348633e-01,-1.373560167849063873e-02,7.574453949928283691e-01,5.384924411773681641e-01,-2.033131569623947144e-02,7.753672599792480469e-01,5.307463407516479492e-01,-2.557577006518840790e-02,7.099961638450622559e-01,5.887629389762878418e-01,-1.226209197193384171e-02,7.424281239509582520e-01,5.801116228103637695e-01,-1.989831961691379547e-02,7.632442116737365723e-01,5.761197805404663086e-01,-2.636704593896865845e-02,7.805196642875671387e-01,5.724032521247863770e-01,-3.105917759239673615e-02,7.079673409461975098e-01,6.122692823410034180e-01,-1.702283136546611786e-02,7.354734539985656738e-01,6.145249009132385254e-01,-2.510627731680870056e-02,7.538521289825439453e-01,6.175459623336791992e-01,-2.868842519819736481e-02,7.697564959526062012e-01,6.197327375411987305e-01,-3.088538162410259247e-02,-1.000000000000000000e+00,-1.000000000000000000e+00,-1.000000000000000000e+00,-1.000000000000000000e+00,-1.000000000000000000e+00,-1.000000000000000000e+00,-1.000000000000000000e+00,-1.000000000000000000e+00,-1.000000000000000000e+00,-1.000000000000000000e+00,-1.000000000000000000e+00,-1.000000000000000000e+00,-1.000000000000000000e+00,-1.000000000000000000e+00,-1.000000000000000000e+00,-1.000000000000000000e+00,-1.000000000000000000e+00,-1.000000000000000000e+00,-1.000000000000000000e+00,-1.000000000000000000e+00,-1.000000000000000000e+00,-1.000000000000000000e+00,-1.000000000000000000e+00,-1.000000000000000000e+00,-1.000000000000000000e+00,-1.000000000000000000e+00,-1.000000000000000000e+00,-1.000000000000000000e+00,-1.000000000000000000e+00,-1.000000000000000000e+00,-1.000000000000000000e+00,-1.000000000000000000e+00,-1.000000000000000000e+00,-1.000000000000000000e+00,-1.000000000000000000e+00,-1.000000000000000000e+00,-1.000000000000000000e+00,-1.000000000000000000e+00,-1.000000000000000000e+00,-1.000000000000000000e+00,-1.000000000000000000e+00,-1.000000000000000000e+00,-1.000000000000000000e+00,-1.000000000000000000e+00,-1.000000000000000000e+00,-1.000000000000000000e+00,-1.000000000000000000e+00,-1.000000000000000000e+00,-1.000000000000000000e+00,-1.000000000000000000e+00,-1.000000000000000000e+00,-1.000000000000000000e+00,-1.000000000000000000e+00,-1.000000000000000000e+00,-1.000000000000000000e+00,-1.000000000000000000e+00,-1.000000000000000000e+00,-1.000000000000000000e+00,-1.000000000000000000e+00,-1.000000000000000000e+00,-1.000000000000000000e+00,-1.000000000000000000e+00,-1.000000000000000000e+00
6.399055719375610352e-01,6.250293254852294922e-01,2.283917410750291310e-07,6.373546719551086426e-01,5.832303166389465332e-01,-8.195344358682632446e-03,6.507586836814880371e-01,5.486366748809814453e-01,-1.176943350583314896e-02,6.674640178680419922e-01,5.283738374710083008e-01,-1.528391242027282715e-02,6.823566555976867676e-01,5.159795880317687988e-01,-1.893244683742523193e-02,6.934821605682373047e-01,5.490959286689758301e-01,-5.629122722893953323e-03,7.181900143623352051e-01,5.250926017761230469e-01,-1.256441138684749603e-02,7.343505620956420898e-01,5.114886164665222168e-01,-1.901888474822044373e-02,7.490599155426025391e-01,5.011613368988037109e-01,-2.395449951291084290e-02,7.053996324539184570e-01,5.674868226051330566e-01,-8.237557485699653625e-03,7.368373274803161621e-01,5.486623048782348633e-01,-1.373560167849063873e-02,7.574453949928283691e-01,5.384924411773681641e-01,-2.033131569623947144e-02,7.753672599792480469e-01,5.307463407516479492e-01,-2.557577006518840790e-02,7.099961638450622559e-01,5.887629389762878418e-01,-1.226209197193384171e-02,7.424281239509582520e-01,5.801116228103637695e-01,-1.989831961691379547e-02,7.632442116737365723e-01,5.761197805404663086e-01,-2.636704593896865845e-02,7.805196642875671387e-01,5.724032521247863770e-01,-3.105917759239673615e-02,7.079673409461975098e-01,6.122692823410034180e-01,-1.702283136546611786e-02,7.354734539985656738e-01,6.145249009132385254e-01,-2.510627731680870056e-02,7.538521289825439453e-01,6.175459623336791992e-01,-2.868842519819736481e-02,7.697564959526062012e-01,6.197327375411987305e-01,-3.088538162410259247e-02,-1.000000000000000000e+00,-1.000000000000000000e+00,-1.000000000000000000e+00,-1.000000000000000000e+00,-1.000000000000000000e+00,-1.000000000000000000e+00,-1.000000000000000000e+00,-1.000000000000000000e+00,-1.000000000000000000e+00,-1.000000000000000000e+00,-1.000000000000000000e+00,-1.000000000000000000e+00,-1.000000000000000000e+00,-1.000000000000000000e+00,-1.000000000000000000e+00,-1.000000000000000000e+00,-1.000000000000000000e+00,-1.000000000000000000e+00,-1.000000000000000000e+00,-1.000000000000000000e+00,-1.000000000000000000e+00,-1.000000000000000000e+00,-1.000000000000000000e+00,-1.000000000000000000e+00,-1.000000000000000000e+00,-1.000000000000000000e+00,-1.000000000000000000e+00,-1.000000000000000000e+00,-1.000000000000000000e+00,-1.000000000000000000e+00,-1.000000000000000000e+00,-1.000000000000000000e+00,-1.000000000000000000e+00,-1.000000000000000000e+00,-1.000000000000000000e+00,-1.000000000000000000e+00,-1.000000000000000000e+00,-1.000000000000000000e+00,-1.000000000000000000e+00,-1.000000000000000000e+00,-1.000000000000000000e+00,-1.000000000000000000e+00,-1.000000000000000000e+00,-1.000000000000000000e+00,-1.000000000000000000e+00,-1.000000000000000000e+00,-1.000000000000000000e+00,-1.000000000000000000e+00,-1.000000000000000000e+00,-1.000000000000000000e+00,-1.000000000000000000e+00,-1.000000000000000000e+00,-1.000000000000000000e+00,-1.000000000000000000e+00,-1.000000000000000000e+00,-1.000000000000000000e+00,-1.000000000000000000e+00,-1.000000000000000000e+00,-1.000000000000000000e+00,-1.000000000000000000e+00,-1.000000000000000000e+00,-1.000000000000000000e+00,-1.000000000000000000e+00
6.394665241241455078e-01,6.237711906433105469e-01,1.735149623982579214e-07,6.385471820831298828e-01,5.834832191467285156e-01,-9.318494237959384918e-03,6.518984436988830566e-01,5.484949350357055664e-01,-1.372494362294673920e-02,6.675820350646972656e-01,5.275067687034606934e-01,-1.775945723056793213e-02,6.835368275642395020e-01,5.153545141220092773e-01,-2.166857197880744934e-02,6.944360733032226562e-01,5.491911172866821289e-01,-5.936048459261655807e-03,7.182930707931518555e-01,5.263637304306030273e-01,-1.373375486582517624e-02,7.335533499717712402e-01,5.119648575782775879e-01,-2.073050849139690399e-02,7.480260133743286133e-01,5.015549659729003906e-01,-2.605824172496795654e-02,7.060064673423767090e-01,5.683075785636901855e-01,-8.342821151018142700e-03,7.367039322853088379e-01,5.498439669609069824e-01,-1.427982095628976822e-02,7.566260695457458496e-01,5.384047031402587891e-01,-2.051061205565929413e-02,7.740008831024169922e-01,5.294066667556762695e-01,-2.556779049336910248e-02,7.105625867843627930e-01,5.903735756874084473e-01,-1.247942075133323669e-02,7.425097227096557617e-01,5.804782509803771973e-01,-2.036455273628234863e-02,7.631256580352783203e-01,5.754279494285583496e-01,-2.601163648068904877e-02,7.808388471603393555e-01,5.706398487091064453e-01,-3.014664165675640106e-02,7.087585330009460449e-01,6.140154004096984863e-01,-1.754379458725452423e-02,7.357436418533325195e-01,6.149851679801940918e-01,-2.544103562831878662e-02,7.533485889434814453e-01,6.177863478660583496e-01,-2.853623032569885254e-02,7.688559293746948242e-01,6.195983886718750000e-01,-3.052067011594772339e-02,-1.000000000000000000e+00,-1.000000000000000000e+00,-1.000000000000000000e+00,-1.000000000000000000e+00,-1.000000000000000000e+00,-1.000000000000000000e+00,-1.000000000000000000e+00,-1.000000000000000000e+00,-1.000000000000000000e+00,-1.000000000000000000e+00,-1.000000000000000000e+00,-1.000000000000000000e+00,-1.000000000000000000e+00,-1.000000000000000000e+00,-1.000000000000000000e+00,-1.000000000000000000e+00,-1.000000000000000000e+00,-1.000000000000000000e+00,-1.000000000000000000e+00,-1.000000000000000000e+00,-1.000000000000000000e+00,-1.000000000000000000e+00,-1.000000000000000000e+00,-1.000000000000000000e+00,-1.000000000000000000e+00,-1.000000000000000000e+00,-1.000000000000000000e+00,-1.000000000000000000e+00,-1.000000000000000000e+00,-1.000000000000000000e+00,-1.000000000000000000e+00,-1.000000000000000000e+00,-1.000000000000000000e+00,-1.000000000000000000e+00,-1.000000000000000000e+00,-1.000000000000000000e+00,-1.000000000000000000e+00,-1.000000000000000000e+00,-1.000000000000000000e+00,-1.000000000000000000e+00,-1.000000000000000000e+00,-1.000000000000000000e+00,-1.000000000000000000e+00,-1.000000000000000000e+00,-1.000000000000000000e+00,-1.000000000000000000e+00,-1.000000000000000000e+00,-1.000000000000000000e+00,-1.000000000000000000e+00,-1.000000000000000000e+00,-1.000000000000000000e+00,-1.000000000000000000e+00,-1.000000000000000000e+00,-1.000000000000000000e+00,-1.000000000000000000e+00,-1.000000000000000000e+00,-1.000000000000000000e+00,-1.000000000000000000e+00,-1.000000000000000000e+00,-1.000000000000000000e+00,-1.000000000000000000e+00,-1.000000000000000000e+00,-1.000000000000000000e+00
6.488344669342041016e-01,6.287035942077636719e-01,2.068162814339302713e-07,6.489320397377014160e-01,5.871903300285339355e-01,-7.620842196047306061e-03,6.651613116264343262e-01,5.524357557296752930e-01,-1.082797814160585403e-02,6.828500032424926758e-01,5.323162078857421875e-01,-1.403727103024721146e-02,6.987518072128295898e-01,5.202421545982360840e-01,-1.712711527943611145e-02,7.069308757781982422e-01,5.550393462181091309e-01,-3.914667293429374695e-03,7.329839468002319336e-01,5.336639285087585449e-01,-1.079865172505378723e-02,7.501639127731323242e-01,5.216917395591735840e-01,-1.721503771841526031e-02,7.653675079345703125e-01,5.129518508911132812e-01,-2.208467200398445129e-02,7.181729674339294434e-01,5.740095973014831543e-01,-6.670279894024133682e-03,7.503519654273986816e-01,5.573765635490417480e-01,-1.190361566841602325e-02,7.712887525558471680e-01,5.482311248779296875e-01,-1.802900433540344238e-02,7.892470955848693848e-01,5.408055186271667480e-01,-2.285222895443439484e-02,7.223042249679565430e-01,5.958544015884399414e-01,-1.100991573184728622e-02,7.547769546508789062e-01,5.880653262138366699e-01,-1.803323440253734589e-02,7.759354710578918457e-01,5.845303535461425781e-01,-2.392520755529403687e-02,7.945187091827392578e-01,5.805484056472778320e-01,-2.825288847088813782e-02,7.200133800506591797e-01,6.192176342010498047e-01,-1.613720692694187164e-02,7.474080324172973633e-01,6.222963333129882812e-01,-2.330256998538970947e-02,7.656390070915222168e-01,6.255570650100708008e-01,-2.655726671218872070e-02,7.820996046066284180e-01,6.273720860481262207e-01,-2.866553142666816711e-02,-1.000000000000000000e+00,-1.000000000000000000e+00,-1.000000000000000000e+00,-1.000000000000000000e+00,-1.000000000000000000e+00,-1.000000000000000000e+00,-1.000000000000000000e+00,-1.000000000000000000e+00,-1.000000000000000000e+00,-1.000000000000000000e+00,-1.000000000000000000e+00,-1.000000000000000000e+00,-1.000000000000000000e+00,-1.000000000000000000e+00,-1.000000000000000000e+00,-1.000000000000000000e+00,-1.000000000000000000e+00,-1.000000000000000000e+00,-1.000000000000000000e+00,-1.000000000000000000e+00,-1.000000000000000000e+00,-1.000000000000000000e+00,-1.000000000000000000e+00,-1.000000000000000000e+00,-1.000000000000000000e+00,-1.000000000000000000e+00,-1.000000000000000000e+00,-1.000000000000000000e+00,-1.000000000000000000e+00,-1.000000000000000000e+00,-1.000000000000000000e+00,-1.000000000000000000e+00,-1.000000000000000000e+00,-1.000000000000000000e+00,-1.000000000000000000e+00,-1.000000000000000000e+00,-1.000000000000000000e+00,-1.000000000000000000e+00,-1.000000000000000000e+00,-1.000000000000000000e+00,-1.000000000000000000e+00,-1.000000000000000000e+00,-1.000000000000000000e+00,-1.000000000000000000e+00,-1.000000000000000000e+00,-1.000000000000000000e+00,-1.000000000000000000e+00,-1.000000000000000000e+00,-1.000000000000000000e+00,-1.000000000000000000e+00,-1.000000000000000000e+00,-1.000000000000000000e+00,-1.000000000000000000e+00,-1.000000000000000000e+00,-1.000000000000000000e+00,-1.000000000000000000e+00,-1.000000000000000000e+00,-1.000000000000000000e+00,-1.000000000000000000e+00,-1.000000000000000000e+00,-1.000000000000000000e+00,-1.000000000000000000e+00,-1.000000000000000000e+00
6.488344669342041016e-01,6.287035942077636719e-01,2.068162814339302713e-07,6.489320397377014160e-01,5.871903300285339355e-01,-7.620842196047306061e-03,6.651613116264343262e-01,5.524357557296752930e-01,-1.082797814160585403e-02,6.828500032424926758e-01,5.323162078857421875e-01,-1.403727103024721146e-02,6.987518072128295898e-01,5.202421545982360840e-01,-1.712711527943611145e-02,7.069308757781982422e-01,5.550393462181091309e-01,-3.914667293429374695e-03,7.329839468002319336e-01,5.336639285087585449e-01,-1.079865172505378723e-02,7.501639127731323242e-01,5.216917395591735840e-01,-1.721503771841526031e-02,7.653675079345703125e-01,5.129518508911132812e-01,-2.208467200398445129e-02,7.181729674339294434e-01,5.740095973014831543e-01,-6.670279894024133682e-03,7.503519654273986816e-01,5.573765635490417480e-01,-1.190361566841602325e-02,7.712887525558471680e-01,5.482311248779296875e-01,-1.802900433540344238e-02,7.892470955848693848e-01,5.408055186271667480e-01,-2.285222895443439484e-02,7.223042249679565430e-01,5.958544015884399414e-01,-1.100991573184728622e-02,7.547769546508789062e-01,5.880653262138366699e-01,-1.803323440253734589e-02,7.759354710578918457e-01,5.845303535461425781e-01,-2.392520755529403687e-02,7.945187091827392578e-01,5.805484056472778320e-01,-2.825288847088813782e-02,7.200133800506591797e-01,6.192176342010498047e-01,-1.613720692694187164e-02,7.474080324172973633e-01,6.222963333129882812e-01,-2.330256998538970947e-02,7.656390070915222168e-01,6.255570650100708008e-01,-2.655726671218872070e-02,7.820996046066284180e-01,6.273720860481262207e-01,-2.866553142666816711e-02,-1.000000000000000000e+00,-1.000000000000000000e+00,-1.000000000000000000e+00,-1.000000000000000000e+00,-1.000000000000000000e+00,-1.000000000000000000e+00,-1.000000000000000000e+00,-1.000000000000000000e+00,-1.000000000000000000e+00,-1.000000000000000000e+00,-1.000000000000000000e+00,-1.000000000000000000e+00,-1.000000000000000000e+00,-1.000000000000000000e+00,-1.000000000000000000e+00,-1.000000000000000000e+00,-1.000000000000000000e+00,-1.000000000000000000e+00,-1.000000000000000000e+00,-1.000000000000000000e+00,-1.000000000000000000e+00,-1.000000000000000000e+00,-1.000000000000000000e+00,-1.000000000000000000e+00,-1.000000000000000000e+00,-1.000000000000000000e+00,-1.000000000000000000e+00,-1.000000000000000000e+00,-1.000000000000000000e+00,-1.000000000000000000e+00,-1.000000000000000000e+00,-1.000000000000000000e+00,-1.000000000000000000e+00,-1.000000000000000000e+00,-1.000000000000000000e+00,-1.000000000000000000e+00,-1.000000000000000000e+00,-1.000000000000000000e+00,-1.000000000000000000e+00,-1.000000000000000000e+00,-1.000000000000000000e+00,-1.000000000000000000e+00,-1.000000000000000000e+00,-1.000000000000000000e+00,-1.000000000000000000e+00,-1.000000000000000000e+00,-1.000000000000000000e+00,-1.000000000000000000e+00,-1.000000000000000000e+00,-1.000000000000000000e+00,-1.000000000000000000e+00,-1.000000000000000000e+00,-1.000000000000000000e+00,-1.000000000000000000e+00,-1.000000000000000000e+00,-1.000000000000000000e+00,-1.000000000000000000e+00,-1.000000000000000000e+00,-1.000000000000000000e+00,-1.000000000000000000e+00,-1.000000000000000000e+00,-1.000000000000000000e+00,-1.000000000000000000e+00
6.496954560279846191e-01,6.282399892807006836e-01,1.779224589881778229e-07,6.490880250930786133e-01,5.879935622215270996e-01,-9.149519726634025574e-03,6.647640466690063477e-01,5.531383752822875977e-01,-1.291734818369150162e-02,6.823604106903076172e-01,5.330034494400024414e-01,-1.637606881558895111e-02,6.989052891731262207e-01,5.198178291320800781e-01,-1.960040070116519928e-02,7.073493003845214844e-01,5.540737509727478027e-01,-4.313159268349409103e-03,7.324144840240478516e-01,5.321986079216003418e-01,-1.142057497054338455e-02,7.485197782516479492e-01,5.194832086563110352e-01,-1.803951151669025421e-02,7.635734677314758301e-01,5.104448795318603516e-01,-2.316427417099475861e-02,7.189213633537292480e-01,5.732877254486083984e-01,-6.619715131819248199e-03,7.508678436279296875e-01,5.562695264816284180e-01,-1.205406337976455688e-02,7.713723182678222656e-01,5.456154346466064453e-01,-1.819323562085628510e-02,7.892394065856933594e-01,5.368495583534240723e-01,-2.323676832020282745e-02,7.233404517173767090e-01,5.950523018836975098e-01,-1.074578426778316498e-02,7.560959458351135254e-01,5.852842926979064941e-01,-1.802132092416286469e-02,7.772226333618164062e-01,5.806357860565185547e-01,-2.361430972814559937e-02,7.957343459129333496e-01,5.761641263961791992e-01,-2.783877030014991760e-02,7.215151190757751465e-01,6.181793212890625000e-01,-1.586939767003059387e-02,7.490572929382324219e-01,6.196388602256774902e-01,-2.316239103674888611e-02,7.674784064292907715e-01,6.222292184829711914e-01,-2.634151466190814972e-02,7.841299772262573242e-01,6.237201690673828125e-01,-2.853627875447273254e-02,-1.000000000000000000e+00,-1.000000000000000000e+00,-1.000000000000000000e+00,-1.000000000000000000e+00,-1.000000000000000000e+00,-1.000000000000000000e+00,-1.000000000000000000e+00,-1.000000000000000000e+00,-1.000000000000000000e+00,-1.000000000000000000e+00,-1.000000000000000000e+00,-1.000000000000000000e+00,-1.000000000000000000e+00,-1.000000000000000000e+00,-1.000000000000000000e+00,-1.000000000000000000e+00,-1.000000000000000000e+00,-1.000000000000000000e+00,-1.000000000000000000e+00,-1.000000000000000000e+00,-1.000000000000000000e+00,-1.000000000000000000e+00,-1.000000000000000000e+00,-1.000000000000000000e+00,-1.000000000000000000e+00,-1.000000000000000000e+00,-1.000000000000000000e+00,-1.000000000000000000e+00,-1.000000000000000000e+00,-1.000000000000000000e+00,-1.000000000000000000e+00,-1.000000000000000000e+00,-1.000000000000000000e+00,-1.000000000000000000e+00,-1.000000000000000000e+00,-1.000000000000000000e+00,-1.000000000000000000e+00,-1.000000000000000000e+00,-1.000000000000000000e+00,-1.000000000000000000e+00,-1.000000000000000000e+00,-1.000000000000000000e+00,-1.000000000000000000e+00,-1.000000000000000000e+00,-1.000000000000000000e+00,-1.000000000000000000e+00,-1.000000000000000000e+00,-1.000000000000000000e+00,-1.000000000000000000e+00,-1.000000000000000000e+00,-1.000000000000000000e+00,-1.000000000000000000e+00,-1.000000000000000000e+00,-1.000000000000000000e+00,-1.000000000000000000e+00,-1.000000000000000000e+00,-1.000000000000000000e+00,-1.000000000000000000e+00,-1.000000000000000000e+00,-1.000000000000000000e+00,-1.000000000000000000e+00,-1.000000000000000000e+00,-1.000000000000000000e+00
6.485047340393066406e-01,6.287684440612792969e-01,1.740060753263605875e-07,6.469419002532958984e-01,5.875763297080993652e-01,-9.907058440148830414e-03,6.593753695487976074e-01,5.508689284324645996e-01,-1.462644711136817932e-02,6.754351854324340820e-01,5.291635394096374512e-01,-1.883034966886043549e-02,6.929342746734619141e-01,5.179115533828735352e-01,-2.266736701130867004e-02,7.017801403999328613e-01,5.486186146736145020e-01,-5.129597615450620651e-03,7.259407043457031250e-01,5.247718691825866699e-01,-1.289750169962644577e-02,7.418933510780334473e-01,5.113952755928039551e-01,-1.983188465237617493e-02,7.566319108009338379e-01,5.016147494316101074e-01,-2.501512505114078522e-02,7.144234776496887207e-01,5.680581927299499512e-01,-7.035676389932632446e-03,7.460803985595703125e-01,5.489866733551025391e-01,-1.297911629080772400e-02,7.657225728034973145e-01,5.378684401512145996e-01,-1.907282695174217224e-02,7.828251123428344727e-01,5.288291573524475098e-01,-2.391632460057735443e-02,7.199232578277587891e-01,5.901020169258117676e-01,-1.084493380039930344e-02,7.522686123847961426e-01,5.788305997848510742e-01,-1.836908608675003052e-02,7.729560732841491699e-01,5.729843378067016602e-01,-2.403472922742366791e-02,7.906100749969482422e-01,5.677037835121154785e-01,-2.814061008393764496e-02,7.191858887672424316e-01,6.137000918388366699e-01,-1.566071622073650360e-02,7.464354634284973145e-01,6.136198043823242188e-01,-2.278135903179645538e-02,7.651463747024536133e-01,6.144765615463256836e-01,-2.596425637602806091e-02,7.820211052894592285e-01,6.140791177749633789e-01,-2.813293412327766418e-02,-1.000000000000000000e+00,-1.000000000000000000e+00,-1.000000000000000000e+00,-1.000000000000000000e+00,-1.000000000000000000e+00,-1.000000000000000000e+00,-1.000000000000000000e+00,-1.000000000000000000e+00,-1.000000000000000000e+00,-1.000000000000000000e+00,-1.000000000000000000e+00,-1.000000000000000000e+00,-1.000000000000000000e+00,-1.000000000000000000e+00,-1.000000000000000000e+00,-1.000000000000000000e+00,-1.000000000000000000e+00,-1.000000000000000000e+00,-1.000000000000000000e+00,-1.000000000000000000e+00,-1.000000000000000000e+00,-1.000000000000000000e+00,-1.000000000000000000e+00,-1.000000000000000000e+00,-1.000000000000000000e+00,-1.000000000000000000e+00,-1.000000000000000000e+00,-1.000000000000000000e+00,-1.000000000000000000e+00,-1.000000000000000000e+00,-1.000000000000000000e+00,-1.000000000000000000e+00,-1.000000000000000000e+00,-1.000000000000000000e+00,-1.000000000000000000e+00,-1.000000000000000000e+00,-1.000000000000000000e+00,-1.000000000000000000e+00,-1.000000000000000000e+00,-1.000000000000000000e+00,-1.000000000000000000e+00,-1.000000000000000000e+00,-1.000000000000000000e+00,-1.000000000000000000e+00,-1.000000000000000000e+00,-1.000000000000000000e+00,-1.000000000000000000e+00,-1.000000000000000000e+00,-1.000000000000000000e+00,-1.000000000000000000e+00,-1.000000000000000000e+00,-1.000000000000000000e+00,-1.000000000000000000e+00,-1.000000000000000000e+00,-1.000000000000000000e+00,-1.000000000000000000e+00,-1.000000000000000000e+00,-1.000000000000000000e+00,-1.000000000000000000e+00,-1.000000000000000000e+00,-1.000000000000000000e+00,-1.000000000000000000e+00,-1.000000000000000000e+00
6.482545137405395508e-01,6.294128298759460449e-01,1.774967302026198013e-07,6.461771726608276367e-01,5.886000990867614746e-01,-9.810373187065124512e-03,6.593493819236755371e-01,5.523713827133178711e-01,-1.428062003105878830e-02,6.757384538650512695e-01,5.301547646522521973e-01,-1.834017783403396606e-02,6.929071545600891113e-01,5.180432796478271484e-01,-2.208001166582107544e-02,7.020031213760375977e-01,5.500518679618835449e-01,-4.857490770518779755e-03,7.260603308677673340e-01,5.265867710113525391e-01,-1.242684572935104370e-02,7.412595152854919434e-01,5.119882822036743164e-01,-1.932008378207683563e-02,7.556825280189514160e-01,5.013648271560668945e-01,-2.459662593901157379e-02,7.146065831184387207e-01,5.687874555587768555e-01,-6.942868232727050781e-03,7.454327344894409180e-01,5.491058826446533203e-01,-1.263560075312852859e-02,7.652516365051269531e-01,5.366107821464538574e-01,-1.869306899607181549e-02,7.824112176895141602e-01,5.262666344642639160e-01,-2.361129969358444214e-02,7.200825214385986328e-01,5.909637212753295898e-01,-1.092438120394945145e-02,7.522460222244262695e-01,5.791591405868530273e-01,-1.841354556381702423e-02,7.724831104278564453e-01,5.730583667755126953e-01,-2.353055961430072784e-02,7.898554801940917969e-01,5.670124888420104980e-01,-2.728127688169479370e-02,7.192642688751220703e-01,6.149547100067138672e-01,-1.595468446612358093e-02,7.468262910842895508e-01,6.136021614074707031e-01,-2.331315912306308746e-02,7.649320363998413086e-01,6.143274307250976562e-01,-2.606770396232604980e-02,7.810456752777099609e-01,6.141318082809448242e-01,-2.782786078751087189e-02,-1.000000000000000000e+00,-1.000000000000000000e+00,-1.000000000000000000e+00,-1.000000000000000000e+00,-1.000000000000000000e+00,-1.000000000000000000e+00,-1.000000000000000000e+00,-1.000000000000000000e+00,-1.000000000000000000e+00,-1.000000000000000000e+00,-1.000000000000000000e+00,-1.000000000000000000e+00,-1.000000000000000000e+00,-1.000000000000000000e+00,-1.000000000000000000e+00,-1.000000000000000000e+00,-1.000000000000000000e+00,-1.000000000000000000e+00,-1.000000000000000000e+00,-1.000000000000000000e+00,-1.000000000000000000e+00,-1.000000000000000000e+00,-1.000000000000000000e+00,-1.000000000000000000e+00,-1.000000000000000000e+00,-1.000000000000000000e+00,-1.000000000000000000e+00,-1.000000000000000000e+00,-1.000000000000000000e+00,-1.000000000000000000e+00,-1.000000000000000000e+00,-1.000000000000000000e+00,-1.000000000000000000e+00,-1.000000000000000000e+00,-1.000000000000000000e+00,-1.000000000000000000e+00,-1.000000000000000000e+00,-1.000000000000000000e+00,-1.000000000000000000e+00,-1.000000000000000000e+00,-1.000000000000000000e+00,-1.000000000000000000e+00,-1.000000000000000000e+00,-1.000000000000000000e+00,-1.000000000000000000e+00,-1.000000000000000000e+00,-1.000000000000000000e+00,-1.000000000000000000e+00,-1.000000000000000000e+00,-1.000000000000000000e+00,-1.000000000000000000e+00,-1.000000000000000000e+00,-1.000000000000000000e+00,-1.000000000000000000e+00,-1.000000000000000000e+00,-1.000000000000000000e+00,-1.000000000000000000e+00,-1.000000000000000000e+00,-1.000000000000000000e+00,-1.000000000000000000e+00,-1.000000000000000000e+00,-1.000000000000000000e+00,-1.000000000000000000e+00
6.482545137405395508e-01,6.294128298759460449e-01,1.774967302026198013e-07,6.461771726608276367e-01,5.886000990867614746e-01,-9.810373187065124512e-03,6.593493819236755371e-01,5.523713827133178711e-01,-1.428062003105878830e-02,6.757384538650512695e-01,5.301547646522521973e-01,-1.834017783403396606e-02,6.929071545600891113e-01,5.180432796478271484e-01,-2.208001166582107544e-02,7.020031213760375977e-01,5.500518679618835449e-01,-4.857490770518779755e-03,7.260603308677673340e-01,5.265867710113525391e-01,-1.242684572935104370e-02,7.412595152854919434e-01,5.119882822036743164e-01,-1.932008378207683563e-02,7.556825280189514160e-01,5.013648271560668945e-01,-2.459662593901157379e-02,7.146065831184387207e-01,5.687874555587768555e-01,-6.942868232727050781e-03,7.454327344894409180e-01,5.491058826446533203e-01,-1.263560075312852859e-02,7.652516365051269531e-01,5.366107821464538574e-01,-1.869306899607181549e-02,7.824112176895141602e-01,5.262666344642639160e-01,-2.361129969358444214e-02,7.200825214385986328e-01,5.909637212753295898e-01,-1.092438120394945145e-02,7.522460222244262695e-01,5.791591405868530273e-01,-1.841354556381702423e-02,7.724831104278564453e-01,5.730583667755126953e-01,-2.353055961430072784e-02,7.898554801940917969e-01,5.670124888420104980e-01,-2.728127688169479370e-02,7.192642688751220703e-01,6.149547100067138672e-01,-1.595468446612358093e-02,7.468262910842895508e-01,6.136021614074707031e-01,-2.331315912306308746e-02,7.649320363998413086e-01,6.143274307250976562e-01,-2.606770396232604980e-02,7.810456752777099609e-01,6.141318082809448242e-01,-2.782786078751087189e-02,-1.000000000000000000e+00,-1.000000000000000000e+00,-1.000000000000000000e+00,-1.000000000000000000e+00,-1.000000000000000000e+00,-1.000000000000000000e+00,-1.000000000000000000e+00,-1.000000000000000000e+00,-1.000000000000000000e+00,-1.000000000000000000e+00,-1.000000000000000000e+00,-1.000000000000000000e+00,-1.000000000000000000e+00,-1.000000000000000000e+00,-1.000000000000000000e+00,-1.000000000000000000e+00,-1.000000000000000000e+00,-1.000000000000000000e+00,-1.000000000000000000e+00,-1.000000000000000000e+00,-1.000000000000000000e+00,-1.000000000000000000e+00,-1.000000000000000000e+00,-1.000000000000000000e+00,-1.000000000000000000e+00,-1.000000000000000000e+00,-1.000000000000000000e+00,-1.000000000000000000e+00,-1.000000000000000000e+00,-1.000000000000000000e+00,-1.000000000000000000e+00,-1.000000000000000000e+00,-1.000000000000000000e+00,-1.000000000000000000e+00,-1.000000000000000000e+00,-1.000000000000000000e+00,-1.000000000000000000e+00,-1.000000000000000000e+00,-1.000000000000000000e+00,-1.000000000000000000e+00,-1.000000000000000000e+00,-1.000000000000000000e+00,-1.000000000000000000e+00,-1.000000000000000000e+00,-1.000000000000000000e+00,-1.000000000000000000e+00,-1.000000000000000000e+00,-1.000000000000000000e+00,-1.000000000000000000e+00,-1.000000000000000000e+00,-1.000000000000000000e+00,-1.000000000000000000e+00,-1.000000000000000000e+00,-1.000000000000000000e+00,-1.000000000000000000e+00,-1.000000000000000000e+00,-1.000000000000000000e+00,-1.000000000000000000e+00,-1.000000000000000000e+00,-1.000000000000000000e+00,-1.000000000000000000e+00,-1.000000000000000000e+00,-1.000000000000000000e+00
6.483769416809082031e-01,6.293750405311584473e-01,1.776467541958481888e-07,6.462012529373168945e-01,5.887143015861511230e-01,-9.844305925071239471e-03,6.593951582908630371e-01,5.523340702056884766e-01,-1.433656644076108932e-02,6.757597923278808594e-01,5.300581455230712891e-01,-1.838782243430614471e-02,6.930099725723266602e-01,5.181112885475158691e-01,-2.209578454494476318e-02,7.020493745803833008e-01,5.499289631843566895e-01,-5.058043170720338821e-03,7.261675596237182617e-01,5.262884497642517090e-01,-1.269651204347610474e-02,7.415433526039123535e-01,5.118348002433776855e-01,-1.962359808385372162e-02,7.560216188430786133e-01,5.014590620994567871e-01,-2.487988211214542389e-02,7.145472168922424316e-01,5.686294436454772949e-01,-7.076932583004236221e-03,7.454269528388977051e-01,5.487985014915466309e-01,-1.275035738945007324e-02,7.652541399002075195e-01,5.364012718200683594e-01,-1.870212517678737640e-02,7.823150753974914551e-01,5.262793302536010742e-01,-2.352542057633399963e-02,7.200198769569396973e-01,5.908486247062683105e-01,-1.098510250449180603e-02,7.522872090339660645e-01,5.787187814712524414e-01,-1.844562031328678131e-02,7.726166844367980957e-01,5.727878808975219727e-01,-2.343066409230232239e-02,7.900551557540893555e-01,5.670251846313476562e-01,-2.706879936158657074e-02,7.192792296409606934e-01,6.149814724922180176e-01,-1.594617031514644623e-02,7.470924258232116699e-01,6.135017275810241699e-01,-2.334204502403736115e-02,7.652894258499145508e-01,6.144483685493469238e-01,-2.603779546916484833e-02,7.814863920211791992e-01,6.145199537277221680e-01,-2.771224826574325562e-02,-1.000000000000000000e+00,-1.000000000000000000e+00,-1.000000000000000000e+00,-1.000000000000000000e+00,-1.000000000000000000e+00,-1.000000000000000000e+00,-1.000000000000000000e+00,-1.000000000000000000e+00,-1.000000000000000000e+00,-1.000000000000000000e+00,-1.000000000000000000e+00,-1.000000000000000000e+00,-1.000000000000000000e+00,-1.000000000000000000e+00,-1.000000000000000000e+00,-1.000000000000000000e+00,-1.000000000000000000e+00,-1.000000000000000000e+00,-1.000000000000000000e+00,-1.000000000000000000e+00,-1.000000000000000000e+00,-1.000000000000000000e+00,-1.000000000000000000e+00,-1.000000000000000000e+00,-1.000000000000000000e+00,-1.000000000000000000e+00,-1.000000000000000000e+00,-1.000000000000000000e+00,-1.000000000000000000e+00,-1.000000000000000000e+00,-1.000000000000000000e+00,-1.000000000000000000e+00,-1.000000000000000000e+00,-1.000000000000000000e+00,-1.000000000000000000e+00,-1.000000000000000000e+00,-1.000000000000000000e+00,-1.000000000000000000e+00,-1.000000000000000000e+00,-1.000000000000000000e+00,-1.000000000000000000e+00,-1.000000000000000000e+00,-1.000000000000000000e+00,-1.000000000000000000e+00,-1.000000000000000000e+00,-1.000000000000000000e+00,-1.000000000000000000e+00,-1.000000000000000000e+00,-1.000000000000000000e+00,-1.000000000000000000e+00,-1.000000000000000000e+00,-1.000000000000000000e+00,-1.000000000000000000e+00,-1.000000000000000000e+00,-1.000000000000000000e+00,-1.000000000000000000e+00,-1.000000000000000000e+00,-1.000000000000000000e+00,-1.000000000000000000e+00,-1.000000000000000000e+00,-1.000000000000000000e+00,-1.000000000000000000e+00,-1.000000000000000000e+00
6.363147497177124023e-01,6.352201700210571289e-01,1.189435820947437605e-07,6.299969553947448730e-01,5.938637256622314453e-01,-9.182773530483245850e-03,6.339561939239501953e-01,5.549451112747192383e-01,-1.431370992213487625e-02,6.447380781173706055e-01,5.291796922683715820e-01,-1.943655125796794891e-02,6.577621698379516602e-01,5.117256045341491699e-01,-2.439313195645809174e-02,6.741666793823242188e-01,5.391260385513305664e-01,-4.687303211539983749e-03,6.931698918342590332e-01,5.095236301422119141e-01,-1.275803893804550171e-02,7.054803967475891113e-01,4.911742806434631348e-01,-2.020502649247646332e-02,7.170965671539306641e-01,4.760816097259521484e-01,-2.595126628875732422e-02,6.888126730918884277e-01,5.544053316116333008e-01,-7.605115417391061783e-03,7.157428860664367676e-01,5.266691446304321289e-01,-1.466916967183351517e-02,7.324615716934204102e-01,5.096695423126220703e-01,-2.159535512328147888e-02,7.474696636199951172e-01,4.949925243854522705e-01,-2.707330696284770966e-02,6.969495415687561035e-01,5.745056271553039551e-01,-1.243927795439958572e-02,7.261288166046142578e-01,5.551162958145141602e-01,-2.087130397558212280e-02,7.442193627357482910e-01,5.435436964035034180e-01,-2.687077969312667847e-02,7.598341703414916992e-01,5.323659777641296387e-01,-3.114570118486881256e-02,6.999185085296630859e-01,5.980528593063354492e-01,-1.825796626508235931e-02,7.262876629829406738e-01,5.892902612686157227e-01,-2.583249472081661224e-02,7.432888150215148926e-01,5.848824381828308105e-01,-2.903928980231285095e-02,7.586732506752014160e-01,5.795580148696899414e-01,-3.129704669117927551e-02,-1.000000000000000000e+00,-1.000000000000000000e+00,-1.000000000000000000e+00,-1.000000000000000000e+00,-1.000000000000000000e+00,-1.000000000000000000e+00,-1.000000000000000000e+00,-1.000000000000000000e+00,-1.000000000000000000e+00,-1.000000000000000000e+00,-1.000000000000000000e+00,-1.000000000000000000e+00,-1.000000000000000000e+00,-1.000000000000000000e+00,-1.000000000000000000e+00,-1.000000000000000000e+00,-1.000000000000000000e+00,-1.000000000000000000e+00,-1.000000000000000000e+00,-1.000000000000000000e+00,-1.000000000000000000e+00,-1.000000000000000000e+00,-1.000000000000000000e+00,-1.000000000000000000e+00,-1.000000000000000000e+00,-1.000000000000000000e+00,-1.000000000000000000e+00,-1.000000000000000000e+00,-1.000000000000000000e+00,-1.000000000000000000e+00,-1.000000000000000000e+00,-1.000000000000000000e+00,-1.000000000000000000e+00,-1.000000000000000000e+00,-1.000000000000000000e+00,-1.000000000000000000e+00,-1.000000000000000000e+00,-1.000000000000000000e+00,-1.000000000000000000e+00,-1.000000000000000000e+00,-1.000000000000000000e+00,-1.000000000000000000e+00,-1.000000000000000000e+00,-1.000000000000000000e+00,-1.000000000000000000e+00,-1.000000000000000000e+00,-1.000000000000000000e+00,-1.000000000000000000e+00,-1.000000000000000000e+00,-1.000000000000000000e+00,-1.000000000000000000e+00,-1.000000000000000000e+00,-1.000000000000000000e+00,-1.000000000000000000e+00,-1.000000000000000000e+00,-1.000000000000000000e+00,-1.000000000000000000e+00,-1.000000000000000000e+00,-1.000000000000000000e+00,-1.000000000000000000e+00,-1.000000000000000000e+00,-1.000000000000000000e+00,-1.000000000000000000e+00
6.311171650886535645e-01,6.357712745666503906e-01,1.762318930786932469e-07,6.216527223587036133e-01,5.942838191986083984e-01,-9.309326298534870148e-03,6.241044998168945312e-01,5.534980893135070801e-01,-1.427472289651632309e-02,6.336654424667358398e-01,5.264558792114257812e-01,-1.896081306040287018e-02,6.477637887001037598e-01,5.107097029685974121e-01,-2.337133884429931641e-02,6.618242263793945312e-01,5.385847091674804688e-01,-5.077910143882036209e-03,6.801614165306091309e-01,5.067169666290283203e-01,-1.353582181036472321e-02,6.919264197349548340e-01,4.872522950172424316e-01,-2.106500603258609772e-02,7.029929161071777344e-01,4.707475602626800537e-01,-2.666999399662017822e-02,6.772217750549316406e-01,5.522642731666564941e-01,-7.495438214391469955e-03,7.027608752250671387e-01,5.218487381935119629e-01,-1.440017297863960266e-02,7.189313769340515137e-01,5.034897327423095703e-01,-2.118967100977897644e-02,7.332761287689208984e-01,4.875516295433044434e-01,-2.641678042709827423e-02,6.867662072181701660e-01,5.709487795829772949e-01,-1.174694485962390900e-02,7.144260406494140625e-01,5.483143329620361328e-01,-2.001019939780235291e-02,7.329272031784057617e-01,5.353004932403564453e-01,-2.576421573758125305e-02,7.485187649726867676e-01,5.233936905860900879e-01,-2.976897172629833221e-02,6.911103129386901855e-01,5.934913158416748047e-01,-1.692742854356765747e-02,7.162472009658813477e-01,5.823403000831604004e-01,-2.437971159815788269e-02,7.333323955535888672e-01,5.763628482818603516e-01,-2.717497944831848145e-02,7.484092712402343750e-01,5.700690746307373047e-01,-2.898330800235271454e-02,-1.000000000000000000e+00,-1.000000000000000000e+00,-1.000000000000000000e+00,-1.000000000000000000e+00,-1.000000000000000000e+00,-1.000000000000000000e+00,-1.000000000000000000e+00,-1.000000000000000000e+00,-1.000000000000000000e+00,-1.000000000000000000e+00,-1.000000000000000000e+00,-1.000000000000000000e+00,-1.000000000000000000e+00,-1.000000000000000000e+00,-1.000000000000000000e+00,-1.000000000000000000e+00,-1.000000000000000000e+00,-1.000000000000000000e+00,-1.000000000000000000e+00,-1.000000000000000000e+00,-1.000000000000000000e+00,-1.000000000000000000e+00,-1.000000000000000000e+00,-1.000000000000000000e+00,-1.000000000000000000e+00,-1.000000000000000000e+00,-1.000000000000000000e+00,-1.000000000000000000e+00,-1.000000000000000000e+00,-1.000000000000000000e+00,-1.000000000000000000e+00,-1.000000000000000000e+00,-1.000000000000000000e+00,-1.000000000000000000e+00,-1.000000000000000000e+00,-1.000000000000000000e+00,-1.000000000000000000e+00,-1.000000000000000000e+00,-1.000000000000000000e+00,-1.000000000000000000e+00,-1.000000000000000000e+00,-1.000000000000000000e+00,-1.000000000000000000e+00,-1.000000000000000000e+00,-1.000000000000000000e+00,-1.000000000000000000e+00,-1.000000000000000000e+00,-1.000000000000000000e+00,-1.000000000000000000e+00,-1.000000000000000000e+00,-1.000000000000000000e+00,-1.000000000000000000e+00,-1.000000000000000000e+00,-1.000000000000000000e+00,-1.000000000000000000e+00,-1.000000000000000000e+00,-1.000000000000000000e+00,-1.000000000000000000e+00,-1.000000000000000000e+00,-1.000000000000000000e+00,-1.000000000000000000e+00,-1.000000000000000000e+00,-1.000000000000000000e+00
6.311171650886535645e-01,6.357712745666503906e-01,1.762318930786932469e-07,6.216527223587036133e-01,5.942838191986083984e-01,-9.309326298534870148e-03,6.241044998168945312e-01,5.534980893135070801e-01,-1.427472289651632309e-02,6.336654424667358398e-01,5.264558792114257812e-01,-1.896081306040287018e-02,6.477637887001037598e-01,5.107097029685974121e-01,-2.337133884429931641e-02,6.618242263793945312e-01,5.385847091674804688e-01,-5.077910143882036209e-03,6.801614165306091309e-01,5.067169666290283203e-01,-1.353582181036472321e-02,6.919264197349548340e-01,4.872522950172424316e-01,-2.106500603258609772e-02,7.029929161071777344e-01,4.707475602626800537e-01,-2.666999399662017822e-02,6.772217750549316406e-01,5.522642731666564941e-01,-7.495438214391469955e-03,7.027608752250671387e-01,5.218487381935119629e-01,-1.440017297863960266e-02,7.189313769340515137e-01,5.034897327423095703e-01,-2.118967100977897644e-02,7.332761287689208984e-01,4.875516295433044434e-01,-2.641678042709827423e-02,6.867662072181701660e-01,5.709487795829772949e-01,-1.174694485962390900e-02,7.144260406494140625e-01,5.483143329620361328e-01,-2.001019939780235291e-02,7.329272031784057617e-01,5.353004932403564453e-01,-2.576421573758125305e-02,7.485187649726867676e-01,5.233936905860900879e-01,-2.976897172629833221e-02,6.911103129386901855e-01,5.934913158416748047e-01,-1.692742854356765747e-02,7.162472009658813477e-01,5.823403000831604004e-01,-2.437971159815788269e-02,7.333323955535888672e-01,5.763628482818603516e-01,-2.717497944831848145e-02,7.484092712402343750e-01,5.700690746307373047e-01,-2.898330800235271454e-02,-1.000000000000000000e+00,-1.000000000000000000e+00,-1.000000000000000000e+00,-1.000000000000000000e+00,-1.000000000000000000e+00,-1.000000000000000000e+00,-1.000000000000000000e+00,-1.000000000000000000e+00,-1.000000000000000000e+00,-1.000000000000000000e+00,-1.000000000000000000e+00,-1.000000000000000000e+00,-1.000000000000000000e+00,-1.000000000000000000e+00,-1.000000000000000000e+00,-1.000000000000000000e+00,-1.000000000000000000e+00,-1.000000000000000000e+00,-1.000000000000000000e+00,-1.000000000000000000e+00,-1.000000000000000000e+00,-1.000000000000000000e+00,-1.000000000000000000e+00,-1.000000000000000000e+00,-1.000000000000000000e+00,-1.000000000000000000e+00,-1.000000000000000000e+00,-1.000000000000000000e+00,-1.000000000000000000e+00,-1.000000000000000000e+00,-1.000000000000000000e+00,-1.000000000000000000e+00,-1.000000000000000000e+00,-1.000000000000000000e+00,-1.000000000000000000e+00,-1.000000000000000000e+00,-1.000000000000000000e+00,-1.000000000000000000e+00,-1.000000000000000000e+00,-1.000000000000000000e+00,-1.000000000000000000e+00,-1.000000000000000000e+00,-1.000000000000000000e+00,-1.000000000000000000e+00,-1.000000000000000000e+00,-1.000000000000000000e+00,-1.000000000000000000e+00,-1.000000000000000000e+00,-1.000000000000000000e+00,-1.000000000000000000e+00,-1.000000000000000000e+00,-1.000000000000000000e+00,-1.000000000000000000e+00,-1.000000000000000000e+00,-1.000000000000000000e+00,-1.000000000000000000e+00,-1.000000000000000000e+00,-1.000000000000000000e+00,-1.000000000000000000e+00,-1.000000000000000000e+00,-1.000000000000000000e+00,-1.000000000000000000e+00,-1.000000000000000000e+00
6.316372752189636230e-01,6.343436837196350098e-01,1.967978846550977323e-07,6.210670471191406250e-01,5.941236615180969238e-01,-1.027922332286834717e-02,6.233350634574890137e-01,5.546641349792480469e-01,-1.580191217362880707e-02,6.327803134918212891e-01,5.276201367378234863e-01,-2.081060595810413361e-02,6.470246315002441406e-01,5.111917257308959961e-01,-2.551400102674961090e-02,6.627048254013061523e-01,5.381774306297302246e-01,-6.872879341244697571e-03,6.805918216705322266e-01,5.069071650505065918e-01,-1.523968670517206192e-02,6.916602253913879395e-01,4.875134527683258057e-01,-2.246928215026855469e-02,7.025970816612243652e-01,4.711709618568420410e-01,-2.792689763009548187e-02,6.780497431755065918e-01,5.520056486129760742e-01,-9.019504301249980927e-03,7.027505040168762207e-01,5.222677588462829590e-01,-1.572000049054622650e-02,7.184290289878845215e-01,5.035303235054016113e-01,-2.220687642693519592e-02,7.324015498161315918e-01,4.868177771568298340e-01,-2.732972986996173859e-02,6.874871253967285156e-01,5.710805654525756836e-01,-1.299371477216482162e-02,7.147975564002990723e-01,5.477927327156066895e-01,-2.146968990564346313e-02,7.323213815689086914e-01,5.342690944671630859e-01,-2.684128284454345703e-02,7.471007704734802246e-01,5.218018293380737305e-01,-3.057360090315341949e-02,6.916972994804382324e-01,5.940649509429931641e-01,-1.794101111590862274e-02,7.167844176292419434e-01,5.817880630493164062e-01,-2.613990008831024170e-02,7.336287498474121094e-01,5.760897994041442871e-01,-2.899450249969959259e-02,7.482694387435913086e-01,5.704013705253601074e-01,-3.065192513167858124e-02,-1.000000000000000000e+00,-1.000000000000000000e+00,-1.000000000000000000e+00,-1.000000000000000000e+00,-1.000000000000000000e+00,-1.000000000000000000e+00,-1.000000000000000000e+00,-1.000000000000000000e+00,-1.000000000000000000e+00,-1.000000000000000000e+00,-1.000000000000000000e+00,-1.000000000000000000e+00,-1.000000000000000000e+00,-1.000000000000000000e+00,-1.000000000000000000e+00,-1.000000000000000000e+00,-1.000000000000000000e+00,-1.000000000000000000e+00,-1.000000000000000000e+00,-1.000000000000000000e+00,-1.000000000000000000e+00,-1.000000000000000000e+00,-1.000000000000000000e+00,-1.000000000000000000e+00,-1.000000000000000000e+00,-1.000000000000000000e+00,-1.000000000000000000e+00,-1.000000000000000000e+00,-1.000000000000000000e+00,-1.000000000000000000e+00,-1.000000000000000000e+00,-1.000000000000000000e+00,-1.000000000000000000e+00,-1.000000000000000000e+00,-1.000000000000000000e+00,-1.000000000000000000e+00,-1.000000000000000000e+00,-1.000000000000000000e+00,-1.000000000000000000e+00,-1.000000000000000000e+00,-1.000000000000000000e+00,-1.000000000000000000e+00,-1.000000000000000000e+00,-1.000000000000000000e+00,-1.000000000000000000e+00,-1.000000000000000000e+00,-1.000000000000000000e+00,-1.000000000000000000e+00,-1.000000000000000000e+00,-1.000000000000000000e+00,-1.000000000000000000e+00,-1.000000000000000000e+00,-1.000000000000000000e+00,-1.000000000000000000e+00,-1.000000000000000000e+00,-1.000000000000000000e+00,-1.000000000000000000e+00,-1.000000000000000000e+00,-1.000000000000000000e+00,-1.000000000000000000e+00,-1.000000000000000000e+00,-1.000000000000000000e+00,-1.000000000000000000e+00
6.112443804740905762e-01,6.410193443298339844e-01,1.016304977952131594e-07,5.987824201583862305e-01,6.034541130065917969e-01,-6.320610642433166504e-03,5.958604812622070312e-01,5.652082562446594238e-01,-9.639858268201351166e-03,5.995460748672485352e-01,5.382807850837707520e-01,-1.334860920906066895e-02,6.044050455093383789e-01,5.166897177696228027e-01,-1.723009720444679260e-02,6.267016530036926270e-01,5.385720729827880859e-01,-3.469454357400536537e-03,6.371516585350036621e-01,5.019887685775756836e-01,-1.055880915373563766e-02,6.439880728721618652e-01,4.788915514945983887e-01,-1.684752851724624634e-02,6.502668857574462891e-01,4.595457315444946289e-01,-2.159157581627368927e-02,6.428859829902648926e-01,5.473768711090087891e-01,-7.175861392170190811e-03,6.618353128433227539e-01,5.095869302749633789e-01,-1.330966968089342117e-02,6.732588410377502441e-01,4.868236780166625977e-01,-1.926757022738456726e-02,6.829200983047485352e-01,4.682731926441192627e-01,-2.387604489922523499e-02,6.545305848121643066e-01,5.631427764892578125e-01,-1.242977846413850784e-02,6.763628125190734863e-01,5.334261655807495117e-01,-1.936265081167221069e-02,6.900251507759094238e-01,5.153641104698181152e-01,-2.493442222476005554e-02,7.012547254562377930e-01,4.994911551475524902e-01,-2.903793193399906158e-02,6.621713638305664062e-01,5.841794610023498535e-01,-1.845321059226989746e-02,6.835184693336486816e-01,5.659942626953125000e-01,-2.445710822939872742e-02,6.975315213203430176e-01,5.548269152641296387e-01,-2.716448716819286346e-02,7.095975875854492188e-01,5.438019633293151855e-01,-2.922718785703182220e-02,-1.000000000000000000e+00,-1.000000000000000000e+00,-1.000000000000000000e+00,-1.000000000000000000e+00,-1.000000000000000000e+00,-1.000000000000000000e+00,-1.000000000000000000e+00,-1.000000000000000000e+00,-1.000000000000000000e+00,-1.000000000000000000e+00,-1.000000000000000000e+00,-1.000000000000000000e+00,-1.000000000000000000e+00,-1.000000000000000000e+00,-1.000000000000000000e+00,-1.000000000000000000e+00,-1.000000000000000000e+00,-1.000000000000000000e+00,-1.000000000000000000e+00,-1.000000000000000000e+00,-1.000000000000000000e+00,-1.000000000000000000e+00,-1.000000000000000000e+00,-1.000000000000000000e+00,-1.000000000000000000e+00,-1.000000000000000000e+00,-1.000000000000000000e+00,-1.000000000000000000e+00,-1.000000000000000000e+00,-1.000000000000000000e+00,-1.000000000000000000e+00,-1.000000000000000000e+00,-1.000000000000000000e+00,-1.000000000000000000e+00,-1.000000000000000000e+00,-1.000000000000000000e+00,-1.000000000000000000e+00,-1.000000000000000000e+00,-1.000000000000000000e+00,-1.000000000000000000e+00,-1.000000000000000000e+00,-1.000000000000000000e+00,-1.000000000000000000e+00,-1.000000000000000000e+00,-1.000000000000000000e+00,-1.000000000000000000e+00,-1.000000000000000000e+00,-1.000000000000000000e+00,-1.000000000000000000e+00,-1.000000000000000000e+00,-1.000000000000000000e+00,-1.000000000000000000e+00,-1.000000000000000000e+00,-1.000000000000000000e+00,-1.000000000000000000e+00,-1.000000000000000000e+00,-1.000000000000000000e+00,-1.000000000000000000e+00,-1.000000000000000000e+00,-1.000000000000000000e+00,-1.000000000000000000e+00,-1.000000000000000000e+00,-1.000000000000000000e+00
6.109358668327331543e-01,6.379140615463256836e-01,1.608251238849334186e-07,5.974514484405517578e-01,6.010940670967102051e-01,-6.068809889256954193e-03,5.945484638214111328e-01,5.624902248382568359e-01,-9.390371851623058319e-03,5.970656275749206543e-01,5.358571410179138184e-01,-1.302305608987808228e-02,6.044666767120361328e-01,5.164445638656616211e-01,-1.670589298009872437e-02,6.261820197105407715e-01,5.380316972732543945e-01,-4.032387398183345795e-03,6.369022727012634277e-01,5.023332834243774414e-01,-1.145296730101108551e-02,6.430422663688659668e-01,4.802491068840026855e-01,-1.780441962182521820e-02,6.494920253753662109e-01,4.614313840866088867e-01,-2.256653644144535065e-02,6.419511437416076660e-01,5.466566085815429688e-01,-7.891295477747917175e-03,6.602272987365722656e-01,5.104232430458068848e-01,-1.370379980653524399e-02,6.715289950370788574e-01,4.872503280639648438e-01,-1.949021406471729279e-02,6.814758777618408203e-01,4.669607281684875488e-01,-2.409642003476619720e-02,6.536228060722351074e-01,5.618879199028015137e-01,-1.319324970245361328e-02,6.751660108566284180e-01,5.318583250045776367e-01,-2.026047930121421814e-02,6.888685226440429688e-01,5.138743519783020020e-01,-2.506565861403942108e-02,7.003409862518310547e-01,4.975064098834991455e-01,-2.862174063920974731e-02,6.611713171005249023e-01,5.823281407356262207e-01,-1.918221823871135712e-02,6.824979186058044434e-01,5.649000406265258789e-01,-2.571445144712924957e-02,6.971146464347839355e-01,5.538395047187805176e-01,-2.791611291468143463e-02,7.099393606185913086e-01,5.431598424911499023e-01,-2.938288636505603790e-02,-1.000000000000000000e+00,-1.000000000000000000e+00,-1.000000000000000000e+00,-1.000000000000000000e+00,-1.000000000000000000e+00,-1.000000000000000000e+00,-1.000000000000000000e+00,-1.000000000000000000e+00,-1.000000000000000000e+00,-1.000000000000000000e+00,-1.000000000000000000e+00,-1.000000000000000000e+00,-1.000000000000000000e+00,-1.000000000000000000e+00,-1.000000000000000000e+00,-1.000000000000000000e+00,-1.000000000000000000e+00,-1.000000000000000000e+00,-1.000000000000000000e+00,-1.000000000000000000e+00,-1.000000000000000000e+00,-1.000000000000000000e+00,-1.000000000000000000e+00,-1.000000000000000000e+00,-1.000000000000000000e+00,-1.000000000000000000e+00,-1.000000000000000000e+00,-1.000000000000000000e+00,-1.000000000000000000e+00,-1.000000000000000000e+00,-1.000000000000000000e+00,-1.000000000000000000e+00,-1.000000000000000000e+00,-1.000000000000000000e+00,-1.000000000000000000e+00,-1.000000000000000000e+00,-1.000000000000000000e+00,-1.000000000000000000e+00,-1.000000000000000000e+00,-1.000000000000000000e+00,-1.000000000000000000e+00,-1.000000000000000000e+00,-1.000000000000000000e+00,-1.000000000000000000e+00,-1.000000000000000000e+00,-1.000000000000000000e+00,-1.000000000000000000e+00,-1.000000000000000000e+00,-1.000000000000000000e+00,-1.000000000000000000e+00,-1.000000000000000000e+00,-1.000000000000000000e+00,-1.000000000000000000e+00,-1.000000000000000000e+00,-1.000000000000000000e+00,-1.000000000000000000e+00,-1.000000000000000000e+00,-1.000000000000000000e+00,-1.000000000000000000e+00,-1.000000000000000000e+00,-1.000000000000000000e+00,-1.000000000000000000e+00,-1.000000000000000000e+00
6.109358668327331543e-01,6.379140615463256836e-01,1.608251238849334186e-07,5.974514484405517578e-01,6.010940670967102051e-01,-6.068809889256954193e-03,5.945484638214111328e-01,5.624902248382568359e-01,-9.390371851623058319e-03,5.970656275749206543e-01,5.358571410179138184e-01,-1.302305608987808228e-02,6.044666767120361328e-01,5.164445638656616211e-01,-1.670589298009872437e-02,6.261820197105407715e-01,5.380316972732543945e-01,-4.032387398183345795e-03,6.369022727012634277e-01,5.023332834243774414e-01,-1.145296730101108551e-02,6.430422663688659668e-01,4.802491068840026855e-01,-1.780441962182521820e-02,6.494920253753662109e-01,4.614313840866088867e-01,-2.256653644144535065e-02,6.419511437416076660e-01,5.466566085815429688e-01,-7.891295477747917175e-03,6.602272987365722656e-01,5.104232430458068848e-01,-1.370379980653524399e-02,6.715289950370788574e-01,4.872503280639648438e-01,-1.949021406471729279e-02,6.814758777618408203e-01,4.669607281684875488e-01,-2.409642003476619720e-02,6.536228060722351074e-01,5.618879199028015137e-01,-1.319324970245361328e-02,6.751660108566284180e-01,5.318583250045776367e-01,-2.026047930121421814e-02,6.888685226440429688e-01,5.138743519783020020e-01,-2.506565861403942108e-02,7.003409862518310547e-01,4.975064098834991455e-01,-2.862174063920974731e-02,6.611713171005249023e-01,5.823281407356262207e-01,-1.918221823871135712e-02,6.824979186058044434e-01,5.649000406265258789e-01,-2.571445144712924957e-02,6.971146464347839355e-01,5.538395047187805176e-01,-2.791611291468143463e-02,7.099393606185913086e-01,5.431598424911499023e-01,-2.938288636505603790e-02,-1.000000000000000000e+00,-1.000000000000000000e+00,-1.000000000000000000e+00,-1.000000000000000000e+00,-1.000000000000000000e+00,-1.000000000000000000e+00,-1.000000000000000000e+00,-1.000000000000000000e+00,-1.000000000000000000e+00,-1.000000000000000000e+00,-1.000000000000000000e+00,-1.000000000000000000e+00,-1.000000000000000000e+00,-1.000000000000000000e+00,-1.000000000000000000e+00,-1.000000000000000000e+00,-1.000000000000000000e+00,-1.000000000000000000e+00,-1.000000000000000000e+00,-1.000000000000000000e+00,-1.000000000000000000e+00,-1.000000000000000000e+00,-1.000000000000000000e+00,-1.000000000000000000e+00,-1.000000000000000000e+00,-1.000000000000000000e+00,-1.000000000000000000e+00,-1.000000000000000000e+00,-1.000000000000000000e+00,-1.000000000000000000e+00,-1.000000000000000000e+00,-1.000000000000000000e+00,-1.000000000000000000e+00,-1.000000000000000000e+00,-1.000000000000000000e+00,-1.000000000000000000e+00,-1.000000000000000000e+00,-1.000000000000000000e+00,-1.000000000000000000e+00,-1.000000000000000000e+00,-1.000000000000000000e+00,-1.000000000000000000e+00,-1.000000000000000000e+00,-1.000000000000000000e+00,-1.000000000000000000e+00,-1.000000000000000000e+00,-1.000000000000000000e+00,-1.000000000000000000e+00,-1.000000000000000000e+00,-1.000000000000000000e+00,-1.000000000000000000e+00,-1.000000000000000000e+00,-1.000000000000000000e+00,-1.000000000000000000e+00,-1.000000000000000000e+00,-1.000000000000000000e+00,-1.000000000000000000e+00,-1.000000000000000000e+00,-1.000000000000000000e+00,-1.000000000000000000e+00,-1.000000000000000000e+00,-1.000000000000000000e+00,-1.000000000000000000e+00
6.012685298919677734e-01,6.450139284133911133e-01,1.248033214551469428e-07,5.843306779861450195e-01,6.100245714187622070e-01,-4.610464442521333694e-03,5.781502127647399902e-01,5.696609020233154297e-01,-6.328374613076448441e-03,5.787409543991088867e-01,5.417622923851013184e-01,-8.621949702501296997e-03,5.824521780014038086e-01,5.218812227249145508e-01,-1.100753434002399445e-02,6.053147912025451660e-01,5.407896041870117188e-01,-1.091810641810297966e-03,6.126539111137390137e-01,5.032728910446166992e-01,-7.544546388089656830e-03,6.171164512634277344e-01,4.799204170703887939e-01,-1.343241613358259201e-02,6.209710240364074707e-01,4.601486623287200928e-01,-1.784522831439971924e-02,6.213230490684509277e-01,5.472684502601623535e-01,-5.167102906852960587e-03,6.362854838371276855e-01,5.080603361129760742e-01,-1.058086566627025604e-02,6.455875635147094727e-01,4.840834438800811768e-01,-1.622525788843631744e-02,6.535537838935852051e-01,4.635968506336212158e-01,-2.048782631754875183e-02,6.341258883476257324e-01,5.609434247016906738e-01,-1.064847782254219055e-02,6.528012156486511230e-01,5.273760557174682617e-01,-1.736508309841156006e-02,6.644411683082580566e-01,5.070796608924865723e-01,-2.257616259157657623e-02,6.740678548812866211e-01,4.887789785861968994e-01,-2.623440138995647430e-02,6.438176035881042480e-01,5.800491571426391602e-01,-1.670799590647220612e-02,6.633517146110534668e-01,5.586404204368591309e-01,-2.292079851031303406e-02,6.764016747474670410e-01,5.447261929512023926e-01,-2.543762326240539551e-02,6.878021955490112305e-01,5.312902331352233887e-01,-2.711256220936775208e-02,-1.000000000000000000e+00,-1.000000000000000000e+00,-1.000000000000000000e+00,-1.000000000000000000e+00,-1.000000000000000000e+00,-1.000000000000000000e+00,-1.000000000000000000e+00,-1.000000000000000000e+00,-1.000000000000000000e+00,-1.000000000000000000e+00,-1.000000000000000000e+00,-1.000000000000000000e+00,-1.000000000000000000e+00,-1.000000000000000000e+00,-1.000000000000000000e+00,-1.000000000000000000e+00,-1.000000000000000000e+00,-1.000000000000000000e+00,-1.000000000000000000e+00,-1.000000000000000000e+00,-1.000000000000000000e+00,-1.000000000000000000e+00,-1.000000000000000000e+00,-1.000000000000000000e+00,-1.000000000000000000e+00,-1.000000000000000000e+00,-1.000000000000000000e+00,-1.000000000000000000e+00,-1.000000000000000000e+00,-1.000000000000000000e+00,-1.000000000000000000e+00,-1.000000000000000000e+00,-1.000000000000000000e+00,-1.000000000000000000e+00,-1.000000000000000000e+00,-1.000000000000000000e+00,-1.000000000000000000e+00,-1.000000000000000000e+00,-1.000000000000000000e+00,-1.000000000000000000e+00,-1.000000000000000000e+00,-1.000000000000000000e+00,-1.000000000000000000e+00,-1.000000000000000000e+00,-1.000000000000000000e+00,-1.000000000000000000e+00,-1.000000000000000000e+00,-1.000000000000000000e+00,-1.000000000000000000e+00,-1.000000000000000000e+00,-1.000000000000000000e+00,-1.000000000000000000e+00,-1.000000000000000000e+00,-1.000000000000000000e+00,-1.000000000000000000e+00,-1.000000000000000000e+00,-1.000000000000000000e+00,-1.000000000000000000e+00,-1.000000000000000000e+00,-1.000000000000000000e+00,-1.000000000000000000e+00,-1.000000000000000000e+00,-1.000000000000000000e+00
6.012685298919677734e-01,6.450139284133911133e-01,1.248033214551469428e-07,5.843306779861450195e-01,6.100245714187622070e-01,-4.610464442521333694e-03,5.781502127647399902e-01,5.696609020233154297e-01,-6.328374613076448441e-03,5.787409543991088867e-01,5.417622923851013184e-01,-8.621949702501296997e-03,5.824521780014038086e-01,5.218812227249145508e-01,-1.100753434002399445e-02,6.053147912025451660e-01,5.407896041870117188e-01,-1.091810641810297966e-03,6.126539111137390137e-01,5.032728910446166992e-01,-7.544546388089656830e-03,6.171164512634277344e-01,4.799204170703887939e-01,-1.343241613358259201e-02,6.209710240364074707e-01,4.601486623287200928e-01,-1.784522831439971924e-02,6.213230490684509277e-01,5.472684502601623535e-01,-5.167102906852960587e-03,6.362854838371276855e-01,5.080603361129760742e-01,-1.058086566627025604e-02,6.455875635147094727e-01,4.840834438800811768e-01,-1.622525788843631744e-02,6.535537838935852051e-01,4.635968506336212158e-01,-2.048782631754875183e-02,6.341258883476257324e-01,5.609434247016906738e-01,-1.064847782254219055e-02,6.528012156486511230e-01,5.273760557174682617e-01,-1.736508309841156006e-02,6.644411683082580566e-01,5.070796608924865723e-01,-2.257616259157657623e-02,6.740678548812866211e-01,4.887789785861968994e-01,-2.623440138995647430e-02,6.438176035881042480e-01,5.800491571426391602e-01,-1.670799590647220612e-02,6.633517146110534668e-01,5.586404204368591309e-01,-2.292079851031303406e-02,6.764016747474670410e-01,5.447261929512023926e-01,-2.543762326240539551e-02,6.878021955490112305e-01,5.312902331352233887e-01,-2.711256220936775208e-02,-1.000000000000000000e+00,-1.000000000000000000e+00,-1.000000000000000000e+00,-1.000000000000000000e+00,-1.000000000000000000e+00,-1.000000000000000000e+00,-1.000000000000000000e+00,-1.000000000000000000e+00,-1.000000000000000000e+00,-1.000000000000000000e+00,-1.000000000000000000e+00,-1.000000000000000000e+00,-1.000000000000000000e+00,-1.000000000000000000e+00,-1.000000000000000000e+00,-1.000000000000000000e+00,-1.000000000000000000e+00,-1.000000000000000000e+00,-1.000000000000000000e+00,-1.000000000000000000e+00,-1.000000000000000000e+00,-1.000000000000000000e+00,-1.000000000000000000e+00,-1.000000000000000000e+00,-1.000000000000000000e+00,-1.000000000000000000e+00,-1.000000000000000000e+00,-1.000000000000000000e+00,-1.000000000000000000e+00,-1.000000000000000000e+00,-1.000000000000000000e+00,-1.000000000000000000e+00,-1.000000000000000000e+00,-1.000000000000000000e+00,-1.000000000000000000e+00,-1.000000000000000000e+00,-1.000000000000000000e+00,-1.000000000000000000e+00,-1.000000000000000000e+00,-1.000000000000000000e+00,-1.000000000000000000e+00,-1.000000000000000000e+00,-1.000000000000000000e+00,-1.000000000000000000e+00,-1.000000000000000000e+00,-1.000000000000000000e+00,-1.000000000000000000e+00,-1.000000000000000000e+00,-1.000000000000000000e+00,-1.000000000000000000e+00,-1.000000000000000000e+00,-1.000000000000000000e+00,-1.000000000000000000e+00,-1.000000000000000000e+00,-1.000000000000000000e+00,-1.000000000000000000e+00,-1.000000000000000000e+00,-1.000000000000000000e+00,-1.000000000000000000e+00,-1.000000000000000000e+00,-1.000000000000000000e+00,-1.000000000000000000e+00,-1.000000000000000000e+00
5.881555080413818359e-01,6.555381417274475098e-01,1.006738301612131181e-07,5.669522881507873535e-01,6.249595284461975098e-01,-5.992788821458816528e-03,5.551264882087707520e-01,5.889354944229125977e-01,-8.965104818344116211e-03,5.524352788925170898e-01,5.607878565788269043e-01,-1.251365337520837784e-02,5.508753061294555664e-01,5.375677943229675293e-01,-1.613094098865985870e-02,5.749465823173522949e-01,5.517578721046447754e-01,-1.804188126698136330e-03,5.725200772285461426e-01,5.143669247627258301e-01,-8.862740360200405121e-03,5.715864300727844238e-01,4.902800321578979492e-01,-1.533446554094552994e-02,5.716974735260009766e-01,4.697658419609069824e-01,-2.017987705767154694e-02,5.908568501472473145e-01,5.526815652847290039e-01,-5.488230846822261810e-03,5.960547327995300293e-01,5.103373527526855469e-01,-1.174357999116182327e-02,5.994881987571716309e-01,4.841811358928680420e-01,-1.779352314770221710e-02,6.030131578445434570e-01,4.630448818206787109e-01,-2.231990359723567963e-02,6.048120260238647461e-01,5.618140697479248047e-01,-1.081768143922090530e-02,6.154771447181701660e-01,5.240402221679687500e-01,-1.806154474616050720e-02,6.222620606422424316e-01,5.009936690330505371e-01,-2.371308021247386932e-02,6.278306841850280762e-01,4.814521074295043945e-01,-2.772970497608184814e-02,6.168161630630493164e-01,5.773873925209045410e-01,-1.692519336938858032e-02,6.314703822135925293e-01,5.513805150985717773e-01,-2.331489510834217072e-02,6.414341330528259277e-01,5.348838567733764648e-01,-2.638545446097850800e-02,6.497100591659545898e-01,5.196179747581481934e-01,-2.860989607870578766e-02,-1.000000000000000000e+00,-1.000000000000000000e+00,-1.000000000000000000e+00,-1.000000000000000000e+00,-1.000000000000000000e+00,-1.000000000000000000e+00,-1.000000000000000000e+00,-1.000000000000000000e+00,-1.000000000000000000e+00,-1.000000000000000000e+00,-1.000000000000000000e+00,-1.000000000000000000e+00,-1.000000000000000000e+00,-1.000000000000000000e+00,-1.000000000000000000e+00,-1.000000000000000000e+00,-1.000000000000000000e+00,-1.000000000000000000e+00,-1.000000000000000000e+00,-1.000000000000000000e+00,-1.000000000000000000e+00,-1.000000000000000000e+00,-1.000000000000000000e+00,-1.000000000000000000e+00,-1.000000000000000000e+00,-1.000000000000000000e+00,-1.000000000000000000e+00,-1.000000000000000000e+00,-1.000000000000000000e+00,-1.000000000000000000e+00,-1.000000000000000000e+00,-1.000000000000000000e+00,-1.000000000000000000e+00,-1.000000000000000000e+00,-1.000000000000000000e+00,-1.000000000000000000e+00,-1.000000000000000000e+00,-1.000000000000000000e+00,-1.000000000000000000e+00,-1.000000000000000000e+00,-1.000000000000000000e+00,-1.000000000000000000e+00,-1.000000000000000000e+00,-1.000000000000000000e+00,-1.000000000000000000e+00,-1.000000000000000000e+00,-1.000000000000000000e+00,-1.000000000000000000e+00,-1.000000000000000000e+00,-1.000000000000000000e+00,-1.000000000000000000e+00,-1.000000000000000000e+00,-1.000000000000000000e+00,-1.000000000000000000e+00,-1.000000000000000000e+00,-1.000000000000000000e+00,-1.000000000000000000e+00,-1.000000000000000000e+00,-1.000000000000000000e+00,-1.000000000000000000e+00,-1.000000000000000000e+00,-1.000000000000000000e+00,-1.000000000000000000e+00
5.754845142364501953e-01,6.621144413948059082e-01,1.001082594598301512e-07,5.523941516876220703e-01,6.378893852233886719e-01,-5.223948508501052856e-03,5.357520580291748047e-01,6.049401164054870605e-01,-7.362610194832086563e-03,5.276564955711364746e-01,5.791107416152954102e-01,-1.019427087157964706e-02,5.227533578872680664e-01,5.574666261672973633e-01,-1.301401481032371521e-02,5.516594648361206055e-01,5.624221563339233398e-01,8.349025156348943710e-04,5.448532700538635254e-01,5.269695520401000977e-01,-5.412297789007425308e-03,5.405465364456176758e-01,5.053261518478393555e-01,-1.151388324797153473e-02,5.374147295951843262e-01,4.870160818099975586e-01,-1.611459068953990936e-02,5.662891864776611328e-01,5.598275065422058105e-01,-2.641577972099184990e-03,5.651372671127319336e-01,5.189918875694274902e-01,-8.295523002743721008e-03,5.637695193290710449e-01,4.939569830894470215e-01,-1.414332445710897446e-02,5.629290938377380371e-01,4.727167487144470215e-01,-1.854478195309638977e-02,5.807524323463439941e-01,5.650738477706909180e-01,-7.858868688344955444e-03,5.847451686859130859e-01,5.264647603034973145e-01,-1.469203643500804901e-02,5.865988731384277344e-01,5.026364326477050781e-01,-2.026694826781749725e-02,5.879928469657897949e-01,4.821012020111083984e-01,-2.425161749124526978e-02,5.942520499229431152e-01,5.767254829406738281e-01,-1.381298992782831192e-02,6.046862006187438965e-01,5.482354164123535156e-01,-2.010752260684967041e-02,6.120978593826293945e-01,5.296996235847473145e-01,-2.339390106499195099e-02,6.184099912643432617e-01,5.122764706611633301e-01,-2.577453665435314178e-02,-1.000000000000000000e+00,-1.000000000000000000e+00,-1.000000000000000000e+00,-1.000000000000000000e+00,-1.000000000000000000e+00,-1.000000000000000000e+00,-1.000000000000000000e+00,-1.000000000000000000e+00,-1.000000000000000000e+00,-1.000000000000000000e+00,-1.000000000000000000e+00,-1.000000000000000000e+00,-1.000000000000000000e+00,-1.000000000000000000e+00,-1.000000000000000000e+00,-1.000000000000000000e+00,-1.000000000000000000e+00,-1.000000000000000000e+00,-1.000000000000000000e+00,-1.000000000000000000e+00,-1.000000000000000000e+00,-1.000000000000000000e+00,-1.000000000000000000e+00,-1.000000000000000000e+00,-1.000000000000000000e+00,-1.000000000000000000e+00,-1.000000000000000000e+00,-1.000000000000000000e+00,-1.000000000000000000e+00,-1.000000000000000000e+00,-1.000000000000000000e+00,-1.000000000000000000e+00,-1.000000000000000000e+00,-1.000000000000000000e+00,-1.000000000000000000e+00,-1.000000000000000000e+00,-1.000000000000000000e+00,-1.000000000000000000e+00,-1.000000000000000000e+00,-1.000000000000000000e+00,-1.000000000000000000e+00,-1.000000000000000000e+00,-1.000000000000000000e+00,-1.000000000000000000e+00,-1.000000000000000000e+00,-1.000000000000000000e+00,-1.000000000000000000e+00,-1.000000000000000000e+00,-1.000000000000000000e+00,-1.000000000000000000e+00,-1.000000000000000000e+00,-1.000000000000000000e+00,-1.000000000000000000e+00,-1.000000000000000000e+00,-1.000000000000000000e+00,-1.000000000000000000e+00,-1.000000000000000000e+00,-1.000000000000000000e+00,-1.000000000000000000e+00,-1.000000000000000000e+00,-1.000000000000000000e+00,-1.000000000000000000e+00,-1.000000000000000000e+00
5.742577314376831055e-01,6.590760946273803711e-01,1.244866609795280965e-07,5.508901476860046387e-01,6.369655132293701172e-01,-5.709500052034854889e-03,5.342627763748168945e-01,6.057305335998535156e-01,-8.202308788895606995e-03,5.260040760040283203e-01,5.810419321060180664e-01,-1.114883273839950562e-02,5.221420526504516602e-01,5.591944456100463867e-01,-1.396806910634040833e-02,5.520692467689514160e-01,5.632588863372802734e-01,-1.276598195545375347e-03,5.451520681381225586e-01,5.274778008460998535e-01,-7.702024187892675400e-03,5.404341816902160645e-01,5.066705942153930664e-01,-1.356389746069908142e-02,5.370610356330871582e-01,4.880335330963134766e-01,-1.806289143860340118e-02,5.661467909812927246e-01,5.604937672615051270e-01,-4.706670064479112625e-03,5.646132826805114746e-01,5.198449492454528809e-01,-1.026922930032014847e-02,5.632732510566711426e-01,4.949777126312255859e-01,-1.593163609504699707e-02,5.623277425765991211e-01,4.732002019882202148e-01,-2.031293511390686035e-02,5.799059867858886719e-01,5.652489662170410156e-01,-9.740396402776241302e-03,5.840861201286315918e-01,5.267441868782043457e-01,-1.708431541919708252e-02,5.862564444541931152e-01,5.022055506706237793e-01,-2.259401232004165649e-02,5.881112813949584961e-01,4.803813099861145020e-01,-2.651172131299972534e-02,5.927590727806091309e-01,5.765709280967712402e-01,-1.544869225472211838e-02,6.037088632583618164e-01,5.481605529785156250e-01,-2.270435169339179993e-02,6.116547584533691406e-01,5.291163325309753418e-01,-2.609141729772090912e-02,6.185567975044250488e-01,5.112212896347045898e-01,-2.836741320788860321e-02,-1.000000000000000000e+00,-1.000000000000000000e+00,-1.000000000000000000e+00,-1.000000000000000000e+00,-1.000000000000000000e+00,-1.000000000000000000e+00,-1.000000000000000000e+00,-1.000000000000000000e+00,-1.000000000000000000e+00,-1.000000000000000000e+00,-1.000000000000000000e+00,-1.000000000000000000e+00,-1.000000000000000000e+00,-1.000000000000000000e+00,-1.000000000000000000e+00,-1.000000000000000000e+00,-1.000000000000000000e+00,-1.000000000000000000e+00,-1.000000000000000000e+00,-1.000000000000000000e+00,-1.000000000000000000e+00,-1.000000000000000000e+00,-1.000000000000000000e+00,-1.000000000000000000e+00,-1.000000000000000000e+00,-1.000000000000000000e+00,-1.000000000000000000e+00,-1.000000000000000000e+00,-1.000000000000000000e+00,-1.000000000000000000e+00,-1.000000000000000000e+00,-1.000000000000000000e+00,-1.000000000000000000e+00,-1.000000000000000000e+00,-1.000000000000000000e+00,-1.000000000000000000e+00,-1.000000000000000000e+00,-1.000000000000000000e+00,-1.000000000000000000e+00,-1.000000000000000000e+00,-1.000000000000000000e+00,-1.000000000000000000e+00,-1.000000000000000000e+00,-1.000000000000000000e+00,-1.000000000000000000e+00,-1.000000000000000000e+00,-1.000000000000000000e+00,-1.000000000000000000e+00,-1.000000000000000000e+00,-1.000000000000000000e+00,-1.000000000000000000e+00,-1.000000000000000000e+00,-1.000000000000000000e+00,-1.000000000000000000e+00,-1.000000000000000000e+00,-1.000000000000000000e+00,-1.000000000000000000e+00,-1.000000000000000000e+00,-1.000000000000000000e+00,-1.000000000000000000e+00,-1.000000000000000000e+00,-1.000000000000000000e+00,-1.000000000000000000e+00
5.742577314376831055e-01,6.590760946273803711e-01,1.244866609795280965e-07,5.508901476860046387e-01,6.369655132293701172e-01,-5.709500052034854889e-03,5.342627763748168945e-01,6.057305335998535156e-01,-8.202308788895606995e-03,5.260040760040283203e-01,5.810419321060180664e-01,-1.114883273839950562e-02,5.221420526504516602e-01,5.591944456100463867e-01,-1.396806910634040833e-02,5.520692467689514160e-01,5.632588863372802734e-01,-1.276598195545375347e-03,5.451520681381225586e-01,5.274778008460998535e-01,-7.702024187892675400e-03,5.404341816902160645e-01,5.066705942153930664e-01,-1.356389746069908142e-02,5.370610356330871582e-01,4.880335330963134766e-01,-1.806289143860340118e-02,5.661467909812927246e-01,5.604937672615051270e-01,-4.706670064479112625e-03,5.646132826805114746e-01,5.198449492454528809e-01,-1.026922930032014847e-02,5.632732510566711426e-01,4.949777126312255859e-01,-1.593163609504699707e-02,5.623277425765991211e-01,4.732002019882202148e-01,-2.031293511390686035e-02,5.799059867858886719e-01,5.652489662170410156e-01,-9.740396402776241302e-03,5.840861201286315918e-01,5.267441868782043457e-01,-1.708431541919708252e-02,5.862564444541931152e-01,5.022055506706237793e-01,-2.259401232004165649e-02,5.881112813949584961e-01,4.803813099861145020e-01,-2.651172131299972534e-02,5.927590727806091309e-01,5.765709280967712402e-01,-1.544869225472211838e-02,6.037088632583618164e-01,5.481605529785156250e-01,-2.270435169339179993e-02,6.116547584533691406e-01,5.291163325309753418e-01,-2.609141729772090912e-02,6.185567975044250488e-01,5.112212896347045898e-01,-2.836741320788860321e-02,-1.000000000000000000e+00,-1.000000000000000000e+00,-1.000000000000000000e+00,-1.000000000000000000e+00,-1.000000000000000000e+00,-1.000000000000000000e+00,-1.000000000000000000e+00,-1.000000000000000000e+00,-1.000000000000000000e+00,-1.000000000000000000e+00,-1.000000000000000000e+00,-1.000000000000000000e+00,-1.000000000000000000e+00,-1.000000000000000000e+00,-1.000000000000000000e+00,-1.000000000000000000e+00,-1.000000000000000000e+00,-1.000000000000000000e+00,-1.000000000000000000e+00,-1.000000000000000000e+00,-1.000000000000000000e+00,-1.000000000000000000e+00,-1.000000000000000000e+00,-1.000000000000000000e+00,-1.000000000000000000e+00,-1.000000000000000000e+00,-1.000000000000000000e+00,-1.000000000000000000e+00,-1.000000000000000000e+00,-1.000000000000000000e+00,-1.000000000000000000e+00,-1.000000000000000000e+00,-1.000000000000000000e+00,-1.000000000000000000e+00,-1.000000000000000000e+00,-1.000000000000000000e+00,-1.000000000000000000e+00,-1.000000000000000000e+00,-1.000000000000000000e+00,-1.000000000000000000e+00,-1.000000000000000000e+00,-1.000000000000000000e+00,-1.000000000000000000e+00,-1.000000000000000000e+00,-1.000000000000000000e+00,-1.000000000000000000e+00,-1.000000000000000000e+00,-1.000000000000000000e+00,-1.000000000000000000e+00,-1.000000000000000000e+00,-1.000000000000000000e+00,-1.000000000000000000e+00,-1.000000000000000000e+00,-1.000000000000000000e+00,-1.000000000000000000e+00,-1.000000000000000000e+00,-1.000000000000000000e+00,-1.000000000000000000e+00,-1.000000000000000000e+00,-1.000000000000000000e+00,-1.000000000000000000e+00,-1.000000000000000000e+00,-1.000000000000000000e+00
5.734015107154846191e-01,6.577019095420837402e-01,1.223693573138007196e-07,5.505669116973876953e-01,6.361187696456909180e-01,-5.865141283720731735e-03,5.342503190040588379e-01,6.053067445755004883e-01,-8.570093661546707153e-03,5.259742736816406250e-01,5.811071395874023438e-01,-1.163181383162736893e-02,5.219958424568176270e-01,5.595172047615051270e-01,-1.456075534224510193e-02,5.521588921546936035e-01,5.629645586013793945e-01,-1.908900216221809387e-03,5.455378293991088867e-01,5.275214314460754395e-01,-8.636029437184333801e-03,5.406619906425476074e-01,5.070130825042724609e-01,-1.470053661614656448e-02,5.370516180992126465e-01,4.886287450790405273e-01,-1.925145462155342102e-02,5.663293600082397461e-01,5.602347850799560547e-01,-5.296034272760152817e-03,5.651282072067260742e-01,5.199818015098571777e-01,-1.108943298459053040e-02,5.638118982315063477e-01,4.948550462722778320e-01,-1.689509674906730652e-02,5.628825426101684570e-01,4.727651178836822510e-01,-2.129459194839000702e-02,5.801599025726318359e-01,5.651711821556091309e-01,-1.023853663355112076e-02,5.845187902450561523e-01,5.271078348159790039e-01,-1.758562773466110229e-02,5.867754220962524414e-01,5.027852058410644531e-01,-2.288422174751758575e-02,5.886844992637634277e-01,4.809451401233673096e-01,-2.658800780773162842e-02,5.930085778236389160e-01,5.766860246658325195e-01,-1.585294120013713837e-02,6.034793257713317871e-01,5.481727719306945801e-01,-2.287295833230018616e-02,6.109552979469299316e-01,5.290255546569824219e-01,-2.585886418819427490e-02,6.173723936080932617e-01,5.109132528305053711e-01,-2.780549600720405579e-02,-1.000000000000000000e+00,-1.000000000000000000e+00,-1.000000000000000000e+00,-1.000000000000000000e+00,-1.000000000000000000e+00,-1.000000000000000000e+00,-1.000000000000000000e+00,-1.000000000000000000e+00,-1.000000000000000000e+00,-1.000000000000000000e+00,-1.000000000000000000e+00,-1.000000000000000000e+00,-1.000000000000000000e+00,-1.000000000000000000e+00,-1.000000000000000000e+00,-1.000000000000000000e+00,-1.000000000000000000e+00,-1.000000000000000000e+00,-1.000000000000000000e+00,-1.000000000000000000e+00,-1.000000000000000000e+00,-1.000000000000000000e+00,-1.000000000000000000e+00,-1.000000000000000000e+00,-1.000000000000000000e+00,-1.000000000000000000e+00,-1.000000000000000000e+00,-1.000000000000000000e+00,-1.000000000000000000e+00,-1.000000000000000000e+00,-1.000000000000000000e+00,-1.000000000000000000e+00,-1.000000000000000000e+00,-1.000000000000000000e+00,-1.000000000000000000e+00,-1.000000000000000000e+00,-1.000000000000000000e+00,-1.000000000000000000e+00,-1.000000000000000000e+00,-1.000000000000000000e+00,-1.000000000000000000e+00,-1.000000000000000000e+00,-1.000000000000000000e+00,-1.000000000000000000e+00,-1.000000000000000000e+00,-1.000000000000000000e+00,-1.000000000000000000e+00,-1.000000000000000000e+00,-1.000000000000000000e+00,-1.000000000000000000e+00,-1.000000000000000000e+00,-1.000000000000000000e+00,-1.000000000000000000e+00,-1.000000000000000000e+00,-1.000000000000000000e+00,-1.000000000000000000e+00,-1.000000000000000000e+00,-1.000000000000000000e+00,-1.000000000000000000e+00,-1.000000000000000000e+00,-1.000000000000000000e+00,-1.000000000000000000e+00,-1.000000000000000000e+00
5.634122490882873535e-01,6.797906160354614258e-01,2.027065981735631794e-08,5.349835753440856934e-01,6.651106476783752441e-01,-4.955741576850414276e-03,5.144813656806945801e-01,6.375306248664855957e-01,-6.717414595186710358e-03,5.039081573486328125e-01,6.125876307487487793e-01,-9.323965758085250854e-03,4.962002038955688477e-01,5.911511182785034180e-01,-1.194981951266527176e-02,5.225365757942199707e-01,5.933859944343566895e-01,9.175688610412180424e-04,5.078529119491577148e-01,5.632613301277160645e-01,-5.084066651761531830e-03,4.978394210338592529e-01,5.447812676429748535e-01,-1.073780003935098648e-02,4.895428717136383057e-01,5.286210179328918457e-01,-1.489335950464010239e-02,5.343244671821594238e-01,5.845800042152404785e-01,-2.426982857286930084e-03,5.227524042129516602e-01,5.467441678047180176e-01,-8.078339509665966034e-03,5.131608843803405762e-01,5.242377519607543945e-01,-1.330029126256704330e-02,5.050659179687500000e-01,5.069364905357360840e-01,-1.702878624200820923e-02,5.473611354827880859e-01,5.832679867744445801e-01,-7.465671282261610031e-03,5.394604206085205078e-01,5.443401336669921875e-01,-1.438186503946781158e-02,5.324752926826477051e-01,5.210057497024536133e-01,-2.004846371710300446e-02,5.266912579536437988e-01,5.023640394210815430e-01,-2.366102486848831177e-02,5.606368780136108398e-01,5.877192020416259766e-01,-1.322635449469089508e-02,5.626047849655151367e-01,5.549302101135253906e-01,-1.926474086940288544e-02,5.638535022735595703e-01,5.334873199462890625e-01,-2.286431379616260529e-02,5.643172860145568848e-01,5.150554776191711426e-01,-2.533339336514472961e-02,-1.000000000000000000e+00,-1.000000000000000000e+00,-1.000000000000000000e+00,-1.000000000000000000e+00,-1.000000000000000000e+00,-1.000000000000000000e+00,-1.000000000000000000e+00,-1.000000000000000000e+00,-1.000000000000000000e+00,-1.000000000000000000e+00,-1.000000000000000000e+00,-1.000000000000000000e+00,-1.000000000000000000e+00,-1.000000000000000000e+00,-1.000000000000000000e+00,-1.000000000000000000e+00,-1.000000000000000000e+00,-1.000000000000000000e+00,-1.000000000000000000e+00,-1.000000000000000000e+00,-1.000000000000000000e+00,-1.000000000000000000e+00,-1.000000000000000000e+00,-1.000000000000000000e+00,-1.000000000000000000e+00,-1.000000000000000000e+00,-1.000000000000000000e+00,-1.000000000000000000e+00,-1.000000000000000000e+00,-1.000000000000000000e+00,-1.000000000000000000e+00,-1.000000000000000000e+00,-1.000000000000000000e+00,-1.000000000000000000e+00,-1.000000000000000000e+00,-1.000000000000000000e+00,-1.000000000000000000e+00,-1.000000000000000000e+00,-1.000000000000000000e+00,-1.000000000000000000e+00,-1.000000000000000000e+00,-1.000000000000000000e+00,-1.000000000000000000e+00,-1.000000000000000000e+00,-1.000000000000000000e+00,-1.000000000000000000e+00,-1.000000000000000000e+00,-1.000000000000000000e+00,-1.000000000000000000e+00,-1.000000000000000000e+00,-1.000000000000000000e+00,-1.000000000000000000e+00,-1.000000000000000000e+00,-1.000000000000000000e+00,-1.000000000000000000e+00,-1.000000000000000000e+00,-1.000000000000000000e+00,-1.000000000000000000e+00,-1.000000000000000000e+00,-1.000000000000000000e+00,-1.000000000000000000e+00,-1.000000000000000000e+00,-1.000000000000000000e+00
5.634122490882873535e-01,6.797906160354614258e-01,2.027065981735631794e-08,5.349835753440856934e-01,6.651106476783752441e-01,-4.955741576850414276e-03,5.144813656806945801e-01,6.375306248664855957e-01,-6.717414595186710358e-03,5.039081573486328125e-01,6.125876307487487793e-01,-9.323965758085250854e-03,4.962002038955688477e-01,5.911511182785034180e-01,-1.194981951266527176e-02,5.225365757942199707e-01,5.933859944343566895e-01,9.175688610412180424e-04,5.078529119491577148e-01,5.632613301277160645e-01,-5.084066651761531830e-03,4.978394210338592529e-01,5.447812676429748535e-01,-1.073780003935098648e-02,4.895428717136383057e-01,5.286210179328918457e-01,-1.489335950464010239e-02,5.343244671821594238e-01,5.845800042152404785e-01,-2.426982857286930084e-03,5.227524042129516602e-01,5.467441678047180176e-01,-8.078339509665966034e-03,5.131608843803405762e-01,5.242377519607543945e-01,-1.330029126256704330e-02,5.050659179687500000e-01,5.069364905357360840e-01,-1.702878624200820923e-02,5.473611354827880859e-01,5.832679867744445801e-01,-7.465671282261610031e-03,5.394604206085205078e-01,5.443401336669921875e-01,-1.438186503946781158e-02,5.324752926826477051e-01,5.210057497024536133e-01,-2.004846371710300446e-02,5.266912579536437988e-01,5.023640394210815430e-01,-2.366102486848831177e-02,5.606368780136108398e-01,5.877192020416259766e-01,-1.322635449469089508e-02,5.626047849655151367e-01,5.549302101135253906e-01,-1.926474086940288544e-02,5.638535022735595703e-01,5.334873199462890625e-01,-2.286431379616260529e-02,5.643172860145568848e-01,5.150554776191711426e-01,-2.533339336514472961e-02,-1.000000000000000000e+00,-1.000000000000000000e+00,-1.000000000000000000e+00,-1.000000000000000000e+00,-1.000000000000000000e+00,-1.000000000000000000e+00,-1.000000000000000000e+00,-1.000000000000000000e+00,-1.000000000000000000e+00,-1.000000000000000000e+00,-1.000000000000000000e+00,-1.000000000000000000e+00,-1.000000000000000000e+00,-1.000000000000000000e+00,-1.000000000000000000e+00,-1.000000000000000000e+00,-1.000000000000000000e+00,-1.000000000000000000e+00,-1.000000000000000000e+00,-1.000000000000000000e+00,-1.000000000000000000e+00,-1.000000000000000000e+00,-1.000000000000000000e+00,-1.000000000000000000e+00,-1.000000000000000000e+00,-1.000000000000000000e+00,-1.000000000000000000e+00,-1.000000000000000000e+00,-1.000000000000000000e+00,-1.000000000000000000e+00,-1.000000000000000000e+00,-1.000000000000000000e+00,-1.000000000000000000e+00,-1.000000000000000000e+00,-1.000000000000000000e+00,-1.000000000000000000e+00,-1.000000000000000000e+00,-1.000000000000000000e+00,-1.000000000000000000e+00,-1.000000000000000000e+00,-1.000000000000000000e+00,-1.000000000000000000e+00,-1.000000000000000000e+00,-1.000000000000000000e+00,-1.000000000000000000e+00,-1.000000000000000000e+00,-1.000000000000000000e+00,-1.000000000000000000e+00,-1.000000000000000000e+00,-1.000000000000000000e+00,-1.000000000000000000e+00,-1.000000000000000000e+00,-1.000000000000000000e+00,-1.000000000000000000e+00,-1.000000000000000000e+00,-1.000000000000000000e+00,-1.000000000000000000e+00,-1.000000000000000000e+00,-1.000000000000000000e+00,-1.000000000000000000e+00,-1.000000000000000000e+00,-1.000000000000000000e+00,-1.000000000000000000e+00
5.578734278678894043e-01,6.804007291793823242e-01,8.297199372009345097e-08,5.309018492698669434e-01,6.671769618988037109e-01,-5.342388525605201721e-03,5.097736120223999023e-01,6.415277719497680664e-01,-7.229446433484554291e-03,4.972167611122131348e-01,6.190885901451110840e-01,-9.856020100414752960e-03,4.886589050292968750e-01,5.982552766799926758e-01,-1.225756946951150894e-02,5.169123411178588867e-01,5.985834002494812012e-01,2.071708440780639648e-03,5.022710561752319336e-01,5.699400901794433594e-01,-3.943131770938634872e-03,4.917429685592651367e-01,5.524201393127441406e-01,-9.810722433030605316e-03,4.829703569412231445e-01,5.365116596221923828e-01,-1.444644480943679810e-02,5.277164578437805176e-01,5.891392230987548828e-01,-1.135163009166717529e-03,5.159134864807128906e-01,5.529593229293823242e-01,-6.795848254114389420e-03,5.072285532951354980e-01,5.319230556488037109e-01,-1.216731220483779907e-02,4.996698796749114990e-01,5.145246982574462891e-01,-1.612911745905876160e-02,5.401355028152465820e-01,5.865206718444824219e-01,-6.120352074503898621e-03,5.316371917724609375e-01,5.480588674545288086e-01,-1.329538598656654358e-02,5.252238512039184570e-01,5.261333584785461426e-01,-1.776019670069217682e-02,5.190575718879699707e-01,5.073730349540710449e-01,-2.077547460794448853e-02,5.536295175552368164e-01,5.899251699447631836e-01,-1.191795337945222855e-02,5.547425150871276855e-01,5.575222373008728027e-01,-1.851786673069000244e-02,5.554730296134948730e-01,5.360696315765380859e-01,-2.140370197594165802e-02,5.552327632904052734e-01,5.168479681015014648e-01,-2.336834929883480072e-02,-1.000000000000000000e+00,-1.000000000000000000e+00,-1.000000000000000000e+00,-1.000000000000000000e+00,-1.000000000000000000e+00,-1.000000000000000000e+00,-1.000000000000000000e+00,-1.000000000000000000e+00,-1.000000000000000000e+00,-1.000000000000000000e+00,-1.000000000000000000e+00,-1.000000000000000000e+00,-1.000000000000000000e+00,-1.000000000000000000e+00,-1.000000000000000000e+00,-1.000000000000000000e+00,-1.000000000000000000e+00,-1.000000000000000000e+00,-1.000000000000000000e+00,-1.000000000000000000e+00,-1.000000000000000000e+00,-1.000000000000000000e+00,-1.000000000000000000e+00,-1.000000000000000000e+00,-1.000000000000000000e+00,-1.000000000000000000e+00,-1.000000000000000000e+00,-1.000000000000000000e+00,-1.000000000000000000e+00,-1.000000000000000000e+00,-1.000000000000000000e+00,-1.000000000000000000e+00,-1.000000000000000000e+00,-1.000000000000000000e+00,-1.000000000000000000e+00,-1.000000000000000000e+00,-1.000000000000000000e+00,-1.000000000000000000e+00,-1.000000000000000000e+00,-1.000000000000000000e+00,-1.000000000000000000e+00,-1.000000000000000000e+00,-1.000000000000000000e+00,-1.000000000000000000e+00,-1.000000000000000000e+00,-1.000000000000000000e+00,-1.000000000000000000e+00,-1.000000000000000000e+00,-1.000000000000000000e+00,-1.000000000000000000e+00,-1.000000000000000000e+00,-1.000000000000000000e+00,-1.000000000000000000e+00,-1.000000000000000000e+00,-1.000000000000000000e+00,-1.000000000000000000e+00,-1.000000000000000000e+00,-1.000000000000000000e+00,-1.000000000000000000e+00,-1.000000000000000000e+00,-1.000000000000000000e+00,-1.000000000000000000e+00,-1.000000000000000000e+00
5.505388379096984863e-01,6.873375177383422852e-01,5.621468091021597502e-08,5.244815945625305176e-01,6.777806282043457031e-01,-5.342572461813688278e-03,5.020490288734436035e-01,6.547678709030151367e-01,-6.710820831358432770e-03,4.884677231311798096e-01,6.339511871337890625e-01,-8.883291855454444885e-03,4.790633022785186768e-01,6.141728162765502930e-01,-1.080415397882461548e-02,5.078476667404174805e-01,6.103046536445617676e-01,3.646629163995385170e-03,4.913249611854553223e-01,5.855998396873474121e-01,-1.988464035093784332e-03,4.791162312030792236e-01,5.705987811088562012e-01,-8.148614317178726196e-03,4.686544835567474365e-01,5.567837953567504883e-01,-1.304925605654716492e-02,5.166531205177307129e-01,6.009742021560668945e-01,6.451953668147325516e-04,5.022975802421569824e-01,5.679626464843750000e-01,-4.669223912060260773e-03,4.914036989212036133e-01,5.485569238662719727e-01,-1.013146713376045227e-02,4.820474684238433838e-01,5.323518514633178711e-01,-1.418457180261611938e-02,5.280465483665466309e-01,5.976150035858154297e-01,-4.291089717298746109e-03,5.164456963539123535e-01,5.618808865547180176e-01,-1.115502789616584778e-02,5.077279210090637207e-01,5.403099060058593750e-01,-1.593520864844322205e-02,4.999614953994750977e-01,5.215157866477966309e-01,-1.911904662847518921e-02,5.410877466201782227e-01,5.990222096443176270e-01,-1.011018361896276474e-02,5.396474599838256836e-01,5.673450827598571777e-01,-1.635477691888809204e-02,5.381318926811218262e-01,5.467198491096496582e-01,-1.931025274097919464e-02,5.359161496162414551e-01,5.289477705955505371e-01,-2.136790193617343903e-02,-1.000000000000000000e+00,-1.000000000000000000e+00,-1.000000000000000000e+00,-1.000000000000000000e+00,-1.000000000000000000e+00,-1.000000000000000000e+00,-1.000000000000000000e+00,-1.000000000000000000e+00,-1.000000000000000000e+00,-1.000000000000000000e+00,-1.000000000000000000e+00,-1.000000000000000000e+00,-1.000000000000000000e+00,-1.000000000000000000e+00,-1.000000000000000000e+00,-1.000000000000000000e+00,-1.000000000000000000e+00,-1.000000000000000000e+00,-1.000000000000000000e+00,-1.000000000000000000e+00,-1.000000000000000000e+00,-1.000000000000000000e+00,-1.000000000000000000e+00,-1.000000000000000000e+00,-1.000000000000000000e+00,-1.000000000000000000e+00,-1.000000000000000000e+00,-1.000000000000000000e+00,-1.000000000000000000e+00,-1.000000000000000000e+00,-1.000000000000000000e+00,-1.000000000000000000e+00,-1.000000000000000000e+00,-1.000000000000000000e+00,-1.000000000000000000e+00,-1.000000000000000000e+00,-1.000000000000000000e+00,-1.000000000000000000e+00,-1.000000000000000000e+00,-1.000000000000000000e+00,-1.000000000000000000e+00,-1.000000000000000000e+00,-1.000000000000000000e+00,-1.000000000000000000e+00,-1.000000000000000000e+00,-1.000000000000000000e+00,-1.000000000000000000e+00,-1.000000000000000000e+00,-1.000000000000000000e+00,-1.000000000000000000e+00,-1.000000000000000000e+00,-1.000000000000000000e+00,-1.000000000000000000e+00,-1.000000000000000000e+00,-1.000000000000000000e+00,-1.000000000000000000e+00,-1.000000000000000000e+00,-1.000000000000000000e+00,-1.000000000000000000e+00,-1.000000000000000000e+00,-1.000000000000000000e+00,-1.000000000000000000e+00,-1.000000000000000000e+00
5.471380352973937988e-01,6.888072490692138672e-01,4.928151753347265185e-08,5.213283300399780273e-01,6.810984015464782715e-01,-4.212761297821998596e-03,4.991802871227264404e-01,6.585161685943603516e-01,-5.214055068790912628e-03,4.852257668972015381e-01,6.384245157241821289e-01,-6.985825486481189728e-03,4.748148918151855469e-01,6.210504770278930664e-01,-8.594091050326824188e-03,5.058830380439758301e-01,6.152562499046325684e-01,2.468602964654564857e-03,4.895121157169342041e-01,5.908438563346862793e-01,-2.843862399458885193e-03,4.765253961086273193e-01,5.767855644226074219e-01,-8.266600780189037323e-03,4.654875397682189941e-01,5.647192597389221191e-01,-1.247708126902580261e-02,5.142543315887451172e-01,6.053085327148437500e-01,-8.686744258739054203e-04,4.985719025135040283e-01,5.722572207450866699e-01,-5.607129074633121490e-03,4.865370988845825195e-01,5.530433058738708496e-01,-1.040298584848642349e-02,4.763078093528747559e-01,5.382590889930725098e-01,-1.397282537072896957e-02,5.249692797660827637e-01,6.015385389328002930e-01,-5.798093043267726898e-03,5.125194191932678223e-01,5.658446550369262695e-01,-1.208825409412384033e-02,5.028474926948547363e-01,5.446267127990722656e-01,-1.676780171692371368e-02,4.939108490943908691e-01,5.277720093727111816e-01,-1.993131451308727264e-02,5.370850563049316406e-01,6.035358905792236328e-01,-1.139917410910129547e-02,5.346758961677551270e-01,5.713114142417907715e-01,-1.728365384042263031e-02,5.324955582618713379e-01,5.504726171493530273e-01,-2.015829272568225861e-02,5.294867753982543945e-01,5.332280397415161133e-01,-2.217800170183181763e-02,-1.000000000000000000e+00,-1.000000000000000000e+00,-1.000000000000000000e+00,-1.000000000000000000e+00,-1.000000000000000000e+00,-1.000000000000000000e+00,-1.000000000000000000e+00,-1.000000000000000000e+00,-1.000000000000000000e+00,-1.000000000000000000e+00,-1.000000000000000000e+00,-1.000000000000000000e+00,-1.000000000000000000e+00,-1.000000000000000000e+00,-1.000000000000000000e+00,-1.000000000000000000e+00,-1.000000000000000000e+00,-1.000000000000000000e+00,-1.000000000000000000e+00,-1.000000000000000000e+00,-1.000000000000000000e+00,-1.000000000000000000e+00,-1.000000000000000000e+00,-1.000000000000000000e+00,-1.000000000000000000e+00,-1.000000000000000000e+00,-1.000000000000000000e+00,-1.000000000000000000e+00,-1.000000000000000000e+00,-1.000000000000000000e+00,-1.000000000000000000e+00,-1.000000000000000000e+00,-1.000000000000000000e+00,-1.000000000000000000e+00,-1.000000000000000000e+00,-1.000000000000000000e+00,-1.000000000000000000e+00,-1.000000000000000000e+00,-1.000000000000000000e+00,-1.000000000000000000e+00,-1.000000000000000000e+00,-1.000000000000000000e+00,-1.000000000000000000e+00,-1.000000000000000000e+00,-1.000000000000000000e+00,-1.000000000000000000e+00,-1.000000000000000000e+00,-1.000000000000000000e+00,-1.000000000000000000e+00,-1.000000000000000000e+00,-1.000000000000000000e+00,-1.000000000000000000e+00,-1.000000000000000000e+00,-1.000000000000000000e+00,-1.000000000000000000e+00,-1.000000000000000000e+00,-1.000000000000000000e+00,-1.000000000000000000e+00,-1.000000000000000000e+00,-1.000000000000000000e+00,-1.000000000000000000e+00,-1.000000000000000000e+00,-1.000000000000000000e+00
5.471380352973937988e-01,6.888072490692138672e-01,4.928151753347265185e-08,5.213283300399780273e-01,6.810984015464782715e-01,-4.212761297821998596e-03,4.991802871227264404e-01,6.585161685943603516e-01,-5.214055068790912628e-03,4.852257668972015381e-01,6.384245157241821289e-01,-6.985825486481189728e-03,4.748148918151855469e-01,6.210504770278930664e-01,-8.594091050326824188e-03,5.058830380439758301e-01,6.152562499046325684e-01,2.468602964654564857e-03,4.895121157169342041e-01,5.908438563346862793e-01,-2.843862399458885193e-03,4.765253961086273193e-01,5.767855644226074219e-01,-8.266600780189037323e-03,4.654875397682189941e-01,5.647192597389221191e-01,-1.247708126902580261e-02,5.142543315887451172e-01,6.053085327148437500e-01,-8.686744258739054203e-04,4.985719025135040283e-01,5.722572207450866699e-01,-5.607129074633121490e-03,4.865370988845825195e-01,5.530433058738708496e-01,-1.040298584848642349e-02,4.763078093528747559e-01,5.382590889930725098e-01,-1.397282537072896957e-02,5.249692797660827637e-01,6.015385389328002930e-01,-5.798093043267726898e-03,5.125194191932678223e-01,5.658446550369262695e-01,-1.208825409412384033e-02,5.028474926948547363e-01,5.446267127990722656e-01,-1.676780171692371368e-02,4.939108490943908691e-01,5.277720093727111816e-01,-1.993131451308727264e-02,5.370850563049316406e-01,6.035358905792236328e-01,-1.139917410910129547e-02,5.346758961677551270e-01,5.713114142417907715e-01,-1.728365384042263031e-02,5.324955582618713379e-01,5.504726171493530273e-01,-2.015829272568225861e-02,5.294867753982543945e-01,5.332280397415161133e-01,-2.217800170183181763e-02,-1.000000000000000000e+00,-1.000000000000000000e+00,-1.000000000000000000e+00,-1.000000000000000000e+00,-1.000000000000000000e+00,-1.000000000000000000e+00,-1.000000000000000000e+00,-1.000000000000000000e+00,-1.000000000000000000e+00,-1.000000000000000000e+00,-1.000000000000000000e+00,-1.000000000000000000e+00,-1.000000000000000000e+00,-1.000000000000000000e+00,-1.000000000000000000e+00,-1.000000000000000000e+00,-1.000000000000000000e+00,-1.000000000000000000e+00,-1.000000000000000000e+00,-1.000000000000000000e+00,-1.000000000000000000e+00,-1.000000000000000000e+00,-1.000000000000000000e+00,-1.000000000000000000e+00,-1.000000000000000000e+00,-1.000000000000000000e+00,-1.000000000000000000e+00,-1.000000000000000000e+00,-1.000000000000000000e+00,-1.000000000000000000e+00,-1.000000000000000000e+00,-1.000000000000000000e+00,-1.000000000000000000e+00,-1.000000000000000000e+00,-1.000000000000000000e+00,-1.000000000000000000e+00,-1.000000000000000000e+00,-1.000000000000000000e+00,-1.000000000000000000e+00,-1.000000000000000000e+00,-1.000000000000000000e+00,-1.000000000000000000e+00,-1.000000000000000000e+00,-1.000000000000000000e+00,-1.000000000000000000e+00,-1.000000000000000000e+00,-1.000000000000000000e+00,-1.000000000000000000e+00,-1.000000000000000000e+00,-1.000000000000000000e+00,-1.000000000000000000e+00,-1.000000000000000000e+00,-1.000000000000000000e+00,-1.000000000000000000e+00,-1.000000000000000000e+00,-1.000000000000000000e+00,-1.000000000000000000e+00,-1.000000000000000000e+00,-1.000000000000000000e+00,-1.000000000000000000e+00,-1.000000000000000000e+00,-1.000000000000000000e+00,-1.000000000000000000e+00
5.465749502182006836e-01,6.891673803329467773e-01,6.426918730539910030e-08,5.199966430664062500e-01,6.814107894897460938e-01,-3.875127527862787247e-03,4.981486201286315918e-01,6.585421562194824219e-01,-4.711861722171306610e-03,4.845721423625946045e-01,6.375598907470703125e-01,-6.470583844929933548e-03,4.746179580688476562e-01,6.198579072952270508e-01,-8.050447329878807068e-03,5.049884915351867676e-01,6.157070398330688477e-01,3.854646347463130951e-03,4.885319471359252930e-01,5.913453102111816406e-01,-1.170504838228225708e-03,4.762643575668334961e-01,5.769348740577697754e-01,-6.504280958324670792e-03,4.661850929260253906e-01,5.640833973884582520e-01,-1.077214814722537994e-02,5.132593512535095215e-01,6.062221527099609375e-01,3.598466573748737574e-04,4.972117841243743896e-01,5.733478665351867676e-01,-4.603204783052206039e-03,4.859763383865356445e-01,5.538602471351623535e-01,-9.794500656425952911e-03,4.766696095466613770e-01,5.379374623298645020e-01,-1.353242993354797363e-02,5.240979790687561035e-01,6.021696329116821289e-01,-4.778244066983461380e-03,5.106751918792724609e-01,5.662661194801330566e-01,-1.139033585786819458e-02,5.010929107666015625e-01,5.452235341072082520e-01,-1.640668325126171112e-02,4.926264882087707520e-01,5.282487869262695312e-01,-1.967486366629600525e-02,5.367467999458312988e-01,6.032886505126953125e-01,-1.056268718093633652e-02,5.343393087387084961e-01,5.707947015762329102e-01,-1.648275367915630341e-02,5.325984954833984375e-01,5.501822233200073242e-01,-1.948449388146400452e-02,5.301298499107360840e-01,5.331054329872131348e-01,-2.156198583543300629e-02,-1.000000000000000000e+00,-1.000000000000000000e+00,-1.000000000000000000e+00,-1.000000000000000000e+00,-1.000000000000000000e+00,-1.000000000000000000e+00,-1.000000000000000000e+00,-1.000000000000000000e+00,-1.000000000000000000e+00,-1.000000000000000000e+00,-1.000000000000000000e+00,-1.000000000000000000e+00,-1.000000000000000000e+00,-1.000000000000000000e+00,-1.000000000000000000e+00,-1.000000000000000000e+00,-1.000000000000000000e+00,-1.000000000000000000e+00,-1.000000000000000000e+00,-1.000000000000000000e+00,-1.000000000000000000e+00,-1.000000000000000000e+00,-1.000000000000000000e+00,-1.000000000000000000e+00,-1.000000000000000000e+00,-1.000000000000000000e+00,-1.000000000000000000e+00,-1.000000000000000000e+00,-1.000000000000000000e+00,-1.000000000000000000e+00,-1.000000000000000000e+00,-1.000000000000000000e+00,-1.000000000000000000e+00,-1.000000000000000000e+00,-1.000000000000000000e+00,-1.000000000000000000e+00,-1.000000000000000000e+00,-1.000000000000000000e+00,-1.000000000000000000e+00,-1.000000000000000000e+00,-1.000000000000000000e+00,-1.000000000000000000e+00,-1.000000000000000000e+00,-1.000000000000000000e+00,-1.000000000000000000e+00,-1.000000000000000000e+00,-1.000000000000000000e+00,-1.000000000000000000e+00,-1.000000000000000000e+00,-1.000000000000000000e+00,-1.000000000000000000e+00,-1.000000000000000000e+00,-1.000000000000000000e+00,-1.000000000000000000e+00,-1.000000000000000000e+00,-1.000000000000000000e+00,-1.000000000000000000e+00,-1.000000000000000000e+00,-1.000000000000000000e+00,-1.000000000000000000e+00,-1.000000000000000000e+00,-1.000000000000000000e+00,-1.000000000000000000e+00
5.427401661872863770e-01,6.988525390625000000e-01,5.174164741106324072e-08,5.168288350105285645e-01,6.916768550872802734e-01,-4.528213292360305786e-03,4.957519471645355225e-01,6.677477955818176270e-01,-5.558828357607126236e-03,4.819108843803405762e-01,6.484898328781127930e-01,-7.304264232516288757e-03,4.697532653808593750e-01,6.321883201599121094e-01,-8.787067607045173645e-03,5.009464621543884277e-01,6.262207627296447754e-01,2.217326546087861061e-03,4.841052889823913574e-01,6.001316905021667480e-01,-3.465746762230992317e-03,4.710141420364379883e-01,5.851669907569885254e-01,-9.083990938961505890e-03,4.600613117218017578e-01,5.723164677619934082e-01,-1.327549573034048080e-02,5.086435675621032715e-01,6.163148283958435059e-01,-8.837643545120954514e-04,4.928369224071502686e-01,5.828599333763122559e-01,-5.712399259209632874e-03,4.806836843490600586e-01,5.628234744071960449e-01,-1.039734203368425369e-02,4.705219268798828125e-01,5.470018386840820312e-01,-1.375391799956560135e-02,5.185819864273071289e-01,6.124560832977294922e-01,-5.618497263640165329e-03,5.065286159515380859e-01,5.764036178588867188e-01,-1.150088757276535034e-02,4.968724548816680908e-01,5.550793409347534180e-01,-1.567388698458671570e-02,4.879011213779449463e-01,5.373505353927612305e-01,-1.844033598899841309e-02,5.298798680305480957e-01,6.141731142997741699e-01,-1.115774270147085190e-02,5.266152620315551758e-01,5.828846096992492676e-01,-1.664858870208263397e-02,5.224242210388183594e-01,5.623964667320251465e-01,-1.924816146492958069e-02,5.175144672393798828e-01,5.448649525642395020e-01,-2.101060003042221069e-02,-1.000000000000000000e+00,-1.000000000000000000e+00,-1.000000000000000000e+00,-1.000000000000000000e+00,-1.000000000000000000e+00,-1.000000000000000000e+00,-1.000000000000000000e+00,-1.000000000000000000e+00,-1.000000000000000000e+00,-1.000000000000000000e+00,-1.000000000000000000e+00,-1.000000000000000000e+00,-1.000000000000000000e+00,-1.000000000000000000e+00,-1.000000000000000000e+00,-1.000000000000000000e+00,-1.000000000000000000e+00,-1.000000000000000000e+00,-1.000000000000000000e+00,-1.000000000000000000e+00,-1.000000000000000000e+00,-1.000000000000000000e+00,-1.000000000000000000e+00,-1.000000000000000000e+00,-1.000000000000000000e+00,-1.000000000000000000e+00,-1.000000000000000000e+00,-1.000000000000000000e+00,-1.000000000000000000e+00,-1.000000000000000000e+00,-1.000000000000000000e+00,-1.000000000000000000e+00,-1.000000000000000000e+00,-1.000000000000000000e+00,-1.000000000000000000e+00,-1.000000000000000000e+00,-1.000000000000000000e+00,-1.000000000000000000e+00,-1.000000000000000000e+00,-1.000000000000000000e+00,-1.000000000000000000e+00,-1.000000000000000000e+00,-1.000000000000000000e+00,-1.000000000000000000e+00,-1.000000000000000000e+00,-1.000000000000000000e+00,-1.000000000000000000e+00,-1.000000000000000000e+00,-1.000000000000000000e+00,-1.000000000000000000e+00,-1.000000000000000000e+00,-1.000000000000000000e+00,-1.000000000000000000e+00,-1.000000000000000000e+00,-1.000000000000000000e+00,-1.000000000000000000e+00,-1.000000000000000000e+00,-1.000000000000000000e+00,-1.000000000000000000e+00,-1.000000000000000000e+00,-1.000000000000000000e+00,-1.000000000000000000e+00,-1.000000000000000000e+00
5.410524606704711914e-01,6.999104619026184082e-01,6.092101045851450181e-08,5.144973993301391602e-01,6.923242211341857910e-01,-3.450802760198712349e-03,4.935598671436309814e-01,6.690511703491210938e-01,-4.195406101644039154e-03,4.806215167045593262e-01,6.493103504180908203e-01,-5.858042277395725250e-03,4.699768424034118652e-01,6.326406002044677734e-01,-7.413314655423164368e-03,4.992197155952453613e-01,6.243379712104797363e-01,3.727469127625226974e-03,4.837351739406585693e-01,5.991355180740356445e-01,-1.189199159853160381e-03,4.717037081718444824e-01,5.852280259132385254e-01,-6.414568517357110977e-03,4.614410698413848877e-01,5.729088783264160156e-01,-1.054884213954210281e-02,5.071681141853332520e-01,6.155854463577270508e-01,-9.574306204740423709e-06,4.918212592601776123e-01,5.825303792953491211e-01,-4.572962410748004913e-03,4.801728725433349609e-01,5.635483264923095703e-01,-9.672985412180423737e-03,4.704094231128692627e-01,5.479943752288818359e-01,-1.338564790785312653e-02,5.173923373222351074e-01,6.129063963890075684e-01,-5.287684500217437744e-03,5.053756237030029297e-01,5.766947865486145020e-01,-1.120909210294485092e-02,4.959033429622650146e-01,5.559936165809631348e-01,-1.595523953437805176e-02,4.871851801872253418e-01,5.387634038925170898e-01,-1.921066641807556152e-02,5.289382338523864746e-01,6.161050200462341309e-01,-1.120180450379848480e-02,5.255272388458251953e-01,5.850347876548767090e-01,-1.649860292673110962e-02,5.221461057662963867e-01,5.651541948318481445e-01,-1.912798918783664703e-02,5.180718898773193359e-01,5.480532646179199219e-01,-2.103982679545879364e-02,-1.000000000000000000e+00,-1.000000000000000000e+00,-1.000000000000000000e+00,-1.000000000000000000e+00,-1.000000000000000000e+00,-1.000000000000000000e+00,-1.000000000000000000e+00,-1.000000000000000000e+00,-1.000000000000000000e+00,-1.000000000000000000e+00,-1.000000000000000000e+00,-1.000000000000000000e+00,-1.000000000000000000e+00,-1.000000000000000000e+00,-1.000000000000000000e+00,-1.000000000000000000e+00,-1.000000000000000000e+00,-1.000000000000000000e+00,-1.000000000000000000e+00,-1.000000000000000000e+00,-1.000000000000000000e+00,-1.000000000000000000e+00,-1.000000000000000000e+00,-1.000000000000000000e+00,-1.000000000000000000e+00,-1.000000000000000000e+00,-1.000000000000000000e+00,-1.000000000000000000e+00,-1.000000000000000000e+00,-1.000000000000000000e+00,-1.000000000000000000e+00,-1.000000000000000000e+00,-1.000000000000000000e+00,-1.000000000000000000e+00,-1.000000000000000000e+00,-1.000000000000000000e+00,-1.000000000000000000e+00,-1.000000000000000000e+00,-1.000000000000000000e+00,-1.000000000000000000e+00,-1.000000000000000000e+00,-1.000000000000000000e+00,-1.000000000000000000e+00,-1.000000000000000000e+00,-1.000000000000000000e+00,-1.000000000000000000e+00,-1.000000000000000000e+00,-1.000000000000000000e+00,-1.000000000000000000e+00,-1.000000000000000000e+00,-1.000000000000000000e+00,-1.000000000000000000e+00,-1.000000000000000000e+00,-1.000000000000000000e+00,-1.000000000000000000e+00,-1.000000000000000000e+00,-1.000000000000000000e+00,-1.000000000000000000e+00,-1.000000000000000000e+00,-1.000000000000000000e+00,-1.000000000000000000e+00,-1.000000000000000000e+00,-1.000000000000000000e+00
5.410524606704711914e-01,6.999104619026184082e-01,6.092101045851450181e-08,5.144973993301391602e-01,6.923242211341857910e-01,-3.450802760198712349e-03,4.935598671436309814e-01,6.690511703491210938e-01,-4.195406101644039154e-03,4.806215167045593262e-01,6.493103504180908203e-01,-5.858042277395725250e-03,4.699768424034118652e-01,6.326406002044677734e-01,-7.413314655423164368e-03,4.992197155952453613e-01,6.243379712104797363e-01,3.727469127625226974e-03,4.837351739406585693e-01,5.991355180740356445e-01,-1.189199159853160381e-03,4.717037081718444824e-01,5.852280259132385254e-01,-6.414568517357110977e-03,4.614410698413848877e-01,5.729088783264160156e-01,-1.054884213954210281e-02,5.071681141853332520e-01,6.155854463577270508e-01,-9.574306204740423709e-06,4.918212592601776123e-01,5.825303792953491211e-01,-4.572962410748004913e-03,4.801728725433349609e-01,5.635483264923095703e-01,-9.672985412180423737e-03,4.704094231128692627e-01,5.479943752288818359e-01,-1.338564790785312653e-02,5.173923373222351074e-01,6.129063963890075684e-01,-5.287684500217437744e-03,5.053756237030029297e-01,5.766947865486145020e-01,-1.120909210294485092e-02,4.959033429622650146e-01,5.559936165809631348e-01,-1.595523953437805176e-02,4.871851801872253418e-01,5.387634038925170898e-01,-1.921066641807556152e-02,5.289382338523864746e-01,6.161050200462341309e-01,-1.120180450379848480e-02,5.255272388458251953e-01,5.850347876548767090e-01,-1.649860292673110962e-02,5.221461057662963867e-01,5.651541948318481445e-01,-1.912798918783664703e-02,5.180718898773193359e-01,5.480532646179199219e-01,-2.103982679545879364e-02,-1.000000000000000000e+00,-1.000000000000000000e+00,-1.000000000000000000e+00,-1.000000000000000000e+00,-1.000000000000000000e+00,-1.000000000000000000e+00,-1.000000000000000000e+00,-1.000000000000000000e+00,-1.000000000000000000e+00,-1.000000000000000000e+00,-1.000000000000000000e+00,-1.000000000000000000e+00,-1.000000000000000000e+00,-1.000000000000000000e+00,-1.000000000000000000e+00,-1.000000000000000000e+00,-1.000000000000000000e+00,-1.000000000000000000e+00,-1.000000000000000000e+00,-1.000000000000000000e+00,-1.000000000000000000e+00,-1.000000000000000000e+00,-1.000000000000000000e+00,-1.000000000000000000e+00,-1.000000000000000000e+00,-1.000000000000000000e+00,-1.000000000000000000e+00,-1.000000000000000000e+00,-1.000000000000000000e+00,-1.000000000000000000e+00,-1.000000000000000000e+00,-1.000000000000000000e+00,-1.000000000000000000e+00,-1.000000000000000000e+00,-1.000000000000000000e+00,-1.000000000000000000e+00,-1.000000000000000000e+00,-1.000000000000000000e+00,-1.000000000000000000e+00,-1.000000000000000000e+00,-1.000000000000000000e+00,-1.000000000000000000e+00,-1.000000000000000000e+00,-1.000000000000000000e+00,-1.000000000000000000e+00,-1.000000000000000000e+00,-1.000000000000000000e+00,-1.000000000000000000e+00,-1.000000000000000000e+00,-1.000000000000000000e+00,-1.000000000000000000e+00,-1.000000000000000000e+00,-1.000000000000000000e+00,-1.000000000000000000e+00,-1.000000000000000000e+00,-1.000000000000000000e+00,-1.000000000000000000e+00,-1.000000000000000000e+00,-1.000000000000000000e+00,-1.000000000000000000e+00,-1.000000000000000000e+00,-1.000000000000000000e+00,-1.000000000000000000e+00
5.416859388351440430e-01,7.006503939628601074e-01,6.115748618640282075e-08,5.146947503089904785e-01,6.921263337135314941e-01,-4.295582417398691177e-03,4.938159584999084473e-01,6.693121194839477539e-01,-5.792968906462192535e-03,4.802141189575195312e-01,6.498945951461791992e-01,-8.150939829647541046e-03,4.692566692829132080e-01,6.327003836631774902e-01,-1.038510352373123169e-02,4.994629025459289551e-01,6.249120831489562988e-01,3.095816820859909058e-03,4.840724468231201172e-01,5.998103618621826172e-01,-2.693005837500095367e-03,4.719746708869934082e-01,5.858295559883117676e-01,-8.645125664770603180e-03,4.616428911685943604e-01,5.728400945663452148e-01,-1.326471008360385895e-02,5.073730349540710449e-01,6.162927746772766113e-01,-5.077671958133578300e-04,4.921949803829193115e-01,5.835250616073608398e-01,-6.050247699022293091e-03,4.803088009357452393e-01,5.643587708473205566e-01,-1.185873895883560181e-02,4.702359735965728760e-01,5.479169487953186035e-01,-1.599800214171409607e-02,5.176436305046081543e-01,6.136922240257263184e-01,-5.753404460847377777e-03,5.058674216270446777e-01,5.782067179679870605e-01,-1.253823656588792801e-02,4.962441921234130859e-01,5.573976635932922363e-01,-1.763584278523921967e-02,4.874512851238250732e-01,5.396932959556579590e-01,-2.098695188760757446e-02,5.292717218399047852e-01,6.167399883270263672e-01,-1.170429587364196777e-02,5.258242487907409668e-01,5.856381058692932129e-01,-1.755746454000473022e-02,5.225004553794860840e-01,5.655121803283691406e-01,-2.037211507558822632e-02,5.184962749481201172e-01,5.480675697326660156e-01,-2.232936583459377289e-02,-1.000000000000000000e+00,-1.000000000000000000e+00,-1.000000000000000000e+00,-1.000000000000000000e+00,-1.000000000000000000e+00,-1.000000000000000000e+00,-1.000000000000000000e+00,-1.000000000000000000e+00,-1.000000000000000000e+00,-1.000000000000000000e+00,-1.000000000000000000e+00,-1.000000000000000000e+00,-1.000000000000000000e+00,-1.000000000000000000e+00,-1.000000000000000000e+00,-1.000000000000000000e+00,-1.000000000000000000e+00,-1.000000000000000000e+00,-1.000000000000000000e+00,-1.000000000000000000e+00,-1.000000000000000000e+00,-1.000000000000000000e+00,-1.000000000000000000e+00,-1.000000000000000000e+00,-1.000000000000000000e+00,-1.000000000000000000e+00,-1.000000000000000000e+00,-1.000000000000000000e+00,-1.000000000000000000e+00,-1.000000000000000000e+00,-1.000000000000000000e+00,-1.000000000000000000e+00,-1.000000000000000000e+00,-1.000000000000000000e+00,-1.000000000000000000e+00,-1.000000000000000000e+00,-1.000000000000000000e+00,-1.000000000000000000e+00,-1.000000000000000000e+00,-1.000000000000000000e+00,-1.000000000000000000e+00,-1.000000000000000000e+00,-1.000000000000000000e+00,-1.000000000000000000e+00,-1.000000000000000000e+00,-1.000000000000000000e+00,-1.000000000000000000e+00,-1.000000000000000000e+00,-1.000000000000000000e+00,-1.000000000000000000e+00,-1.000000000000000000e+00,-1.000000000000000000e+00,-1.000000000000000000e+00,-1.000000000000000000e+00,-1.000000000000000000e+00,-1.000000000000000000e+00,-1.000000000000000000e+00,-1.000000000000000000e+00,-1.000000000000000000e+00,-1.000000000000000000e+00,-1.000000000000000000e+00,-1.000000000000000000e+00,-1.000000000000000000e+00
5.401166677474975586e-01,7.029078602790832520e-01,5.608419328950731142e-08,5.131741762161254883e-01,6.945749521255493164e-01,-3.941683098673820496e-03,4.920666813850402832e-01,6.714091300964355469e-01,-5.130106117576360703e-03,4.786607921123504639e-01,6.522292494773864746e-01,-7.136744447052478790e-03,4.675561189651489258e-01,6.358124613761901855e-01,-8.991920389235019684e-03,4.983800947666168213e-01,6.274750828742980957e-01,2.790007274597883224e-03,4.824708402156829834e-01,6.026100516319274902e-01,-2.745353849604725838e-03,4.701280593872070312e-01,5.884581804275512695e-01,-8.272112347185611725e-03,4.596715569496154785e-01,5.754570960998535156e-01,-1.254802383482456207e-02,5.061030983924865723e-01,6.188132762908935547e-01,-8.624201291240751743e-04,4.905998110771179199e-01,5.862076878547668457e-01,-6.048759911209344864e-03,4.784919619560241699e-01,5.670276284217834473e-01,-1.117267925292253494e-02,4.681511819362640381e-01,5.508669018745422363e-01,-1.487007644027471542e-02,5.158929228782653809e-01,6.163245439529418945e-01,-6.101706996560096741e-03,5.038134455680847168e-01,5.803991556167602539e-01,-1.255286298692226410e-02,4.941890537738800049e-01,5.597136616706848145e-01,-1.716289855539798737e-02,4.852902591228485107e-01,5.423844456672668457e-01,-2.017282880842685699e-02,5.268519520759582520e-01,6.194353699684143066e-01,-1.203073095530271530e-02,5.227753520011901855e-01,5.879716277122497559e-01,-1.775851100683212280e-02,5.188812613487243652e-01,5.674156546592712402e-01,-2.052877284586429596e-02,5.142518877983093262e-01,5.495361685752868652e-01,-2.245740219950675964e-02,-1.000000000000000000e+00,-1.000000000000000000e+00,-1.000000000000000000e+00,-1.000000000000000000e+00,-1.000000000000000000e+00,-1.000000000000000000e+00,-1.000000000000000000e+00,-1.000000000000000000e+00,-1.000000000000000000e+00,-1.000000000000000000e+00,-1.000000000000000000e+00,-1.000000000000000000e+00,-1.000000000000000000e+00,-1.000000000000000000e+00,-1.000000000000000000e+00,-1.000000000000000000e+00,-1.000000000000000000e+00,-1.000000000000000000e+00,-1.000000000000000000e+00,-1.000000000000000000e+00,-1.000000000000000000e+00,-1.000000000000000000e+00,-1.000000000000000000e+00,-1.000000000000000000e+00,-1.000000000000000000e+00,-1.000000000000000000e+00,-1.000000000000000000e+00,-1.000000000000000000e+00,-1.000000000000000000e+00,-1.000000000000000000e+00,-1.000000000000000000e+00,-1.000000000000000000e+00,-1.000000000000000000e+00,-1.000000000000000000e+00,-1.000000000000000000e+00,-1.000000000000000000e+00,-1.000000000000000000e+00,-1.000000000000000000e+00,-1.000000000000000000e+00,-1.000000000000000000e+00,-1.000000000000000000e+00,-1.000000000000000000e+00,-1.000000000000000000e+00,-1.000000000000000000e+00,-1.000000000000000000e+00,-1.000000000000000000e+00,-1.000000000000000000e+00,-1.000000000000000000e+00,-1.000000000000000000e+00,-1.000000000000000000e+00,-1.000000000000000000e+00,-1.000000000000000000e+00,-1.000000000000000000e+00,-1.000000000000000000e+00,-1.000000000000000000e+00,-1.000000000000000000e+00,-1.000000000000000000e+00,-1.000000000000000000e+00,-1.000000000000000000e+00,-1.000000000000000000e+00,-1.000000000000000000e+00,-1.000000000000000000e+00,-1.000000000000000000e+00
5.400414466857910156e-01,7.029729485511779785e-01,6.801580099136117497e-08,5.129451155662536621e-01,6.940423250198364258e-01,-4.375445656478404999e-03,4.916990399360656738e-01,6.715595722198486328e-01,-6.100240629166364670e-03,4.777429401874542236e-01,6.533598899841308594e-01,-8.613862097263336182e-03,4.669762551784515381e-01,6.368888020515441895e-01,-1.105401571840047836e-02,4.979562163352966309e-01,6.276230216026306152e-01,1.856573508121073246e-03,4.822868108749389648e-01,6.023232340812683105e-01,-4.493142012506723404e-03,4.699179530143737793e-01,5.883220434188842773e-01,-1.067265588790178299e-02,4.593282938003540039e-01,5.750882625579833984e-01,-1.531777996569871902e-02,5.056949853897094727e-01,6.195749044418334961e-01,-1.849236199632287025e-03,4.904047846794128418e-01,5.866200923919677734e-01,-7.841049693524837494e-03,4.784185588359832764e-01,5.670188665390014648e-01,-1.377187296748161316e-02,4.683270454406738281e-01,5.498378276824951172e-01,-1.796169206500053406e-02,5.156705379486083984e-01,6.175721287727355957e-01,-7.141346577554941177e-03,5.042312741279602051e-01,5.822951197624206543e-01,-1.427844725549221039e-02,4.948970377445220947e-01,5.614172220230102539e-01,-1.948014833033084869e-02,4.864300191402435303e-01,5.434743165969848633e-01,-2.280536852777004242e-02,5.269038081169128418e-01,6.210381388664245605e-01,-1.311718206852674484e-02,5.229261517524719238e-01,5.896298885345458984e-01,-1.919858716428279877e-02,5.195826292037963867e-01,5.692656636238098145e-01,-2.203889004886150360e-02,5.157262682914733887e-01,5.514115095138549805e-01,-2.395369112491607666e-02,-1.000000000000000000e+00,-1.000000000000000000e+00,-1.000000000000000000e+00,-1.000000000000000000e+00,-1.000000000000000000e+00,-1.000000000000000000e+00,-1.000000000000000000e+00,-1.000000000000000000e+00,-1.000000000000000000e+00,-1.000000000000000000e+00,-1.000000000000000000e+00,-1.000000000000000000e+00,-1.000000000000000000e+00,-1.000000000000000000e+00,-1.000000000000000000e+00,-1.000000000000000000e+00,-1.000000000000000000e+00,-1.000000000000000000e+00,-1.000000000000000000e+00,-1.000000000000000000e+00,-1.000000000000000000e+00,-1.000000000000000000e+00,-1.000000000000000000e+00,-1.000000000000000000e+00,-1.000000000000000000e+00,-1.000000000000000000e+00,-1.000000000000000000e+00,-1.000000000000000000e+00,-1.000000000000000000e+00,-1.000000000000000000e+00,-1.000000000000000000e+00,-1.000000000000000000e+00,-1.000000000000000000e+00,-1.000000000000000000e+00,-1.000000000000000000e+00,-1.000000000000000000e+00,-1.000000000000000000e+00,-1.000000000000000000e+00,-1.000000000000000000e+00,-1.000000000000000000e+00,-1.000000000000000000e+00,-1.000000000000000000e+00,-1.000000000000000000e+00,-1.000000000000000000e+00,-1.000000000000000000e+00,-1.000000000000000000e+00,-1.000000000000000000e+00,-1.000000000000000000e+00,-1.000000000000000000e+00,-1.000000000000000000e+00,-1.000000000000000000e+00,-1.000000000000000000e+00,-1.000000000000000000e+00,-1.000000000000000000e+00,-1.000000000000000000e+00,-1.000000000000000000e+00,-1.000000000000000000e+00,-1.000000000000000000e+00,-1.000000000000000000e+00,-1.000000000000000000e+00,-1.000000000000000000e+00,-1.000000000000000000e+00,-1.000000000000000000e+00
5.400414466857910156e-01,7.029729485511779785e-01,6.801580099136117497e-08,5.129451155662536621e-01,6.940423250198364258e-01,-4.375445656478404999e-03,4.916990399360656738e-01,6.715595722198486328e-01,-6.100240629166364670e-03,4.777429401874542236e-01,6.533598899841308594e-01,-8.613862097263336182e-03,4.669762551784515381e-01,6.368888020515441895e-01,-1.105401571840047836e-02,4.979562163352966309e-01,6.276230216026306152e-01,1.856573508121073246e-03,4.822868108749389648e-01,6.023232340812683105e-01,-4.493142012506723404e-03,4.699179530143737793e-01,5.883220434188842773e-01,-1.067265588790178299e-02,4.593282938003540039e-01,5.750882625579833984e-01,-1.531777996569871902e-02,5.056949853897094727e-01,6.195749044418334961e-01,-1.849236199632287025e-03,4.904047846794128418e-01,5.866200923919677734e-01,-7.841049693524837494e-03,4.784185588359832764e-01,5.670188665390014648e-01,-1.377187296748161316e-02,4.683270454406738281e-01,5.498378276824951172e-01,-1.796169206500053406e-02,5.156705379486083984e-01,6.175721287727355957e-01,-7.141346577554941177e-03,5.042312741279602051e-01,5.822951197624206543e-01,-1.427844725549221039e-02,4.948970377445220947e-01,5.614172220230102539e-01,-1.948014833033084869e-02,4.864300191402435303e-01,5.434743165969848633e-01,-2.280536852777004242e-02,5.269038081169128418e-01,6.210381388664245605e-01,-1.311718206852674484e-02,5.229261517524719238e-01,5.896298885345458984e-01,-1.919858716428279877e-02,5.195826292037963867e-01,5.692656636238098145e-01,-2.203889004886150360e-02,5.157262682914733887e-01,5.514115095138549805e-01,-2.395369112491607666e-02,-1.000000000000000000e+00,-1.000000000000000000e+00,-1.000000000000000000e+00,-1.000000000000000000e+00,-1.000000000000000000e+00,-1.000000000000000000e+00,-1.000000000000000000e+00,-1.000000000000000000e+00,-1.000000000000000000e+00,-1.000000000000000000e+00,-1.000000000000000000e+00,-1.000000000000000000e+00,-1.000000000000000000e+00,-1.000000000000000000e+00,-1.000000000000000000e+00,-1.000000000000000000e+00,-1.000000000000000000e+00,-1.000000000000000000e+00,-1.000000000000000000e+00,-1.000000000000000000e+00,-1.000000000000000000e+00,-1.000000000000000000e+00,-1.000000000000000000e+00,-1.000000000000000000e+00,-1.000000000000000000e+00,-1.000000000000000000e+00,-1.000000000000000000e+00,-1.000000000000000000e+00,-1.000000000000000000e+00,-1.000000000000000000e+00,-1.000000000000000000e+00,-1.000000000000000000e+00,-1.000000000000000000e+00,-1.000000000000000000e+00,-1.000000000000000000e+00,-1.000000000000000000e+00,-1.000000000000000000e+00,-1.000000000000000000e+00,-1.000000000000000000e+00,-1.000000000000000000e+00,-1.000000000000000000e+00,-1.000000000000000000e+00,-1.000000000000000000e+00,-1.000000000000000000e+00,-1.000000000000000000e+00,-1.000000000000000000e+00,-1.000000000000000000e+00,-1.000000000000000000e+00,-1.000000000000000000e+00,-1.000000000000000000e+00,-1.000000000000000000e+00,-1.000000000000000000e+00,-1.000000000000000000e+00,-1.000000000000000000e+00,-1.000000000000000000e+00,-1.000000000000000000e+00,-1.000000000000000000e+00,-1.000000000000000000e+00,-1.000000000000000000e+00,-1.000000000000000000e+00,-1.000000000000000000e+00,-1.000000000000000000e+00,-1.000000000000000000e+00
5.399621129035949707e-01,7.027269005775451660e-01,6.955726661317385151e-08,5.127662420272827148e-01,6.939660310745239258e-01,-4.130444023758172989e-03,4.918002784252166748e-01,6.713837981224060059e-01,-5.603380966931581497e-03,4.777365028858184814e-01,6.532324552536010742e-01,-7.922966964542865753e-03,4.662558734416961670e-01,6.373694539070129395e-01,-1.017053704708814621e-02,4.980570971965789795e-01,6.281760334968566895e-01,2.419594442471861839e-03,4.823697805404663086e-01,6.025424599647521973e-01,-3.584460821002721786e-03,4.699819982051849365e-01,5.886878967285156250e-01,-9.448265656828880310e-03,4.593678414821624756e-01,5.759946107864379883e-01,-1.383155491203069687e-02,5.058409571647644043e-01,6.198319792747497559e-01,-1.310899388045072556e-03,4.907502830028533936e-01,5.862693786621093750e-01,-7.036126218736171722e-03,4.787116050720214844e-01,5.668558478355407715e-01,-1.280186511576175690e-02,4.685099720954895020e-01,5.502019524574279785e-01,-1.682261750102043152e-02,5.156602859497070312e-01,6.174497008323669434e-01,-6.622466724365949631e-03,5.044561028480529785e-01,5.818736553192138672e-01,-1.356715988367795944e-02,4.950627684593200684e-01,5.611443519592285156e-01,-1.875997520983219147e-02,4.864198267459869385e-01,5.433685779571533203e-01,-2.208429202437400818e-02,5.265802145004272461e-01,6.205756068229675293e-01,-1.258899550884962082e-02,5.229529142379760742e-01,5.894468426704406738e-01,-1.848224736750125885e-02,5.195959210395812988e-01,5.693556070327758789e-01,-2.123874239623546600e-02,5.155678987503051758e-01,5.516814589500427246e-01,-2.311573922634124756e-02,-1.000000000000000000e+00,-1.000000000000000000e+00,-1.000000000000000000e+00,-1.000000000000000000e+00,-1.000000000000000000e+00,-1.000000000000000000e+00,-1.000000000000000000e+00,-1.000000000000000000e+00,-1.000000000000000000e+00,-1.000000000000000000e+00,-1.000000000000000000e+00,-1.000000000000000000e+00,-1.000000000000000000e+00,-1.000000000000000000e+00,-1.000000000000000000e+00,-1.000000000000000000e+00,-1.000000000000000000e+00,-1.000000000000000000e+00,-1.000000000000000000e+00,-1.000000000000000000e+00,-1.000000000000000000e+00,-1.000000000000000000e+00,-1.000000000000000000e+00,-1.000000000000000000e+00,-1.000000000000000000e+00,-1.000000000000000000e+00,-1.000000000000000000e+00,-1.000000000000000000e+00,-1.000000000000000000e+00,-1.000000000000000000e+00,-1.000000000000000000e+00,-1.000000000000000000e+00,-1.000000000000000000e+00,-1.000000000000000000e+00,-1.000000000000000000e+00,-1.000000000000000000e+00,-1.000000000000000000e+00,-1.000000000000000000e+00,-1.000000000000000000e+00,-1.000000000000000000e+00,-1.000000000000000000e+00,-1.000000000000000000e+00,-1.000000000000000000e+00,-1.000000000000000000e+00,-1.000000000000000000e+00,-1.000000000000000000e+00,-1.000000000000000000e+00,-1.000000000000000000e+00,-1.000000000000000000e+00,-1.000000000000000000e+00,-1.000000000000000000e+00,-1.000000000000000000e+00,-1.000000000000000000e+00,-1.000000000000000000e+00,-1.000000000000000000e+00,-1.000000000000000000e+00,-1.000000000000000000e+00,-1.000000000000000000e+00,-1.000000000000000000e+00,-1.000000000000000000e+00,-1.000000000000000000e+00,-1.000000000000000000e+00,-1.000000000000000000e+00
5.398375988006591797e-01,7.033445239067077637e-01,7.067078655609293492e-08,5.128041505813598633e-01,6.944352388381958008e-01,-4.111729562282562256e-03,4.920695424079895020e-01,6.709661483764648438e-01,-5.560953635722398758e-03,4.781902134418487549e-01,6.521930098533630371e-01,-7.867761887609958649e-03,4.670698046684265137e-01,6.352499127388000488e-01,-1.009407546371221542e-02,4.981315433979034424e-01,6.290304660797119141e-01,2.275738632306456566e-03,4.826644957065582275e-01,6.024533510208129883e-01,-3.753278870135545731e-03,4.705701768398284912e-01,5.881237983703613281e-01,-9.577295742928981781e-03,4.603694975376129150e-01,5.750295519828796387e-01,-1.391821075230836868e-02,5.059087276458740234e-01,6.205506324768066406e-01,-1.400892739184200764e-03,4.907763600349426270e-01,5.866524577140808105e-01,-7.123031653463840485e-03,4.788285195827484131e-01,5.668125748634338379e-01,-1.287426333874464035e-02,4.688411653041839600e-01,5.499463677406311035e-01,-1.687325909733772278e-02,5.159698128700256348e-01,6.177179217338562012e-01,-6.625944748520851135e-03,5.047332048416137695e-01,5.813955664634704590e-01,-1.340871118009090424e-02,4.956001639366149902e-01,5.604803562164306641e-01,-1.845785416662693024e-02,4.872648119926452637e-01,5.427042245864868164e-01,-2.171526663005352020e-02,5.273213982582092285e-01,6.203904151916503906e-01,-1.251705735921859741e-02,5.236771702766418457e-01,5.889310836791992188e-01,-1.829966530203819275e-02,5.202286839485168457e-01,5.687524676322937012e-01,-2.098764479160308838e-02,5.161767601966857910e-01,5.512169599533081055e-01,-2.280725166201591492e-02,-1.000000000000000000e+00,-1.000000000000000000e+00,-1.000000000000000000e+00,-1.000000000000000000e+00,-1.000000000000000000e+00,-1.000000000000000000e+00,-1.000000000000000000e+00,-1.000000000000000000e+00,-1.000000000000000000e+00,-1.000000000000000000e+00,-1.000000000000000000e+00,-1.000000000000000000e+00,-1.000000000000000000e+00,-1.000000000000000000e+00,-1.000000000000000000e+00,-1.000000000000000000e+00,-1.000000000000000000e+00,-1.000000000000000000e+00,-1.000000000000000000e+00,-1.000000000000000000e+00,-1.000000000000000000e+00,-1.000000000000000000e+00,-1.000000000000000000e+00,-1.000000000000000000e+00,-1.000000000000000000e+00,-1.000000000000000000e+00,-1.000000000000000000e+00,-1.000000000000000000e+00,-1.000000000000000000e+00,-1.000000000000000000e+00,-1.000000000000000000e+00,-1.000000000000000000e+00,-1.000000000000000000e+00,-1.000000000000000000e+00,-1.000000000000000000e+00,-1.000000000000000000e+00,-1.000000000000000000e+00,-1.000000000000000000e+00,-1.000000000000000000e+00,-1.000000000000000000e+00,-1.000000000000000000e+00,-1.000000000000000000e+00,-1.000000000000000000e+00,-1.000000000000000000e+00,-1.000000000000000000e+00,-1.000000000000000000e+00,-1.000000000000000000e+00,-1.000000000000000000e+00,-1.000000000000000000e+00,-1.000000000000000000e+00,-1.000000000000000000e+00,-1.000000000000000000e+00,-1.000000000000000000e+00,-1.000000000000000000e+00,-1.000000000000000000e+00,-1.000000000000000000e+00,-1.000000000000000000e+00,-1.000000000000000000e+00,-1.000000000000000000e+00,-1.000000000000000000e+00,-1.000000000000000000e+00,-1.000000000000000000e+00,-1.000000000000000000e+00
5.401007533073425293e-01,7.027788162231445312e-01,7.353035869073210051e-08,5.132373571395874023e-01,6.935553550720214844e-01,-3.943718038499355316e-03,4.927494525909423828e-01,6.699137687683105469e-01,-5.350189283490180969e-03,4.793249070644378662e-01,6.513429880142211914e-01,-7.622765842825174332e-03,4.681708812713623047e-01,6.346843242645263672e-01,-9.873010218143463135e-03,4.990161657333374023e-01,6.273548603057861328e-01,2.125966362655162811e-03,4.838238954544067383e-01,6.004202365875244141e-01,-4.028271883726119995e-03,4.717635512351989746e-01,5.862808227539062500e-01,-9.972979314625263214e-03,4.613777101039886475e-01,5.736233592033386230e-01,-1.436314824968576431e-02,5.069867372512817383e-01,6.194402575492858887e-01,-1.679404755122959614e-03,4.923183619976043701e-01,5.849318504333496094e-01,-7.362060248851776123e-03,4.805213510990142822e-01,5.649623274803161621e-01,-1.318262610584497452e-02,4.705525040626525879e-01,5.479793548583984375e-01,-1.725669950246810913e-02,5.170986056327819824e-01,6.175045371055603027e-01,-7.006217725574970245e-03,5.057845711708068848e-01,5.805959701538085938e-01,-1.376230921596288681e-02,4.965430796146392822e-01,5.599389076232910156e-01,-1.886057481169700623e-02,4.880369305610656738e-01,5.423566102981567383e-01,-2.219855412840843201e-02,5.284556746482849121e-01,6.212594509124755859e-01,-1.297628320753574371e-02,5.250476598739624023e-01,5.901395082473754883e-01,-1.889165677130222321e-02,5.214711427688598633e-01,5.699262022972106934e-01,-2.168899402022361755e-02,5.172824859619140625e-01,5.520434975624084473e-01,-2.359577454626560211e-02,-1.000000000000000000e+00,-1.000000000000000000e+00,-1.000000000000000000e+00,-1.000000000000000000e+00,-1.000000000000000000e+00,-1.000000000000000000e+00,-1.000000000000000000e+00,-1.000000000000000000e+00,-1.000000000000000000e+00,-1.000000000000000000e+00,-1.000000000000000000e+00,-1.000000000000000000e+00,-1.000000000000000000e+00,-1.000000000000000000e+00,-1.000000000000000000e+00,-1.000000000000000000e+00,-1.000000000000000000e+00,-1.000000000000000000e+00,-1.000000000000000000e+00,-1.000000000000000000e+00,-1.000000000000000000e+00,-1.000000000000000000e+00,-1.000000000000000000e+00,-1.000000000000000000e+00,-1.000000000000000000e+00,-1.000000000000000000e+00,-1.000000000000000000e+00,-1.000000000000000000e+00,-1.000000000000000000e+00,-1.000000000000000000e+00,-1.000000000000000000e+00,-1.000000000000000000e+00,-1.000000000000000000e+00,-1.000000000000000000e+00,-1.000000000000000000e+00,-1.000000000000000000e+00,-1.000000000000000000e+00,-1.000000000000000000e+00,-1.000000000000000000e+00,-1.000000000000000000e+00,-1.000000000000000000e+00,-1.000000000000000000e+00,-1.000000000000000000e+00,-1.000000000000000000e+00,-1.000000000000000000e+00,-1.000000000000000000e+00,-1.000000000000000000e+00,-1.000000000000000000e+00,-1.000000000000000000e+00,-1.000000000000000000e+00,-1.000000000000000000e+00,-1.000000000000000000e+00,-1.000000000000000000e+00,-1.000000000000000000e+00,-1.000000000000000000e+00,-1.000000000000000000e+00,-1.000000000000000000e+00,-1.000000000000000000e+00,-1.000000000000000000e+00,-1.000000000000000000e+00,-1.000000000000000000e+00,-1.000000000000000000e+00,-1.000000000000000000e+00
5.401007533073425293e-01,7.027788162231445312e-01,7.353035869073210051e-08,5.132373571395874023e-01,6.935553550720214844e-01,-3.943718038499355316e-03,4.927494525909423828e-01,6.699137687683105469e-01,-5.350189283490180969e-03,4.793249070644378662e-01,6.513429880142211914e-01,-7.622765842825174332e-03,4.681708812713623047e-01,6.346843242645263672e-01,-9.873010218143463135e-03,4.990161657333374023e-01,6.273548603057861328e-01,2.125966362655162811e-03,4.838238954544067383e-01,6.004202365875244141e-01,-4.028271883726119995e-03,4.717635512351989746e-01,5.862808227539062500e-01,-9.972979314625263214e-03,4.613777101039886475e-01,5.736233592033386230e-01,-1.436314824968576431e-02,5.069867372512817383e-01,6.194402575492858887e-01,-1.679404755122959614e-03,4.923183619976043701e-01,5.849318504333496094e-01,-7.362060248851776123e-03,4.805213510990142822e-01,5.649623274803161621e-01,-1.318262610584497452e-02,4.705525040626525879e-01,5.479793548583984375e-01,-1.725669950246810913e-02,5.170986056327819824e-01,6.175045371055603027e-01,-7.006217725574970245e-03,5.057845711708068848e-01,5.805959701538085938e-01,-1.376230921596288681e-02,4.965430796146392822e-01,5.599389076232910156e-01,-1.886057481169700623e-02,4.880369305610656738e-01,5.423566102981567383e-01,-2.219855412840843201e-02,5.284556746482849121e-01,6.212594509124755859e-01,-1.297628320753574371e-02,5.250476598739624023e-01,5.901395082473754883e-01,-1.889165677130222321e-02,5.214711427688598633e-01,5.699262022972106934e-01,-2.168899402022361755e-02,5.172824859619140625e-01,5.520434975624084473e-01,-2.359577454626560211e-02,-1.000000000000000000e+00,-1.000000000000000000e+00,-1.000000000000000000e+00,-1.000000000000000000e+00,-1.000000000000000000e+00,-1.000000000000000000e+00,-1.000000000000000000e+00,-1.000000000000000000e+00,-1.000000000000000000e+00,-1.000000000000000000e+00,-1.000000000000000000e+00,-1.000000000000000000e+00,-1.000000000000000000e+00,-1.000000000000000000e+00,-1.000000000000000000e+00,-1.000000000000000000e+00,-1.000000000000000000e+00,-1.000000000000000000e+00,-1.000000000000000000e+00,-1.000000000000000000e+00,-1.000000000000000000e+00,-1.000000000000000000e+00,-1.000000000000000000e+00,-1.000000000000000000e+00,-1.000000000000000000e+00,-1.000000000000000000e+00,-1.000000000000000000e+00,-1.000000000000000000e+00,-1.000000000000000000e+00,-1.000000000000000000e+00,-1.000000000000000000e+00,-1.000000000000000000e+00,-1.000000000000000000e+00,-1.000000000000000000e+00,-1.000000000000000000e+00,-1.000000000000000000e+00,-1.000000000000000000e+00,-1.000000000000000000e+00,-1.000000000000000000e+00,-1.000000000000000000e+00,-1.000000000000000000e+00,-1.000000000000000000e+00,-1.000000000000000000e+00,-1.000000000000000000e+00,-1.000000000000000000e+00,-1.000000000000000000e+00,-1.000000000000000000e+00,-1.000000000000000000e+00,-1.000000000000000000e+00,-1.000000000000000000e+00,-1.000000000000000000e+00,-1.000000000000000000e+00,-1.000000000000000000e+00,-1.000000000000000000e+00,-1.000000000000000000e+00,-1.000000000000000000e+00,-1.000000000000000000e+00,-1.000000000000000000e+00,-1.000000000000000000e+00,-1.000000000000000000e+00,-1.000000000000000000e+00,-1.000000000000000000e+00,-1.000000000000000000e+00
5.403989553451538086e-01,7.030080556869506836e-01,6.695892551533688675e-08,5.137950778007507324e-01,6.933646798133850098e-01,-3.599338699132204056e-03,4.931116402149200439e-01,6.683003306388854980e-01,-4.598481580615043640e-03,4.799093008041381836e-01,6.493682861328125000e-01,-6.497621536254882812e-03,4.689461290836334229e-01,6.328514814376831055e-01,-8.380557410418987274e-03,5.004213452339172363e-01,6.256569027900695801e-01,2.563609275966882706e-03,4.855166971683502197e-01,5.985777378082275391e-01,-3.142914501950144768e-03,4.735180139541625977e-01,5.842245817184448242e-01,-8.767276071012020111e-03,4.631579816341400146e-01,5.714519023895263672e-01,-1.306851580739021301e-02,5.083676576614379883e-01,6.181179881095886230e-01,-1.360678463242948055e-03,4.940478503704071045e-01,5.832493901252746582e-01,-6.696599069982767105e-03,4.827840030193328857e-01,5.631552338600158691e-01,-1.221171300858259201e-02,4.734107851982116699e-01,5.459723472595214844e-01,-1.610940322279930115e-02,5.185499787330627441e-01,6.166906356811523438e-01,-6.778446957468986511e-03,5.071766972541809082e-01,5.790693759918212891e-01,-1.325896102935075760e-02,4.984449446201324463e-01,5.583002567291259766e-01,-1.805047877132892609e-02,4.905373156070709229e-01,5.404320955276489258e-01,-2.124336361885070801e-02,5.300755500793457031e-01,6.209478974342346191e-01,-1.283670496195554733e-02,5.268375873565673828e-01,5.900103449821472168e-01,-1.860415935516357422e-02,5.232390761375427246e-01,5.698794126510620117e-01,-2.127831801772117615e-02,5.191573500633239746e-01,5.519378185272216797e-01,-2.313867397606372833e-02,-1.000000000000000000e+00,-1.000000000000000000e+00,-1.000000000000000000e+00,-1.000000000000000000e+00,-1.000000000000000000e+00,-1.000000000000000000e+00,-1.000000000000000000e+00,-1.000000000000000000e+00,-1.000000000000000000e+00,-1.000000000000000000e+00,-1.000000000000000000e+00,-1.000000000000000000e+00,-1.000000000000000000e+00,-1.000000000000000000e+00,-1.000000000000000000e+00,-1.000000000000000000e+00,-1.000000000000000000e+00,-1.000000000000000000e+00,-1.000000000000000000e+00,-1.000000000000000000e+00,-1.000000000000000000e+00,-1.000000000000000000e+00,-1.000000000000000000e+00,-1.000000000000000000e+00,-1.000000000000000000e+00,-1.000000000000000000e+00,-1.000000000000000000e+00,-1.000000000000000000e+00,-1.000000000000000000e+00,-1.000000000000000000e+00,-1.000000000000000000e+00,-1.000000000000000000e+00,-1.000000000000000000e+00,-1.000000000000000000e+00,-1.000000000000000000e+00,-1.000000000000000000e+00,-1.000000000000000000e+00,-1.000000000000000000e+00,-1.000000000000000000e+00,-1.000000000000000000e+00,-1.000000000000000000e+00,-1.000000000000000000e+00,-1.000000000000000000e+00,-1.000000000000000000e+00,-1.000000000000000000e+00,-1.000000000000000000e+00,-1.000000000000000000e+00,-1.000000000000000000e+00,-1.000000000000000000e+00,-1.000000000000000000e+00,-1.000000000000000000e+00,-1.000000000000000000e+00,-1.000000000000000000e+00,-1.000000000000000000e+00,-1.000000000000000000e+00,-1.000000000000000000e+00,-1.000000000000000000e+00,-1.000000000000000000e+00,-1.000000000000000000e+00,-1.000000000000000000e+00,-1.000000000000000000e+00,-1.000000000000000000e+00,-1.000000000000000000e+00
