7.682890892028808594e-01,5.510286688804626465e-01,-2.810650983064988395e-07,7.538908123970031738e-01,4.972291588783264160e-01,5.739289801567792892e-03,7.274969816207885742e-01,4.592694044113159180e-01,3.514958370942622423e-04,6.980779767036437988e-01,4.435460865497589111e-01,-6.874136626720428467e-03,6.772839426994323730e-01,4.458971619606018066e-01,-1.431424636393785477e-02,7.122369408607482910e-01,4.134790897369384766e-01,-1.338366791605949402e-02,6.560319662094116211e-01,4.425166249275207520e-01,-2.394485473632812500e-02,6.481223106384277344e-01,4.695805609226226807e-01,-2.625986747443675995e-02,6.539208292961120605e-01,4.777471423149108887e-01,-2.749900706112384796e-02,7.155077457427978516e-01,4.328368008136749268e-01,-2.351645752787590027e-02,6.502462625503540039e-01,4.642893075942993164e-01,-3.303012251853942871e-02,6.527639627456665039e-01,4.915869235992431641e-01,-2.915574796497821808e-02,6.656800508499145508e-01,4.988098442554473877e-01,-2.710075676441192627e-02,7.168266177177429199e-01,4.638452529907226562e-01,-3.305082395672798157e-02,6.586853265762329102e-01,5.021955370903015137e-01,-3.978940844535827637e-02,6.690161824226379395e-01,5.209969282150268555e-01,-3.208858147263526917e-02,6.846703886985778809e-01,5.191922187805175781e-01,-2.856593951582908630e-02,7.175328731536865234e-01,4.999871551990509033e-01,-4.233098030090332031e-02,6.768369674682617188e-01,5.329200029373168945e-01,-4.886484518647193909e-02,6.862932443618774414e-01,5.431451797485351562e-01,-4.636371508240699768e-02,6.993744373321533203e-01,5.376694798469543457e-01,-4.467435181140899658e-02,-1.000000000000000000e+00,-1.000000000000000000e+00,-1.000000000000000000e+00,-1.000000000000000000e+00,-1.000000000000000000e+00,-1.000000000000000000e+00,-1.000000000000000000e+00,-1.000000000000000000e+00,-1.000000000000000000e+00,-1.000000000000000000e+00,-1.000000000000000000e+00,-1.000000000000000000e+00,-1.000000000000000000e+00,-1.000000000000000000e+00,-1.000000000000000000e+00,-1.000000000000000000e+00,-1.000000000000000000e+00,-1.000000000000000000e+00,-1.000000000000000000e+00,-1.000000000000000000e+00,-1.000000000000000000e+00,-1.000000000000000000e+00,-1.000000000000000000e+00,-1.000000000000000000e+00,-1.000000000000000000e+00,-1.000000000000000000e+00,-1.000000000000000000e+00,-1.000000000000000000e+00,-1.000000000000000000e+00,-1.000000000000000000e+00,-1.000000000000000000e+00,-1.000000000000000000e+00,-1.000000000000000000e+00,-1.000000000000000000e+00,-1.000000000000000000e+00,-1.000000000000000000e+00,-1.000000000000000000e+00,-1.000000000000000000e+00,-1.000000000000000000e+00,-1.000000000000000000e+00,-1.000000000000000000e+00,-1.000000000000000000e+00,-1.000000000000000000e+00,-1.000000000000000000e+00,-1.000000000000000000e+00,-1.000000000000000000e+00,-1.000000000000000000e+00,-1.000000000000000000e+00,-1.000000000000000000e+00,-1.000000000000000000e+00,-1.000000000000000000e+00,-1.000000000000000000e+00,-1.000000000000000000e+00,-1.000000000000000000e+00,-1.000000000000000000e+00,-1.000000000000000000e+00,-1.000000000000000000e+00,-1.000000000000000000e+00,-1.000000000000000000e+00,-1.000000000000000000e+00,-1.000000000000000000e+00,-1.000000000000000000e+00,-1.000000000000000000e+00
7.682890892028808594e-01,5.510286688804626465e-01,-2.810650983064988395e-07,7.538908123970031738e-01,4.972291588783264160e-01,5.739289801567792892e-03,7.274969816207885742e-01,4.592694044113159180e-01,3.514958370942622423e-04,6.980779767036437988e-01,4.435460865497589111e-01,-6.874136626720428467e-03,6.772839426994323730e-01,4.458971619606018066e-01,-1.431424636393785477e-02,7.122369408607482910e-01,4.134790897369384766e-01,-1.338366791605949402e-02,6.560319662094116211e-01,4.425166249275207520e-01,-2.394485473632812500e-02,6.481223106384277344e-01,4.695805609226226807e-01,-2.625986747443675995e-02,6.539208292961120605e-01,4.777471423149108887e-01,-2.749900706112384796e-02,7.155077457427978516e-01,4.328368008136749268e-01,-2.351645752787590027e-02,6.502462625503540039e-01,4.642893075942993164e-01,-3.303012251853942871e-02,6.527639627456665039e-01,4.915869235992431641e-01,-2.915574796497821808e-02,6.656800508499145508e-01,4.988098442554473877e-01,-2.710075676441192627e-02,7.168266177177429199e-01,4.638452529907226562e-01,-3.305082395672798157e-02,6.586853265762329102e-01,5.021955370903015137e-01,-3.978940844535827637e-02,6.690161824226379395e-01,5.209969282150268555e-01,-3.208858147263526917e-02,6.846703886985778809e-01,5.191922187805175781e-01,-2.856593951582908630e-02,7.175328731536865234e-01,4.999871551990509033e-01,-4.233098030090332031e-02,6.768369674682617188e-01,5.329200029373168945e-01,-4.886484518647193909e-02,6.862932443618774414e-01,5.431451797485351562e-01,-4.636371508240699768e-02,6.993744373321533203e-01,5.376694798469543457e-01,-4.467435181140899658e-02,-1.000000000000000000e+00,-1.000000000000000000e+00,-1.000000000000000000e+00,-1.000000000000000000e+00,-1.000000000000000000e+00,-1.000000000000000000e+00,-1.000000000000000000e+00,-1.000000000000000000e+00,-1.000000000000000000e+00,-1.000000000000000000e+00,-1.000000000000000000e+00,-1.000000000000000000e+00,-1.000000000000000000e+00,-1.000000000000000000e+00,-1.000000000000000000e+00,-1.000000000000000000e+00,-1.000000000000000000e+00,-1.000000000000000000e+00,-1.000000000000000000e+00,-1.000000000000000000e+00,-1.000000000000000000e+00,-1.000000000000000000e+00,-1.000000000000000000e+00,-1.000000000000000000e+00,-1.000000000000000000e+00,-1.000000000000000000e+00,-1.000000000000000000e+00,-1.000000000000000000e+00,-1.000000000000000000e+00,-1.000000000000000000e+00,-1.000000000000000000e+00,-1.000000000000000000e+00,-1.000000000000000000e+00,-1.000000000000000000e+00,-1.000000000000000000e+00,-1.000000000000000000e+00,-1.000000000000000000e+00,-1.000000000000000000e+00,-1.000000000000000000e+00,-1.000000000000000000e+00,-1.000000000000000000e+00,-1.000000000000000000e+00,-1.000000000000000000e+00,-1.000000000000000000e+00,-1.000000000000000000e+00,-1.000000000000000000e+00,-1.000000000000000000e+00,-1.000000000000000000e+00,-1.000000000000000000e+00,-1.000000000000000000e+00,-1.000000000000000000e+00,-1.000000000000000000e+00,-1.000000000000000000e+00,-1.000000000000000000e+00,-1.000000000000000000e+00,-1.000000000000000000e+00,-1.000000000000000000e+00,-1.000000000000000000e+00,-1.000000000000000000e+00,-1.000000000000000000e+00,-1.000000000000000000e+00,-1.000000000000000000e+00,-1.000000000000000000e+00
7.682890892028808594e-01,5.510286688804626465e-01,-2.810650983064988395e-07,7.538908123970031738e-01,4.972291588783264160e-01,5.739289801567792892e-03,7.274969816207885742e-01,4.592694044113159180e-01,3.514958370942622423e-04,6.980779767036437988e-01,4.435460865497589111e-01,-6.874136626720428467e-03,6.772839426994323730e-01,4.458971619606018066e-01,-1.431424636393785477e-02,7.122369408607482910e-01,4.134790897369384766e-01,-1.338366791605949402e-02,6.560319662094116211e-01,4.425166249275207520e-01,-2.394485473632812500e-02,6.481223106384277344e-01,4.695805609226226807e-01,-2.625986747443675995e-02,6.539208292961120605e-01,4.777471423149108887e-01,-2.749900706112384796e-02,7.155077457427978516e-01,4.328368008136749268e-01,-2.351645752787590027e-02,6.502462625503540039e-01,4.642893075942993164e-01,-3.303012251853942871e-02,6.527639627456665039e-01,4.915869235992431641e-01,-2.915574796497821808e-02,6.656800508499145508e-01,4.988098442554473877e-01,-2.710075676441192627e-02,7.168266177177429199e-01,4.638452529907226562e-01,-3.305082395672798157e-02,6.586853265762329102e-01,5.021955370903015137e-01,-3.978940844535827637e-02,6.690161824226379395e-01,5.209969282150268555e-01,-3.208858147263526917e-02,6.846703886985778809e-01,5.191922187805175781e-01,-2.856593951582908630e-02,7.175328731536865234e-01,4.999871551990509033e-01,-4.233098030090332031e-02,6.768369674682617188e-01,5.329200029373168945e-01,-4.886484518647193909e-02,6.862932443618774414e-01,5.431451797485351562e-01,-4.636371508240699768e-02,6.993744373321533203e-01,5.376694798469543457e-01,-4.467435181140899658e-02,-1.000000000000000000e+00,-1.000000000000000000e+00,-1.000000000000000000e+00,-1.000000000000000000e+00,-1.000000000000000000e+00,-1.000000000000000000e+00,-1.000000000000000000e+00,-1.000000000000000000e+00,-1.000000000000000000e+00,-1.000000000000000000e+00,-1.000000000000000000e+00,-1.000000000000000000e+00,-1.000000000000000000e+00,-1.000000000000000000e+00,-1.000000000000000000e+00,-1.000000000000000000e+00,-1.000000000000000000e+00,-1.000000000000000000e+00,-1.000000000000000000e+00,-1.000000000000000000e+00,-1.000000000000000000e+00,-1.000000000000000000e+00,-1.000000000000000000e+00,-1.000000000000000000e+00,-1.000000000000000000e+00,-1.000000000000000000e+00,-1.000000000000000000e+00,-1.000000000000000000e+00,-1.000000000000000000e+00,-1.000000000000000000e+00,-1.000000000000000000e+00,-1.000000000000000000e+00,-1.000000000000000000e+00,-1.000000000000000000e+00,-1.000000000000000000e+00,-1.000000000000000000e+00,-1.000000000000000000e+00,-1.000000000000000000e+00,-1.000000000000000000e+00,-1.000000000000000000e+00,-1.000000000000000000e+00,-1.000000000000000000e+00,-1.000000000000000000e+00,-1.000000000000000000e+00,-1.000000000000000000e+00,-1.000000000000000000e+00,-1.000000000000000000e+00,-1.000000000000000000e+00,-1.000000000000000000e+00,-1.000000000000000000e+00,-1.000000000000000000e+00,-1.000000000000000000e+00,-1.000000000000000000e+00,-1.000000000000000000e+00,-1.000000000000000000e+00,-1.000000000000000000e+00,-1.000000000000000000e+00,-1.000000000000000000e+00,-1.000000000000000000e+00,-1.000000000000000000e+00,-1.000000000000000000e+00,-1.000000000000000000e+00,-1.000000000000000000e+00
7.244862318038940430e-01,5.521979331970214844e-01,8.103431525796622736e-08,7.113217711448669434e-01,5.487433671951293945e-01,-4.333065077662467957e-02,7.096083164215087891e-01,5.283144116401672363e-01,-6.759113818407058716e-02,7.341189384460449219e-01,4.962432384490966797e-01,-8.633609116077423096e-02,7.598983049392700195e-01,4.693624079227447510e-01,-1.036153063178062439e-01,6.816147565841674805e-01,4.739061295986175537e-01,-4.897348582744598389e-02,6.907104253768920898e-01,4.418463110923767090e-01,-8.105130493640899658e-02,7.123237252235412598e-01,4.494185149669647217e-01,-1.030691638588905334e-01,7.319327592849731445e-01,4.600209593772888184e-01,-1.147797852754592896e-01,7.031157612800598145e-01,4.541458785533905029e-01,-3.840209171175956726e-02,7.105637192726135254e-01,4.183608889579772949e-01,-7.220602035522460938e-02,7.367677688598632812e-01,4.361374378204345703e-01,-9.310212731361389160e-02,7.581640481948852539e-01,4.577288329601287842e-01,-1.022839546203613281e-01,7.233802080154418945e-01,4.460097253322601318e-01,-3.152406588196754456e-02,7.401657104492187500e-01,4.204290509223937988e-01,-6.542878597974777222e-02,7.663538455963134766e-01,4.385025203227996826e-01,-8.234898746013641357e-02,7.855665683746337891e-01,4.617077112197875977e-01,-8.646105229854583740e-02,7.416747808456420898e-01,4.506051242351531982e-01,-2.724874019622802734e-02,7.611004710197448730e-01,4.353951811790466309e-01,-5.236255377531051636e-02,7.786920666694641113e-01,4.464646577835083008e-01,-6.351504474878311157e-02,7.910774946212768555e-01,4.645560979843139648e-01,-6.716400384902954102e-02,3.116689026355743408e-01,5.667946338653564453e-01,-1.878538142818797496e-07,3.265939950942993164e-01,5.472804307937622070e-01,-1.822035014629364014e-02,3.216261863708496094e-01,5.176366567611694336e-01,-2.436017245054244995e-02,3.036256730556488037e-01,5.012794733047485352e-01,-2.792346850037574768e-02,2.891855835914611816e-01,4.906177520751953125e-01,-3.145308792591094971e-02,3.074125945568084717e-01,4.655652940273284912e-01,-1.054949406534433365e-02,2.833503782749176025e-01,4.762031137943267822e-01,-2.401661872863769531e-02,2.675454318523406982e-01,4.921451508998870850e-01,-3.710034117102622986e-02,2.536864280700683594e-01,5.076186060905456543e-01,-4.488576203584671021e-02,2.899688482284545898e-01,4.681467413902282715e-01,-6.440618075430393219e-03,2.652074396610260010e-01,4.789311289787292480e-01,-2.013459429144859314e-02,2.506464123725891113e-01,4.959294795989990234e-01,-3.349962830543518066e-02,2.379750311374664307e-01,5.135378837585449219e-01,-4.076787829399108887e-02,2.768389284610748291e-01,4.780633449554443359e-01,-4.384047351777553558e-03,2.546133399009704590e-01,4.852399230003356934e-01,-1.865062117576599121e-02,2.448910176753997803e-01,5.010141134262084961e-01,-2.849922701716423035e-02,2.369104027748107910e-01,5.160927772521972656e-01,-3.200263530015945435e-02,2.682140469551086426e-01,4.956068098545074463e-01,-3.691540798172354698e-03,2.518835067749023438e-01,4.960977733135223389e-01,-1.635735668241977692e-02,2.447669357061386108e-01,5.063085556030273438e-01,-2.160646393895149231e-02,2.376313209533691406e-01,5.150277018547058105e-01,-2.244352176785469055e-02
7.244862318038940430e-01,5.521979331970214844e-01,8.103431525796622736e-08,7.113217711448669434e-01,5.487433671951293945e-01,-4.333065077662467957e-02,7.096083164215087891e-01,5.283144116401672363e-01,-6.759113818407058716e-02,7.341189384460449219e-01,4.962432384490966797e-01,-8.633609116077423096e-02,7.598983049392700195e-01,4.693624079227447510e-01,-1.036153063178062439e-01,6.816147565841674805e-01,4.739061295986175537e-01,-4.897348582744598389e-02,6.907104253768920898e-01,4.418463110923767090e-01,-8.105130493640899658e-02,7.123237252235412598e-01,4.494185149669647217e-01,-1.030691638588905334e-01,7.319327592849731445e-01,4.600209593772888184e-01,-1.147797852754592896e-01,7.031157612800598145e-01,4.541458785533905029e-01,-3.840209171175956726e-02,7.105637192726135254e-01,4.183608889579772949e-01,-7.220602035522460938e-02,7.367677688598632812e-01,4.361374378204345703e-01,-9.310212731361389160e-02,7.581640481948852539e-01,4.577288329601287842e-01,-1.022839546203613281e-01,7.233802080154418945e-01,4.460097253322601318e-01,-3.152406588196754456e-02,7.401657104492187500e-01,4.204290509223937988e-01,-6.542878597974777222e-02,7.663538455963134766e-01,4.385025203227996826e-01,-8.234898746013641357e-02,7.855665683746337891e-01,4.617077112197875977e-01,-8.646105229854583740e-02,7.416747808456420898e-01,4.506051242351531982e-01,-2.724874019622802734e-02,7.611004710197448730e-01,4.353951811790466309e-01,-5.236255377531051636e-02,7.786920666694641113e-01,4.464646577835083008e-01,-6.351504474878311157e-02,7.910774946212768555e-01,4.645560979843139648e-01,-6.716400384902954102e-02,3.116689026355743408e-01,5.667946338653564453e-01,-1.878538142818797496e-07,3.265939950942993164e-01,5.472804307937622070e-01,-1.822035014629364014e-02,3.216261863708496094e-01,5.176366567611694336e-01,-2.436017245054244995e-02,3.036256730556488037e-01,5.012794733047485352e-01,-2.792346850037574768e-02,2.891855835914611816e-01,4.906177520751953125e-01,-3.145308792591094971e-02,3.074125945568084717e-01,4.655652940273284912e-01,-1.054949406534433365e-02,2.833503782749176025e-01,4.762031137943267822e-01,-2.401661872863769531e-02,2.675454318523406982e-01,4.921451508998870850e-01,-3.710034117102622986e-02,2.536864280700683594e-01,5.076186060905456543e-01,-4.488576203584671021e-02,2.899688482284545898e-01,4.681467413902282715e-01,-6.440618075430393219e-03,2.652074396610260010e-01,4.789311289787292480e-01,-2.013459429144859314e-02,2.506464123725891113e-01,4.959294795989990234e-01,-3.349962830543518066e-02,2.379750311374664307e-01,5.135378837585449219e-01,-4.076787829399108887e-02,2.768389284610748291e-01,4.780633449554443359e-01,-4.384047351777553558e-03,2.546133399009704590e-01,4.852399230003356934e-01,-1.865062117576599121e-02,2.448910176753997803e-01,5.010141134262084961e-01,-2.849922701716423035e-02,2.369104027748107910e-01,5.160927772521972656e-01,-3.200263530015945435e-02,2.682140469551086426e-01,4.956068098545074463e-01,-3.691540798172354698e-03,2.518835067749023438e-01,4.960977733135223389e-01,-1.635735668241977692e-02,2.447669357061386108e-01,5.063085556030273438e-01,-2.160646393895149231e-02,2.376313209533691406e-01,5.150277018547058105e-01,-2.244352176785469055e-02
7.160191535949707031e-01,5.390660166740417480e-01,2.224387287697027205e-07,6.935510039329528809e-01,5.266023874282836914e-01,-4.584519565105438232e-02,6.865816116333007812e-01,4.980150461196899414e-01,-7.125759869813919067e-02,7.086425423622131348e-01,4.739073812961578369e-01,-8.972883224487304688e-02,7.336789965629577637e-01,4.547739326953887939e-01,-1.077057570219039917e-01,6.891783475875854492e-01,4.621835350990295410e-01,-6.266739964485168457e-02,6.958765387535095215e-01,4.386744499206542969e-01,-9.989056736230850220e-02,7.165752053260803223e-01,4.472767710685729980e-01,-1.259573549032211304e-01,7.397421002388000488e-01,4.587132334709167480e-01,-1.408513188362121582e-01,7.114444971084594727e-01,4.539458155632019043e-01,-5.292975902557373047e-02,7.242766618728637695e-01,4.248911738395690918e-01,-9.381919354200363159e-02,7.532956600189208984e-01,4.370145201683044434e-01,-1.201985552906990051e-01,7.792207002639770508e-01,4.508155882358551025e-01,-1.338125765323638916e-01,7.313606142997741699e-01,4.528121352195739746e-01,-4.658782854676246643e-02,7.496630549430847168e-01,4.334098696708679199e-01,-8.310820907354354858e-02,7.743667960166931152e-01,4.420079588890075684e-01,-1.044019460678100586e-01,7.942204475402832031e-01,4.539437294006347656e-01,-1.134100779891014099e-01,7.496378421783447266e-01,4.609598517417907715e-01,-4.308279603719711304e-02,7.678288221359252930e-01,4.502586424350738525e-01,-6.838036328554153442e-02,7.845534086227416992e-01,4.524733424186706543e-01,-8.234692364931106567e-02,7.981969118118286133e-01,4.589563906192779541e-01,-8.994984626770019531e-02,2.996881902217864990e-01,5.685495734214782715e-01,-1.789418178077539778e-07,3.215866088867187500e-01,5.502908825874328613e-01,-2.015227638185024261e-02,3.137010335922241211e-01,5.202580094337463379e-01,-2.735138870775699615e-02,2.926644086837768555e-01,5.024881362915039062e-01,-3.098274581134319305e-02,2.787523567676544189e-01,4.914066195487976074e-01,-3.495251014828681946e-02,2.960465550422668457e-01,4.754295647144317627e-01,-2.170895598828792572e-02,2.705917954444885254e-01,4.833963811397552490e-01,-3.672428429126739502e-02,2.517265081405639648e-01,4.933958053588867188e-01,-4.958066344261169434e-02,2.325339466333389282e-01,5.041720271110534668e-01,-5.752658471465110779e-02,2.773673832416534424e-01,4.782765209674835205e-01,-1.605131290853023529e-02,2.522851824760437012e-01,4.893996119499206543e-01,-3.130851313471794128e-02,2.351658940315246582e-01,5.021766424179077148e-01,-4.443658515810966492e-02,2.180541902780532837e-01,5.152969956398010254e-01,-5.236043781042098999e-02,2.644357979297637939e-01,4.878924787044525146e-01,-1.172753516584634781e-02,2.406569123268127441e-01,4.970051646232604980e-01,-2.636681683361530304e-02,2.270842194557189941e-01,5.089148879051208496e-01,-3.658024966716766357e-02,2.138352394104003906e-01,5.206378102302551270e-01,-4.149948433041572571e-02,2.563785314559936523e-01,5.043351650238037109e-01,-8.594016544520854950e-03,2.355049252510070801e-01,5.074843764305114746e-01,-2.180748619139194489e-02,2.239368706941604614e-01,5.147033929824829102e-01,-2.875419333577156067e-02,2.129264473915100098e-01,5.203106999397277832e-01,-3.166864067316055298e-02
7.106362581253051758e-01,5.373554229736328125e-01,3.384631952485506190e-07,6.892979741096496582e-01,5.230624675750732422e-01,-4.037465527653694153e-02,6.820616722106933594e-01,4.891981482505798340e-01,-6.299772113561630249e-02,6.962425708770751953e-01,4.663673341274261475e-01,-7.861058413982391357e-02,7.185576558113098145e-01,4.499675333499908447e-01,-9.418048709630966187e-02,6.956295371055603027e-01,4.443719387054443359e-01,-5.906242877244949341e-02,7.114006280899047852e-01,4.310436248779296875e-01,-9.117864072322845459e-02,7.333691120147705078e-01,4.369050562381744385e-01,-1.150539815425872803e-01,7.583460807800292969e-01,4.421285688877105713e-01,-1.298654228448867798e-01,7.165771126747131348e-01,4.412388503551483154e-01,-4.985615983605384827e-02,7.475053071975708008e-01,4.349174201488494873e-01,-8.436961472034454346e-02,7.759690880775451660e-01,4.391416013240814209e-01,-1.078162342309951782e-01,8.044351339340209961e-01,4.441019296646118164e-01,-1.217503920197486877e-01,7.347605228424072266e-01,4.468102455139160156e-01,-4.286898672580718994e-02,7.646024227142333984e-01,4.421231746673583984e-01,-7.335248589515686035e-02,7.880399823188781738e-01,4.426289796829223633e-01,-9.015354514122009277e-02,8.107845783233642578e-01,4.450770914554595947e-01,-9.837593883275985718e-02,7.505999803543090820e-01,4.599818587303161621e-01,-3.848288208246231079e-02,7.731618285179138184e-01,4.570574760437011719e-01,-6.130008772015571594e-02,7.898638844490051270e-01,4.578564167022705078e-01,-7.155538350343704224e-02,8.060260415077209473e-01,4.594051837921142578e-01,-7.667499035596847534e-02,2.962479889392852783e-01,5.684185028076171875e-01,-1.538360265840310603e-07,3.201558887958526611e-01,5.466626882553100586e-01,-1.709564402699470520e-02,3.121012151241302490e-01,5.162624716758728027e-01,-2.367769554257392883e-02,2.887655496597290039e-01,4.966189265251159668e-01,-2.600730769336223602e-02,2.737619280815124512e-01,4.895140826702117920e-01,-2.848309092223644257e-02,2.927495837211608887e-01,4.950162768363952637e-01,-2.823097445070743561e-02,2.656050026416778564e-01,4.949562549591064453e-01,-4.183495417237281799e-02,2.437087893486022949e-01,4.973637163639068604e-01,-5.186180770397186279e-02,2.223864495754241943e-01,5.038787126541137695e-01,-5.776177346706390381e-02,2.719439864158630371e-01,4.973729848861694336e-01,-2.228774502873420715e-02,2.460210919380187988e-01,4.982792437076568604e-01,-3.469523787498474121e-02,2.276577055454254150e-01,5.041940808296203613e-01,-4.300588369369506836e-02,2.109881937503814697e-01,5.148134231567382812e-01,-4.766591265797615051e-02,2.580002248287200928e-01,5.029651522636413574e-01,-1.660897210240364075e-02,2.349594235420227051e-01,5.041621923446655273e-01,-2.761288546025753021e-02,2.214682698249816895e-01,5.111488699913024902e-01,-3.416241705417633057e-02,2.089147567749023438e-01,5.202168822288513184e-01,-3.698831051588058472e-02,2.507082521915435791e-01,5.128004550933837891e-01,-1.175514981150627136e-02,2.312325537204742432e-01,5.107034444808959961e-01,-2.145761065185070038e-02,2.201150953769683838e-01,5.149610042572021484e-01,-2.594644017517566681e-02,2.101655006408691406e-01,5.193861722946166992e-01,-2.743700705468654633e-02
7.107157707214355469e-01,5.355287790298461914e-01,4.470787473564996617e-07,6.882611513137817383e-01,5.251051783561706543e-01,-4.474979266524314880e-02,6.800287365913391113e-01,4.916470348834991455e-01,-6.992612779140472412e-02,6.904899477958679199e-01,4.664323925971984863e-01,-8.724108338356018066e-02,7.107567787170410156e-01,4.463226199150085449e-01,-1.048681437969207764e-01,7.027835249900817871e-01,4.435493052005767822e-01,-6.553359329700469971e-02,7.212215662002563477e-01,4.340417087078094482e-01,-9.763880074024200439e-02,7.465974092483520508e-01,4.352525770664215088e-01,-1.224140152335166931e-01,7.750100493431091309e-01,4.344906806945800781e-01,-1.391040682792663574e-01,7.217815518379211426e-01,4.387078285217285156e-01,-5.400121212005615234e-02,7.496430277824401855e-01,4.360340535640716553e-01,-8.638413995504379272e-02,7.759456634521484375e-01,4.335359036922454834e-01,-1.090829595923423767e-01,8.030704855918884277e-01,4.304588735103607178e-01,-1.253650337457656860e-01,7.389789819717407227e-01,4.442997872829437256e-01,-4.475621134042739868e-02,7.672989368438720703e-01,4.386306703090667725e-01,-7.298912853002548218e-02,7.885226011276245117e-01,4.334711134433746338e-01,-8.800192922353744507e-02,8.101525306701660156e-01,4.329049885272979736e-01,-9.753890335559844971e-02,7.530408501625061035e-01,4.565742313861846924e-01,-3.862030059099197388e-02,7.786254286766052246e-01,4.493118822574615479e-01,-6.058258563280105591e-02,7.960428595542907715e-01,4.445292353630065918e-01,-7.106107473373413086e-02,8.124742507934570312e-01,4.405905902385711670e-01,-7.801006734371185303e-02,2.910733222961425781e-01,5.689861178398132324e-01,-4.047790724825972575e-08,3.151167333126068115e-01,5.424162745475769043e-01,-1.877399720251560211e-02,3.035500943660736084e-01,5.114236474037170410e-01,-2.555158920586109161e-02,2.795366346836090088e-01,4.960432946681976318e-01,-2.731312997639179230e-02,2.639375329017639160e-01,4.914661049842834473e-01,-2.906388789415359497e-02,2.742643058300018311e-01,4.977841675281524658e-01,-3.036186471581459045e-02,2.472759783267974854e-01,4.968707263469696045e-01,-4.092521220445632935e-02,2.250367701053619385e-01,4.989384412765502930e-01,-4.871993139386177063e-02,2.038947939872741699e-01,5.058668255805969238e-01,-5.329051613807678223e-02,2.556696534156799316e-01,5.032411813735961914e-01,-2.188722230494022369e-02,2.328626811504364014e-01,4.968882799148559570e-01,-3.136899322271347046e-02,2.181315273046493530e-01,4.962818026542663574e-01,-3.767189756035804749e-02,2.037457078695297241e-01,5.055413246154785156e-01,-4.119145870208740234e-02,2.446892708539962769e-01,5.092921257019042969e-01,-1.323088444769382477e-02,2.258910387754440308e-01,5.038965344429016113e-01,-2.011338435113430023e-02,2.142207920551300049e-01,5.027902126312255859e-01,-2.429508417844772339e-02,2.024420052766799927e-01,5.082319974899291992e-01,-2.624884806573390961e-02,2.392551451921463013e-01,5.179519057273864746e-01,-5.637257359921932220e-03,2.238521873950958252e-01,5.125131011009216309e-01,-1.148889027535915375e-02,2.141775488853454590e-01,5.106537342071533203e-01,-1.402144040912389755e-02,2.051013559103012085e-01,5.130932927131652832e-01,-1.464808546006679535e-02
7.107157707214355469e-01,5.355287790298461914e-01,4.470787473564996617e-07,6.882611513137817383e-01,5.251051783561706543e-01,-4.474979266524314880e-02,6.800287365913391113e-01,4.916470348834991455e-01,-6.992612779140472412e-02,6.904899477958679199e-01,4.664323925971984863e-01,-8.724108338356018066e-02,7.107567787170410156e-01,4.463226199150085449e-01,-1.048681437969207764e-01,7.027835249900817871e-01,4.435493052005767822e-01,-6.553359329700469971e-02,7.212215662002563477e-01,4.340417087078094482e-01,-9.763880074024200439e-02,7.465974092483520508e-01,4.352525770664215088e-01,-1.224140152335166931e-01,7.750100493431091309e-01,4.344906806945800781e-01,-1.391040682792663574e-01,7.217815518379211426e-01,4.387078285217285156e-01,-5.400121212005615234e-02,7.496430277824401855e-01,4.360340535640716553e-01,-8.638413995504379272e-02,7.759456634521484375e-01,4.335359036922454834e-01,-1.090829595923423767e-01,8.030704855918884277e-01,4.304588735103607178e-01,-1.253650337457656860e-01,7.389789819717407227e-01,4.442997872829437256e-01,-4.475621134042739868e-02,7.672989368438720703e-01,4.386306703090667725e-01,-7.298912853002548218e-02,7.885226011276245117e-01,4.334711134433746338e-01,-8.800192922353744507e-02,8.101525306701660156e-01,4.329049885272979736e-01,-9.753890335559844971e-02,7.530408501625061035e-01,4.565742313861846924e-01,-3.862030059099197388e-02,7.786254286766052246e-01,4.493118822574615479e-01,-6.058258563280105591e-02,7.960428595542907715e-01,4.445292353630065918e-01,-7.106107473373413086e-02,8.124742507934570312e-01,4.405905902385711670e-01,-7.801006734371185303e-02,2.910733222961425781e-01,5.689861178398132324e-01,-4.047790724825972575e-08,3.151167333126068115e-01,5.424162745475769043e-01,-1.877399720251560211e-02,3.035500943660736084e-01,5.114236474037170410e-01,-2.555158920586109161e-02,2.795366346836090088e-01,4.960432946681976318e-01,-2.731312997639179230e-02,2.639375329017639160e-01,4.914661049842834473e-01,-2.906388789415359497e-02,2.742643058300018311e-01,4.977841675281524658e-01,-3.036186471581459045e-02,2.472759783267974854e-01,4.968707263469696045e-01,-4.092521220445632935e-02,2.250367701053619385e-01,4.989384412765502930e-01,-4.871993139386177063e-02,2.038947939872741699e-01,5.058668255805969238e-01,-5.329051613807678223e-02,2.556696534156799316e-01,5.032411813735961914e-01,-2.188722230494022369e-02,2.328626811504364014e-01,4.968882799148559570e-01,-3.136899322271347046e-02,2.181315273046493530e-01,4.962818026542663574e-01,-3.767189756035804749e-02,2.037457078695297241e-01,5.055413246154785156e-01,-4.119145870208740234e-02,2.446892708539962769e-01,5.092921257019042969e-01,-1.323088444769382477e-02,2.258910387754440308e-01,5.038965344429016113e-01,-2.011338435113430023e-02,2.142207920551300049e-01,5.027902126312255859e-01,-2.429508417844772339e-02,2.024420052766799927e-01,5.082319974899291992e-01,-2.624884806573390961e-02,2.392551451921463013e-01,5.179519057273864746e-01,-5.637257359921932220e-03,2.238521873950958252e-01,5.125131011009216309e-01,-1.148889027535915375e-02,2.141775488853454590e-01,5.106537342071533203e-01,-1.402144040912389755e-02,2.051013559103012085e-01,5.130932927131652832e-01,-1.464808546006679535e-02
7.065084576606750488e-01,5.347300171852111816e-01,4.602307797085813945e-07,6.838183403015136719e-01,5.209954380989074707e-01,-4.309526830911636353e-02,6.763898730278015137e-01,4.870350658893585205e-01,-6.668720394372940063e-02,6.878715157508850098e-01,4.597902595996856689e-01,-8.268485218286514282e-02,7.090128660202026367e-01,4.436390995979309082e-01,-9.889325499534606934e-02,7.124619483947753906e-01,4.449594616889953613e-01,-5.997357890009880066e-02,7.354455590248107910e-01,4.307909011840820312e-01,-8.757279068231582642e-02,7.583059668540954590e-01,4.268275499343872070e-01,-1.086155399680137634e-01,7.825883626937866211e-01,4.220342636108398438e-01,-1.227507814764976501e-01,7.323952913284301758e-01,4.440417885780334473e-01,-4.798424243927001953e-02,7.609359025955200195e-01,4.327180385589599609e-01,-7.543627917766571045e-02,7.840612530708312988e-01,4.231826663017272949e-01,-9.409543871879577637e-02,8.070124387741088867e-01,4.146474003791809082e-01,-1.076336726546287537e-01,7.473340034484863281e-01,4.511888623237609863e-01,-3.839928284287452698e-02,7.754608392715454102e-01,4.377228021621704102e-01,-6.208494305610656738e-02,7.952461242675781250e-01,4.267595112323760986e-01,-7.455341517925262451e-02,8.140572309494018555e-01,4.208629727363586426e-01,-8.252328634262084961e-02,7.571957707405090332e-01,4.629879891872406006e-01,-3.186976909637451172e-02,7.828465700149536133e-01,4.485953450202941895e-01,-4.956346005201339722e-02,7.989066839218139648e-01,4.373057782649993896e-01,-5.807733535766601562e-02,8.133991360664367676e-01,4.286625683307647705e-01,-6.399115920066833496e-02,2.843095362186431885e-01,5.703189373016357422e-01,-5.924820811742392834e-08,3.089904487133026123e-01,5.455594062805175781e-01,-2.514212206006050110e-02,2.967596054077148438e-01,5.196369290351867676e-01,-3.440041840076446533e-02,2.728174626827239990e-01,5.070281624794006348e-01,-3.734634444117546082e-02,2.574649155139923096e-01,4.995889365673065186e-01,-4.010158777236938477e-02,2.666902244091033936e-01,5.000106096267700195e-01,-4.001222923398017883e-02,2.453329861164093018e-01,4.906318783760070801e-01,-5.285039171576499939e-02,2.266864478588104248e-01,4.930106401443481445e-01,-6.115711480379104614e-02,2.074527442455291748e-01,5.028823018074035645e-01,-6.627587974071502686e-02,2.494085729122161865e-01,5.049851536750793457e-01,-2.980396710336208344e-02,2.239074409008026123e-01,5.005025863647460938e-01,-4.173868894577026367e-02,2.054382562637329102e-01,5.039279460906982422e-01,-4.922790452837944031e-02,1.872462332248687744e-01,5.157260894775390625e-01,-5.437463149428367615e-02,2.380253076553344727e-01,5.114110112190246582e-01,-2.006584405899047852e-02,2.134120911359786987e-01,5.083310604095458984e-01,-3.108414448797702789e-02,1.965664327144622803e-01,5.104593038558959961e-01,-3.915155306458473206e-02,1.804466694593429565e-01,5.192203521728515625e-01,-4.425437375903129578e-02,2.322366088628768921e-01,5.199586749076843262e-01,-1.155046187341213226e-02,2.097242176532745361e-01,5.174643993377685547e-01,-2.205569297075271606e-02,1.933959722518920898e-01,5.185790061950683594e-01,-2.924560755491256714e-02,1.797113120555877686e-01,5.250436663627624512e-01,-3.385947272181510925e-02
7.036110162734985352e-01,5.344072580337524414e-01,4.161444451256102184e-07,6.794195771217346191e-01,5.181673765182495117e-01,-3.890061005949974060e-02,6.725056171417236328e-01,4.824066758155822754e-01,-5.956890806555747986e-02,6.841345429420471191e-01,4.539152979850769043e-01,-7.327464967966079712e-02,7.063071131706237793e-01,4.398834109306335449e-01,-8.671431243419647217e-02,7.113454341888427734e-01,4.455126225948333740e-01,-4.856753721833229065e-02,7.350109815597534180e-01,4.283394515514373779e-01,-7.125854492187500000e-02,7.544799447059631348e-01,4.201513528823852539e-01,-8.891600370407104492e-02,7.739334106445312500e-01,4.125183820724487305e-01,-1.009323298931121826e-01,7.316046953201293945e-01,4.475315809249877930e-01,-3.724088519811630249e-02,7.588559389114379883e-01,4.300186634063720703e-01,-5.891172960400581360e-02,7.779499888420104980e-01,4.160275459289550781e-01,-7.397915422916412354e-02,7.953684329986572266e-01,4.027525782585144043e-01,-8.498901873826980591e-02,7.454037666320800781e-01,4.555401802062988281e-01,-2.862902916967868805e-02,7.712810039520263672e-01,4.365068376064300537e-01,-4.730832576751708984e-02,7.879553437232971191e-01,4.210601449012756348e-01,-5.766733363270759583e-02,8.026909828186035156e-01,4.087992906570434570e-01,-6.452901661396026611e-02,7.536487579345703125e-01,4.664213061332702637e-01,-2.291378751397132874e-02,7.767045497894287109e-01,4.495743215084075928e-01,-3.733602538704872131e-02,7.915906906127929688e-01,4.347625374794006348e-01,-4.509431123733520508e-02,8.046362400054931641e-01,4.210747182369232178e-01,-5.067722126841545105e-02,2.848085463047027588e-01,5.714747309684753418e-01,-9.988272609007253777e-08,3.062865734100341797e-01,5.466859340667724609e-01,-2.620980888605117798e-02,2.921434640884399414e-01,5.241311192512512207e-01,-3.498548641800880432e-02,2.679173052310943604e-01,5.160161852836608887e-01,-3.763501346111297607e-02,2.502880096435546875e-01,5.087563395500183105e-01,-3.997280821204185486e-02,2.581374049186706543e-01,4.990127682685852051e-01,-3.673820570111274719e-02,2.264586836099624634e-01,5.030177831649780273e-01,-5.032980069518089294e-02,2.009873837232589722e-01,5.113352537155151367e-01,-6.060798838734626770e-02,1.774289309978485107e-01,5.235812067985534668e-01,-6.656179577112197876e-02,2.448420226573944092e-01,5.040413141250610352e-01,-2.560147084295749664e-02,2.109643816947937012e-01,5.103168487548828125e-01,-3.798702359199523926e-02,1.858739703893661499e-01,5.182610750198364258e-01,-4.653959721326828003e-02,1.642883718013763428e-01,5.333696603775024414e-01,-5.163253843784332275e-02,2.359490841627120972e-01,5.104170441627502441e-01,-1.519750244915485382e-02,2.080624997615814209e-01,5.133519172668457031e-01,-2.668249420821666718e-02,1.863887012004852295e-01,5.163775086402893066e-01,-3.419223800301551819e-02,1.666911691427230835e-01,5.247832536697387695e-01,-3.764818608760833740e-02,2.310493886470794678e-01,5.189017653465270996e-01,-6.204178091138601303e-03,2.083717584609985352e-01,5.160214900970458984e-01,-1.521906908601522446e-02,1.912712454795837402e-01,5.149928927421569824e-01,-1.973721757531166077e-02,1.775163710117340088e-01,5.189943909645080566e-01,-2.155750431120395660e-02
7.036110162734985352e-01,5.344072580337524414e-01,4.161444451256102184e-07,6.794195771217346191e-01,5.181673765182495117e-01,-3.890061005949974060e-02,6.725056171417236328e-01,4.824066758155822754e-01,-5.956890806555747986e-02,6.841345429420471191e-01,4.539152979850769043e-01,-7.327464967966079712e-02,7.063071131706237793e-01,4.398834109306335449e-01,-8.671431243419647217e-02,7.113454341888427734e-01,4.455126225948333740e-01,-4.856753721833229065e-02,7.350109815597534180e-01,4.283394515514373779e-01,-7.125854492187500000e-02,7.544799447059631348e-01,4.201513528823852539e-01,-8.891600370407104492e-02,7.739334106445312500e-01,4.125183820724487305e-01,-1.009323298931121826e-01,7.316046953201293945e-01,4.475315809249877930e-01,-3.724088519811630249e-02,7.588559389114379883e-01,4.300186634063720703e-01,-5.891172960400581360e-02,7.779499888420104980e-01,4.160275459289550781e-01,-7.397915422916412354e-02,7.953684329986572266e-01,4.027525782585144043e-01,-8.498901873826980591e-02,7.454037666320800781e-01,4.555401802062988281e-01,-2.862902916967868805e-02,7.712810039520263672e-01,4.365068376064300537e-01,-4.730832576751708984e-02,7.879553437232971191e-01,4.210601449012756348e-01,-5.766733363270759583e-02,8.026909828186035156e-01,4.087992906570434570e-01,-6.452901661396026611e-02,7.536487579345703125e-01,4.664213061332702637e-01,-2.291378751397132874e-02,7.767045497894287109e-01,4.495743215084075928e-01,-3.733602538704872131e-02,7.915906906127929688e-01,4.347625374794006348e-01,-4.509431123733520508e-02,8.046362400054931641e-01,4.210747182369232178e-01,-5.067722126841545105e-02,2.848085463047027588e-01,5.714747309684753418e-01,-9.988272609007253777e-08,3.062865734100341797e-01,5.466859340667724609e-01,-2.620980888605117798e-02,2.921434640884399414e-01,5.241311192512512207e-01,-3.498548641800880432e-02,2.679173052310943604e-01,5.160161852836608887e-01,-3.763501346111297607e-02,2.502880096435546875e-01,5.087563395500183105e-01,-3.997280821204185486e-02,2.581374049186706543e-01,4.990127682685852051e-01,-3.673820570111274719e-02,2.264586836099624634e-01,5.030177831649780273e-01,-5.032980069518089294e-02,2.009873837232589722e-01,5.113352537155151367e-01,-6.060798838734626770e-02,1.774289309978485107e-01,5.235812067985534668e-01,-6.656179577112197876e-02,2.448420226573944092e-01,5.040413141250610352e-01,-2.560147084295749664e-02,2.109643816947937012e-01,5.103168487548828125e-01,-3.798702359199523926e-02,1.858739703893661499e-01,5.182610750198364258e-01,-4.653959721326828003e-02,1.642883718013763428e-01,5.333696603775024414e-01,-5.163253843784332275e-02,2.359490841627120972e-01,5.104170441627502441e-01,-1.519750244915485382e-02,2.080624997615814209e-01,5.133519172668457031e-01,-2.668249420821666718e-02,1.863887012004852295e-01,5.163775086402893066e-01,-3.419223800301551819e-02,1.666911691427230835e-01,5.247832536697387695e-01,-3.764818608760833740e-02,2.310493886470794678e-01,5.189017653465270996e-01,-6.204178091138601303e-03,2.083717584609985352e-01,5.160214900970458984e-01,-1.521906908601522446e-02,1.912712454795837402e-01,5.149928927421569824e-01,-1.973721757531166077e-02,1.775163710117340088e-01,5.189943909645080566e-01,-2.155750431120395660e-02
6.962412595748901367e-01,5.292477011680603027e-01,3.223934754714719020e-07,6.707278490066528320e-01,5.113964676856994629e-01,-2.251453883945941925e-02,6.609287858009338379e-01,4.783970713615417480e-01,-3.465017676353454590e-02,6.706231832504272461e-01,4.512888789176940918e-01,-4.330262541770935059e-02,6.837594509124755859e-01,4.314278364181518555e-01,-5.157321691513061523e-02,6.988497376441955566e-01,4.363500177860260010e-01,-2.546521462500095367e-02,7.175369858741760254e-01,4.094137251377105713e-01,-4.004891216754913330e-02,7.330474257469177246e-01,3.935338258743286133e-01,-5.176373571157455444e-02,7.484440207481384277e-01,3.811811506748199463e-01,-5.943733081221580505e-02,7.186734676361083984e-01,4.401413500308990479e-01,-2.162325568497180939e-02,7.413663864135742188e-01,4.106806516647338867e-01,-3.411716967821121216e-02,7.580934762954711914e-01,3.898746967315673828e-01,-4.383261874318122864e-02,7.734033465385437012e-01,3.721387386322021484e-01,-5.096068233251571655e-02,7.327575683593750000e-01,4.495832622051239014e-01,-2.000714465975761414e-02,7.553951740264892578e-01,4.210755825042724609e-01,-3.140869364142417908e-02,7.708066701889038086e-01,3.998251259326934814e-01,-3.925725072622299194e-02,7.839734554290771484e-01,3.815423846244812012e-01,-4.444033652544021606e-02,7.428656816482543945e-01,4.634453952312469482e-01,-2.024291083216667175e-02,7.620579600334167480e-01,4.365209937095642090e-01,-3.004192747175693512e-02,7.753661274909973145e-01,4.170150160789489746e-01,-3.541234880685806274e-02,7.866685986518859863e-01,3.991579413414001465e-01,-3.888982534408569336e-02,2.847154736518859863e-01,5.665300488471984863e-01,-5.290906912591708533e-08,2.940757572650909424e-01,5.556586980819702148e-01,-2.702746726572513580e-02,2.774994373321533203e-01,5.397660136222839355e-01,-3.714174032211303711e-02,2.556378841400146484e-01,5.309269428253173828e-01,-4.248151183128356934e-02,2.370917797088623047e-01,5.199013352394104004e-01,-4.712377488613128662e-02,2.514286637306213379e-01,5.025269985198974609e-01,-2.939055860042572021e-02,2.169195711612701416e-01,5.076441168785095215e-01,-4.566939920186996460e-02,1.886884868144989014e-01,5.145499706268310547e-01,-5.851583927869796753e-02,1.658098101615905762e-01,5.234469175338745117e-01,-6.613055616617202759e-02,2.400482743978500366e-01,5.058184266090393066e-01,-2.091116830706596375e-02,2.047173529863357544e-01,5.113971233367919922e-01,-3.475453704595565796e-02,1.753470897674560547e-01,5.180108547210693359e-01,-4.552103951573371887e-02,1.517519354820251465e-01,5.272529125213623047e-01,-5.234023556113243103e-02,2.312922626733779907e-01,5.120040178298950195e-01,-1.443783100694417953e-02,1.995370835065841675e-01,5.149053335189819336e-01,-2.758743800222873688e-02,1.737558543682098389e-01,5.206168293952941895e-01,-3.598629683256149292e-02,1.530064791440963745e-01,5.280935764312744141e-01,-3.997043147683143616e-02,2.254950404167175293e-01,5.227363705635070801e-01,-9.992678649723529816e-03,1.991584002971649170e-01,5.198819041252136230e-01,-2.090014703571796417e-02,1.797980368137359619e-01,5.201736092567443848e-01,-2.591473981738090515e-02,1.652851104736328125e-01,5.244078040122985840e-01,-2.786084450781345367e-02
6.949663162231445312e-01,5.271255970001220703e-01,3.201882066150574246e-07,6.690773367881774902e-01,5.089758634567260742e-01,-2.048542909324169159e-02,6.592871546745300293e-01,4.747903048992156982e-01,-3.162577748298645020e-02,6.689277887344360352e-01,4.468097388744354248e-01,-3.981721028685569763e-02,6.807658672332763672e-01,4.239801764488220215e-01,-4.758876189589500427e-02,6.942716836929321289e-01,4.330830276012420654e-01,-2.159379608929157257e-02,7.107539176940917969e-01,4.039736688137054443e-01,-3.533467277884483337e-02,7.250589132308959961e-01,3.871380686759948730e-01,-4.631620645523071289e-02,7.397435307502746582e-01,3.729738295078277588e-01,-5.361634865403175354e-02,7.145802378654479980e-01,4.364935457706451416e-01,-1.898193731904029846e-02,7.389939427375793457e-01,4.037383198738098145e-01,-3.059222921729087830e-02,7.560990452766418457e-01,3.814172744750976562e-01,-3.940271958708763123e-02,7.720615267753601074e-01,3.610612154006958008e-01,-4.583703354001045227e-02,7.289422154426574707e-01,4.462445676326751709e-01,-1.877612061798572540e-02,7.526492476463317871e-01,4.137316942214965820e-01,-3.019919060170650482e-02,7.683278918266296387e-01,3.908615410327911377e-01,-3.776614740490913391e-02,7.817562222480773926e-01,3.704216182231903076e-01,-4.265688359737396240e-02,7.400397658348083496e-01,4.609463810920715332e-01,-2.023622207343578339e-02,7.592906951904296875e-01,4.328476786613464355e-01,-3.012568503618240356e-02,7.720764279365539551e-01,4.125032424926757812e-01,-3.523680940270423889e-02,7.825691699981689453e-01,3.926575183868408203e-01,-3.858441486954689026e-02,2.807219028472900391e-01,5.661205649375915527e-01,2.191987924504701368e-08,2.879707515239715576e-01,5.584529042243957520e-01,-3.314332291483879089e-02,2.719273269176483154e-01,5.427604913711547852e-01,-4.647994786500930786e-02,2.490610331296920776e-01,5.336734056472778320e-01,-5.367019400000572205e-02,2.287140190601348877e-01,5.229748487472534180e-01,-5.984792858362197876e-02,2.446876764297485352e-01,5.063295364379882812e-01,-4.045864567160606384e-02,2.080831974744796753e-01,5.098953843116760254e-01,-5.954355373978614807e-02,1.776828914880752563e-01,5.135290026664733887e-01,-7.332096993923187256e-02,1.520481258630752563e-01,5.175527930259704590e-01,-8.180080354213714600e-02,2.315780073404312134e-01,5.112143754959106445e-01,-2.977968007326126099e-02,1.927846670150756836e-01,5.150222182273864746e-01,-4.723753780126571655e-02,1.589486449956893921e-01,5.185455679893493652e-01,-5.927433818578720093e-02,1.306982338428497314e-01,5.227375626564025879e-01,-6.698054820299148560e-02,2.212220877408981323e-01,5.183275938034057617e-01,-2.115857414901256561e-02,1.875810772180557251e-01,5.185969471931457520e-01,-3.689667582511901855e-02,1.578898280858993530e-01,5.210834145545959473e-01,-4.661479219794273376e-02,1.331118792295455933e-01,5.242605209350585938e-01,-5.166507884860038757e-02,2.144943773746490479e-01,5.291667580604553223e-01,-1.503238268196582794e-02,1.871783882379531860e-01,5.257474184036254883e-01,-2.800581045448780060e-02,1.651555597782135010e-01,5.252360701560974121e-01,-3.463195264339447021e-02,1.468751728534698486e-01,5.266982913017272949e-01,-3.783224150538444519e-02
6.895674467086791992e-01,5.192384719848632812e-01,3.068023488594917580e-07,6.611611843109130859e-01,4.987037181854248047e-01,-1.743797771632671356e-02,6.499454975128173828e-01,4.607737958431243896e-01,-2.615834027528762817e-02,6.565115451812744141e-01,4.272674620151519775e-01,-3.210323676466941833e-02,6.611574888229370117e-01,3.983311653137207031e-01,-3.781851381063461304e-02,6.800935268402099609e-01,4.146491289138793945e-01,-2.028709836304187775e-02,6.882408857345581055e-01,3.723346292972564697e-01,-3.130419924855232239e-02,6.969250440597534180e-01,3.462377190589904785e-01,-3.966860845685005188e-02,7.062321901321411133e-01,3.243824839591979980e-01,-4.525610432028770447e-02,7.029575109481811523e-01,4.176074266433715820e-01,-1.901646517217159271e-02,7.196941375732421875e-01,3.734768927097320557e-01,-2.806096896529197693e-02,7.314997911453247070e-01,3.454867601394653320e-01,-3.534529358148574829e-02,7.414851188659667969e-01,3.226294815540313721e-01,-4.060902819037437439e-02,7.209799885749816895e-01,4.281806647777557373e-01,-1.960193365812301636e-02,7.423472404479980469e-01,3.874992430210113525e-01,-2.902839705348014832e-02,7.556780576705932617e-01,3.617542684078216553e-01,-3.624768182635307312e-02,7.661508321762084961e-01,3.400370180606842041e-01,-4.103947058320045471e-02,7.361174225807189941e-01,4.447423815727233887e-01,-2.146604843437671661e-02,7.552334070205688477e-01,4.109965264797210693e-01,-3.028546273708343506e-02,7.677311897277832031e-01,3.878571391105651855e-01,-3.511508926749229431e-02,7.781516313552856445e-01,3.660802543163299561e-01,-3.814632818102836609e-02,2.826846241950988770e-01,5.563665032386779785e-01,2.217231980239375844e-07,2.928811907768249512e-01,5.551840066909790039e-01,-4.831270128488540649e-02,2.802483439445495605e-01,5.495043396949768066e-01,-7.333514839410781860e-02,2.595344483852386475e-01,5.480867028236389160e-01,-8.867559581995010376e-02,2.375763058662414551e-01,5.416556000709533691e-01,-1.031891256570816040e-01,2.464258223772048950e-01,5.104483366012573242e-01,-7.176291942596435547e-02,2.126487493515014648e-01,5.067898035049438477e-01,-9.777078777551651001e-02,1.882017552852630615e-01,4.997112751007080078e-01,-1.155814081430435181e-01,1.664342284202575684e-01,4.899221062660217285e-01,-1.273846477270126343e-01,2.295620292425155640e-01,5.143989324569702148e-01,-5.485667288303375244e-02,1.883103549480438232e-01,5.106354355812072754e-01,-7.953966408967971802e-02,1.590655148029327393e-01,5.037516355514526367e-01,-9.705153852701187134e-02,1.330453455448150635e-01,4.924442172050476074e-01,-1.095036715269088745e-01,2.171536833047866821e-01,5.210893750190734863e-01,-3.919663280248641968e-02,1.814913749694824219e-01,5.151861310005187988e-01,-5.959217995405197144e-02,1.543495357036590576e-01,5.067791342735290527e-01,-7.475860416889190674e-02,1.331472098827362061e-01,4.978708624839782715e-01,-8.455137163400650024e-02,2.101207077503204346e-01,5.305098891258239746e-01,-2.649296820163726807e-02,1.828162968158721924e-01,5.239806175231933594e-01,-4.226287081837654114e-02,1.626122146844863892e-01,5.175987482070922852e-01,-5.306162685155868530e-02,1.464305222034454346e-01,5.106535553932189941e-01,-6.049403175711631775e-02
6.895674467086791992e-01,5.192384719848632812e-01,3.068023488594917580e-07,6.611611843109130859e-01,4.987037181854248047e-01,-1.743797771632671356e-02,6.499454975128173828e-01,4.607737958431243896e-01,-2.615834027528762817e-02,6.565115451812744141e-01,4.272674620151519775e-01,-3.210323676466941833e-02,6.611574888229370117e-01,3.983311653137207031e-01,-3.781851381063461304e-02,6.800935268402099609e-01,4.146491289138793945e-01,-2.028709836304187775e-02,6.882408857345581055e-01,3.723346292972564697e-01,-3.130419924855232239e-02,6.969250440597534180e-01,3.462377190589904785e-01,-3.966860845685005188e-02,7.062321901321411133e-01,3.243824839591979980e-01,-4.525610432028770447e-02,7.029575109481811523e-01,4.176074266433715820e-01,-1.901646517217159271e-02,7.196941375732421875e-01,3.734768927097320557e-01,-2.806096896529197693e-02,7.314997911453247070e-01,3.454867601394653320e-01,-3.534529358148574829e-02,7.414851188659667969e-01,3.226294815540313721e-01,-4.060902819037437439e-02,7.209799885749816895e-01,4.281806647777557373e-01,-1.960193365812301636e-02,7.423472404479980469e-01,3.874992430210113525e-01,-2.902839705348014832e-02,7.556780576705932617e-01,3.617542684078216553e-01,-3.624768182635307312e-02,7.661508321762084961e-01,3.400370180606842041e-01,-4.103947058320045471e-02,7.361174225807189941e-01,4.447423815727233887e-01,-2.146604843437671661e-02,7.552334070205688477e-01,4.109965264797210693e-01,-3.028546273708343506e-02,7.677311897277832031e-01,3.878571391105651855e-01,-3.511508926749229431e-02,7.781516313552856445e-01,3.660802543163299561e-01,-3.814632818102836609e-02,2.826846241950988770e-01,5.563665032386779785e-01,2.217231980239375844e-07,2.928811907768249512e-01,5.551840066909790039e-01,-4.831270128488540649e-02,2.802483439445495605e-01,5.495043396949768066e-01,-7.333514839410781860e-02,2.595344483852386475e-01,5.480867028236389160e-01,-8.867559581995010376e-02,2.375763058662414551e-01,5.416556000709533691e-01,-1.031891256570816040e-01,2.464258223772048950e-01,5.104483366012573242e-01,-7.176291942596435547e-02,2.126487493515014648e-01,5.067898035049438477e-01,-9.777078777551651001e-02,1.882017552852630615e-01,4.997112751007080078e-01,-1.155814081430435181e-01,1.664342284202575684e-01,4.899221062660217285e-01,-1.273846477270126343e-01,2.295620292425155640e-01,5.143989324569702148e-01,-5.485667288303375244e-02,1.883103549480438232e-01,5.106354355812072754e-01,-7.953966408967971802e-02,1.590655148029327393e-01,5.037516355514526367e-01,-9.705153852701187134e-02,1.330453455448150635e-01,4.924442172050476074e-01,-1.095036715269088745e-01,2.171536833047866821e-01,5.210893750190734863e-01,-3.919663280248641968e-02,1.814913749694824219e-01,5.151861310005187988e-01,-5.959217995405197144e-02,1.543495357036590576e-01,5.067791342735290527e-01,-7.475860416889190674e-02,1.331472098827362061e-01,4.978708624839782715e-01,-8.455137163400650024e-02,2.101207077503204346e-01,5.305098891258239746e-01,-2.649296820163726807e-02,1.828162968158721924e-01,5.239806175231933594e-01,-4.226287081837654114e-02,1.626122146844863892e-01,5.175987482070922852e-01,-5.306162685155868530e-02,1.464305222034454346e-01,5.106535553932189941e-01,-6.049403175711631775e-02
6.902593374252319336e-01,5.247045755386352539e-01,2.843988227141380776e-07,6.629084944725036621e-01,5.026245117187500000e-01,-1.709461770951747894e-02,6.515923142433166504e-01,4.636246860027313232e-01,-2.606483548879623413e-02,6.573157310485839844e-01,4.292000234127044678e-01,-3.271723538637161255e-02,6.619053483009338379e-01,3.991045951843261719e-01,-3.930018469691276550e-02,6.815549731254577637e-01,4.148701131343841553e-01,-1.903184317052364349e-02,6.897872090339660645e-01,3.697803020477294922e-01,-3.071075305342674255e-02,6.984556913375854492e-01,3.432357907295227051e-01,-3.949652239680290222e-02,7.081700563430786133e-01,3.206420540809631348e-01,-4.546369984745979309e-02,7.041066884994506836e-01,4.174808859825134277e-01,-1.853657141327857971e-02,7.219685912132263184e-01,3.697520196437835693e-01,-2.815473824739456177e-02,7.345584034919738770e-01,3.409672081470489502e-01,-3.587923571467399597e-02,7.453798055648803711e-01,3.165423870086669922e-01,-4.161924496293067932e-02,7.216033339500427246e-01,4.284665286540985107e-01,-2.008322253823280334e-02,7.438233494758605957e-01,3.844859302043914795e-01,-3.024029359221458435e-02,7.580597400665283203e-01,3.553874492645263672e-01,-3.758195042610168457e-02,7.694748640060424805e-01,3.300233483314514160e-01,-4.271111264824867249e-02,7.357015013694763184e-01,4.458214044570922852e-01,-2.293860726058483124e-02,7.549582719802856445e-01,4.104429185390472412e-01,-3.249517828226089478e-02,7.672786712646484375e-01,3.856586813926696777e-01,-3.732559457421302795e-02,7.768877744674682617e-01,3.620452880859375000e-01,-4.057218506932258606e-02,2.768065929412841797e-01,5.559626221656799316e-01,2.704937003272789298e-07,2.931300401687622070e-01,5.560429096221923828e-01,-5.779574811458587646e-02,2.846632003784179688e-01,5.506249666213989258e-01,-8.933237195014953613e-02,2.634580433368682861e-01,5.467724800109863281e-01,-1.089007854461669922e-01,2.379398941993713379e-01,5.405811071395874023e-01,-1.280524879693984985e-01,2.460968494415283203e-01,5.107189416885375977e-01,-9.305369108915328979e-02,2.125272154808044434e-01,5.072641968727111816e-01,-1.258504390716552734e-01,1.876936703920364380e-01,5.008648633956909180e-01,-1.477950960397720337e-01,1.645258963108062744e-01,4.909167885780334473e-01,-1.623015999794006348e-01,2.274513393640518188e-01,5.128203034400939941e-01,-7.258015125989913940e-02,1.843796074390411377e-01,5.089289546012878418e-01,-1.029215976595878601e-01,1.547901183366775513e-01,5.016127824783325195e-01,-1.238533407449722290e-01,1.271833926439285278e-01,4.904408752918243408e-01,-1.394102275371551514e-01,2.137095630168914795e-01,5.187419652938842773e-01,-5.314999446272850037e-02,1.765264123678207397e-01,5.135339498519897461e-01,-7.835653424263000488e-02,1.486537456512451172e-01,5.054870247840881348e-01,-9.670197963714599609e-02,1.278282105922698975e-01,4.969511032104492188e-01,-1.091004237532615662e-01,2.058813273906707764e-01,5.271388888359069824e-01,-3.697038814425468445e-02,1.766031384468078613e-01,5.226753354072570801e-01,-5.664996430277824402e-02,1.548511087894439697e-01,5.172426700592041016e-01,-7.051593065261840820e-02,1.383626163005828857e-01,5.120760798454284668e-01,-8.060852438211441040e-02
6.893757581710815430e-01,5.253298282623291016e-01,2.848287010692729382e-07,6.616877317428588867e-01,5.013149976730346680e-01,-1.703483611345291138e-02,6.492449045181274414e-01,4.621020853519439697e-01,-2.602448314428329468e-02,6.544768810272216797e-01,4.267052114009857178e-01,-3.274727240204811096e-02,6.580749154090881348e-01,3.954795897006988525e-01,-3.943342342972755432e-02,6.798674464225769043e-01,4.128932654857635498e-01,-1.964931003749370575e-02,6.871818304061889648e-01,3.652430474758148193e-01,-3.151413798332214355e-02,6.944535970687866211e-01,3.374045491218566895e-01,-4.035998508334159851e-02,7.028629779815673828e-01,3.132436573505401611e-01,-4.641998931765556335e-02,7.030405998229980469e-01,4.153015315532684326e-01,-1.960883662104606628e-02,7.211342453956604004e-01,3.650650084018707275e-01,-2.926040627062320709e-02,7.328723669052124023e-01,3.348848521709442139e-01,-3.727217763662338257e-02,7.427297830581665039e-01,3.086254000663757324e-01,-4.340728744864463806e-02,7.207290530204772949e-01,4.260971844196319580e-01,-2.155692502856254578e-02,7.439187765121459961e-01,3.813648223876953125e-01,-3.169023245573043823e-02,7.580452561378479004e-01,3.511859774589538574e-01,-3.919736668467521667e-02,7.692050337791442871e-01,3.246388733386993408e-01,-4.461919516324996948e-02,7.348210811614990234e-01,4.433467686176300049e-01,-2.484533190727233887e-02,7.546654939651489258e-01,4.081135690212249756e-01,-3.425614908337593079e-02,7.672553062438964844e-01,3.828369677066802979e-01,-3.895234316587448120e-02,7.771950960159301758e-01,3.586103618144989014e-01,-4.223220422863960266e-02,2.761343121528625488e-01,5.561080574989318848e-01,2.540116668114933418e-07,2.943320870399475098e-01,5.576326847076416016e-01,-5.649153888225555420e-02,2.863963544368743896e-01,5.511495471000671387e-01,-8.691596984863281250e-02,2.640020847320556641e-01,5.461660027503967285e-01,-1.059502139687538147e-01,2.390671372413635254e-01,5.397974252700805664e-01,-1.246012598276138306e-01,2.468704730272293091e-01,5.112003087997436523e-01,-8.884365111589431763e-02,2.156527638435363770e-01,5.059905648231506348e-01,-1.194120123982429504e-01,1.912766844034194946e-01,4.970756471157073975e-01,-1.397452652454376221e-01,1.684689968824386597e-01,4.853432178497314453e-01,-1.537848263978958130e-01,2.258418798446655273e-01,5.124827027320861816e-01,-6.918894499540328979e-02,1.844878643751144409e-01,5.046725869178771973e-01,-9.866423159837722778e-02,1.559431403875350952e-01,4.951573610305786133e-01,-1.192471161484718323e-01,1.289620250463485718e-01,4.825939536094665527e-01,-1.347390413284301758e-01,2.113533765077590942e-01,5.176970362663269043e-01,-5.055190250277519226e-02,1.760667711496353149e-01,5.071511268615722656e-01,-7.510459423065185547e-02,1.488227397203445435e-01,4.971114695072174072e-01,-9.311596304178237915e-02,1.281535029411315918e-01,4.875708222389221191e-01,-1.055238470435142517e-01,2.036679834127426147e-01,5.259251594543457031e-01,-3.516779839992523193e-02,1.750277280807495117e-01,5.202738046646118164e-01,-5.445535853505134583e-02,1.538675129413604736e-01,5.152570009231567383e-01,-6.833606213331222534e-02,1.375672072172164917e-01,5.109515190124511719e-01,-7.866532355546951294e-02
6.889851093292236328e-01,5.174462795257568359e-01,2.826582203852012753e-07,6.582518815994262695e-01,4.943704307079315186e-01,-1.614047773182392120e-02,6.426743865013122559e-01,4.530518054962158203e-01,-2.402330935001373291e-02,6.439571976661682129e-01,4.137726426124572754e-01,-2.984701097011566162e-02,6.441006064414978027e-01,3.805222511291503906e-01,-3.536652028560638428e-02,6.721196770668029785e-01,4.012082517147064209e-01,-1.586999557912349701e-02,6.750157475471496582e-01,3.521357178688049316e-01,-2.634830214083194733e-02,6.786729097366333008e-01,3.215764760971069336e-01,-3.465024381875991821e-02,6.834501028060913086e-01,2.956218123435974121e-01,-4.054107517004013062e-02,6.965867877006530762e-01,4.010233283042907715e-01,-1.592977158725261688e-02,7.089142203330993652e-01,3.467472195625305176e-01,-2.458664774894714355e-02,7.168561816215515137e-01,3.136323094367980957e-01,-3.214383870363235474e-02,7.237499952316284180e-01,2.860481441020965576e-01,-3.784415870904922485e-02,7.162891030311584473e-01,4.107783138751983643e-01,-1.808294840157032013e-02,7.364485263824462891e-01,3.618374764919281006e-01,-2.806041948497295380e-02,7.490369677543640137e-01,3.308760225772857666e-01,-3.556571900844573975e-02,7.589491605758666992e-01,3.041585683822631836e-01,-4.079219326376914978e-02,7.324894070625305176e-01,4.281076788902282715e-01,-2.146584540605545044e-02,7.520830631256103516e-01,3.911879956722259521e-01,-3.098563477396965027e-02,7.645682096481323242e-01,3.666871488094329834e-01,-3.556122258305549622e-02,7.746916413307189941e-01,3.433102369308471680e-01,-3.857778757810592651e-02,2.709642350673675537e-01,5.618743896484375000e-01,2.655225443959352560e-07,2.913708686828613281e-01,5.545543432235717773e-01,-4.329961910843849182e-02,2.900744676589965820e-01,5.429815649986267090e-01,-6.650944054126739502e-02,2.705065906047821045e-01,5.350788831710815430e-01,-8.221751451492309570e-02,2.492742836475372314e-01,5.255972146987915039e-01,-9.677384048700332642e-02,2.393139004707336426e-01,4.956464767456054688e-01,-5.608176440000534058e-02,2.153127193450927734e-01,4.764831662178039551e-01,-7.788452506065368652e-02,1.980699747800827026e-01,4.614696204662322998e-01,-9.337370842695236206e-02,1.828828752040863037e-01,4.448975026607513428e-01,-1.038532629609107971e-01,2.174704521894454956e-01,4.983361065387725830e-01,-4.311897978186607361e-02,1.823029518127441406e-01,4.790230691432952881e-01,-6.317392736673355103e-02,1.574106216430664062e-01,4.624707698822021484e-01,-7.725153863430023193e-02,1.376916766166687012e-01,4.448140561580657959e-01,-8.723603934049606323e-02,2.049478888511657715e-01,5.047732591629028320e-01,-3.240497782826423645e-02,1.737485677003860474e-01,4.829544425010681152e-01,-5.011165142059326172e-02,1.529647707939147949e-01,4.660637378692626953e-01,-6.166529282927513123e-02,1.375631690025329590e-01,4.488886594772338867e-01,-6.904678791761398315e-02,1.994517743587493896e-01,5.157213807106018066e-01,-2.476795390248298645e-02,1.731883883476257324e-01,5.048555731773376465e-01,-3.909585252404212952e-02,1.551548838615417480e-01,4.963769912719726562e-01,-4.745997861027717590e-02,1.410455256700515747e-01,4.877242743968963623e-01,-5.291090160608291626e-02
6.889851093292236328e-01,5.174462795257568359e-01,2.826582203852012753e-07,6.582518815994262695e-01,4.943704307079315186e-01,-1.614047773182392120e-02,6.426743865013122559e-01,4.530518054962158203e-01,-2.402330935001373291e-02,6.439571976661682129e-01,4.137726426124572754e-01,-2.984701097011566162e-02,6.441006064414978027e-01,3.805222511291503906e-01,-3.536652028560638428e-02,6.721196770668029785e-01,4.012082517147064209e-01,-1.586999557912349701e-02,6.750157475471496582e-01,3.521357178688049316e-01,-2.634830214083194733e-02,6.786729097366333008e-01,3.215764760971069336e-01,-3.465024381875991821e-02,6.834501028060913086e-01,2.956218123435974121e-01,-4.054107517004013062e-02,6.965867877006530762e-01,4.010233283042907715e-01,-1.592977158725261688e-02,7.089142203330993652e-01,3.467472195625305176e-01,-2.458664774894714355e-02,7.168561816215515137e-01,3.136323094367980957e-01,-3.214383870363235474e-02,7.237499952316284180e-01,2.860481441020965576e-01,-3.784415870904922485e-02,7.162891030311584473e-01,4.107783138751983643e-01,-1.808294840157032013e-02,7.364485263824462891e-01,3.618374764919281006e-01,-2.806041948497295380e-02,7.490369677543640137e-01,3.308760225772857666e-01,-3.556571900844573975e-02,7.589491605758666992e-01,3.041585683822631836e-01,-4.079219326376914978e-02,7.324894070625305176e-01,4.281076788902282715e-01,-2.146584540605545044e-02,7.520830631256103516e-01,3.911879956722259521e-01,-3.098563477396965027e-02,7.645682096481323242e-01,3.666871488094329834e-01,-3.556122258305549622e-02,7.746916413307189941e-01,3.433102369308471680e-01,-3.857778757810592651e-02,2.709642350673675537e-01,5.618743896484375000e-01,2.655225443959352560e-07,2.913708686828613281e-01,5.545543432235717773e-01,-4.329961910843849182e-02,2.900744676589965820e-01,5.429815649986267090e-01,-6.650944054126739502e-02,2.705065906047821045e-01,5.350788831710815430e-01,-8.221751451492309570e-02,2.492742836475372314e-01,5.255972146987915039e-01,-9.677384048700332642e-02,2.393139004707336426e-01,4.956464767456054688e-01,-5.608176440000534058e-02,2.153127193450927734e-01,4.764831662178039551e-01,-7.788452506065368652e-02,1.980699747800827026e-01,4.614696204662322998e-01,-9.337370842695236206e-02,1.828828752040863037e-01,4.448975026607513428e-01,-1.038532629609107971e-01,2.174704521894454956e-01,4.983361065387725830e-01,-4.311897978186607361e-02,1.823029518127441406e-01,4.790230691432952881e-01,-6.317392736673355103e-02,1.574106216430664062e-01,4.624707698822021484e-01,-7.725153863430023193e-02,1.376916766166687012e-01,4.448140561580657959e-01,-8.723603934049606323e-02,2.049478888511657715e-01,5.047732591629028320e-01,-3.240497782826423645e-02,1.737485677003860474e-01,4.829544425010681152e-01,-5.011165142059326172e-02,1.529647707939147949e-01,4.660637378692626953e-01,-6.166529282927513123e-02,1.375631690025329590e-01,4.488886594772338867e-01,-6.904678791761398315e-02,1.994517743587493896e-01,5.157213807106018066e-01,-2.476795390248298645e-02,1.731883883476257324e-01,5.048555731773376465e-01,-3.909585252404212952e-02,1.551548838615417480e-01,4.963769912719726562e-01,-4.745997861027717590e-02,1.410455256700515747e-01,4.877242743968963623e-01,-5.291090160608291626e-02
6.893621683120727539e-01,5.190494656562805176e-01,2.612177354421874043e-07,6.574665307998657227e-01,4.946287870407104492e-01,-1.441144384443759918e-02,6.407430171966552734e-01,4.507090449333190918e-01,-2.093644998967647552e-02,6.426729559898376465e-01,4.105243682861328125e-01,-2.590207383036613464e-02,6.446452140808105469e-01,3.779923915863037109e-01,-3.064390458166599274e-02,6.710105538368225098e-01,3.972917497158050537e-01,-1.290677022188901901e-02,6.731693148612976074e-01,3.464879095554351807e-01,-2.267563343048095703e-02,6.769175529479980469e-01,3.161928355693817139e-01,-3.065787255764007568e-02,6.819988489151000977e-01,2.901396155357360840e-01,-3.640770167112350464e-02,6.948387622833251953e-01,3.976453244686126709e-01,-1.404844876378774643e-02,7.063747048377990723e-01,3.413058817386627197e-01,-2.183585800230503082e-02,7.135993242263793945e-01,3.065891265869140625e-01,-2.951285801827907562e-02,7.195238471031188965e-01,2.776288986206054688e-01,-3.547146171331405640e-02,7.144606709480285645e-01,4.079053699970245361e-01,-1.722458936274051666e-02,7.334612011909484863e-01,3.574857413768768311e-01,-2.665600180625915527e-02,7.442520260810852051e-01,3.244176805019378662e-01,-3.422034904360771179e-02,7.524394392967224121e-01,2.957752346992492676e-01,-3.968415036797523499e-02,7.314772009849548340e-01,4.255355894565582275e-01,-2.158448658883571625e-02,7.509933710098266602e-01,3.882209956645965576e-01,-3.109760582447052002e-02,7.636848688125610352e-01,3.626416027545928955e-01,-3.572027012705802917e-02,7.739723920822143555e-01,3.383689522743225098e-01,-3.880182281136512756e-02,2.803647816181182861e-01,5.639141201972961426e-01,1.967244998013484292e-07,2.961423993110656738e-01,5.519459247589111328e-01,-3.688220307230949402e-02,2.919495701789855957e-01,5.377370119094848633e-01,-5.625032261013984680e-02,2.725217938423156738e-01,5.296301841735839844e-01,-6.995108723640441895e-02,2.546645402908325195e-01,5.176003575325012207e-01,-8.288021385669708252e-02,2.425400614738464355e-01,4.858169555664062500e-01,-4.305709153413772583e-02,2.184965908527374268e-01,4.621182680130004883e-01,-6.016958504915237427e-02,2.030992209911346436e-01,4.449876248836517334e-01,-7.386029511690139771e-02,1.895052939653396606e-01,4.266281127929687500e-01,-8.401677757501602173e-02,2.221031785011291504e-01,4.897391498088836670e-01,-3.298207372426986694e-02,1.860426962375640869e-01,4.672707617282867432e-01,-4.962452128529548645e-02,1.613518595695495605e-01,4.502124488353729248e-01,-6.333971768617630005e-02,1.414460390806198120e-01,4.319390952587127686e-01,-7.334397733211517334e-02,2.108823955059051514e-01,4.990494847297668457e-01,-2.513240836560726166e-02,1.781907081604003906e-01,4.734355807304382324e-01,-4.032951593399047852e-02,1.552791595458984375e-01,4.555787742137908936e-01,-5.250472202897071838e-02,1.378415673971176147e-01,4.376678466796875000e-01,-6.065220013260841370e-02,2.061864286661148071e-01,5.135127902030944824e-01,-1.997609809041023254e-02,1.778346896171569824e-01,5.025256276130676270e-01,-3.307633474469184875e-02,1.587338298559188843e-01,4.944895207881927490e-01,-4.169005155563354492e-02,1.442091763019561768e-01,4.854588210582733154e-01,-4.751486703753471375e-02
6.909521818161010742e-01,5.176155567169189453e-01,2.513148160687705968e-07,6.576998233795166016e-01,4.916263222694396973e-01,-1.313108298927545547e-02,6.406219601631164551e-01,4.441766142845153809e-01,-1.811247505247592926e-02,6.425895094871520996e-01,4.014345109462738037e-01,-2.196684107184410095e-02,6.461480259895324707e-01,3.687544167041778564e-01,-2.543747238814830780e-02,6.699979305267333984e-01,3.909685611724853516e-01,-8.344192057847976685e-03,6.709664463996887207e-01,3.389738500118255615e-01,-1.695166714489459991e-02,6.735241413116455078e-01,3.079284727573394775e-01,-2.444510720670223236e-02,6.773282885551452637e-01,2.814548611640930176e-01,-2.998515218496322632e-02,6.938823461532592773e-01,3.907947838306427002e-01,-9.856699965894222260e-03,7.034853696823120117e-01,3.342713117599487305e-01,-1.639061421155929565e-02,7.097513675689697266e-01,2.989724874496459961e-01,-2.365186251699924469e-02,7.149280905723571777e-01,2.697476148605346680e-01,-2.939248643815517426e-02,7.138048410415649414e-01,4.005649685859680176e-01,-1.359021663665771484e-02,7.305440902709960938e-01,3.496417403221130371e-01,-2.203835174441337585e-02,7.397117018699645996e-01,3.164410591125488281e-01,-2.923461608588695526e-02,7.464470267295837402e-01,2.875218987464904785e-01,-3.456749767065048218e-02,7.314274907112121582e-01,4.179360568523406982e-01,-1.855537481606006622e-02,7.503302693367004395e-01,3.806658387184143066e-01,-2.727177552878856659e-02,7.625831961631774902e-01,3.550085723400115967e-01,-3.164419904351234436e-02,7.726379632949829102e-01,3.306638598442077637e-01,-3.462861850857734680e-02,2.821258604526519775e-01,5.660054683685302734e-01,2.310353863776981598e-07,3.009891510009765625e-01,5.532853603363037109e-01,-3.873264417052268982e-02,2.981895506381988525e-01,5.344176888465881348e-01,-5.899498611688613892e-02,2.785730957984924316e-01,5.216714739799499512e-01,-7.287849485874176025e-02,2.634326815605163574e-01,5.042187571525573730e-01,-8.610314130783081055e-02,2.546095848083496094e-01,4.771184027194976807e-01,-4.800322651863098145e-02,2.331929951906204224e-01,4.445964395999908447e-01,-6.712482869625091553e-02,2.180331051349639893e-01,4.226806759834289551e-01,-8.144966512918472290e-02,2.058575004339218140e-01,4.017612338066101074e-01,-9.179030358791351318e-02,2.322841137647628784e-01,4.810152053833007812e-01,-3.768447414040565491e-02,2.013490945100784302e-01,4.476218521595001221e-01,-5.563624203205108643e-02,1.810342818498611450e-01,4.230383038520812988e-01,-6.921952962875366211e-02,1.662465333938598633e-01,4.002960026264190674e-01,-7.876335829496383667e-02,2.184523493051528931e-01,4.917553663253784180e-01,-2.977454662322998047e-02,1.870848238468170166e-01,4.590599536895751953e-01,-4.680188745260238647e-02,1.660737246274948120e-01,4.355968236923217773e-01,-5.976166948676109314e-02,1.512320637702941895e-01,4.129450023174285889e-01,-6.833404302597045898e-02,2.110557258129119873e-01,5.087971091270446777e-01,-2.452900260686874390e-02,1.844186335802078247e-01,4.931328296661376953e-01,-3.960176929831504822e-02,1.673113852739334106e-01,4.809263646602630615e-01,-4.917997866868972778e-02,1.548923552036285400e-01,4.676882624626159668e-01,-5.558524280786514282e-02
6.909521818161010742e-01,5.176155567169189453e-01,2.513148160687705968e-07,6.576998233795166016e-01,4.916263222694396973e-01,-1.313108298927545547e-02,6.406219601631164551e-01,4.441766142845153809e-01,-1.811247505247592926e-02,6.425895094871520996e-01,4.014345109462738037e-01,-2.196684107184410095e-02,6.461480259895324707e-01,3.687544167041778564e-01,-2.543747238814830780e-02,6.699979305267333984e-01,3.909685611724853516e-01,-8.344192057847976685e-03,6.709664463996887207e-01,3.389738500118255615e-01,-1.695166714489459991e-02,6.735241413116455078e-01,3.079284727573394775e-01,-2.444510720670223236e-02,6.773282885551452637e-01,2.814548611640930176e-01,-2.998515218496322632e-02,6.938823461532592773e-01,3.907947838306427002e-01,-9.856699965894222260e-03,7.034853696823120117e-01,3.342713117599487305e-01,-1.639061421155929565e-02,7.097513675689697266e-01,2.989724874496459961e-01,-2.365186251699924469e-02,7.149280905723571777e-01,2.697476148605346680e-01,-2.939248643815517426e-02,7.138048410415649414e-01,4.005649685859680176e-01,-1.359021663665771484e-02,7.305440902709960938e-01,3.496417403221130371e-01,-2.203835174441337585e-02,7.397117018699645996e-01,3.164410591125488281e-01,-2.923461608588695526e-02,7.464470267295837402e-01,2.875218987464904785e-01,-3.456749767065048218e-02,7.314274907112121582e-01,4.179360568523406982e-01,-1.855537481606006622e-02,7.503302693367004395e-01,3.806658387184143066e-01,-2.727177552878856659e-02,7.625831961631774902e-01,3.550085723400115967e-01,-3.164419904351234436e-02,7.726379632949829102e-01,3.306638598442077637e-01,-3.462861850857734680e-02,2.821258604526519775e-01,5.660054683685302734e-01,2.310353863776981598e-07,3.009891510009765625e-01,5.532853603363037109e-01,-3.873264417052268982e-02,2.981895506381988525e-01,5.344176888465881348e-01,-5.899498611688613892e-02,2.785730957984924316e-01,5.216714739799499512e-01,-7.287849485874176025e-02,2.634326815605163574e-01,5.042187571525573730e-01,-8.610314130783081055e-02,2.546095848083496094e-01,4.771184027194976807e-01,-4.800322651863098145e-02,2.331929951906204224e-01,4.445964395999908447e-01,-6.712482869625091553e-02,2.180331051349639893e-01,4.226806759834289551e-01,-8.144966512918472290e-02,2.058575004339218140e-01,4.017612338066101074e-01,-9.179030358791351318e-02,2.322841137647628784e-01,4.810152053833007812e-01,-3.768447414040565491e-02,2.013490945100784302e-01,4.476218521595001221e-01,-5.563624203205108643e-02,1.810342818498611450e-01,4.230383038520812988e-01,-6.921952962875366211e-02,1.662465333938598633e-01,4.002960026264190674e-01,-7.876335829496383667e-02,2.184523493051528931e-01,4.917553663253784180e-01,-2.977454662322998047e-02,1.870848238468170166e-01,4.590599536895751953e-01,-4.680188745260238647e-02,1.660737246274948120e-01,4.355968236923217773e-01,-5.976166948676109314e-02,1.512320637702941895e-01,4.129450023174285889e-01,-6.833404302597045898e-02,2.110557258129119873e-01,5.087971091270446777e-01,-2.452900260686874390e-02,1.844186335802078247e-01,4.931328296661376953e-01,-3.960176929831504822e-02,1.673113852739334106e-01,4.809263646602630615e-01,-4.917997866868972778e-02,1.548923552036285400e-01,4.676882624626159668e-01,-5.558524280786514282e-02
6.932076811790466309e-01,5.185737609863281250e-01,2.487869892320304643e-07,6.588733792304992676e-01,4.910243749618530273e-01,-1.371253933757543564e-02,6.410290002822875977e-01,4.439466893672943115e-01,-1.874051801860332489e-02,6.430508494377136230e-01,4.003619253635406494e-01,-2.269752137362957001e-02,6.472706198692321777e-01,3.663312792778015137e-01,-2.611306495964527130e-02,6.704415082931518555e-01,3.901267051696777344e-01,-6.905172020196914673e-03,6.701591610908508301e-01,3.380366563796997070e-01,-1.545253209769725800e-02,6.717683076858520508e-01,3.076534271240234375e-01,-2.281357720494270325e-02,6.753352284431457520e-01,2.812923491001129150e-01,-2.825647406280040741e-02,6.942041516304016113e-01,3.894430398941040039e-01,-8.172905072569847107e-03,7.032755613327026367e-01,3.333192169666290283e-01,-1.473324280232191086e-02,7.090902328491210938e-01,2.985682785511016846e-01,-2.187594585120677948e-02,7.146312594413757324e-01,2.690752744674682617e-01,-2.747005969285964966e-02,7.140184640884399414e-01,3.988867402076721191e-01,-1.194559969007968903e-02,7.298452258110046387e-01,3.481101691722869873e-01,-2.060229517519474030e-02,7.390113472938537598e-01,3.158697783946990967e-01,-2.747135609388351440e-02,7.465545535087585449e-01,2.876867651939392090e-01,-3.248514980077743530e-02,7.316224575042724609e-01,4.157509207725524902e-01,-1.709748804569244385e-02,7.496111392974853516e-01,3.791957199573516846e-01,-2.578400447964668274e-02,7.616189718246459961e-01,3.544766008853912354e-01,-2.985956706106662750e-02,7.722548246383666992e-01,3.309031426906585693e-01,-3.260546177625656128e-02,2.832289040088653564e-01,5.662491917610168457e-01,2.802604228691052413e-07,3.015265464782714844e-01,5.537572503089904785e-01,-3.723464533686637878e-02,3.008731901645660400e-01,5.324843525886535645e-01,-5.642003938555717468e-02,2.841279506683349609e-01,5.174559950828552246e-01,-6.971761584281921387e-02,2.670752406120300293e-01,4.995850920677185059e-01,-8.231058716773986816e-02,2.566473186016082764e-01,4.711375534534454346e-01,-4.530632495880126953e-02,2.378391027450561523e-01,4.354647994041442871e-01,-6.468201428651809692e-02,2.253535538911819458e-01,4.102281630039215088e-01,-7.947048544883728027e-02,2.149912267923355103e-01,3.866826295852661133e-01,-8.976450562477111816e-02,2.346395254135131836e-01,4.744797050952911377e-01,-3.539022430777549744e-02,2.082968205213546753e-01,4.347348511219024658e-01,-5.236279591917991638e-02,1.919566243886947632e-01,4.055317044258117676e-01,-6.526216119527816772e-02,1.790578067302703857e-01,3.789711594581604004e-01,-7.414231449365615845e-02,2.210735231637954712e-01,4.859419167041778564e-01,-2.797331660985946655e-02,1.910156905651092529e-01,4.533415138721466064e-01,-4.346110299229621887e-02,1.709953546524047852e-01,4.310151338577270508e-01,-5.476659163832664490e-02,1.560316681861877441e-01,4.092863202095031738e-01,-6.207359582185745239e-02,2.143724113702774048e-01,5.041747689247131348e-01,-2.343543805181980133e-02,1.885314136743545532e-01,4.850478172302246094e-01,-3.702325001358985901e-02,1.716392189264297485e-01,4.728343486785888672e-01,-4.529874399304389954e-02,1.585806012153625488e-01,4.601604640483856201e-01,-5.065996199846267700e-02
6.955904960632324219e-01,5.192787647247314453e-01,2.352678194483814877e-07,6.608164310455322266e-01,4.901037514209747314e-01,-1.365348882973194122e-02,6.419750452041625977e-01,4.426616430282592773e-01,-1.815524511039257050e-02,6.429795026779174805e-01,3.982983231544494629e-01,-2.169181033968925476e-02,6.482059359550476074e-01,3.640543818473815918e-01,-2.464347332715988159e-02,6.734373569488525391e-01,3.891674876213073730e-01,-4.293633159250020981e-03,6.723134517669677734e-01,3.382896780967712402e-01,-1.212669163942337036e-02,6.725594997406005859e-01,3.085977137088775635e-01,-1.938906684517860413e-02,6.744810938835144043e-01,2.825009524822235107e-01,-2.496859058737754822e-02,6.973586678504943848e-01,3.889970779418945312e-01,-5.347322672605514526e-03,7.073336839675903320e-01,3.342794775962829590e-01,-1.141495723277330399e-02,7.130461931228637695e-01,3.013550043106079102e-01,-1.842068135738372803e-02,7.180137634277343750e-01,2.733509540557861328e-01,-2.396081574261188507e-02,7.168865799903869629e-01,3.982484042644500732e-01,-9.123451076447963715e-03,7.328999638557434082e-01,3.484170734882354736e-01,-1.788423210382461548e-02,7.414992451667785645e-01,3.168604671955108643e-01,-2.465486153960227966e-02,7.482210397720336914e-01,2.892372608184814453e-01,-2.945819124579429626e-02,7.339497208595275879e-01,4.148132801055908203e-01,-1.431136578321456909e-02,7.521588206291198730e-01,3.782317638397216797e-01,-2.314077317714691162e-02,7.637772560119628906e-01,3.539122939109802246e-01,-2.721156366169452667e-02,7.738300561904907227e-01,3.304448127746582031e-01,-2.991797402501106262e-02,2.826523482799530029e-01,5.655049681663513184e-01,3.102371408658655128e-07,3.028811514377593994e-01,5.498405694961547852e-01,-3.706279397010803223e-02,3.040930926799774170e-01,5.276952981948852539e-01,-5.611337348818778992e-02,2.888100147247314453e-01,5.115227699279785156e-01,-6.939400732517242432e-02,2.727382481098175049e-01,4.919121861457824707e-01,-8.184581249952316284e-02,2.613019943237304688e-01,4.664673805236816406e-01,-4.392973706126213074e-02,2.442833632230758667e-01,4.261877834796905518e-01,-6.225034222006797791e-02,2.334609031677246094e-01,3.989319801330566406e-01,-7.616278529167175293e-02,2.247207164764404297e-01,3.739130198955535889e-01,-8.588062971830368042e-02,2.387931644916534424e-01,4.690966904163360596e-01,-3.376743197441101074e-02,2.144060283899307251e-01,4.256563782691955566e-01,-5.006566271185874939e-02,1.996949315071105957e-01,3.946193456649780273e-01,-6.262810528278350830e-02,1.887716948986053467e-01,3.673049807548522949e-01,-7.133946567773818970e-02,2.242642492055892944e-01,4.802031517028808594e-01,-2.616618201136589050e-02,1.962823569774627686e-01,4.436109662055969238e-01,-4.110053926706314087e-02,1.782691925764083862e-01,4.192447662353515625e-01,-5.248537287116050720e-02,1.655554920434951782e-01,3.965914547443389893e-01,-5.988563224673271179e-02,2.159951329231262207e-01,4.974275529384613037e-01,-2.140427380800247192e-02,1.919210404157638550e-01,4.749421775341033936e-01,-3.457952290773391724e-02,1.763434410095214844e-01,4.603723287582397461e-01,-4.295037314295768738e-02,1.646705269813537598e-01,4.460927248001098633e-01,-4.842916876077651978e-02
7.000126242637634277e-01,5.241231918334960938e-01,1.936881801611889387e-07,6.640632748603820801e-01,4.925249218940734863e-01,-1.279547344893217087e-02,6.445326209068298340e-01,4.439448714256286621e-01,-1.551068387925624847e-02,6.455693244934082031e-01,3.975937068462371826e-01,-1.763426885008811951e-02,6.510728001594543457e-01,3.618715703487396240e-01,-1.903021894395351410e-02,6.793975830078125000e-01,3.929967582225799561e-01,2.604306675493717194e-03,6.786634325981140137e-01,3.462252616882324219e-01,-3.564500017091631889e-03,6.790527701377868652e-01,3.185084164142608643e-01,-1.068796683102846146e-02,6.807757019996643066e-01,2.939366996288299561e-01,-1.640726812183856964e-02,7.041390538215637207e-01,3.928215503692626953e-01,1.720011117868125439e-03,7.128142714500427246e-01,3.415544033050537109e-01,-2.675744704902172089e-03,7.184929251670837402e-01,3.109497129917144775e-01,-9.456466883420944214e-03,7.236986756324768066e-01,2.858052849769592285e-01,-1.493351906538009644e-02,7.240787744522094727e-01,4.019236266613006592e-01,-2.306513255462050438e-03,7.385210394859313965e-01,3.550280928611755371e-01,-9.950566105544567108e-03,7.470042705535888672e-01,3.263624906539916992e-01,-1.581181213259696960e-02,7.539635300636291504e-01,3.017640709877014160e-01,-1.980626396834850311e-02,7.413830161094665527e-01,4.178168475627899170e-01,-7.848822511732578278e-03,7.574489116668701172e-01,3.819239735603332520e-01,-1.514434721320867538e-02,7.677122950553894043e-01,3.588353991508483887e-01,-1.804462261497974396e-02,7.770704030990600586e-01,3.372206389904022217e-01,-1.994123682379722595e-02,2.847567796707153320e-01,5.596464872360229492e-01,3.031430537703272421e-07,3.034478425979614258e-01,5.393100380897521973e-01,-2.472999691963195801e-02,3.050047755241394043e-01,5.138338804244995117e-01,-3.850271180272102356e-02,2.939978241920471191e-01,4.932062029838562012e-01,-4.938878118991851807e-02,2.850080132484436035e-01,4.700618088245391846e-01,-5.958896502852439880e-02,2.694394290447235107e-01,4.511902034282684326e-01,-2.753818780183792114e-02,2.592773139476776123e-01,4.040411412715911865e-01,-4.313586279749870300e-02,2.538934946060180664e-01,3.740397095680236816e-01,-5.544184893369674683e-02,2.496792227029800415e-01,3.478021025657653809e-01,-6.374906003475189209e-02,2.479544878005981445e-01,4.541541934013366699e-01,-2.303737588226795197e-02,2.302874177694320679e-01,4.043728113174438477e-01,-3.640918061137199402e-02,2.213131785392761230e-01,3.722328543663024902e-01,-4.757741466164588928e-02,2.145822644233703613e-01,3.435568809509277344e-01,-5.517493560910224915e-02,2.334153503179550171e-01,4.658115208148956299e-01,-2.068311534821987152e-02,2.096881866455078125e-01,4.258441030979156494e-01,-3.295805305242538452e-02,1.954171061515808105e-01,3.993920385837554932e-01,-4.257505014538764954e-02,1.859245896339416504e-01,3.761990070343017578e-01,-4.860820621252059937e-02,2.248492091894149780e-01,4.851149320602416992e-01,-2.030016109347343445e-02,2.024075686931610107e-01,4.566349983215332031e-01,-3.001451678574085236e-02,1.895872950553894043e-01,4.373406171798706055e-01,-3.547779843211174011e-02,1.799210160970687866e-01,4.189038872718811035e-01,-3.891085460782051086e-02
7.000126242637634277e-01,5.241231918334960938e-01,1.936881801611889387e-07,6.640632748603820801e-01,4.925249218940734863e-01,-1.279547344893217087e-02,6.445326209068298340e-01,4.439448714256286621e-01,-1.551068387925624847e-02,6.455693244934082031e-01,3.975937068462371826e-01,-1.763426885008811951e-02,6.510728001594543457e-01,3.618715703487396240e-01,-1.903021894395351410e-02,6.793975830078125000e-01,3.929967582225799561e-01,2.604306675493717194e-03,6.786634325981140137e-01,3.462252616882324219e-01,-3.564500017091631889e-03,6.790527701377868652e-01,3.185084164142608643e-01,-1.068796683102846146e-02,6.807757019996643066e-01,2.939366996288299561e-01,-1.640726812183856964e-02,7.041390538215637207e-01,3.928215503692626953e-01,1.720011117868125439e-03,7.128142714500427246e-01,3.415544033050537109e-01,-2.675744704902172089e-03,7.184929251670837402e-01,3.109497129917144775e-01,-9.456466883420944214e-03,7.236986756324768066e-01,2.858052849769592285e-01,-1.493351906538009644e-02,7.240787744522094727e-01,4.019236266613006592e-01,-2.306513255462050438e-03,7.385210394859313965e-01,3.550280928611755371e-01,-9.950566105544567108e-03,7.470042705535888672e-01,3.263624906539916992e-01,-1.581181213259696960e-02,7.539635300636291504e-01,3.017640709877014160e-01,-1.980626396834850311e-02,7.413830161094665527e-01,4.178168475627899170e-01,-7.848822511732578278e-03,7.574489116668701172e-01,3.819239735603332520e-01,-1.514434721320867538e-02,7.677122950553894043e-01,3.588353991508483887e-01,-1.804462261497974396e-02,7.770704030990600586e-01,3.372206389904022217e-01,-1.994123682379722595e-02,2.847567796707153320e-01,5.596464872360229492e-01,3.031430537703272421e-07,3.034478425979614258e-01,5.393100380897521973e-01,-2.472999691963195801e-02,3.050047755241394043e-01,5.138338804244995117e-01,-3.850271180272102356e-02,2.939978241920471191e-01,4.932062029838562012e-01,-4.938878118991851807e-02,2.850080132484436035e-01,4.700618088245391846e-01,-5.958896502852439880e-02,2.694394290447235107e-01,4.511902034282684326e-01,-2.753818780183792114e-02,2.592773139476776123e-01,4.040411412715911865e-01,-4.313586279749870300e-02,2.538934946060180664e-01,3.740397095680236816e-01,-5.544184893369674683e-02,2.496792227029800415e-01,3.478021025657653809e-01,-6.374906003475189209e-02,2.479544878005981445e-01,4.541541934013366699e-01,-2.303737588226795197e-02,2.302874177694320679e-01,4.043728113174438477e-01,-3.640918061137199402e-02,2.213131785392761230e-01,3.722328543663024902e-01,-4.757741466164588928e-02,2.145822644233703613e-01,3.435568809509277344e-01,-5.517493560910224915e-02,2.334153503179550171e-01,4.658115208148956299e-01,-2.068311534821987152e-02,2.096881866455078125e-01,4.258441030979156494e-01,-3.295805305242538452e-02,1.954171061515808105e-01,3.993920385837554932e-01,-4.257505014538764954e-02,1.859245896339416504e-01,3.761990070343017578e-01,-4.860820621252059937e-02,2.248492091894149780e-01,4.851149320602416992e-01,-2.030016109347343445e-02,2.024075686931610107e-01,4.566349983215332031e-01,-3.001451678574085236e-02,1.895872950553894043e-01,4.373406171798706055e-01,-3.547779843211174011e-02,1.799210160970687866e-01,4.189038872718811035e-01,-3.891085460782051086e-02
7.011003494262695312e-01,5.259948372840881348e-01,2.106691425751705538e-07,6.662300229072570801e-01,4.919238090515136719e-01,-1.250850502401590347e-02,6.477047204971313477e-01,4.441564679145812988e-01,-1.509382762014865875e-02,6.483655571937561035e-01,3.989889621734619141e-01,-1.723160594701766968e-02,6.532199382781982422e-01,3.637677431106567383e-01,-1.850696466863155365e-02,6.809341907501220703e-01,3.950545787811279297e-01,4.234480671584606171e-03,6.800318360328674316e-01,3.473316133022308350e-01,-1.379280816763639450e-03,6.808860898017883301e-01,3.203645050525665283e-01,-8.176046423614025116e-03,6.834203004837036133e-01,2.962135672569274902e-01,-1.350837852805852890e-02,7.049795985221862793e-01,3.951351940631866455e-01,3.597862087190151215e-03,7.147114872932434082e-01,3.443091511726379395e-01,-5.609934669337235391e-05,7.210193276405334473e-01,3.143374919891357422e-01,-6.316358223557472229e-03,7.270894050598144531e-01,2.898485958576202393e-01,-1.124602369964122772e-02,7.247127890586853027e-01,4.039811491966247559e-01,-2.693626738619059324e-04,7.399259805679321289e-01,3.571465611457824707e-01,-6.991463713347911835e-03,7.486552000045776367e-01,3.287210464477539062e-01,-1.236505340784788132e-02,7.561562061309814453e-01,3.045347332954406738e-01,-1.589754782617092133e-02,7.421955466270446777e-01,4.193453788757324219e-01,-5.698142107576131821e-03,7.581840753555297852e-01,3.831615447998046875e-01,-1.227492094039916992e-02,7.681930065155029297e-01,3.601348698139190674e-01,-1.476621720939874649e-02,7.774720191955566406e-01,3.384397625923156738e-01,-1.619048789143562317e-02,2.851319015026092529e-01,5.595299005508422852e-01,2.798345519750000676e-07,3.041088879108428955e-01,5.389482378959655762e-01,-2.375295944511890411e-02,3.067695498466491699e-01,5.122696161270141602e-01,-3.633988648653030396e-02,2.963168919086456299e-01,4.912149906158447266e-01,-4.624146223068237305e-02,2.875378429889678955e-01,4.678673446178436279e-01,-5.543336644768714905e-02,2.733740806579589844e-01,4.442404210567474365e-01,-2.432283014059066772e-02,2.633475959300994873e-01,3.985096812248229980e-01,-3.839872777462005615e-02,2.582743465900421143e-01,3.689059615135192871e-01,-4.981078952550888062e-02,2.546251118183135986e-01,3.433018326759338379e-01,-5.779443308711051941e-02,2.509942948818206787e-01,4.469382166862487793e-01,-2.021338604390621185e-02,2.346986085176467896e-01,3.975847959518432617e-01,-3.210103139281272888e-02,2.265543490648269653e-01,3.658135533332824707e-01,-4.243198037147521973e-02,2.201880216598510742e-01,3.378975391387939453e-01,-4.967836663126945496e-02,2.354912906885147095e-01,4.597676992416381836e-01,-1.838332228362560272e-02,2.133644372224807739e-01,4.179111421108245850e-01,-2.984874695539474487e-02,2.002819180488586426e-01,3.913223445415496826e-01,-3.912911564111709595e-02,1.913029849529266357e-01,3.681923449039459229e-01,-4.510945826768875122e-02,2.257649600505828857e-01,4.801989197731018066e-01,-1.857155933976173401e-02,2.054726183414459229e-01,4.508928656578063965e-01,-2.868471480906009674e-02,1.929438263177871704e-01,4.305084347724914551e-01,-3.501313552260398865e-02,1.834370493888854980e-01,4.105987250804901123e-01,-3.907226771116256714e-02
7.031479477882385254e-01,5.266411900520324707e-01,1.780538667617292958e-07,6.681106686592102051e-01,4.915610849857330322e-01,-9.135067462921142578e-03,6.507391333580017090e-01,4.427797794342041016e-01,-9.233691729605197906e-03,6.523023843765258789e-01,3.979790806770324707e-01,-9.562923572957515717e-03,6.555278301239013672e-01,3.639146685600280762e-01,-9.427709504961967468e-03,6.853184103965759277e-01,3.993442058563232422e-01,8.478204719722270966e-03,6.861404180526733398e-01,3.540212213993072510e-01,4.601140506565570831e-03,6.879374980926513672e-01,3.287466764450073242e-01,-9.330304455943405628e-04,6.910009384155273438e-01,3.064083456993103027e-01,-5.427727475762367249e-03,7.097415328025817871e-01,4.002375900745391846e-01,6.711553782224655151e-03,7.203708887100219727e-01,3.507818579673767090e-01,4.148140083998441696e-03,7.277076840400695801e-01,3.231250941753387451e-01,-1.734385266900062561e-03,7.345677018165588379e-01,3.011001646518707275e-01,-6.389474961906671524e-03,7.291566729545593262e-01,4.090555906295776367e-01,1.966370735317468643e-03,7.459985017776489258e-01,3.632014095783233643e-01,-4.260536283254623413e-03,7.559772729873657227e-01,3.370692729949951172e-01,-9.519993327558040619e-03,7.645075321197509766e-01,3.153173625469207764e-01,-1.282781176269054413e-02,7.458916902542114258e-01,4.239214658737182617e-01,-3.969257697463035583e-03,7.623507380485534668e-01,3.875653147697448730e-01,-9.797310456633567810e-03,7.727147340774536133e-01,3.655796051025390625e-01,-1.180099230259656906e-02,7.821854352951049805e-01,3.452939987182617188e-01,-1.293611619621515274e-02,2.864198982715606689e-01,5.550758242607116699e-01,2.507399585738312453e-07,3.073728680610656738e-01,5.291876196861267090e-01,-1.633224822580814362e-02,3.094634413719177246e-01,4.971948266029357910e-01,-2.407183125615119934e-02,2.976798415184020996e-01,4.719437062740325928e-01,-3.052454628050327301e-02,2.933971285820007324e-01,4.471375942230224609e-01,-3.631974011659622192e-02,2.807414829730987549e-01,4.358297586441040039e-01,-1.325004827231168747e-02,2.773097157478332520e-01,3.896061182022094727e-01,-2.456584759056568146e-02,2.749724686145782471e-01,3.599245548248291016e-01,-3.409030288457870483e-02,2.730663716793060303e-01,3.344776630401611328e-01,-4.076652601361274719e-02,2.587462067604064941e-01,4.366281330585479736e-01,-1.190944854170084000e-02,2.480198740959167480e-01,3.862982392311096191e-01,-2.092502638697624207e-02,2.428122311830520630e-01,3.545251190662384033e-01,-2.865811809897422791e-02,2.390527427196502686e-01,3.267077803611755371e-01,-3.400800377130508423e-02,2.427025139331817627e-01,4.486152529716491699e-01,-1.269388012588024139e-02,2.247280180454254150e-01,4.064000844955444336e-01,-2.207507751882076263e-02,2.151471376419067383e-01,3.805954158306121826e-01,-2.856608852744102478e-02,2.086570560932159424e-01,3.577740788459777832e-01,-3.246861696243286133e-02,2.314253151416778564e-01,4.704471230506896973e-01,-1.506351120769977570e-02,2.129431366920471191e-01,4.405812621116638184e-01,-2.342730760574340820e-02,2.026363611221313477e-01,4.205949306488037109e-01,-2.730848826467990875e-02,1.945801824331283569e-01,4.007374346256256104e-01,-2.936211228370666504e-02
7.031479477882385254e-01,5.266411900520324707e-01,1.780538667617292958e-07,6.681106686592102051e-01,4.915610849857330322e-01,-9.135067462921142578e-03,6.507391333580017090e-01,4.427797794342041016e-01,-9.233691729605197906e-03,6.523023843765258789e-01,3.979790806770324707e-01,-9.562923572957515717e-03,6.555278301239013672e-01,3.639146685600280762e-01,-9.427709504961967468e-03,6.853184103965759277e-01,3.993442058563232422e-01,8.478204719722270966e-03,6.861404180526733398e-01,3.540212213993072510e-01,4.601140506565570831e-03,6.879374980926513672e-01,3.287466764450073242e-01,-9.330304455943405628e-04,6.910009384155273438e-01,3.064083456993103027e-01,-5.427727475762367249e-03,7.097415328025817871e-01,4.002375900745391846e-01,6.711553782224655151e-03,7.203708887100219727e-01,3.507818579673767090e-01,4.148140083998441696e-03,7.277076840400695801e-01,3.231250941753387451e-01,-1.734385266900062561e-03,7.345677018165588379e-01,3.011001646518707275e-01,-6.389474961906671524e-03,7.291566729545593262e-01,4.090555906295776367e-01,1.966370735317468643e-03,7.459985017776489258e-01,3.632014095783233643e-01,-4.260536283254623413e-03,7.559772729873657227e-01,3.370692729949951172e-01,-9.519993327558040619e-03,7.645075321197509766e-01,3.153173625469207764e-01,-1.282781176269054413e-02,7.458916902542114258e-01,4.239214658737182617e-01,-3.969257697463035583e-03,7.623507380485534668e-01,3.875653147697448730e-01,-9.797310456633567810e-03,7.727147340774536133e-01,3.655796051025390625e-01,-1.180099230259656906e-02,7.821854352951049805e-01,3.452939987182617188e-01,-1.293611619621515274e-02,2.864198982715606689e-01,5.550758242607116699e-01,2.507399585738312453e-07,3.073728680610656738e-01,5.291876196861267090e-01,-1.633224822580814362e-02,3.094634413719177246e-01,4.971948266029357910e-01,-2.407183125615119934e-02,2.976798415184020996e-01,4.719437062740325928e-01,-3.052454628050327301e-02,2.933971285820007324e-01,4.471375942230224609e-01,-3.631974011659622192e-02,2.807414829730987549e-01,4.358297586441040039e-01,-1.325004827231168747e-02,2.773097157478332520e-01,3.896061182022094727e-01,-2.456584759056568146e-02,2.749724686145782471e-01,3.599245548248291016e-01,-3.409030288457870483e-02,2.730663716793060303e-01,3.344776630401611328e-01,-4.076652601361274719e-02,2.587462067604064941e-01,4.366281330585479736e-01,-1.190944854170084000e-02,2.480198740959167480e-01,3.862982392311096191e-01,-2.092502638697624207e-02,2.428122311830520630e-01,3.545251190662384033e-01,-2.865811809897422791e-02,2.390527427196502686e-01,3.267077803611755371e-01,-3.400800377130508423e-02,2.427025139331817627e-01,4.486152529716491699e-01,-1.269388012588024139e-02,2.247280180454254150e-01,4.064000844955444336e-01,-2.207507751882076263e-02,2.151471376419067383e-01,3.805954158306121826e-01,-2.856608852744102478e-02,2.086570560932159424e-01,3.577740788459777832e-01,-3.246861696243286133e-02,2.314253151416778564e-01,4.704471230506896973e-01,-1.506351120769977570e-02,2.129431366920471191e-01,4.405812621116638184e-01,-2.342730760574340820e-02,2.026363611221313477e-01,4.205949306488037109e-01,-2.730848826467990875e-02,1.945801824331283569e-01,4.007374346256256104e-01,-2.936211228370666504e-02
7.042477130889892578e-01,5.249167680740356445e-01,1.902892847738257842e-07,6.700756549835205078e-01,4.890825152397155762e-01,-9.382537566125392914e-03,6.527817249298095703e-01,4.424794614315032959e-01,-9.369979612529277802e-03,6.526740789413452148e-01,3.997891247272491455e-01,-9.568009525537490845e-03,6.547601222991943359e-01,3.662258982658386230e-01,-9.252445772290229797e-03,6.869388818740844727e-01,4.017539322376251221e-01,9.384828619658946991e-03,6.873980760574340820e-01,3.577457666397094727e-01,5.738610401749610901e-03,6.896141767501831055e-01,3.332891464233398438e-01,2.812560705933719873e-04,6.936630010604858398e-01,3.116480112075805664e-01,-4.153180867433547974e-03,7.108049392700195312e-01,4.018940031528472900e-01,7.991998456418514252e-03,7.212210893630981445e-01,3.535397648811340332e-01,5.527875851839780807e-03,7.288572788238525391e-01,3.259474039077758789e-01,-3.943862102460116148e-04,7.365183830261230469e-01,3.044887483119964600e-01,-5.057934671640396118e-03,7.301463484764099121e-01,4.102298915386199951e-01,3.484677290543913841e-03,7.471836209297180176e-01,3.659245073795318604e-01,-2.843501977622509003e-03,7.577444314956665039e-01,3.395763039588928223e-01,-8.719030767679214478e-03,7.673438191413879395e-01,3.180189728736877441e-01,-1.238101348280906677e-02,7.469114065170288086e-01,4.247410893440246582e-01,-2.228400902822613716e-03,7.634314894676208496e-01,3.893589675426483154e-01,-8.566825650632381439e-03,7.744440436363220215e-01,3.677861988544464111e-01,-1.127241551876068115e-02,7.848650813102722168e-01,3.479171991348266602e-01,-1.282157283276319504e-02,2.878426015377044678e-01,5.541024208068847656e-01,2.280938105059249210e-07,3.085308372974395752e-01,5.276173949241638184e-01,-1.190782804042100906e-02,3.089072108268737793e-01,4.925450980663299561e-01,-1.628609187901020050e-02,2.987407147884368896e-01,4.629548788070678711e-01,-1.992123387753963470e-02,2.965050935745239258e-01,4.373102188110351562e-01,-2.294033952057361603e-02,2.852613329887390137e-01,4.324650466442108154e-01,-7.590813562273979187e-03,2.843520343303680420e-01,3.848109543323516846e-01,-1.621806062757968903e-02,2.843658030033111572e-01,3.554976582527160645e-01,-2.369074709713459015e-02,2.840693593025207520e-01,3.308584094047546387e-01,-2.890201844274997711e-02,2.634885907173156738e-01,4.328925311565399170e-01,-7.182058412581682205e-03,2.555833756923675537e-01,3.825063109397888184e-01,-1.333215739578008652e-02,2.529303133487701416e-01,3.522714972496032715e-01,-1.885501295328140259e-02,2.508495151996612549e-01,3.272086381912231445e-01,-2.258040383458137512e-02,2.469119578599929810e-01,4.448281228542327881e-01,-8.626512251794338226e-03,2.308948636054992676e-01,4.024843573570251465e-01,-1.547908503562211990e-02,2.231577336788177490e-01,3.752922117710113525e-01,-2.074010856449604034e-02,2.181039750576019287e-01,3.526602387428283691e-01,-2.392727509140968323e-02,2.348479628562927246e-01,4.661909937858581543e-01,-1.133008766919374466e-02,2.170527279376983643e-01,4.368936121463775635e-01,-1.795292831957340240e-02,2.078320235013961792e-01,4.157401621341705322e-01,-2.113511972129344940e-02,2.012678384780883789e-01,3.956891000270843506e-01,-2.265655808150768280e-02
7.058673501014709473e-01,5.248001813888549805e-01,1.825089697149451240e-07,6.721183657646179199e-01,4.899416565895080566e-01,-8.626052178442478180e-03,6.544339060783386230e-01,4.428400397300720215e-01,-8.361122570931911469e-03,6.532288193702697754e-01,4.008950591087341309e-01,-8.406854234635829926e-03,6.540318131446838379e-01,3.678002357482910156e-01,-7.955546490848064423e-03,6.886212229728698730e-01,4.025824368000030518e-01,9.459903463721275330e-03,6.885994076728820801e-01,3.585845530033111572e-01,6.227934733033180237e-03,6.900629401206970215e-01,3.340218067169189453e-01,1.179191516712307930e-03,6.932963132858276367e-01,3.124734759330749512e-01,-2.954572439193725586e-03,7.120727896690368652e-01,4.022826850414276123e-01,7.854780182242393494e-03,7.216299772262573242e-01,3.544804453849792480e-01,5.863717757165431976e-03,7.286248803138732910e-01,3.269349932670593262e-01,3.449408104643225670e-04,7.355203032493591309e-01,3.055937290191650391e-01,-4.005556460469961166e-03,7.313587069511413574e-01,4.100905060768127441e-01,3.278372809290885925e-03,7.474489212036132812e-01,3.658286333084106445e-01,-2.512698294594883919e-03,7.576441168785095215e-01,3.394847214221954346e-01,-8.276648819446563721e-03,7.666426301002502441e-01,3.179609179496765137e-01,-1.191414706408977509e-02,7.479420900344848633e-01,4.240819513797760010e-01,-2.416494069620966911e-03,7.644381523132324219e-01,3.893061876296997070e-01,-8.573999628424644470e-03,7.754732370376586914e-01,3.677427768707275391e-01,-1.134774833917617798e-02,7.858068943023681641e-01,3.478703796863555908e-01,-1.290654949843883514e-02,2.893283069133758545e-01,5.549394488334655762e-01,2.489852022335981019e-07,3.098800182342529297e-01,5.290369987487792969e-01,-1.433801651000976562e-02,3.103265166282653809e-01,4.913586676120758057e-01,-1.903738640248775482e-02,3.015098273754119873e-01,4.580565094947814941e-01,-2.260724455118179321e-02,3.001530170440673828e-01,4.324154555797576904e-01,-2.526052296161651611e-02,2.901343703269958496e-01,4.307160079479217529e-01,-6.860978901386260986e-03,2.915141582489013672e-01,3.840931057929992676e-01,-1.528924889862537384e-02,2.924689054489135742e-01,3.546648621559143066e-01,-2.299766987562179565e-02,2.929563820362091064e-01,3.297934234142303467e-01,-2.831772714853286743e-02,2.682923078536987305e-01,4.297588467597961426e-01,-5.319567397236824036e-03,2.615767419338226318e-01,3.789756000041961670e-01,-1.084759738296270370e-02,2.595818340778350830e-01,3.482495546340942383e-01,-1.570022478699684143e-02,2.581958770751953125e-01,3.228731751441955566e-01,-1.871142536401748657e-02,2.512144744396209717e-01,4.411074221134185791e-01,-6.075238343328237534e-03,2.365152388811111450e-01,4.002043604850769043e-01,-1.240260805934667587e-02,2.305427193641662598e-01,3.738479018211364746e-01,-1.636925153434276581e-02,2.272416800260543823e-01,3.521805107593536377e-01,-1.844016648828983307e-02,2.383761405944824219e-01,4.625972509384155273e-01,-8.530597202479839325e-03,2.213786542415618896e-01,4.340738356113433838e-01,-1.446443609893321991e-02,2.131596803665161133e-01,4.140947759151458740e-01,-1.632748916745185852e-02,2.076873481273651123e-01,3.955363929271697998e-01,-1.676305197179317474e-02
7.058673501014709473e-01,5.248001813888549805e-01,1.825089697149451240e-07,6.721183657646179199e-01,4.899416565895080566e-01,-8.626052178442478180e-03,6.544339060783386230e-01,4.428400397300720215e-01,-8.361122570931911469e-03,6.532288193702697754e-01,4.008950591087341309e-01,-8.406854234635829926e-03,6.540318131446838379e-01,3.678002357482910156e-01,-7.955546490848064423e-03,6.886212229728698730e-01,4.025824368000030518e-01,9.459903463721275330e-03,6.885994076728820801e-01,3.585845530033111572e-01,6.227934733033180237e-03,6.900629401206970215e-01,3.340218067169189453e-01,1.179191516712307930e-03,6.932963132858276367e-01,3.124734759330749512e-01,-2.954572439193725586e-03,7.120727896690368652e-01,4.022826850414276123e-01,7.854780182242393494e-03,7.216299772262573242e-01,3.544804453849792480e-01,5.863717757165431976e-03,7.286248803138732910e-01,3.269349932670593262e-01,3.449408104643225670e-04,7.355203032493591309e-01,3.055937290191650391e-01,-4.005556460469961166e-03,7.313587069511413574e-01,4.100905060768127441e-01,3.278372809290885925e-03,7.474489212036132812e-01,3.658286333084106445e-01,-2.512698294594883919e-03,7.576441168785095215e-01,3.394847214221954346e-01,-8.276648819446563721e-03,7.666426301002502441e-01,3.179609179496765137e-01,-1.191414706408977509e-02,7.479420900344848633e-01,4.240819513797760010e-01,-2.416494069620966911e-03,7.644381523132324219e-01,3.893061876296997070e-01,-8.573999628424644470e-03,7.754732370376586914e-01,3.677427768707275391e-01,-1.134774833917617798e-02,7.858068943023681641e-01,3.478703796863555908e-01,-1.290654949843883514e-02,2.893283069133758545e-01,5.549394488334655762e-01,2.489852022335981019e-07,3.098800182342529297e-01,5.290369987487792969e-01,-1.433801651000976562e-02,3.103265166282653809e-01,4.913586676120758057e-01,-1.903738640248775482e-02,3.015098273754119873e-01,4.580565094947814941e-01,-2.260724455118179321e-02,3.001530170440673828e-01,4.324154555797576904e-01,-2.526052296161651611e-02,2.901343703269958496e-01,4.307160079479217529e-01,-6.860978901386260986e-03,2.915141582489013672e-01,3.840931057929992676e-01,-1.528924889862537384e-02,2.924689054489135742e-01,3.546648621559143066e-01,-2.299766987562179565e-02,2.929563820362091064e-01,3.297934234142303467e-01,-2.831772714853286743e-02,2.682923078536987305e-01,4.297588467597961426e-01,-5.319567397236824036e-03,2.615767419338226318e-01,3.789756000041961670e-01,-1.084759738296270370e-02,2.595818340778350830e-01,3.482495546340942383e-01,-1.570022478699684143e-02,2.581958770751953125e-01,3.228731751441955566e-01,-1.871142536401748657e-02,2.512144744396209717e-01,4.411074221134185791e-01,-6.075238343328237534e-03,2.365152388811111450e-01,4.002043604850769043e-01,-1.240260805934667587e-02,2.305427193641662598e-01,3.738479018211364746e-01,-1.636925153434276581e-02,2.272416800260543823e-01,3.521805107593536377e-01,-1.844016648828983307e-02,2.383761405944824219e-01,4.625972509384155273e-01,-8.530597202479839325e-03,2.213786542415618896e-01,4.340738356113433838e-01,-1.446443609893321991e-02,2.131596803665161133e-01,4.140947759151458740e-01,-1.632748916745185852e-02,2.076873481273651123e-01,3.955363929271697998e-01,-1.676305197179317474e-02
7.152474522590637207e-01,5.257124900817871094e-01,1.565680207704644999e-07,6.785817146301269531e-01,4.923212528228759766e-01,-6.848876830190420151e-03,6.594701409339904785e-01,4.451322555541992188e-01,-2.948958659544587135e-03,6.582211852073669434e-01,4.020361900329589844e-01,2.464418939780443907e-04,6.594684123992919922e-01,3.692063689231872559e-01,4.285735543817281723e-03,6.920170783996582031e-01,4.056788980960845947e-01,2.030360884964466095e-02,6.894249320030212402e-01,3.628684282302856445e-01,2.214798517525196075e-02,6.896760463714599609e-01,3.394782841205596924e-01,1.964521408081054688e-02,6.915637850761413574e-01,3.188579976558685303e-01,1.697187311947345734e-02,7.166815996170043945e-01,4.036135673522949219e-01,1.935575529932975769e-02,7.231887578964233398e-01,3.568510413169860840e-01,2.295923419296741486e-02,7.286311984062194824e-01,3.306417167186737061e-01,1.970003172755241394e-02,7.335886359214782715e-01,3.109341263771057129e-01,1.671347022056579590e-02,7.367126345634460449e-01,4.097591042518615723e-01,1.492075994610786438e-02,7.499684095382690430e-01,3.668305277824401855e-01,1.319581456482410431e-02,7.589726448059082031e-01,3.416749536991119385e-01,8.764607831835746765e-03,7.668291330337524414e-01,3.215683102607727051e-01,5.801133811473846436e-03,7.550503611564636230e-01,4.217805564403533936e-01,9.245833382010459900e-03,7.687854766845703125e-01,3.873410820960998535e-01,6.224502343684434891e-03,7.778666019439697266e-01,3.672100305557250977e-01,4.642034415155649185e-03,7.865910530090332031e-01,3.485968410968780518e-01,3.735694335773587227e-03,2.928405702114105225e-01,5.565207004547119141e-01,2.081278722698698402e-07,3.149663507938385010e-01,5.265768766403198242e-01,-1.070195529609918594e-02,3.148164153099060059e-01,4.865908026695251465e-01,-1.203105133026838303e-02,3.067876696586608887e-01,4.509475827217102051e-01,-1.291853375732898712e-02,3.083238899707794189e-01,4.239015579223632812e-01,-1.283121667802333832e-02,2.912113964557647705e-01,4.285369515419006348e-01,2.196608344092965126e-03,2.940347492694854736e-01,3.826771378517150879e-01,-2.054228214547038078e-03,2.962028086185455322e-01,3.556749224662780762e-01,-7.398802321404218674e-03,2.976013422012329102e-01,3.325085043907165527e-01,-1.145919878035783768e-02,2.707293629646301270e-01,4.292822182178497314e-01,3.573750844225287437e-03,2.656956315040588379e-01,3.832008242607116699e-01,2.161664655432105064e-03,2.638416588306427002e-01,3.564992547035217285e-01,-4.461965581867843866e-04,2.631728351116180420e-01,3.360524773597717285e-01,-2.352557843551039696e-03,2.548897266387939453e-01,4.419531524181365967e-01,2.570738317444920540e-03,2.437726110219955444e-01,4.015170931816101074e-01,-4.154324415139853954e-05,2.403994351625442505e-01,3.775270283222198486e-01,-2.161439973860979080e-03,2.392410337924957275e-01,3.582727909088134766e-01,-3.600163850933313370e-03,2.422182708978652954e-01,4.653197526931762695e-01,-1.791591057553887367e-05,2.262919992208480835e-01,4.406123161315917969e-01,-3.162629436701536179e-03,2.180311381816864014e-01,4.234491586685180664e-01,-3.919866867363452911e-03,2.126149386167526245e-01,4.084802269935607910e-01,-3.888073842972517014e-03
7.195011377334594727e-01,5.262798070907592773e-01,1.779900458132033236e-07,6.838360428810119629e-01,4.912724494934082031e-01,-8.143471553921699524e-03,6.643462777137756348e-01,4.452028572559356689e-01,-5.209590774029493332e-03,6.619449257850646973e-01,4.026560485363006592e-01,-2.695910399779677391e-03,6.622077226638793945e-01,3.690736591815948486e-01,7.056998438201844692e-04,6.953356266021728516e-01,4.066711068153381348e-01,1.793874241411685944e-02,6.923412680625915527e-01,3.647601306438446045e-01,1.838234998285770416e-02,6.922692060470581055e-01,3.418288826942443848e-01,1.526969205588102341e-02,6.940229535102844238e-01,3.211440443992614746e-01,1.238695625215768814e-02,7.198702096939086914e-01,4.050801694393157959e-01,1.751919090747833252e-02,7.263186573982238770e-01,3.598484694957733154e-01,1.950014196336269379e-02,7.312482595443725586e-01,3.337507843971252441e-01,1.560275629162788391e-02,7.359312772750854492e-01,3.133797645568847656e-01,1.243181433528661728e-02,7.398331165313720703e-01,4.116353392601013184e-01,1.358476094901561737e-02,7.541236877441406250e-01,3.700430691242218018e-01,1.022408157587051392e-02,7.626664638519287109e-01,3.451626598834991455e-01,5.332611501216888428e-03,7.700217962265014648e-01,3.253565430641174316e-01,2.577625680714845657e-03,7.574877738952636719e-01,4.239107668399810791e-01,8.421189151704311371e-03,7.713311910629272461e-01,3.899581432342529297e-01,4.111419431865215302e-03,7.799507379531860352e-01,3.693243265151977539e-01,2.044647233560681343e-03,7.882194519042968750e-01,3.500347137451171875e-01,1.167085720226168633e-03,2.949093282222747803e-01,5.572004318237304688e-01,2.344057605796479038e-07,3.173827230930328369e-01,5.254034399986267090e-01,-1.165725663304328918e-02,3.164406716823577881e-01,4.844031929969787598e-01,-1.341346092522144318e-02,3.077931404113769531e-01,4.471154510974884033e-01,-1.454316452145576477e-02,3.119226098060607910e-01,4.187958836555480957e-01,-1.481409557163715363e-02,2.906110882759094238e-01,4.297195374965667725e-01,3.130248747766017914e-03,2.930043935775756836e-01,3.849793672561645508e-01,4.561914920486742631e-06,2.943748831748962402e-01,3.579016327857971191e-01,-4.663609433919191360e-03,2.951644361019134521e-01,3.345641791820526123e-01,-8.367476053535938263e-03,2.704661190509796143e-01,4.314638972282409668e-01,5.736606195569038391e-03,2.653416395187377930e-01,3.874084651470184326e-01,6.030868738889694214e-03,2.627810835838317871e-01,3.607762753963470459e-01,4.348803777247667313e-03,2.617629170417785645e-01,3.390208184719085693e-01,2.880305284634232521e-03,2.547294795513153076e-01,4.446448385715484619e-01,5.787317175418138504e-03,2.450740039348602295e-01,4.048115015029907227e-01,4.467161372303962708e-03,2.412793934345245361e-01,3.801420629024505615e-01,2.864192705601453781e-03,2.399991452693939209e-01,3.598001599311828613e-01,1.583444420248270035e-03,2.415180355310440063e-01,4.678520560264587402e-01,4.154379945248365402e-03,2.260462045669555664e-01,4.448053538799285889e-01,1.484254025854170322e-03,2.172037214040756226e-01,4.277459681034088135e-01,5.047286394983530045e-04,2.112931162118911743e-01,4.116973876953125000e-01,3.620505158323794603e-04
7.195011377334594727e-01,5.262798070907592773e-01,1.779900458132033236e-07,6.838360428810119629e-01,4.912724494934082031e-01,-8.143471553921699524e-03,6.643462777137756348e-01,4.452028572559356689e-01,-5.209590774029493332e-03,6.619449257850646973e-01,4.026560485363006592e-01,-2.695910399779677391e-03,6.622077226638793945e-01,3.690736591815948486e-01,7.056998438201844692e-04,6.953356266021728516e-01,4.066711068153381348e-01,1.793874241411685944e-02,6.923412680625915527e-01,3.647601306438446045e-01,1.838234998285770416e-02,6.922692060470581055e-01,3.418288826942443848e-01,1.526969205588102341e-02,6.940229535102844238e-01,3.211440443992614746e-01,1.238695625215768814e-02,7.198702096939086914e-01,4.050801694393157959e-01,1.751919090747833252e-02,7.263186573982238770e-01,3.598484694957733154e-01,1.950014196336269379e-02,7.312482595443725586e-01,3.337507843971252441e-01,1.560275629162788391e-02,7.359312772750854492e-01,3.133797645568847656e-01,1.243181433528661728e-02,7.398331165313720703e-01,4.116353392601013184e-01,1.358476094901561737e-02,7.541236877441406250e-01,3.700430691242218018e-01,1.022408157587051392e-02,7.626664638519287109e-01,3.451626598834991455e-01,5.332611501216888428e-03,7.700217962265014648e-01,3.253565430641174316e-01,2.577625680714845657e-03,7.574877738952636719e-01,4.239107668399810791e-01,8.421189151704311371e-03,7.713311910629272461e-01,3.899581432342529297e-01,4.111419431865215302e-03,7.799507379531860352e-01,3.693243265151977539e-01,2.044647233560681343e-03,7.882194519042968750e-01,3.500347137451171875e-01,1.167085720226168633e-03,2.949093282222747803e-01,5.572004318237304688e-01,2.344057605796479038e-07,3.173827230930328369e-01,5.254034399986267090e-01,-1.165725663304328918e-02,3.164406716823577881e-01,4.844031929969787598e-01,-1.341346092522144318e-02,3.077931404113769531e-01,4.471154510974884033e-01,-1.454316452145576477e-02,3.119226098060607910e-01,4.187958836555480957e-01,-1.481409557163715363e-02,2.906110882759094238e-01,4.297195374965667725e-01,3.130248747766017914e-03,2.930043935775756836e-01,3.849793672561645508e-01,4.561914920486742631e-06,2.943748831748962402e-01,3.579016327857971191e-01,-4.663609433919191360e-03,2.951644361019134521e-01,3.345641791820526123e-01,-8.367476053535938263e-03,2.704661190509796143e-01,4.314638972282409668e-01,5.736606195569038391e-03,2.653416395187377930e-01,3.874084651470184326e-01,6.030868738889694214e-03,2.627810835838317871e-01,3.607762753963470459e-01,4.348803777247667313e-03,2.617629170417785645e-01,3.390208184719085693e-01,2.880305284634232521e-03,2.547294795513153076e-01,4.446448385715484619e-01,5.787317175418138504e-03,2.450740039348602295e-01,4.048115015029907227e-01,4.467161372303962708e-03,2.412793934345245361e-01,3.801420629024505615e-01,2.864192705601453781e-03,2.399991452693939209e-01,3.598001599311828613e-01,1.583444420248270035e-03,2.415180355310440063e-01,4.678520560264587402e-01,4.154379945248365402e-03,2.260462045669555664e-01,4.448053538799285889e-01,1.484254025854170322e-03,2.172037214040756226e-01,4.277459681034088135e-01,5.047286394983530045e-04,2.112931162118911743e-01,4.116973876953125000e-01,3.620505158323794603e-04
7.242242097854614258e-01,5.243809223175048828e-01,1.708394847810268402e-07,6.886530518531799316e-01,4.892358183860778809e-01,-7.449892815202474594e-03,6.692692637443542480e-01,4.449716210365295410e-01,-4.490889143198728561e-03,6.667289137840270996e-01,4.034531414508819580e-01,-2.105199964717030525e-03,6.673961877822875977e-01,3.708642423152923584e-01,9.838924743235111237e-04,7.009381055831909180e-01,4.088264405727386475e-01,1.723235473036766052e-02,6.978042721748352051e-01,3.670886456966400146e-01,1.718850806355476379e-02,6.979733705520629883e-01,3.443179428577423096e-01,1.380734331905841827e-02,7.001271843910217285e-01,3.238173127174377441e-01,1.074775122106075287e-02,7.251798510551452637e-01,4.072640538215637207e-01,1.639691740274429321e-02,7.309615612030029297e-01,3.617318868637084961e-01,1.763663440942764282e-02,7.359275221824645996e-01,3.359929323196411133e-01,1.314250472933053970e-02,7.410247325897216797e-01,3.165368437767028809e-01,9.546519257128238678e-03,7.450647950172424316e-01,4.134842157363891602e-01,1.224273908883333206e-02,7.578835487365722656e-01,3.713501393795013428e-01,8.586983196437358856e-03,7.663231492042541504e-01,3.473547101020812988e-01,3.345069708302617073e-03,7.741298079490661621e-01,3.287555575370788574e-01,3.379612753633409739e-04,7.630051374435424805e-01,4.253401756286621094e-01,6.952267605811357498e-03,7.757138609886169434e-01,3.908313512802124023e-01,2.767555415630340576e-03,7.841800451278686523e-01,3.712039589881896973e-01,7.684914162382483482e-04,7.925263643264770508e-01,3.535390198230743408e-01,-1.460749335819855332e-04,2.977712750434875488e-01,5.570510625839233398e-01,2.392345379575999686e-07,3.185653686523437500e-01,5.253293514251708984e-01,-1.449950039386749268e-02,3.186224400997161865e-01,4.828341305255889893e-01,-1.753509417176246643e-02,3.110027611255645752e-01,4.462353289127349854e-01,-1.955805346369743347e-02,3.154263198375701904e-01,4.177092909812927246e-01,-2.044528722763061523e-02,2.914366126060485840e-01,4.301776587963104248e-01,1.301112570217810571e-05,2.926128208637237549e-01,3.872821331024169922e-01,-4.271933808922767639e-03,2.926606237888336182e-01,3.600889146327972412e-01,-9.190241806209087372e-03,2.928267419338226318e-01,3.375784754753112793e-01,-1.284962333738803864e-02,2.703851163387298584e-01,4.325178265571594238e-01,3.096888540312647820e-03,2.634675800800323486e-01,3.889406919479370117e-01,2.676655072718858719e-03,2.602430284023284912e-01,3.628819286823272705e-01,1.528934692032635212e-03,2.585123181343078613e-01,3.406299352645874023e-01,7.495579193346202374e-04,2.546042501926422119e-01,4.461744725704193115e-01,3.233102615922689438e-03,2.430833876132965088e-01,4.077132046222686768e-01,5.179166910238564014e-04,2.382902503013610840e-01,3.844533264636993408e-01,-1.136454986408352852e-03,2.359802424907684326e-01,3.643923997879028320e-01,-2.066602231934666634e-03,2.422319948673248291e-01,4.694615900516510010e-01,1.387743977829813957e-03,2.253368943929672241e-01,4.475550651550292969e-01,-2.986493753269314766e-03,2.153078615665435791e-01,4.328911602497100830e-01,-4.381307866424322128e-03,2.079308032989501953e-01,4.185483753681182861e-01,-4.499431233853101730e-03
7.261877059936523438e-01,5.237529873847961426e-01,1.795339699128817301e-07,6.902899146080017090e-01,4.890919029712677002e-01,-8.234832435846328735e-03,6.711646914482116699e-01,4.449090659618377686e-01,-5.564122460782527924e-03,6.683996915817260742e-01,4.033777713775634766e-01,-3.282881807535886765e-03,6.690928339958190918e-01,3.705647587776184082e-01,-2.383556857239454985e-04,7.032483816146850586e-01,4.097149670124053955e-01,1.675305515527725220e-02,7.002714872360229492e-01,3.677827715873718262e-01,1.682009734213352203e-02,7.001214027404785156e-01,3.447768986225128174e-01,1.347928307950496674e-02,7.020133137702941895e-01,3.242507576942443848e-01,1.042063813656568527e-02,7.274225950241088867e-01,4.078533053398132324e-01,1.639299094676971436e-02,7.335343360900878906e-01,3.632421195507049561e-01,1.777879334986209869e-02,7.385138869285583496e-01,3.374584913253784180e-01,1.332611963152885437e-02,7.435860037803649902e-01,3.180611729621887207e-01,9.752247482538223267e-03,7.472175955772399902e-01,4.139322340488433838e-01,1.265356224030256271e-02,7.605055570602416992e-01,3.726912438869476318e-01,9.094151668250560760e-03,7.687605023384094238e-01,3.489041328430175781e-01,3.772631054744124413e-03,7.761781215667724609e-01,3.301434814929962158e-01,6.666237022727727890e-04,7.650696039199829102e-01,4.256737232208251953e-01,7.719500921666622162e-03,7.783213257789611816e-01,3.920061886310577393e-01,3.473833668977022171e-03,7.866132855415344238e-01,3.724672794342041016e-01,1.341478666290640831e-03,7.947473526000976562e-01,3.544743061065673828e-01,3.248481953050941229e-04,2.983225584030151367e-01,5.566413402557373047e-01,2.184987835107676801e-07,3.201587796211242676e-01,5.253421664237976074e-01,-1.214011758565902710e-02,3.194264173507690430e-01,4.817543029785156250e-01,-1.397112943232059479e-02,3.115965127944946289e-01,4.452209770679473877e-01,-1.504065934568643570e-02,3.161531686782836914e-01,4.174215197563171387e-01,-1.511641591787338257e-02,2.916591763496398926e-01,4.308449625968933105e-01,5.501216510310769081e-04,2.925360500812530518e-01,3.876384496688842773e-01,-3.963111899793148041e-03,2.931300699710845947e-01,3.603821992874145508e-01,-8.849637582898139954e-03,2.939330339431762695e-01,3.376621305942535400e-01,-1.237940415740013123e-02,2.705962061882019043e-01,4.336537718772888184e-01,2.849151380360126495e-03,2.634425461292266846e-01,3.909407258033752441e-01,2.188038546591997147e-03,2.610066831111907959e-01,3.653336763381958008e-01,1.276640919968485832e-03,2.599025070667266846e-01,3.440878987312316895e-01,7.413233979605138302e-04,2.548955678939819336e-01,4.475261270999908447e-01,2.480246126651763916e-03,2.425720095634460449e-01,4.091944694519042969e-01,-1.945410622283816338e-04,2.376243323087692261e-01,3.860642910003662109e-01,-1.296937814913690090e-03,2.353053092956542969e-01,3.661282658576965332e-01,-1.794435433112084866e-03,2.427530586719512939e-01,4.707741141319274902e-01,3.748321614693850279e-04,2.251872718334197998e-01,4.491540491580963135e-01,-3.605816047638654709e-03,2.154973298311233521e-01,4.344420433044433594e-01,-4.564517177641391754e-03,2.086285352706909180e-01,4.201114177703857422e-01,-4.363093525171279907e-03
7.261877059936523438e-01,5.237529873847961426e-01,1.795339699128817301e-07,6.902899146080017090e-01,4.890919029712677002e-01,-8.234832435846328735e-03,6.711646914482116699e-01,4.449090659618377686e-01,-5.564122460782527924e-03,6.683996915817260742e-01,4.033777713775634766e-01,-3.282881807535886765e-03,6.690928339958190918e-01,3.705647587776184082e-01,-2.383556857239454985e-04,7.032483816146850586e-01,4.097149670124053955e-01,1.675305515527725220e-02,7.002714872360229492e-01,3.677827715873718262e-01,1.682009734213352203e-02,7.001214027404785156e-01,3.447768986225128174e-01,1.347928307950496674e-02,7.020133137702941895e-01,3.242507576942443848e-01,1.042063813656568527e-02,7.274225950241088867e-01,4.078533053398132324e-01,1.639299094676971436e-02,7.335343360900878906e-01,3.632421195507049561e-01,1.777879334986209869e-02,7.385138869285583496e-01,3.374584913253784180e-01,1.332611963152885437e-02,7.435860037803649902e-01,3.180611729621887207e-01,9.752247482538223267e-03,7.472175955772399902e-01,4.139322340488433838e-01,1.265356224030256271e-02,7.605055570602416992e-01,3.726912438869476318e-01,9.094151668250560760e-03,7.687605023384094238e-01,3.489041328430175781e-01,3.772631054744124413e-03,7.761781215667724609e-01,3.301434814929962158e-01,6.666237022727727890e-04,7.650696039199829102e-01,4.256737232208251953e-01,7.719500921666622162e-03,7.783213257789611816e-01,3.920061886310577393e-01,3.473833668977022171e-03,7.866132855415344238e-01,3.724672794342041016e-01,1.341478666290640831e-03,7.947473526000976562e-01,3.544743061065673828e-01,3.248481953050941229e-04,2.983225584030151367e-01,5.566413402557373047e-01,2.184987835107676801e-07,3.201587796211242676e-01,5.253421664237976074e-01,-1.214011758565902710e-02,3.194264173507690430e-01,4.817543029785156250e-01,-1.397112943232059479e-02,3.115965127944946289e-01,4.452209770679473877e-01,-1.504065934568643570e-02,3.161531686782836914e-01,4.174215197563171387e-01,-1.511641591787338257e-02,2.916591763496398926e-01,4.308449625968933105e-01,5.501216510310769081e-04,2.925360500812530518e-01,3.876384496688842773e-01,-3.963111899793148041e-03,2.931300699710845947e-01,3.603821992874145508e-01,-8.849637582898139954e-03,2.939330339431762695e-01,3.376621305942535400e-01,-1.237940415740013123e-02,2.705962061882019043e-01,4.336537718772888184e-01,2.849151380360126495e-03,2.634425461292266846e-01,3.909407258033752441e-01,2.188038546591997147e-03,2.610066831111907959e-01,3.653336763381958008e-01,1.276640919968485832e-03,2.599025070667266846e-01,3.440878987312316895e-01,7.413233979605138302e-04,2.548955678939819336e-01,4.475261270999908447e-01,2.480246126651763916e-03,2.425720095634460449e-01,4.091944694519042969e-01,-1.945410622283816338e-04,2.376243323087692261e-01,3.860642910003662109e-01,-1.296937814913690090e-03,2.353053092956542969e-01,3.661282658576965332e-01,-1.794435433112084866e-03,2.427530586719512939e-01,4.707741141319274902e-01,3.748321614693850279e-04,2.251872718334197998e-01,4.491540491580963135e-01,-3.605816047638654709e-03,2.154973298311233521e-01,4.344420433044433594e-01,-4.564517177641391754e-03,2.086285352706909180e-01,4.201114177703857422e-01,-4.363093525171279907e-03
7.327433228492736816e-01,5.217946171760559082e-01,1.592422336216259282e-07,6.964924931526184082e-01,4.872364699840545654e-01,-6.496843881905078888e-03,6.776550412178039551e-01,4.441166520118713379e-01,-2.738739363849163055e-03,6.756615638732910156e-01,4.032722115516662598e-01,4.414200666360557079e-04,6.756964921951293945e-01,3.711858689785003662e-01,4.417862743139266968e-03,7.089914679527282715e-01,4.112583994865417480e-01,1.949848793447017670e-02,7.056962847709655762e-01,3.697755336761474609e-01,2.080288343131542206e-02,7.059679031372070312e-01,3.471164703369140625e-01,1.787908561527729034e-02,7.077867984771728516e-01,3.270618319511413574e-01,1.502878125756978989e-02,7.335097789764404297e-01,4.093597829341888428e-01,1.881761476397514343e-02,7.392587065696716309e-01,3.642137646675109863e-01,2.144977822899818420e-02,7.442145347595214844e-01,3.392174541950225830e-01,1.681072637438774109e-02,7.488301396369934082e-01,3.205500841140747070e-01,1.284753996878862381e-02,7.534509897232055664e-01,4.149507582187652588e-01,1.498648244887590408e-02,7.660934329032897949e-01,3.727925121784210205e-01,1.276579685509204865e-02,7.742756009101867676e-01,3.495099544525146484e-01,7.290104404091835022e-03,7.818118929862976074e-01,3.321551978588104248e-01,3.743729554116725922e-03,7.722933888435363770e-01,4.263985753059387207e-01,1.016278471797704697e-02,7.845855951309204102e-01,3.925580978393554688e-01,7.516494020819664001e-03,7.926634550094604492e-01,3.739866018295288086e-01,6.087724585086107254e-03,8.004536628723144531e-01,3.582686781883239746e-01,5.269155371934175491e-03,3.000567853450775146e-01,5.571705102920532227e-01,2.601605046947952360e-07,3.219320178031921387e-01,5.246481895446777344e-01,-1.476957183331251144e-02,3.210284709930419922e-01,4.790470004081726074e-01,-1.665089651942253113e-02,3.134077191352844238e-01,4.401120841503143311e-01,-1.750022359192371368e-02,3.182729482650756836e-01,4.106881916522979736e-01,-1.699562743306159973e-02,2.921754419803619385e-01,4.292463064193725586e-01,4.051272757351398468e-03,2.935035824775695801e-01,3.868601024150848389e-01,2.464066026732325554e-03,2.939661741256713867e-01,3.603806197643280029e-01,-6.593936705030500889e-04,2.943462133407592773e-01,3.393033742904663086e-01,-2.892330056056380272e-03,2.716346085071563721e-01,4.330601692199707031e-01,8.304571732878684998e-03,2.646896243095397949e-01,3.913698494434356689e-01,1.157976780086755753e-02,2.618490159511566162e-01,3.662849962711334229e-01,1.316842157393693924e-02,2.601957619190216064e-01,3.461170196533203125e-01,1.456647831946611404e-02,2.563815414905548096e-01,4.469335377216339111e-01,9.277603588998317719e-03,2.444199472665786743e-01,4.108661115169525146e-01,1.014355290681123734e-02,2.389536947011947632e-01,3.883849382400512695e-01,1.118788123130798340e-02,2.353589236736297607e-01,3.693413436412811279e-01,1.218858733773231506e-02,2.441042214632034302e-01,4.701306819915771484e-01,7.921664044260978699e-03,2.270940989255905151e-01,4.500286877155303955e-01,6.258137524127960205e-03,2.172126621007919312e-01,4.361107051372528076e-01,6.543167866766452789e-03,2.097075879573822021e-01,4.225961863994598389e-01,7.857264950871467590e-03
7.456099987030029297e-01,5.177074670791625977e-01,1.538934242262257612e-07,7.097354531288146973e-01,4.829108119010925293e-01,-6.192182190716266632e-03,6.925126910209655762e-01,4.424609839916229248e-01,-2.495344495400786400e-03,6.907207369804382324e-01,4.029248952865600586e-01,3.868757630698382854e-04,6.922115087509155273e-01,3.708668053150177002e-01,4.299906548112630844e-03,7.213052511215209961e-01,4.121921062469482422e-01,2.183425985276699066e-02,7.171732783317565918e-01,3.719606101512908936e-01,2.494467794895172119e-02,7.165943384170532227e-01,3.494331240653991699e-01,2.356672845780849457e-02,7.176133394241333008e-01,3.299986720085144043e-01,2.180063538253307343e-02,7.454890012741088867e-01,4.103574752807617188e-01,2.156760543584823608e-02,7.504372596740722656e-01,3.666284680366516113e-01,2.673924155533313751e-02,7.540884017944335938e-01,3.423309624195098877e-01,2.391010150313377380e-02,7.571448683738708496e-01,3.237266540527343750e-01,2.116778492927551270e-02,7.661387920379638672e-01,4.156531691551208496e-01,1.809604279696941376e-02,7.786692380905151367e-01,3.745980262756347656e-01,1.846055313944816589e-02,7.859793305397033691e-01,3.524919748306274414e-01,1.467233337461948395e-02,7.918926477432250977e-01,3.357346057891845703e-01,1.204655691981315613e-02,7.853448390960693359e-01,4.263353943824768066e-01,1.351880375295877457e-02,7.974257469177246094e-01,3.943134844303131104e-01,1.330294832587242126e-02,8.048019409179687500e-01,3.760932981967926025e-01,1.328289136290550232e-02,8.111424446105957031e-01,3.611072301864624023e-01,1.331644318997859955e-02,3.008592128753662109e-01,5.551285147666931152e-01,2.197657380520467996e-07,3.251633048057556152e-01,5.230088829994201660e-01,-1.175440195947885513e-02,3.264813423156738281e-01,4.735779762268066406e-01,-1.183965802192687988e-02,3.208963871002197266e-01,4.326107203960418701e-01,-1.112668123096227646e-02,3.283459544181823730e-01,4.038496613502502441e-01,-9.183872491121292114e-03,2.997305989265441895e-01,4.291591048240661621e-01,6.186649668961763382e-03,3.014984130859375000e-01,3.866748213768005371e-01,5.689316429197788239e-03,3.037732839584350586e-01,3.619556128978729248e-01,3.367785364389419556e-03,3.059680163860321045e-01,3.421109914779663086e-01,1.642016461119055748e-03,2.787410318851470947e-01,4.326414763927459717e-01,9.508824907243251801e-03,2.710638940334320068e-01,3.912418186664581299e-01,1.368097309023141861e-02,2.680177688598632812e-01,3.674448728561401367e-01,1.519695948809385300e-02,2.660666108131408691e-01,3.485053181648254395e-01,1.638907566666603088e-02,2.632698416709899902e-01,4.451673924922943115e-01,9.961872361600399017e-03,2.535102069377899170e-01,4.083561897277832031e-01,1.191783975809812546e-02,2.509311139583587646e-01,3.855381011962890625e-01,1.291817892342805862e-02,2.497761994600296021e-01,3.665829002857208252e-01,1.352201867848634720e-02,2.507648169994354248e-01,4.660662710666656494e-01,8.484347723424434662e-03,2.363198846578598022e-01,4.450232982635498047e-01,8.865669369697570801e-03,2.282961606979370117e-01,4.323836565017700195e-01,1.055515278130769730e-02,2.222963571548461914e-01,4.214114248752593994e-01,1.239316724240779877e-02
7.456099987030029297e-01,5.177074670791625977e-01,1.538934242262257612e-07,7.097354531288146973e-01,4.829108119010925293e-01,-6.192182190716266632e-03,6.925126910209655762e-01,4.424609839916229248e-01,-2.495344495400786400e-03,6.907207369804382324e-01,4.029248952865600586e-01,3.868757630698382854e-04,6.922115087509155273e-01,3.708668053150177002e-01,4.299906548112630844e-03,7.213052511215209961e-01,4.121921062469482422e-01,2.183425985276699066e-02,7.171732783317565918e-01,3.719606101512908936e-01,2.494467794895172119e-02,7.165943384170532227e-01,3.494331240653991699e-01,2.356672845780849457e-02,7.176133394241333008e-01,3.299986720085144043e-01,2.180063538253307343e-02,7.454890012741088867e-01,4.103574752807617188e-01,2.156760543584823608e-02,7.504372596740722656e-01,3.666284680366516113e-01,2.673924155533313751e-02,7.540884017944335938e-01,3.423309624195098877e-01,2.391010150313377380e-02,7.571448683738708496e-01,3.237266540527343750e-01,2.116778492927551270e-02,7.661387920379638672e-01,4.156531691551208496e-01,1.809604279696941376e-02,7.786692380905151367e-01,3.745980262756347656e-01,1.846055313944816589e-02,7.859793305397033691e-01,3.524919748306274414e-01,1.467233337461948395e-02,7.918926477432250977e-01,3.357346057891845703e-01,1.204655691981315613e-02,7.853448390960693359e-01,4.263353943824768066e-01,1.351880375295877457e-02,7.974257469177246094e-01,3.943134844303131104e-01,1.330294832587242126e-02,8.048019409179687500e-01,3.760932981967926025e-01,1.328289136290550232e-02,8.111424446105957031e-01,3.611072301864624023e-01,1.331644318997859955e-02,3.008592128753662109e-01,5.551285147666931152e-01,2.197657380520467996e-07,3.251633048057556152e-01,5.230088829994201660e-01,-1.175440195947885513e-02,3.264813423156738281e-01,4.735779762268066406e-01,-1.183965802192687988e-02,3.208963871002197266e-01,4.326107203960418701e-01,-1.112668123096227646e-02,3.283459544181823730e-01,4.038496613502502441e-01,-9.183872491121292114e-03,2.997305989265441895e-01,4.291591048240661621e-01,6.186649668961763382e-03,3.014984130859375000e-01,3.866748213768005371e-01,5.689316429197788239e-03,3.037732839584350586e-01,3.619556128978729248e-01,3.367785364389419556e-03,3.059680163860321045e-01,3.421109914779663086e-01,1.642016461119055748e-03,2.787410318851470947e-01,4.326414763927459717e-01,9.508824907243251801e-03,2.710638940334320068e-01,3.912418186664581299e-01,1.368097309023141861e-02,2.680177688598632812e-01,3.674448728561401367e-01,1.519695948809385300e-02,2.660666108131408691e-01,3.485053181648254395e-01,1.638907566666603088e-02,2.632698416709899902e-01,4.451673924922943115e-01,9.961872361600399017e-03,2.535102069377899170e-01,4.083561897277832031e-01,1.191783975809812546e-02,2.509311139583587646e-01,3.855381011962890625e-01,1.291817892342805862e-02,2.497761994600296021e-01,3.665829002857208252e-01,1.352201867848634720e-02,2.507648169994354248e-01,4.660662710666656494e-01,8.484347723424434662e-03,2.363198846578598022e-01,4.450232982635498047e-01,8.865669369697570801e-03,2.282961606979370117e-01,4.323836565017700195e-01,1.055515278130769730e-02,2.222963571548461914e-01,4.214114248752593994e-01,1.239316724240779877e-02
7.468768954277038574e-01,5.184964537620544434e-01,1.906972784126992337e-07,7.106884121894836426e-01,4.838621616363525391e-01,-6.645265500992536545e-03,6.928284168243408203e-01,4.427556693553924561e-01,-2.454738831147551537e-03,6.903330683708190918e-01,4.039551317691802979e-01,1.311355968937277794e-03,6.924381852149963379e-01,3.731160461902618408e-01,6.053342483937740326e-03,7.206309437751770020e-01,4.128256440162658691e-01,2.192850224673748016e-02,7.169299721717834473e-01,3.730358183383941650e-01,2.517053112387657166e-02,7.166098356246948242e-01,3.498871922492980957e-01,2.351928688585758209e-02,7.182710170745849609e-01,3.304803073406219482e-01,2.152679301798343658e-02,7.453417181968688965e-01,4.105599820613861084e-01,2.216225303709506989e-02,7.494567632675170898e-01,3.678133487701416016e-01,2.694932930171489716e-02,7.532467246055603027e-01,3.421273827552795410e-01,2.317647635936737061e-02,7.570456266403198242e-01,3.231093585491180420e-01,1.979506015777587891e-02,7.661697268486022949e-01,4.158148169517517090e-01,1.915501058101654053e-02,7.778343558311462402e-01,3.758748769760131836e-01,1.888270303606987000e-02,7.850254178047180176e-01,3.529294133186340332e-01,1.385764498263597488e-02,7.915672659873962402e-01,3.351038694381713867e-01,1.047863159328699112e-02,7.855540513992309570e-01,4.265758097171783447e-01,1.513642538338899612e-02,7.967112660408020020e-01,3.942325115203857422e-01,1.397980377078056335e-02,8.037551641464233398e-01,3.762514591217041016e-01,1.305273827165365219e-02,8.107752203941345215e-01,3.602045178413391113e-01,1.253993343561887741e-02,3.004403114318847656e-01,5.542073845863342285e-01,2.550592341776791727e-07,3.244489729404449463e-01,5.218939185142517090e-01,-1.096256263554096222e-02,3.264091908931732178e-01,4.720781743526458740e-01,-1.013323571532964706e-02,3.218572735786437988e-01,4.312149882316589355e-01,-8.701099082827568054e-03,3.287450075149536133e-01,4.038258492946624756e-01,-6.025515031069517136e-03,3.000216186046600342e-01,4.275813400745391846e-01,9.584979154169559479e-03,3.039187490940093994e-01,3.851142823696136475e-01,1.258290372788906097e-02,3.056975901126861572e-01,3.599669039249420166e-01,1.266476977616548538e-02,3.064294159412384033e-01,3.401140868663787842e-01,1.227061450481414795e-02,2.793107330799102783e-01,4.308769404888153076e-01,1.315006427466869354e-02,2.745352685451507568e-01,3.915039896965026855e-01,2.082858793437480927e-02,2.731125354766845703e-01,3.686286509037017822e-01,2.441943623125553131e-02,2.724699378013610840e-01,3.508677184581756592e-01,2.691910974681377411e-02,2.635946869850158691e-01,4.434945583343505859e-01,1.381710544228553772e-02,2.551158964633941650e-01,4.076099395751953125e-01,1.830416172742843628e-02,2.521675825119018555e-01,3.834639787673950195e-01,2.021615020930767059e-02,2.504314482212066650e-01,3.641508817672729492e-01,2.128296531736850739e-02,2.503556609153747559e-01,4.640803039073944092e-01,1.253725122660398483e-02,2.359018474817276001e-01,4.430069625377655029e-01,1.360710244625806808e-02,2.272250205278396606e-01,4.303312599658966064e-01,1.530747860670089722e-02,2.205122709274291992e-01,4.204902052879333496e-01,1.739711314439773560e-02
7.660911083221435547e-01,5.159604549407958984e-01,1.516744418950111140e-07,7.309991717338562012e-01,4.837481677532196045e-01,-7.713246159255504608e-03,7.130507230758666992e-01,4.418461620807647705e-01,-4.298343788832426071e-03,7.088195681571960449e-01,4.019172489643096924e-01,-1.236814074218273163e-03,7.100388407707214355e-01,3.697530627250671387e-01,3.065296681597828865e-03,7.398560643196105957e-01,4.131740927696228027e-01,1.883686147630214691e-02,7.346674799919128418e-01,3.739877939224243164e-01,2.101651020348072052e-02,7.335482239723205566e-01,3.509389758110046387e-01,1.920929737389087677e-02,7.341904044151306152e-01,3.308369815349578857e-01,1.702684536576271057e-02,7.643800377845764160e-01,4.106040894985198975e-01,1.933513954281806946e-02,7.676057815551757812e-01,3.694026172161102295e-01,2.335803769528865814e-02,7.704944014549255371e-01,3.449048399925231934e-01,1.989918947219848633e-02,7.730586528778076172e-01,3.262822628021240234e-01,1.674895733594894409e-02,7.853470444679260254e-01,4.155153930187225342e-01,1.670668832957744598e-02,7.955566048622131348e-01,3.771248459815979004e-01,1.648647710680961609e-02,8.018746376037597656e-01,3.557438850402832031e-01,1.258864998817443848e-02,8.070296049118041992e-01,3.390986919403076172e-01,9.838290512561798096e-03,8.053002953529357910e-01,4.260239303112030029e-01,1.286205090582370758e-02,8.167002797126770020e-01,3.975248634815216064e-01,1.223908830434083939e-02,8.230006098747253418e-01,3.798311054706573486e-01,1.183462794870138168e-02,8.281465768814086914e-01,3.640621900558471680e-01,1.158452406525611877e-02,3.036640286445617676e-01,5.514732599258422852e-01,2.804353869123588083e-07,3.299498558044433594e-01,5.211647152900695801e-01,-1.216764096170663834e-02,3.351551294326782227e-01,4.723153412342071533e-01,-1.225334778428077698e-02,3.318679332733154297e-01,4.295762777328491211e-01,-1.140425819903612137e-02,3.390444517135620117e-01,4.006082415580749512e-01,-9.254123084247112274e-03,3.111371695995330811e-01,4.253930747509002686e-01,7.783299311995506287e-03,3.169117867946624756e-01,3.820626437664031982e-01,8.627648465335369110e-03,3.203732669353485107e-01,3.569613099098205566e-01,6.736491341143846512e-03,3.226031959056854248e-01,3.370475172996520996e-01,5.284486804157495499e-03,2.896863520145416260e-01,4.266735613346099854e-01,1.190065685659646988e-02,2.877304852008819580e-01,3.847333788871765137e-01,1.717098988592624664e-02,2.891350984573364258e-01,3.598470389842987061e-01,1.888904906809329987e-02,2.905949354171752930e-01,3.407287001609802246e-01,2.014610171318054199e-02,2.723374366760253906e-01,4.376429617404937744e-01,1.306214276701211929e-02,2.642084360122680664e-01,4.026910066604614258e-01,1.615688391029834747e-02,2.627870142459869385e-01,3.813884258270263672e-01,1.664761453866958618e-02,2.625572979450225830e-01,3.639097809791564941e-01,1.674243994057178497e-02,2.566897869110107422e-01,4.565327763557434082e-01,1.225149165838956833e-02,2.446449100971221924e-01,4.348369836807250977e-01,1.334916334599256516e-02,2.382821738719940186e-01,4.237465560436248779e-01,1.461087167263031006e-02,2.341480702161788940e-01,4.146244823932647705e-01,1.610833592712879181e-02
7.670717835426330566e-01,5.149406790733337402e-01,1.823073461082458380e-07,7.323265075683593750e-01,4.839330613613128662e-01,-8.100405335426330566e-03,7.137432098388671875e-01,4.421602189540863037e-01,-5.793563555926084518e-03,7.102640271186828613e-01,4.026703536510467529e-01,-3.553479211404919624e-03,7.113187313079833984e-01,3.713977336883544922e-01,-3.841340076178312302e-04,7.385159134864807129e-01,4.128891229629516602e-01,1.379786245524883270e-02,7.337871193885803223e-01,3.741136789321899414e-01,1.382246054708957672e-02,7.327471971511840820e-01,3.508551418781280518e-01,1.079119741916656494e-02,7.337501049041748047e-01,3.310381174087524414e-01,7.985397242009639740e-03,7.634745836257934570e-01,4.103174805641174316e-01,1.387573406100273132e-02,7.667969465255737305e-01,3.685674965381622314e-01,1.583670638501644135e-02,7.701851129531860352e-01,3.430823087692260742e-01,1.179032772779464722e-02,7.734507918357849121e-01,3.247439563274383545e-01,8.367872796952724457e-03,7.852144241333007812e-01,4.157771766185760498e-01,1.106875482946634293e-02,7.952703237533569336e-01,3.770963549613952637e-01,8.987890556454658508e-03,8.018874526023864746e-01,3.552877008914947510e-01,4.876238759607076645e-03,8.069862723350524902e-01,3.383882641792297363e-01,2.250015968456864357e-03,8.053734898567199707e-01,4.272260367870330811e-01,7.185637019574642181e-03,8.162271380424499512e-01,3.970802426338195801e-01,4.751303233206272125e-03,8.223713040351867676e-01,3.795610666275024414e-01,4.196301102638244629e-03,8.274353742599487305e-01,3.642568588256835938e-01,4.124278668314218521e-03,3.031814396381378174e-01,5.515777468681335449e-01,2.654612103469844442e-07,3.298955559730529785e-01,5.219345092773437500e-01,-1.350033655762672424e-02,3.359001874923706055e-01,4.723321795463562012e-01,-1.407590322196483612e-02,3.325136899948120117e-01,4.301536381244659424e-01,-1.353267114609479904e-02,3.398016095161437988e-01,4.020169973373413086e-01,-1.186867617070674896e-02,3.109133243560791016e-01,4.251020550727844238e-01,4.761365707963705063e-03,3.167422413825988770e-01,3.822192549705505371e-01,3.706467570737004280e-03,3.199110627174377441e-01,3.567209243774414062e-01,5.302289500832557678e-04,3.216530382633209229e-01,3.363457322120666504e-01,-1.877592992968857288e-03,2.898658514022827148e-01,4.265652596950531006e-01,8.925578556954860687e-03,2.870842516422271729e-01,3.867368400096893311e-01,1.195221859961748123e-02,2.884927093982696533e-01,3.624817728996276855e-01,1.249596104025840759e-02,2.900306284427642822e-01,3.440331220626831055e-01,1.299021486192941666e-02,2.724171876907348633e-01,4.381731748580932617e-01,1.006880216300487518e-02,2.632879614830017090e-01,4.044596850872039795e-01,1.105327904224395752e-02,2.613117992877960205e-01,3.828963041305541992e-01,1.091496367007493973e-02,2.607085406780242920e-01,3.648875355720520020e-01,1.072258688509464264e-02,2.568747103214263916e-01,4.580415189266204834e-01,9.133880026638507843e-03,2.453454881906509399e-01,4.372417926788330078e-01,8.001794107258319855e-03,2.381341755390167236e-01,4.257472157478332520e-01,8.216784335672855377e-03,2.322144359350204468e-01,4.163134694099426270e-01,9.128295816481113434e-03
7.670717835426330566e-01,5.149406790733337402e-01,1.823073461082458380e-07,7.323265075683593750e-01,4.839330613613128662e-01,-8.100405335426330566e-03,7.137432098388671875e-01,4.421602189540863037e-01,-5.793563555926084518e-03,7.102640271186828613e-01,4.026703536510467529e-01,-3.553479211404919624e-03,7.113187313079833984e-01,3.713977336883544922e-01,-3.841340076178312302e-04,7.385159134864807129e-01,4.128891229629516602e-01,1.379786245524883270e-02,7.337871193885803223e-01,3.741136789321899414e-01,1.382246054708957672e-02,7.327471971511840820e-01,3.508551418781280518e-01,1.079119741916656494e-02,7.337501049041748047e-01,3.310381174087524414e-01,7.985397242009639740e-03,7.634745836257934570e-01,4.103174805641174316e-01,1.387573406100273132e-02,7.667969465255737305e-01,3.685674965381622314e-01,1.583670638501644135e-02,7.701851129531860352e-01,3.430823087692260742e-01,1.179032772779464722e-02,7.734507918357849121e-01,3.247439563274383545e-01,8.367872796952724457e-03,7.852144241333007812e-01,4.157771766185760498e-01,1.106875482946634293e-02,7.952703237533569336e-01,3.770963549613952637e-01,8.987890556454658508e-03,8.018874526023864746e-01,3.552877008914947510e-01,4.876238759607076645e-03,8.069862723350524902e-01,3.383882641792297363e-01,2.250015968456864357e-03,8.053734898567199707e-01,4.272260367870330811e-01,7.185637019574642181e-03,8.162271380424499512e-01,3.970802426338195801e-01,4.751303233206272125e-03,8.223713040351867676e-01,3.795610666275024414e-01,4.196301102638244629e-03,8.274353742599487305e-01,3.642568588256835938e-01,4.124278668314218521e-03,3.031814396381378174e-01,5.515777468681335449e-01,2.654612103469844442e-07,3.298955559730529785e-01,5.219345092773437500e-01,-1.350033655762672424e-02,3.359001874923706055e-01,4.723321795463562012e-01,-1.407590322196483612e-02,3.325136899948120117e-01,4.301536381244659424e-01,-1.353267114609479904e-02,3.398016095161437988e-01,4.020169973373413086e-01,-1.186867617070674896e-02,3.109133243560791016e-01,4.251020550727844238e-01,4.761365707963705063e-03,3.167422413825988770e-01,3.822192549705505371e-01,3.706467570737004280e-03,3.199110627174377441e-01,3.567209243774414062e-01,5.302289500832557678e-04,3.216530382633209229e-01,3.363457322120666504e-01,-1.877592992968857288e-03,2.898658514022827148e-01,4.265652596950531006e-01,8.925578556954860687e-03,2.870842516422271729e-01,3.867368400096893311e-01,1.195221859961748123e-02,2.884927093982696533e-01,3.624817728996276855e-01,1.249596104025840759e-02,2.900306284427642822e-01,3.440331220626831055e-01,1.299021486192941666e-02,2.724171876907348633e-01,4.381731748580932617e-01,1.006880216300487518e-02,2.632879614830017090e-01,4.044596850872039795e-01,1.105327904224395752e-02,2.613117992877960205e-01,3.828963041305541992e-01,1.091496367007493973e-02,2.607085406780242920e-01,3.648875355720520020e-01,1.072258688509464264e-02,2.568747103214263916e-01,4.580415189266204834e-01,9.133880026638507843e-03,2.453454881906509399e-01,4.372417926788330078e-01,8.001794107258319855e-03,2.381341755390167236e-01,4.257472157478332520e-01,8.216784335672855377e-03,2.322144359350204468e-01,4.163134694099426270e-01,9.128295816481113434e-03
7.674241662025451660e-01,5.156515240669250488e-01,1.867571057800887502e-07,7.321512103080749512e-01,4.834800958633422852e-01,-7.691096514463424683e-03,7.137060165405273438e-01,4.416770637035369873e-01,-5.140986293554306030e-03,7.108401656150817871e-01,4.015479385852813721e-01,-2.684327075257897377e-03,7.118276953697204590e-01,3.700986802577972412e-01,6.926166824996471405e-04,7.387395501136779785e-01,4.129309654235839844e-01,1.460648048669099808e-02,7.339791059494018555e-01,3.741018772125244141e-01,1.488459855318069458e-02,7.328194975852966309e-01,3.509242534637451172e-01,1.191276218742132187e-02,7.336855530738830566e-01,3.311611711978912354e-01,9.098677895963191986e-03,7.636743783950805664e-01,4.104680120944976807e-01,1.456500496715307236e-02,7.669747471809387207e-01,3.684344291687011719e-01,1.661342754960060120e-02,7.702338099479675293e-01,3.430117964744567871e-01,1.242352183908224106e-02,7.733438611030578613e-01,3.250716328620910645e-01,8.880659937858581543e-03,7.851281762123107910e-01,4.162489771842956543e-01,1.165754813700914383e-02,7.954080700874328613e-01,3.770514130592346191e-01,9.501089341938495636e-03,8.017738461494445801e-01,3.551905453205108643e-01,5.209769122302532196e-03,8.067115545272827148e-01,3.387374877929687500e-01,2.448559738695621490e-03,8.051571846008300781e-01,4.280906617641448975e-01,7.737366948276758194e-03,8.163057565689086914e-01,3.978609144687652588e-01,5.202626343816518784e-03,8.223339319229125977e-01,3.800348639488220215e-01,4.467467777431011200e-03,8.273597955703735352e-01,3.643612265586853027e-01,4.232448991388082504e-03,3.031363487243652344e-01,5.509263873100280762e-01,2.753121464138530428e-07,3.299497663974761963e-01,5.214394927024841309e-01,-1.313993241637945175e-02,3.358497023582458496e-01,4.718079864978790283e-01,-1.347466744482517242e-02,3.328914344310760498e-01,4.298527836799621582e-01,-1.271717343479394913e-02,3.396931886672973633e-01,4.017303884029388428e-01,-1.083164755254983902e-02,3.105455338954925537e-01,4.254533052444458008e-01,5.339107476174831390e-03,3.164839446544647217e-01,3.833456337451934814e-01,4.955431446433067322e-03,3.199050724506378174e-01,3.582143783569335938e-01,2.523087896406650543e-03,3.219148516654968262e-01,3.387195467948913574e-01,8.495880756527185440e-04,2.895647287368774414e-01,4.269978106021881104e-01,9.684392251074314117e-03,2.867974042892456055e-01,3.871635496616363525e-01,1.383510045707225800e-02,2.882303595542907715e-01,3.628647923469543457e-01,1.566292159259319305e-02,2.898525297641754150e-01,3.452220857143402100e-01,1.727054268121719360e-02,2.722770869731903076e-01,4.385461807250976562e-01,1.098477654159069061e-02,2.634400129318237305e-01,4.048230946063995361e-01,1.293634064495563507e-02,2.615819573402404785e-01,3.830197453498840332e-01,1.380872167646884918e-02,2.609677910804748535e-01,3.652592599391937256e-01,1.446517463773488998e-02,2.568171620368957520e-01,4.581195712089538574e-01,1.020004134625196457e-02,2.457491457462310791e-01,4.373904168605804443e-01,9.631494991481304169e-03,2.386876046657562256e-01,4.256579875946044922e-01,1.030891761183738708e-02,2.329191565513610840e-01,4.161590337753295898e-01,1.176284253597259521e-02
7.923321723937988281e-01,5.138323903083801270e-01,1.670213976012746571e-07,7.556520700454711914e-01,4.813014864921569824e-01,-9.444327093660831451e-03,7.376951575279235840e-01,4.370776414871215820e-01,-6.607592571526765823e-03,7.361637949943542480e-01,3.953560888767242432e-01,-3.565376857295632362e-03,7.377227544784545898e-01,3.629247248172760010e-01,6.322177359834313393e-04,7.655220031738281250e-01,4.078950881958007812e-01,1.575255952775478363e-02,7.608960270881652832e-01,3.708476424217224121e-01,1.779392175376415253e-02,7.604925632476806641e-01,3.476734459400177002e-01,1.600778102874755859e-02,7.611595988273620605e-01,3.290435373783111572e-01,1.407199632376432419e-02,7.913637161254882812e-01,4.069804549217224121e-01,1.699153147637844086e-02,7.951290607452392578e-01,3.669454753398895264e-01,2.139846980571746826e-02,7.981722950935363770e-01,3.427401781082153320e-01,1.856415346264839172e-02,8.005879521369934082e-01,3.257728815078735352e-01,1.604948937892913818e-02,8.136683702468872070e-01,4.144332408905029297e-01,1.509639061987400055e-02,8.247225880622863770e-01,3.794282376766204834e-01,1.430783420801162720e-02,8.301613330841064453e-01,3.602843582630157471e-01,1.069979276508092880e-02,8.347802162170410156e-01,3.462283015251159668e-01,8.612710051238536835e-03,8.345729708671569824e-01,4.282602071762084961e-01,1.198265608400106430e-02,8.452800512313842773e-01,4.003973007202148438e-01,1.015177089720964432e-02,8.522094488143920898e-01,3.854294419288635254e-01,1.007168740034103394e-02,8.586155176162719727e-01,3.729016184806823730e-01,1.057092379778623581e-02,3.063870966434478760e-01,5.440032482147216797e-01,2.287343221496485057e-07,3.355693817138671875e-01,5.159100294113159180e-01,-1.218488533049821854e-02,3.481116890907287598e-01,4.672277867794036865e-01,-1.147193368524312973e-02,3.496927917003631592e-01,4.258206784725189209e-01,-1.040400471538305283e-02,3.555878400802612305e-01,3.999595940113067627e-01,-8.214043453335762024e-03,3.285690248012542725e-01,4.297712147235870361e-01,7.664831355214118958e-03,3.361321091651916504e-01,3.941095471382141113e-01,6.944774184376001358e-03,3.399029076099395752e-01,3.726052641868591309e-01,5.444875918328762054e-03,3.431913256645202637e-01,3.570362329483032227e-01,4.966544453054666519e-03,3.063722550868988037e-01,4.272598028182983398e-01,1.094228960573673248e-02,3.050947487354278564e-01,3.856493830680847168e-01,1.509091351181268692e-02,3.051608800888061523e-01,3.625878393650054932e-01,1.844084821641445160e-02,3.057390153408050537e-01,3.447407782077789307e-01,2.169342339038848877e-02,2.877083718776702881e-01,4.346254467964172363e-01,1.084264367818832397e-02,2.784887254238128662e-01,4.012688398361206055e-01,1.203922741115093231e-02,2.752841114997863770e-01,3.838815093040466309e-01,1.448571309447288513e-02,2.741414308547973633e-01,3.693888783454895020e-01,1.679606176912784576e-02,2.689854502677917480e-01,4.507010579109191895e-01,8.598037995398044586e-03,2.566621899604797363e-01,4.328727722167968750e-01,7.724633906036615372e-03,2.500265240669250488e-01,4.228065013885498047e-01,9.451405145227909088e-03,2.457965612411499023e-01,4.130524098873138428e-01,1.189249195158481598e-02
7.928978800773620605e-01,5.147018432617187500e-01,1.860517073737355531e-07,7.572093605995178223e-01,4.822817146778106689e-01,-8.584164083003997803e-03,7.390171289443969727e-01,4.383415579795837402e-01,-6.778815761208534241e-03,7.375507950782775879e-01,3.971261978149414062e-01,-5.043708719313144684e-03,7.396517992019653320e-01,3.654724657535552979e-01,-2.223243238404393196e-03,7.660684585571289062e-01,4.085055291652679443e-01,1.275845337659120560e-02,7.619241476058959961e-01,3.705897331237792969e-01,1.249241642653942108e-02,7.607037425041198730e-01,3.476109206676483154e-01,9.284351952373981476e-03,7.615819573402404785e-01,3.287178277969360352e-01,6.401700899004936218e-03,7.916312813758850098e-01,4.072218239307403564e-01,1.268895622342824936e-02,7.948988676071166992e-01,3.667334318161010742e-01,1.386815123260021210e-02,7.978482246398925781e-01,3.411572277545928955e-01,9.382205083966255188e-03,8.010273575782775879e-01,3.237580358982086182e-01,5.954488646239042282e-03,8.142561316490173340e-01,4.145514667034149170e-01,9.829262271523475647e-03,8.252756595611572266e-01,3.772011399269104004e-01,6.780365947633981705e-03,8.316009044647216797e-01,3.587382435798645020e-01,3.022157587110996246e-03,8.364329338073730469e-01,3.451829850673675537e-01,1.149907591752707958e-03,8.348600864410400391e-01,4.287763535976409912e-01,5.887453909963369370e-03,8.473185896873474121e-01,3.992704451084136963e-01,2.172162290662527084e-03,8.548348546028137207e-01,3.828509449958801270e-01,1.642442541196942329e-03,8.614673614501953125e-01,3.688664436340332031e-01,2.152058528736233711e-03,3.042621016502380371e-01,5.438788533210754395e-01,2.970374453070689924e-07,3.345925509929656982e-01,5.148903131484985352e-01,-1.409208681434392929e-02,3.478879928588867188e-01,4.667528867721557617e-01,-1.392185315489768982e-02,3.504813611507415771e-01,4.256912469863891602e-01,-1.340332161635160446e-02,3.562849462032318115e-01,3.970821499824523926e-01,-1.158326119184494019e-02,3.259463310241699219e-01,4.281548857688903809e-01,1.037153694778680801e-02,3.344206809997558594e-01,3.937759995460510254e-01,1.249779947102069855e-02,3.378231525421142578e-01,3.702006340026855469e-01,1.400072127580642700e-02,3.406451642513275146e-01,3.551492393016815186e-01,1.619203947484493256e-02,3.045456707477569580e-01,4.277623593807220459e-01,1.560736447572708130e-02,3.034292459487915039e-01,3.907024860382080078e-01,2.470715343952178955e-02,3.034360706806182861e-01,3.694451749324798584e-01,3.305685147643089294e-02,3.039788305759429932e-01,3.529519438743591309e-01,4.054564982652664185e-02,2.869471609592437744e-01,4.358869791030883789e-01,1.690566539764404297e-02,2.791775166988372803e-01,4.056091904640197754e-01,2.172939479351043701e-02,2.769317030906677246e-01,3.890631198883056641e-01,2.884548716247081757e-02,2.755724787712097168e-01,3.768998682498931885e-01,3.520846739411354065e-02,2.694178819656372070e-01,4.506108164787292480e-01,1.549078710377216339e-02,2.572798132896423340e-01,4.332233369350433350e-01,1.579564251005649567e-02,2.498832345008850098e-01,4.227406680583953857e-01,1.916720159351825714e-02,2.445418685674667358e-01,4.145436286926269531e-01,2.412664517760276794e-02
7.928978800773620605e-01,5.147018432617187500e-01,1.860517073737355531e-07,7.572093605995178223e-01,4.822817146778106689e-01,-8.584164083003997803e-03,7.390171289443969727e-01,4.383415579795837402e-01,-6.778815761208534241e-03,7.375507950782775879e-01,3.971261978149414062e-01,-5.043708719313144684e-03,7.396517992019653320e-01,3.654724657535552979e-01,-2.223243238404393196e-03,7.660684585571289062e-01,4.085055291652679443e-01,1.275845337659120560e-02,7.619241476058959961e-01,3.705897331237792969e-01,1.249241642653942108e-02,7.607037425041198730e-01,3.476109206676483154e-01,9.284351952373981476e-03,7.615819573402404785e-01,3.287178277969360352e-01,6.401700899004936218e-03,7.916312813758850098e-01,4.072218239307403564e-01,1.268895622342824936e-02,7.948988676071166992e-01,3.667334318161010742e-01,1.386815123260021210e-02,7.978482246398925781e-01,3.411572277545928955e-01,9.382205083966255188e-03,8.010273575782775879e-01,3.237580358982086182e-01,5.954488646239042282e-03,8.142561316490173340e-01,4.145514667034149170e-01,9.829262271523475647e-03,8.252756595611572266e-01,3.772011399269104004e-01,6.780365947633981705e-03,8.316009044647216797e-01,3.587382435798645020e-01,3.022157587110996246e-03,8.364329338073730469e-01,3.451829850673675537e-01,1.149907591752707958e-03,8.348600864410400391e-01,4.287763535976409912e-01,5.887453909963369370e-03,8.473185896873474121e-01,3.992704451084136963e-01,2.172162290662527084e-03,8.548348546028137207e-01,3.828509449958801270e-01,1.642442541196942329e-03,8.614673614501953125e-01,3.688664436340332031e-01,2.152058528736233711e-03,3.042621016502380371e-01,5.438788533210754395e-01,2.970374453070689924e-07,3.345925509929656982e-01,5.148903131484985352e-01,-1.409208681434392929e-02,3.478879928588867188e-01,4.667528867721557617e-01,-1.392185315489768982e-02,3.504813611507415771e-01,4.256912469863891602e-01,-1.340332161635160446e-02,3.562849462032318115e-01,3.970821499824523926e-01,-1.158326119184494019e-02,3.259463310241699219e-01,4.281548857688903809e-01,1.037153694778680801e-02,3.344206809997558594e-01,3.937759995460510254e-01,1.249779947102069855e-02,3.378231525421142578e-01,3.702006340026855469e-01,1.400072127580642700e-02,3.406451642513275146e-01,3.551492393016815186e-01,1.619203947484493256e-02,3.045456707477569580e-01,4.277623593807220459e-01,1.560736447572708130e-02,3.034292459487915039e-01,3.907024860382080078e-01,2.470715343952178955e-02,3.034360706806182861e-01,3.694451749324798584e-01,3.305685147643089294e-02,3.039788305759429932e-01,3.529519438743591309e-01,4.054564982652664185e-02,2.869471609592437744e-01,4.358869791030883789e-01,1.690566539764404297e-02,2.791775166988372803e-01,4.056091904640197754e-01,2.172939479351043701e-02,2.769317030906677246e-01,3.890631198883056641e-01,2.884548716247081757e-02,2.755724787712097168e-01,3.768998682498931885e-01,3.520846739411354065e-02,2.694178819656372070e-01,4.506108164787292480e-01,1.549078710377216339e-02,2.572798132896423340e-01,4.332233369350433350e-01,1.579564251005649567e-02,2.498832345008850098e-01,4.227406680583953857e-01,1.916720159351825714e-02,2.445418685674667358e-01,4.145436286926269531e-01,2.412664517760276794e-02
8.036355972290039062e-01,5.140644311904907227e-01,1.680146084481748403e-07,7.666998505592346191e-01,4.791784882545471191e-01,-6.397542543709278107e-03,7.500975728034973145e-01,4.350327253341674805e-01,-2.854818711057305336e-03,7.498503327369689941e-01,3.930233418941497803e-01,3.172192664351314306e-04,7.506242990493774414e-01,3.613296151161193848e-01,4.452276043593883514e-03,7.793774604797363281e-01,4.078407883644104004e-01,1.668803207576274872e-02,7.742958068847656250e-01,3.697284758090972900e-01,1.797001436352729797e-02,7.736950516700744629e-01,3.477295935153961182e-01,1.536921039223670959e-02,7.747312784194946289e-01,3.290072083473205566e-01,1.276796776801347733e-02,8.054278492927551270e-01,4.071716964244842529e-01,1.611907221376895905e-02,8.093979954719543457e-01,3.647497892379760742e-01,1.931989006698131561e-02,8.122026920318603516e-01,3.397803306579589844e-01,1.534532941877841949e-02,8.145371079444885254e-01,3.215007483959197998e-01,1.194287557154893875e-02,8.277716040611267090e-01,4.152844548225402832e-01,1.283159013837575912e-02,8.404733538627624512e-01,3.758142888545989990e-01,1.148871704936027527e-02,8.476104736328125000e-01,3.546781539916992188e-01,7.475823629647493362e-03,8.530216217041015625e-01,3.389987349510192871e-01,4.844867158681154251e-03,8.481209874153137207e-01,4.304255247116088867e-01,8.630850352346897125e-03,8.612115979194641113e-01,4.025626182556152344e-01,7.031168788671493530e-03,8.674820661544799805e-01,3.856867253780364990e-01,7.127413060516119003e-03,8.721394538879394531e-01,3.711057007312774658e-01,7.445082068443298340e-03,3.046370446681976318e-01,5.427217483520507812e-01,2.520754378565470688e-07,3.369805812835693359e-01,5.143038034439086914e-01,-9.800291620194911957e-03,3.531599342823028564e-01,4.683414101600646973e-01,-7.191797252744436264e-03,3.565702140331268311e-01,4.289844036102294922e-01,-4.791091661900281906e-03,3.597070574760437012e-01,4.024339020252227783e-01,-1.360674621537327766e-03,3.293554186820983887e-01,4.321968555450439453e-01,1.503141596913337708e-02,3.383577167987823486e-01,3.982021510601043701e-01,1.844211295247077942e-02,3.428280353546142578e-01,3.786444664001464844e-01,1.912896335124969482e-02,3.460960388183593750e-01,3.650565147399902344e-01,1.995848491787910461e-02,3.093098402023315430e-01,4.309438169002532959e-01,1.858134567737579346e-02,3.094975650310516357e-01,3.970281183719635010e-01,2.683178149163722992e-02,3.103780448436737061e-01,3.783383965492248535e-01,3.115120902657508850e-02,3.115346431732177734e-01,3.648131489753723145e-01,3.487597778439521790e-02,2.915480732917785645e-01,4.376052916049957275e-01,1.886813342571258545e-02,2.838641703128814697e-01,4.094018042087554932e-01,2.443678490817546844e-02,2.804902791976928711e-01,3.931310474872589111e-01,2.834681421518325806e-02,2.785640954971313477e-01,3.806281089782714844e-01,3.131917119026184082e-02,2.736099958419799805e-01,4.515713155269622803e-01,1.694657653570175171e-02,2.625804245471954346e-01,4.357050657272338867e-01,1.909691095352172852e-02,2.556605339050292969e-01,4.248398244380950928e-01,2.162723988294601440e-02,2.507559657096862793e-01,4.161596894264221191e-01,2.477277442812919617e-02
8.188568949699401855e-01,5.196877121925354004e-01,1.633212605156586505e-07,7.811464667320251465e-01,4.850907921791076660e-01,-7.900457829236984253e-03,7.642142176628112793e-01,4.384119510650634766e-01,-4.359303973615169525e-03,7.640500664710998535e-01,3.954980671405792236e-01,-7.971809827722609043e-04,7.661202549934387207e-01,3.628321290016174316e-01,3.815395291894674301e-03,7.931571006774902344e-01,4.069512486457824707e-01,1.686002872884273529e-02,7.881828546524047852e-01,3.691313564777374268e-01,1.900606043636798859e-02,7.878752350807189941e-01,3.473891019821166992e-01,1.687691546976566315e-02,7.892354130744934082e-01,3.287463784217834473e-01,1.441204547882080078e-02,8.204028606414794922e-01,4.064668715000152588e-01,1.682071387767791748e-02,8.233757615089416504e-01,3.627831935882568359e-01,2.084477432072162628e-02,8.255683779716491699e-01,3.361650705337524414e-01,1.704708859324455261e-02,8.271486759185791016e-01,3.160592317581176758e-01,1.364500820636749268e-02,8.428634405136108398e-01,4.159698784351348877e-01,1.381816063076257706e-02,8.562312722206115723e-01,3.775734305381774902e-01,1.190149597823619843e-02,8.634088635444641113e-01,3.558072149753570557e-01,6.834921892732381821e-03,8.685270547866821289e-01,3.386966586112976074e-01,3.549284767359495163e-03,8.635338544845581055e-01,4.330950975418090820e-01,9.855087846517562866e-03,8.777008652687072754e-01,4.058928191661834717e-01,6.962793879210948944e-03,8.846607804298400879e-01,3.898031115531921387e-01,5.866577383130788803e-03,8.896321654319763184e-01,3.748683631420135498e-01,5.363995209336280823e-03,3.035872876644134521e-01,5.398682355880737305e-01,2.975714323838474229e-07,3.395539820194244385e-01,5.117066502571105957e-01,-7.102881092578172684e-03,3.578724861145019531e-01,4.735736846923828125e-01,-3.743720706552267075e-03,3.632960319519042969e-01,4.359817206859588623e-01,-1.633735140785574913e-03,3.641331791877746582e-01,4.088367521762847900e-01,1.121676759794354439e-03,3.339141905307769775e-01,4.391546249389648438e-01,2.412088215351104736e-02,3.423871397972106934e-01,4.088784158229827881e-01,2.957376278936862946e-02,3.471781611442565918e-01,3.905709981918334961e-01,3.045226447284221649e-02,3.509680628776550293e-01,3.780498802661895752e-01,3.120831772685050964e-02,3.132367730140686035e-01,4.363095462322235107e-01,2.667445503175258636e-02,3.145945370197296143e-01,4.026948213577270508e-01,3.692269697785377502e-02,3.158729970455169678e-01,3.833744525909423828e-01,3.996751829981803894e-02,3.182027041912078857e-01,3.675376474857330322e-01,4.225397855043411255e-02,2.946681380271911621e-01,4.407356083393096924e-01,2.577139250934123993e-02,2.877737879753112793e-01,4.133720397949218750e-01,3.324308246374130249e-02,2.856196761131286621e-01,3.969345390796661377e-01,3.568466752767562866e-02,2.858987152576446533e-01,3.840374946594238281e-01,3.707928210496902466e-02,2.751619517803192139e-01,4.524218142032623291e-01,2.284730598330497742e-02,2.659144401550292969e-01,4.355053901672363281e-01,2.762559428811073303e-02,2.608760893344879150e-01,4.235189259052276611e-01,3.045236691832542419e-02,2.590105533599853516e-01,4.142774641513824463e-01,3.303319215774536133e-02
8.171046972274780273e-01,5.209519267082214355e-01,1.933846647261816543e-07,7.800060510635375977e-01,4.829631447792053223e-01,-6.804655771702528000e-03,7.635640501976013184e-01,4.366556704044342041e-01,-2.630392787978053093e-03,7.634183764457702637e-01,3.947566747665405273e-01,8.617833373136818409e-04,7.655126452445983887e-01,3.617022633552551270e-01,5.294195376336574554e-03,7.925578355789184570e-01,4.053357243537902832e-01,2.243093587458133698e-02,7.885122299194335938e-01,3.697732090950012207e-01,2.648888900876045227e-02,7.881336808204650879e-01,3.472739458084106445e-01,2.537915110588073730e-02,7.893530726432800293e-01,3.290527462959289551e-01,2.363363280892372131e-02,8.194547891616821289e-01,4.056927561759948730e-01,2.216248586773872375e-02,8.231090307235717773e-01,3.641090095043182373e-01,2.868797443807125092e-02,8.256767988204956055e-01,3.376930356025695801e-01,2.658970654010772705e-02,8.276989459991455078e-01,3.177341520786285400e-01,2.437400072813034058e-02,8.422062397003173828e-01,4.154307246208190918e-01,1.845691725611686707e-02,8.556044101715087891e-01,3.776319921016693115e-01,1.841529458761215210e-02,8.630219101905822754e-01,3.539723753929138184e-01,1.421421393752098083e-02,8.680860400199890137e-01,3.351655602455139160e-01,1.144893560558557510e-02,8.629710078239440918e-01,4.327085614204406738e-01,1.369271706789731979e-02,8.780260086059570312e-01,4.046649932861328125e-01,1.197379361838102341e-02,8.844019174575805664e-01,3.882021903991699219e-01,1.126081869006156921e-02,8.886910080909729004e-01,3.735879659652709961e-01,1.104084681719541550e-02,3.037616908550262451e-01,5.368817448616027832e-01,3.159880748171417508e-07,3.388842344284057617e-01,5.124770402908325195e-01,-8.290839381515979767e-03,3.573343157768249512e-01,4.717095792293548584e-01,-4.874834325164556503e-03,3.616094887256622314e-01,4.352849423885345459e-01,-1.864567515440285206e-03,3.635208904743194580e-01,4.078980386257171631e-01,1.965215196833014488e-03,3.339586555957794189e-01,4.395879805088043213e-01,1.947605051100254059e-02,3.424687087535858154e-01,4.093567132949829102e-01,2.594443224370479584e-02,3.471435010433197021e-01,3.902266621589660645e-01,2.872978709638118744e-02,3.509117662906646729e-01,3.775798380374908447e-01,3.099254518747329712e-02,3.130403459072113037e-01,4.362640976905822754e-01,2.322727814316749573e-02,3.143558204174041748e-01,4.029741585254669189e-01,3.492116555571556091e-02,3.166013360023498535e-01,3.836553096771240234e-01,4.021453484892845154e-02,3.194034695625305176e-01,3.682434558868408203e-01,4.425796866416931152e-02,2.947715818881988525e-01,4.402061104774475098e-01,2.370950579643249512e-02,2.873730659484863281e-01,4.145883023738861084e-01,3.218903765082359314e-02,2.851703166961669922e-01,3.987957239151000977e-01,3.516411036252975464e-02,2.846702933311462402e-01,3.854627013206481934e-01,3.700339421629905701e-02,2.761762440204620361e-01,4.505708217620849609e-01,2.218886278569698334e-02,2.658377885818481445e-01,4.345415234565734863e-01,2.704642526805400848e-02,2.604097425937652588e-01,4.225656986236572266e-01,2.925146371126174927e-02,2.578414678573608398e-01,4.119789898395538330e-01,3.154920041561126709e-02
8.171046972274780273e-01,5.209519267082214355e-01,1.933846647261816543e-07,7.800060510635375977e-01,4.829631447792053223e-01,-6.804655771702528000e-03,7.635640501976013184e-01,4.366556704044342041e-01,-2.630392787978053093e-03,7.634183764457702637e-01,3.947566747665405273e-01,8.617833373136818409e-04,7.655126452445983887e-01,3.617022633552551270e-01,5.294195376336574554e-03,7.925578355789184570e-01,4.053357243537902832e-01,2.243093587458133698e-02,7.885122299194335938e-01,3.697732090950012207e-01,2.648888900876045227e-02,7.881336808204650879e-01,3.472739458084106445e-01,2.537915110588073730e-02,7.893530726432800293e-01,3.290527462959289551e-01,2.363363280892372131e-02,8.194547891616821289e-01,4.056927561759948730e-01,2.216248586773872375e-02,8.231090307235717773e-01,3.641090095043182373e-01,2.868797443807125092e-02,8.256767988204956055e-01,3.376930356025695801e-01,2.658970654010772705e-02,8.276989459991455078e-01,3.177341520786285400e-01,2.437400072813034058e-02,8.422062397003173828e-01,4.154307246208190918e-01,1.845691725611686707e-02,8.556044101715087891e-01,3.776319921016693115e-01,1.841529458761215210e-02,8.630219101905822754e-01,3.539723753929138184e-01,1.421421393752098083e-02,8.680860400199890137e-01,3.351655602455139160e-01,1.144893560558557510e-02,8.629710078239440918e-01,4.327085614204406738e-01,1.369271706789731979e-02,8.780260086059570312e-01,4.046649932861328125e-01,1.197379361838102341e-02,8.844019174575805664e-01,3.882021903991699219e-01,1.126081869006156921e-02,8.886910080909729004e-01,3.735879659652709961e-01,1.104084681719541550e-02,3.037616908550262451e-01,5.368817448616027832e-01,3.159880748171417508e-07,3.388842344284057617e-01,5.124770402908325195e-01,-8.290839381515979767e-03,3.573343157768249512e-01,4.717095792293548584e-01,-4.874834325164556503e-03,3.616094887256622314e-01,4.352849423885345459e-01,-1.864567515440285206e-03,3.635208904743194580e-01,4.078980386257171631e-01,1.965215196833014488e-03,3.339586555957794189e-01,4.395879805088043213e-01,1.947605051100254059e-02,3.424687087535858154e-01,4.093567132949829102e-01,2.594443224370479584e-02,3.471435010433197021e-01,3.902266621589660645e-01,2.872978709638118744e-02,3.509117662906646729e-01,3.775798380374908447e-01,3.099254518747329712e-02,3.130403459072113037e-01,4.362640976905822754e-01,2.322727814316749573e-02,3.143558204174041748e-01,4.029741585254669189e-01,3.492116555571556091e-02,3.166013360023498535e-01,3.836553096771240234e-01,4.021453484892845154e-02,3.194034695625305176e-01,3.682434558868408203e-01,4.425796866416931152e-02,2.947715818881988525e-01,4.402061104774475098e-01,2.370950579643249512e-02,2.873730659484863281e-01,4.145883023738861084e-01,3.218903765082359314e-02,2.851703166961669922e-01,3.987957239151000977e-01,3.516411036252975464e-02,2.846702933311462402e-01,3.854627013206481934e-01,3.700339421629905701e-02,2.761762440204620361e-01,4.505708217620849609e-01,2.218886278569698334e-02,2.658377885818481445e-01,4.345415234565734863e-01,2.704642526805400848e-02,2.604097425937652588e-01,4.225656986236572266e-01,2.925146371126174927e-02,2.578414678573608398e-01,4.119789898395538330e-01,3.154920041561126709e-02
8.236249089241027832e-01,5.272929072380065918e-01,2.213049583588144742e-07,7.845903038978576660e-01,4.864518344402313232e-01,-6.078568287193775177e-03,7.681393623352050781e-01,4.365570247173309326e-01,-3.777984529733657837e-04,7.689521908760070801e-01,3.926350474357604980e-01,4.396915901452302933e-03,7.697142958641052246e-01,3.572755157947540283e-01,1.054496597498655319e-02,7.966288328170776367e-01,4.068356156349182129e-01,2.963817678391933441e-02,7.916527986526489258e-01,3.686112761497497559e-01,3.770047426223754883e-02,7.907651662826538086e-01,3.450826406478881836e-01,3.919792547821998596e-02,7.915340662002563477e-01,3.269694149494171143e-01,3.907572478055953979e-02,8.242314457893371582e-01,4.070038795471191406e-01,2.982726134359836578e-02,8.265257477760314941e-01,3.635517656803131104e-01,4.098283126950263977e-02,8.283991813659667969e-01,3.366027474403381348e-01,4.107933863997459412e-02,8.292655348777770996e-01,3.164341449737548828e-01,4.025110974907875061e-02,8.470032215118408203e-01,4.165762960910797119e-01,2.623091824352741241e-02,8.598567247390747070e-01,3.780637681484222412e-01,3.002588823437690735e-02,8.667631149291992188e-01,3.533790707588195801e-01,2.774172835052013397e-02,8.711571097373962402e-01,3.342946469783782959e-01,2.585512399673461914e-02,8.685399889945983887e-01,4.336827099323272705e-01,2.136817388236522675e-02,8.824847936630249023e-01,4.050569236278533936e-01,2.229493297636508942e-02,8.881236314773559570e-01,3.877660632133483887e-01,2.270191535353660583e-02,8.916477560997009277e-01,3.722244799137115479e-01,2.313437499105930328e-02,3.035673797130584717e-01,5.373780131340026855e-01,3.568257795905083185e-07,3.397914171218872070e-01,5.131197571754455566e-01,-7.238560821861028671e-03,3.583596646785736084e-01,4.732850492000579834e-01,-3.747900482267141342e-03,3.642100691795349121e-01,4.376855492591857910e-01,-1.204197760671377182e-03,3.632868528366088867e-01,4.098668694496154785e-01,2.135584596544504166e-03,3.340009152889251709e-01,4.394315481185913086e-01,2.382715046405792236e-02,3.427031338214874268e-01,4.088967442512512207e-01,3.325991332530975342e-02,3.472938537597656250e-01,3.905452191829681396e-01,3.832957893610000610e-02,3.506363630294799805e-01,3.788858354091644287e-01,4.237696900963783264e-02,3.133365213871002197e-01,4.364941120147705078e-01,2.772507816553115845e-02,3.146139979362487793e-01,4.055297374725341797e-01,4.372937604784965515e-02,3.166320621967315674e-01,3.876819908618927002e-01,5.237565189599990845e-02,3.192060589790344238e-01,3.739930689334869385e-01,5.912092328071594238e-02,2.950346469879150391e-01,4.401619732379913330e-01,2.823252603411674500e-02,2.875862717628479004e-01,4.163484275341033936e-01,4.120947793126106262e-02,2.856667935848236084e-01,4.006621539592742920e-01,4.797670990228652954e-02,2.849255800247192383e-01,3.881628215312957764e-01,5.241267383098602295e-02,2.761944234371185303e-01,4.501098096370697021e-01,2.646241523325443268e-02,2.665148675441741943e-01,4.340758323669433594e-01,3.488553315401077271e-02,2.612801194190979004e-01,4.221836030483245850e-01,3.989981487393379211e-02,2.588044106960296631e-01,4.131280779838562012e-01,4.453772306442260742e-02
8.228261470794677734e-01,5.279238820075988770e-01,2.250225890065848944e-07,7.851763963699340820e-01,4.854370355606079102e-01,-6.754611153155565262e-03,7.696336507797241211e-01,4.369344413280487061e-01,-1.827331492677330971e-03,7.710040211677551270e-01,3.935630917549133301e-01,2.205879893153905869e-03,7.717739343643188477e-01,3.578917086124420166e-01,7.645285688340663910e-03,7.983847856521606445e-01,4.040842950344085693e-01,2.779882214963436127e-02,7.933315634727478027e-01,3.657226860523223877e-01,3.475369513034820557e-02,7.922247648239135742e-01,3.419742584228515625e-01,3.652053326368331909e-02,7.929368615150451660e-01,3.250820040702819824e-01,3.737073764204978943e-02,8.252975940704345703e-01,4.049623310565948486e-01,2.849208377301692963e-02,8.271759748458862305e-01,3.612570166587829590e-01,3.958157822489738464e-02,8.287152647972106934e-01,3.355188369750976562e-01,4.180378839373588562e-02,8.290292024612426758e-01,3.171918392181396484e-01,4.324618354439735413e-02,8.486273884773254395e-01,4.150776267051696777e-01,2.514919824898242950e-02,8.618155717849731445e-01,3.764027953147888184e-01,2.907919697463512421e-02,8.686697483062744141e-01,3.534828722476959229e-01,2.868042513728141785e-02,8.727242350578308105e-01,3.363169431686401367e-01,2.880648523569107056e-02,8.697618246078491211e-01,4.320738613605499268e-01,2.038892544806003571e-02,8.839991092681884766e-01,4.038016200065612793e-01,2.141576819121837616e-02,8.898471593856811523e-01,3.869104087352752686e-01,2.266029641032218933e-02,8.942490816116333008e-01,3.718637526035308838e-01,2.438410557806491852e-02,3.023353815078735352e-01,5.372291803359985352e-01,3.571516344891279005e-07,3.389356732368469238e-01,5.137293338775634766e-01,-8.318655192852020264e-03,3.570123314857482910e-01,4.741943478584289551e-01,-5.741144996136426926e-03,3.618940114974975586e-01,4.377774894237518311e-01,-3.984159324318170547e-03,3.622225224971771240e-01,4.093177914619445801e-01,-1.450973795726895332e-03,3.330847918987274170e-01,4.399135410785675049e-01,2.248895168304443359e-02,3.418943583965301514e-01,4.099166989326477051e-01,3.111770376563072205e-02,3.467903733253479004e-01,3.914555907249450684e-01,3.544201329350471497e-02,3.506768643856048584e-01,3.799510598182678223e-01,3.884542360901832581e-02,3.122547566890716553e-01,4.370150268077850342e-01,2.650983445346355438e-02,3.138559460639953613e-01,4.062363505363464355e-01,4.148837924003601074e-02,3.162933588027954102e-01,3.888790011405944824e-01,4.953391849994659424e-02,3.197250068187713623e-01,3.753910660743713379e-01,5.575403198599815369e-02,2.939471006393432617e-01,4.406607449054718018e-01,2.708164975047111511e-02,2.875041663646697998e-01,4.153549075126647949e-01,3.905164077877998352e-02,2.862696647644042969e-01,4.003421664237976074e-01,4.589221253991127014e-02,2.863826453685760498e-01,3.881782889366149902e-01,5.041717365384101868e-02,2.750826478004455566e-01,4.512758255004882812e-01,2.529357746243476868e-02,2.661252319812774658e-01,4.339902102947235107e-01,3.285782411694526672e-02,2.614049017429351807e-01,4.211800396442413330e-01,3.773802518844604492e-02,2.590871453285217285e-01,4.111499488353729248e-01,4.228919371962547302e-02
8.244903087615966797e-01,5.293936729431152344e-01,2.383787887083599344e-07,7.865729331970214844e-01,4.854288697242736816e-01,-6.428511813282966614e-03,7.704212665557861328e-01,4.367913007736206055e-01,-4.140486707910895348e-04,7.710507512092590332e-01,3.934258818626403809e-01,4.340717103332281113e-03,7.711761593818664551e-01,3.572714924812316895e-01,1.046518608927726746e-02,7.991086840629577637e-01,4.054911732673645020e-01,3.365267068147659302e-02,7.938654422760009766e-01,3.671246767044067383e-01,4.259845986962318420e-02,7.928681969642639160e-01,3.420440852642059326e-01,4.479741677641868591e-02,7.936750650405883789e-01,3.241903781890869141e-01,4.573502019047737122e-02,8.257958889007568359e-01,4.062232077121734619e-01,3.458246216177940369e-02,8.274629116058349609e-01,3.617537617683410645e-01,4.832977801561355591e-02,8.287770748138427734e-01,3.350462913513183594e-01,5.098880827426910400e-02,8.291888236999511719e-01,3.150048553943634033e-01,5.232448130846023560e-02,8.491038084030151367e-01,4.154069721698760986e-01,3.108175098896026611e-02,8.621116876602172852e-01,3.773204982280731201e-01,3.756318613886833191e-02,8.688078522682189941e-01,3.536686599254608154e-01,3.735134005546569824e-02,8.729501962661743164e-01,3.357464969158172607e-01,3.705221042037010193e-02,8.702779412269592285e-01,4.317219257354736328e-01,2.590945735573768616e-02,8.841241598129272461e-01,4.037289023399353027e-01,2.906521409749984741e-02,8.894920349121093750e-01,3.871175646781921387e-01,3.076252155005931854e-02,8.935306668281555176e-01,3.722732663154602051e-01,3.233557939529418945e-02,3.013745546340942383e-01,5.370182991027832031e-01,3.503620860101364087e-07,3.372251689434051514e-01,5.142317414283752441e-01,-9.845165535807609558e-03,3.560254871845245361e-01,4.743189811706542969e-01,-8.265980519354343414e-03,3.617621660232543945e-01,4.374116659164428711e-01,-7.116952445358037949e-03,3.611490130424499512e-01,4.090403318405151367e-01,-5.197149701416492462e-03,3.314016759395599365e-01,4.398352205753326416e-01,1.839408092200756073e-02,3.405763506889343262e-01,4.104150831699371338e-01,2.505809441208839417e-02,3.458849787712097168e-01,3.920122683048248291e-01,2.810402028262615204e-02,3.501944839954376221e-01,3.807672262191772461e-01,3.066667914390563965e-02,3.105603158473968506e-01,4.367932975292205811e-01,2.254433184862136841e-02,3.125165402889251709e-01,4.051796495914459229e-01,3.548903018236160278e-02,3.155495226383209229e-01,3.882442116737365723e-01,4.247275367379188538e-02,3.194571435451507568e-01,3.747402727603912354e-01,4.786077141761779785e-02,2.920672297477722168e-01,4.405410885810852051e-01,2.327885851263999939e-02,2.866446971893310547e-01,4.143269062042236328e-01,3.327632322907447815e-02,2.857206165790557861e-01,3.989196121692657471e-01,3.894358128309249878e-02,2.861386239528656006e-01,3.866026699542999268e-01,4.265774786472320557e-02,2.730670869350433350e-01,4.512492418289184570e-01,2.166130952537059784e-02,2.641818225383758545e-01,4.337753653526306152e-01,2.771929278969764709e-02,2.598394453525543213e-01,4.208634793758392334e-01,3.179313242435455322e-02,2.579158544540405273e-01,4.107132256031036377e-01,3.566025942564010620e-02
8.227387666702270508e-01,5.275976061820983887e-01,2.131454266418586485e-07,7.849915623664855957e-01,4.853675365447998047e-01,-7.361102383583784103e-03,7.675517797470092773e-01,4.381221532821655273e-01,-2.112702000886201859e-03,7.673829793930053711e-01,3.944098651409149170e-01,2.407980617135763168e-03,7.686566114425659180e-01,3.592264950275421143e-01,8.373880758881568909e-03,7.951136827468872070e-01,4.053069949150085449e-01,2.936762012541294098e-02,7.906963825225830078e-01,3.663429021835327148e-01,3.562163934111595154e-02,7.898703217506408691e-01,3.425529003143310547e-01,3.525399789214134216e-02,7.901777625083923340e-01,3.234712481498718262e-01,3.379643708467483521e-02,8.223580718040466309e-01,4.053714573383331299e-01,3.000455349683761597e-02,8.235718607902526855e-01,3.606822490692138672e-01,3.878409415483474731e-02,8.243759870529174805e-01,3.330185711383819580e-01,3.717967122793197632e-02,8.244793415069580078e-01,3.122974038124084473e-01,3.519277274608612061e-02,8.450612425804138184e-01,4.146926403045654297e-01,2.655628137290477753e-02,8.563578128814697266e-01,3.759753704071044922e-01,2.848920412361621857e-02,8.626686930656433105e-01,3.533148467540740967e-01,2.506330981850624084e-02,8.668684363365173340e-01,3.348718881607055664e-01,2.256385236978530884e-02,8.669804930686950684e-01,4.311737716197967529e-01,2.169196680188179016e-02,8.807672262191772461e-01,4.039825797080993652e-01,2.148946188390254974e-02,8.858283162117004395e-01,3.888626098632812500e-01,2.104017883539199829e-02,8.890864849090576172e-01,3.742882013320922852e-01,2.084524929523468018e-02,3.001961112022399902e-01,5.374383330345153809e-01,3.327202477976243244e-07,3.356097340583801270e-01,5.154685974121093750e-01,-1.108515169471502304e-02,3.544494211673736572e-01,4.743660986423492432e-01,-9.855349548161029816e-03,3.584159016609191895e-01,4.371580183506011963e-01,-8.406694978475570679e-03,3.589225411415100098e-01,4.088168144226074219e-01,-6.066005211323499680e-03,3.291780054569244385e-01,4.393241405487060547e-01,1.452983450144529343e-02,3.378286957740783691e-01,4.082337021827697754e-01,2.034961804747581482e-02,3.427744507789611816e-01,3.893124759197235107e-01,2.279090695083141327e-02,3.468095064163208008e-01,3.767057657241821289e-01,2.477196231484413147e-02,3.079522848129272461e-01,4.365195631980895996e-01,1.920684985816478729e-02,3.088116347789764404e-01,4.040897190570831299e-01,3.077779151499271393e-02,3.114002048969268799e-01,3.874238431453704834e-01,3.685349598526954651e-02,3.147403597831726074e-01,3.753110766410827637e-01,4.155304655432701111e-02,2.894327938556671143e-01,4.406951665878295898e-01,2.070733532309532166e-02,2.832765579223632812e-01,4.138371348381042480e-01,2.961444854736328125e-02,2.824659347534179688e-01,3.993573486804962158e-01,3.494046255946159363e-02,2.831833660602569580e-01,3.874326348304748535e-01,3.844725340604782104e-02,2.708772122859954834e-01,4.525225758552551270e-01,1.989067159593105316e-02,2.619323730468750000e-01,4.339937269687652588e-01,2.529332041740417480e-02,2.576576769351959229e-01,4.210592508316040039e-01,2.930421568453311920e-02,2.556093335151672363e-01,4.102225005626678467e-01,3.308796510100364685e-02
8.149005770683288574e-01,5.231252908706665039e-01,2.465512238813971635e-07,7.769550085067749023e-01,4.812653958797454834e-01,-5.083260126411914825e-03,7.589126229286193848e-01,4.353486895561218262e-01,1.709094154648482800e-03,7.570525407791137695e-01,3.947319090366363525e-01,6.848460528999567032e-03,7.553213834762573242e-01,3.601255714893341064e-01,1.349410042166709900e-02,7.864009141921997070e-01,4.076391458511352539e-01,3.794218972325325012e-02,7.811848521232604980e-01,3.675533235073089600e-01,4.836483672261238098e-02,7.799527049064636230e-01,3.436329662799835205e-01,5.060093477368354797e-02,7.791644930839538574e-01,3.255829513072967529e-01,5.105433985590934753e-02,8.119962811470031738e-01,4.082975685596466064e-01,3.883142024278640747e-02,8.134512305259704590e-01,3.644037246704101562e-01,5.276383832097053528e-02,8.147951364517211914e-01,3.394779562950134277e-01,5.427866801619529724e-02,8.149685263633728027e-01,3.224148154258728027e-01,5.457247793674468994e-02,8.334944844245910645e-01,4.157067537307739258e-01,3.544987738132476807e-02,8.421688675880432129e-01,3.751377165317535400e-01,4.384659603238105774e-02,8.467759490013122559e-01,3.551568686962127686e-01,4.535820707678794861e-02,8.497207760810852051e-01,3.408844172954559326e-01,4.584310203790664673e-02,8.561166524887084961e-01,4.292005002498626709e-01,3.019805997610092163e-02,8.692168593406677246e-01,3.995875418186187744e-01,3.580063953995704651e-02,8.741359710693359375e-01,3.846797347068786621e-01,3.900738060474395752e-02,8.772098422050476074e-01,3.719074130058288574e-01,4.132864251732826233e-02,2.979529500007629395e-01,5.376228690147399902e-01,2.993556620367598953e-07,3.313358724117279053e-01,5.151240229606628418e-01,-1.109951268881559372e-02,3.487891256809234619e-01,4.737894237041473389e-01,-9.345686063170433044e-03,3.530009984970092773e-01,4.374726414680480957e-01,-6.685790140181779861e-03,3.559119105339050293e-01,4.107466936111450195e-01,-3.021257463842630386e-03,3.240228593349456787e-01,4.386806190013885498e-01,9.641171433031558990e-03,3.320481181144714355e-01,4.064595699310302734e-01,1.290093082934617996e-02,3.364339470863342285e-01,3.865527510643005371e-01,1.302329450845718384e-02,3.390469849109649658e-01,3.715610802173614502e-01,1.299493201076984406e-02,3.033110797405242920e-01,4.353129565715789795e-01,1.326622813940048218e-02,3.042888045310974121e-01,3.963503241539001465e-01,1.996153593063354492e-02,3.058271408081054688e-01,3.741949796676635742e-01,2.093091793358325958e-02,3.064765930175781250e-01,3.569324612617492676e-01,2.148842625319957733e-02,2.852818071842193604e-01,4.404228329658508301e-01,1.428494509309530258e-02,2.781738042831420898e-01,4.116542935371398926e-01,1.794447004795074463e-02,2.765721380710601807e-01,3.959389626979827881e-01,1.728001423180103302e-02,2.759439945220947266e-01,3.823107481002807617e-01,1.666442304849624634e-02,2.675192952156066895e-01,4.527484774589538574e-01,1.358446385711431503e-02,2.578453719615936279e-01,4.327116608619689941e-01,1.527179963886737823e-02,2.539054155349731445e-01,4.192698597908020020e-01,1.597234793007373810e-02,2.523213326930999756e-01,4.067745506763458252e-01,1.682584173977375031e-02
8.149005770683288574e-01,5.231252908706665039e-01,2.465512238813971635e-07,7.769550085067749023e-01,4.812653958797454834e-01,-5.083260126411914825e-03,7.589126229286193848e-01,4.353486895561218262e-01,1.709094154648482800e-03,7.570525407791137695e-01,3.947319090366363525e-01,6.848460528999567032e-03,7.553213834762573242e-01,3.601255714893341064e-01,1.349410042166709900e-02,7.864009141921997070e-01,4.076391458511352539e-01,3.794218972325325012e-02,7.811848521232604980e-01,3.675533235073089600e-01,4.836483672261238098e-02,7.799527049064636230e-01,3.436329662799835205e-01,5.060093477368354797e-02,7.791644930839538574e-01,3.255829513072967529e-01,5.105433985590934753e-02,8.119962811470031738e-01,4.082975685596466064e-01,3.883142024278640747e-02,8.134512305259704590e-01,3.644037246704101562e-01,5.276383832097053528e-02,8.147951364517211914e-01,3.394779562950134277e-01,5.427866801619529724e-02,8.149685263633728027e-01,3.224148154258728027e-01,5.457247793674468994e-02,8.334944844245910645e-01,4.157067537307739258e-01,3.544987738132476807e-02,8.421688675880432129e-01,3.751377165317535400e-01,4.384659603238105774e-02,8.467759490013122559e-01,3.551568686962127686e-01,4.535820707678794861e-02,8.497207760810852051e-01,3.408844172954559326e-01,4.584310203790664673e-02,8.561166524887084961e-01,4.292005002498626709e-01,3.019805997610092163e-02,8.692168593406677246e-01,3.995875418186187744e-01,3.580063953995704651e-02,8.741359710693359375e-01,3.846797347068786621e-01,3.900738060474395752e-02,8.772098422050476074e-01,3.719074130058288574e-01,4.132864251732826233e-02,2.979529500007629395e-01,5.376228690147399902e-01,2.993556620367598953e-07,3.313358724117279053e-01,5.151240229606628418e-01,-1.109951268881559372e-02,3.487891256809234619e-01,4.737894237041473389e-01,-9.345686063170433044e-03,3.530009984970092773e-01,4.374726414680480957e-01,-6.685790140181779861e-03,3.559119105339050293e-01,4.107466936111450195e-01,-3.021257463842630386e-03,3.240228593349456787e-01,4.386806190013885498e-01,9.641171433031558990e-03,3.320481181144714355e-01,4.064595699310302734e-01,1.290093082934617996e-02,3.364339470863342285e-01,3.865527510643005371e-01,1.302329450845718384e-02,3.390469849109649658e-01,3.715610802173614502e-01,1.299493201076984406e-02,3.033110797405242920e-01,4.353129565715789795e-01,1.326622813940048218e-02,3.042888045310974121e-01,3.963503241539001465e-01,1.996153593063354492e-02,3.058271408081054688e-01,3.741949796676635742e-01,2.093091793358325958e-02,3.064765930175781250e-01,3.569324612617492676e-01,2.148842625319957733e-02,2.852818071842193604e-01,4.404228329658508301e-01,1.428494509309530258e-02,2.781738042831420898e-01,4.116542935371398926e-01,1.794447004795074463e-02,2.765721380710601807e-01,3.959389626979827881e-01,1.728001423180103302e-02,2.759439945220947266e-01,3.823107481002807617e-01,1.666442304849624634e-02,2.675192952156066895e-01,4.527484774589538574e-01,1.358446385711431503e-02,2.578453719615936279e-01,4.327116608619689941e-01,1.527179963886737823e-02,2.539054155349731445e-01,4.192698597908020020e-01,1.597234793007373810e-02,2.523213326930999756e-01,4.067745506763458252e-01,1.682584173977375031e-02
8.102044463157653809e-01,5.199947953224182129e-01,2.050993117563848500e-07,7.728544473648071289e-01,4.825972318649291992e-01,-7.599059492349624634e-03,7.531218528747558594e-01,4.370447993278503418e-01,-2.459806157276034355e-03,7.504729628562927246e-01,3.953794836997985840e-01,2.372770570218563080e-03,7.491265535354614258e-01,3.622145056724548340e-01,8.730135858058929443e-03,7.807455062866210938e-01,4.074428677558898926e-01,2.597120404243469238e-02,7.758895754814147949e-01,3.678507208824157715e-01,3.161412477493286133e-02,7.741633653640747070e-01,3.449626863002777100e-01,3.084455430507659912e-02,7.732424736022949219e-01,3.258459568023681641e-01,2.908709645271301270e-02,8.057522773742675781e-01,4.067897498607635498e-01,2.734315209090709686e-02,8.063679337501525879e-01,3.648128807544708252e-01,3.464476764202117920e-02,8.074949383735656738e-01,3.402934074401855469e-01,3.195232897996902466e-02,8.083840012550354004e-01,3.226364254951477051e-01,2.913354337215423584e-02,8.274461627006530762e-01,4.141270518302917480e-01,2.510875836014747620e-02,8.356340527534484863e-01,3.770377039909362793e-01,2.713185921311378479e-02,8.402755260467529297e-01,3.577696084976196289e-01,2.389994636178016663e-02,8.438350558280944824e-01,3.426564037799835205e-01,2.146516367793083191e-02,8.500143289566040039e-01,4.275831580162048340e-01,2.147887088358402252e-02,8.624435067176818848e-01,3.989649713039398193e-01,2.208174578845500946e-02,8.678579926490783691e-01,3.820280432701110840e-01,2.192761376500129700e-02,8.721302747726440430e-01,3.656893968582153320e-01,2.178974635899066925e-02,2.945525944232940674e-01,5.402021408081054688e-01,2.879845908410061384e-07,3.294208645820617676e-01,5.148407220840454102e-01,-1.015544962137937546e-02,3.474904298782348633e-01,4.733293056488037109e-01,-7.423549890518188477e-03,3.517247140407562256e-01,4.371038079261779785e-01,-4.299103748053312302e-03,3.540813326835632324e-01,4.112668931484222412e-01,-4.606367292581126094e-05,3.217762708663940430e-01,4.389325976371765137e-01,1.373496372252702713e-02,3.294231891632080078e-01,4.065961539745330811e-01,1.667606085538864136e-02,3.336723148822784424e-01,3.855109214782714844e-01,1.640796475112438202e-02,3.368345797061920166e-01,3.698447942733764648e-01,1.628358289599418640e-02,3.013823926448822021e-01,4.352870583534240723e-01,1.720543950796127319e-02,3.022821843624114990e-01,3.968470692634582520e-01,2.332142367959022522e-02,3.040745854377746582e-01,3.734691441059112549e-01,2.412215992808341980e-02,3.058172464370727539e-01,3.543255627155303955e-01,2.481005713343620300e-02,2.833049297332763672e-01,4.397203624248504639e-01,1.767900586128234863e-02,2.754638195037841797e-01,4.111391007900238037e-01,2.056717127561569214e-02,2.734343707561492920e-01,3.946951627731323242e-01,1.982141844928264618e-02,2.731335163116455078e-01,3.811113834381103516e-01,1.953780837357044220e-02,2.652050554752349854e-01,4.508904218673706055e-01,1.638030074536800385e-02,2.554024755954742432e-01,4.310369789600372314e-01,1.764307357370853424e-02,2.508004903793334961e-01,4.178345799446105957e-01,1.809232309460639954e-02,2.489776164293289185e-01,4.057601690292358398e-01,1.893235929310321808e-02
8.067492842674255371e-01,5.169291496276855469e-01,2.016154354578247876e-07,7.693076729774475098e-01,4.801047444343566895e-01,-6.341314408928155899e-03,7.501562237739562988e-01,4.357264637947082520e-01,-4.846013325732201338e-04,7.476052641868591309e-01,3.949614763259887695e-01,4.911191761493682861e-03,7.471620440483093262e-01,3.625225424766540527e-01,1.186537276953458786e-02,7.773813605308532715e-01,4.066427052021026611e-01,2.677824161946773529e-02,7.722837328910827637e-01,3.682909011840820312e-01,3.244664892554283142e-02,7.706728577613830566e-01,3.453969061374664307e-01,3.222570568323135376e-02,7.701003551483154297e-01,3.266702294349670410e-01,3.122151084244251251e-02,8.027424216270446777e-01,4.060214161872863770e-01,2.801001444458961487e-02,8.035554885864257812e-01,3.647007346153259277e-01,3.551750257611274719e-02,8.047307729721069336e-01,3.405902981758117676e-01,3.374383226037025452e-02,8.049992322921752930e-01,3.241446018218994141e-01,3.203299269080162048e-02,8.249055147171020508e-01,4.137002229690551758e-01,2.569325827062129974e-02,8.338695168495178223e-01,3.778438270092010498e-01,2.742690965533256531e-02,8.386754393577575684e-01,3.597344160079956055e-01,2.482920512557029724e-02,8.416482210159301758e-01,3.462706804275512695e-01,2.356010675430297852e-02,8.474060297012329102e-01,4.273636043071746826e-01,2.220644056797027588e-02,8.599357008934020996e-01,3.970912098884582520e-01,2.278851345181465149e-02,8.649938702583312988e-01,3.799362182617187500e-01,2.313636615872383118e-02,8.681386709213256836e-01,3.640993833541870117e-01,2.386050671339035034e-02,2.935056686401367188e-01,5.392294526100158691e-01,3.029970230272738263e-07,3.272124230861663818e-01,5.155559182167053223e-01,-1.137458905577659607e-02,3.465179800987243652e-01,4.753473997116088867e-01,-9.490585885941982269e-03,3.514423072338104248e-01,4.377007484436035156e-01,-6.736580748111009598e-03,3.528814911842346191e-01,4.106383919715881348e-01,-2.934215124696493149e-03,3.218745887279510498e-01,4.395510852336883545e-01,1.044108346104621887e-02,3.287491798400878906e-01,4.054884910583496094e-01,1.220546849071979523e-02,3.320103883743286133e-01,3.840774595737457275e-01,1.100660674273967743e-02,3.342369198799133301e-01,3.671943545341491699e-01,1.031141262501478195e-02,3.001957535743713379e-01,4.354951083660125732e-01,1.411877013742923737e-02,3.011707663536071777e-01,3.933090567588806152e-01,1.886657252907752991e-02,3.024516403675079346e-01,3.679968416690826416e-01,1.818660274147987366e-02,3.037820756435394287e-01,3.478056192398071289e-01,1.784168742597103119e-02,2.809700071811676025e-01,4.400265812873840332e-01,1.505302451550960541e-02,2.735337913036346436e-01,4.106449484825134277e-01,1.716037094593048096e-02,2.710065841674804688e-01,3.938323557376861572e-01,1.556724775582551956e-02,2.704100310802459717e-01,3.801147639751434326e-01,1.478079706430435181e-02,2.618284225463867188e-01,4.516005218029022217e-01,1.425374951213598251e-02,2.531773447990417480e-01,4.308923780918121338e-01,1.568752154707908630e-02,2.491254508495330811e-01,4.179942607879638672e-01,1.654272153973579407e-02,2.477620542049407959e-01,4.060855507850646973e-01,1.761475950479507446e-02
7.973125576972961426e-01,5.116049647331237793e-01,1.701949940979829989e-07,7.604785561561584473e-01,4.787282049655914307e-01,-7.484716363251209259e-03,7.401953339576721191e-01,4.367209672927856445e-01,-3.834139322862029076e-03,7.352094650268554688e-01,3.972356319427490234e-01,-5.872325855307281017e-04,7.323805093765258789e-01,3.644922077655792236e-01,3.938568290323019028e-03,7.650403380393981934e-01,4.089423716068267822e-01,2.016646787524223328e-02,7.590165734291076660e-01,3.714969456195831299e-01,2.266050875186920166e-02,7.575499415397644043e-01,3.498408198356628418e-01,2.102590724825859070e-02,7.572243213653564453e-01,3.316498994827270508e-01,1.909172348678112030e-02,7.894202470779418945e-01,4.070194065570831299e-01,2.061286382377147675e-02,7.898041605949401855e-01,3.668370246887207031e-01,2.488648518919944763e-02,7.906615138053894043e-01,3.432487249374389648e-01,2.199704386293888092e-02,7.910395860671997070e-01,3.261985778808593750e-01,1.927979476749897003e-02,8.110949993133544922e-01,4.128651022911071777e-01,1.771891117095947266e-02,8.200644254684448242e-01,3.745050132274627686e-01,1.704323478043079376e-02,8.246066570281982422e-01,3.544262051582336426e-01,1.340245734900236130e-02,8.273636102676391602e-01,3.393296897411346436e-01,1.108172535896301270e-02,8.322176933288574219e-01,4.241066873073577881e-01,1.368354912847280502e-02,8.433760404586791992e-01,3.942622840404510498e-01,1.215610932558774948e-02,8.484234213829040527e-01,3.791906833648681641e-01,1.162213459610939026e-02,8.514090776443481445e-01,3.668759763240814209e-01,1.155987288802862167e-02,2.878580689430236816e-01,5.392071008682250977e-01,2.688421716356970137e-07,3.208671510219573975e-01,5.145296454429626465e-01,-1.032260339707136154e-02,3.396567106246948242e-01,4.739472866058349609e-01,-8.887331932783126831e-03,3.456179201602935791e-01,4.369944036006927490e-01,-6.673666182905435562e-03,3.481250405311584473e-01,4.109811186790466309e-01,-3.495667828246951103e-03,3.157038390636444092e-01,4.342522919178009033e-01,7.569116540253162384e-03,3.222309648990631104e-01,3.958212733268737793e-01,9.021362289786338806e-03,3.252112865447998047e-01,3.725147545337677002e-01,7.933883927762508392e-03,3.272966444492340088e-01,3.539183139801025391e-01,7.019345182925462723e-03,2.940054237842559814e-01,4.317831993103027344e-01,1.106010377407073975e-02,2.938140332698822021e-01,3.919286727905273438e-01,1.570206321775913239e-02,2.945206165313720703e-01,3.693967163562774658e-01,1.580010168254375458e-02,2.954131960868835449e-01,3.518257141113281250e-01,1.552634220570325851e-02,2.747772932052612305e-01,4.371029138565063477e-01,1.209881529211997986e-02,2.662353217601776123e-01,4.049338698387145996e-01,1.485823933035135269e-02,2.634455859661102295e-01,3.857863247394561768e-01,1.392099633812904358e-02,2.624776065349578857e-01,3.700284957885742188e-01,1.270610652863979340e-02,2.565908730030059814e-01,4.493249952793121338e-01,1.146028190851211548e-02,2.475439906120300293e-01,4.262769520282745361e-01,1.268499717116355896e-02,2.429928183555603027e-01,4.116716682910919189e-01,1.299410406500101089e-02,2.407627105712890625e-01,3.984532952308654785e-01,1.334357261657714844e-02
7.973125576972961426e-01,5.116049647331237793e-01,1.701949940979829989e-07,7.604785561561584473e-01,4.787282049655914307e-01,-7.484716363251209259e-03,7.401953339576721191e-01,4.367209672927856445e-01,-3.834139322862029076e-03,7.352094650268554688e-01,3.972356319427490234e-01,-5.872325855307281017e-04,7.323805093765258789e-01,3.644922077655792236e-01,3.938568290323019028e-03,7.650403380393981934e-01,4.089423716068267822e-01,2.016646787524223328e-02,7.590165734291076660e-01,3.714969456195831299e-01,2.266050875186920166e-02,7.575499415397644043e-01,3.498408198356628418e-01,2.102590724825859070e-02,7.572243213653564453e-01,3.316498994827270508e-01,1.909172348678112030e-02,7.894202470779418945e-01,4.070194065570831299e-01,2.061286382377147675e-02,7.898041605949401855e-01,3.668370246887207031e-01,2.488648518919944763e-02,7.906615138053894043e-01,3.432487249374389648e-01,2.199704386293888092e-02,7.910395860671997070e-01,3.261985778808593750e-01,1.927979476749897003e-02,8.110949993133544922e-01,4.128651022911071777e-01,1.771891117095947266e-02,8.200644254684448242e-01,3.745050132274627686e-01,1.704323478043079376e-02,8.246066570281982422e-01,3.544262051582336426e-01,1.340245734900236130e-02,8.273636102676391602e-01,3.393296897411346436e-01,1.108172535896301270e-02,8.322176933288574219e-01,4.241066873073577881e-01,1.368354912847280502e-02,8.433760404586791992e-01,3.942622840404510498e-01,1.215610932558774948e-02,8.484234213829040527e-01,3.791906833648681641e-01,1.162213459610939026e-02,8.514090776443481445e-01,3.668759763240814209e-01,1.155987288802862167e-02,2.878580689430236816e-01,5.392071008682250977e-01,2.688421716356970137e-07,3.208671510219573975e-01,5.145296454429626465e-01,-1.032260339707136154e-02,3.396567106246948242e-01,4.739472866058349609e-01,-8.887331932783126831e-03,3.456179201602935791e-01,4.369944036006927490e-01,-6.673666182905435562e-03,3.481250405311584473e-01,4.109811186790466309e-01,-3.495667828246951103e-03,3.157038390636444092e-01,4.342522919178009033e-01,7.569116540253162384e-03,3.222309648990631104e-01,3.958212733268737793e-01,9.021362289786338806e-03,3.252112865447998047e-01,3.725147545337677002e-01,7.933883927762508392e-03,3.272966444492340088e-01,3.539183139801025391e-01,7.019345182925462723e-03,2.940054237842559814e-01,4.317831993103027344e-01,1.106010377407073975e-02,2.938140332698822021e-01,3.919286727905273438e-01,1.570206321775913239e-02,2.945206165313720703e-01,3.693967163562774658e-01,1.580010168254375458e-02,2.954131960868835449e-01,3.518257141113281250e-01,1.552634220570325851e-02,2.747772932052612305e-01,4.371029138565063477e-01,1.209881529211997986e-02,2.662353217601776123e-01,4.049338698387145996e-01,1.485823933035135269e-02,2.634455859661102295e-01,3.857863247394561768e-01,1.392099633812904358e-02,2.624776065349578857e-01,3.700284957885742188e-01,1.270610652863979340e-02,2.565908730030059814e-01,4.493249952793121338e-01,1.146028190851211548e-02,2.475439906120300293e-01,4.262769520282745361e-01,1.268499717116355896e-02,2.429928183555603027e-01,4.116716682910919189e-01,1.299410406500101089e-02,2.407627105712890625e-01,3.984532952308654785e-01,1.334357261657714844e-02
7.972239255905151367e-01,5.107833147048950195e-01,1.816342916072244407e-07,7.597945928573608398e-01,4.773958921432495117e-01,-6.102471612393856049e-03,7.397719621658325195e-01,4.351505339145660400e-01,-1.523858285509049892e-03,7.360444664955139160e-01,3.957316875457763672e-01,2.797451335936784744e-03,7.334803342819213867e-01,3.642702996730804443e-01,8.339621126651763916e-03,7.638214826583862305e-01,4.088709354400634766e-01,2.033580839633941650e-02,7.587618827819824219e-01,3.716354072093963623e-01,2.382246218621730804e-02,7.571878433227539062e-01,3.499044775962829590e-01,2.237854711711406708e-02,7.566819190979003906e-01,3.316953182220458984e-01,2.033404074609279633e-02,7.892181873321533203e-01,4.065764844417572021e-01,2.072722837328910828e-02,7.895879149436950684e-01,3.671421408653259277e-01,2.566022239625453949e-02,7.907122373580932617e-01,3.430949747562408447e-01,2.204224653542041779e-02,7.911239862442016602e-01,3.261734843254089355e-01,1.857605390250682831e-02,8.109565973281860352e-01,4.125826954841613770e-01,1.825335063040256500e-02,8.200113177299499512e-01,3.752415180206298828e-01,1.855056732892990112e-02,8.248730897903442383e-01,3.552559614181518555e-01,1.461075525730848312e-02,8.275205492973327637e-01,3.404042124748229980e-01,1.172433700412511826e-02,8.324922323226928711e-01,4.247055053710937500e-01,1.488962396979331970e-02,8.437016010284423828e-01,3.954736292362213135e-01,1.435158587992191315e-02,8.484768271446228027e-01,3.804156184196472168e-01,1.419064402580261230e-02,8.510711193084716797e-01,3.679251074790954590e-01,1.412000786513090134e-02,2.885327339172363281e-01,5.400192737579345703e-01,2.626468642574764090e-07,3.214458823204040527e-01,5.160615444183349609e-01,-1.114138588309288025e-02,3.404824435710906982e-01,4.741278886795043945e-01,-9.948775172233581543e-03,3.453014791011810303e-01,4.363164603710174561e-01,-7.843251340091228485e-03,3.488097190856933594e-01,4.100235700607299805e-01,-4.857251886278390884e-03,3.159867823123931885e-01,4.345482885837554932e-01,5.939221475273370743e-03,3.227896392345428467e-01,3.957690000534057617e-01,6.516472436487674713e-03,3.259091973304748535e-01,3.719173371791839600e-01,5.052419845014810562e-03,3.282750248908996582e-01,3.528841435909271240e-01,3.981153015047311783e-03,2.938561737537384033e-01,4.321311712265014648e-01,9.654227644205093384e-03,2.928355336189270020e-01,3.929678499698638916e-01,1.361171994358301163e-02,2.933555841445922852e-01,3.705391883850097656e-01,1.381412893533706665e-02,2.944985032081604004e-01,3.529872596263885498e-01,1.381518691778182983e-02,2.742093503475189209e-01,4.374622106552124023e-01,1.086586434394121170e-02,2.657476961612701416e-01,4.059875011444091797e-01,1.307746209204196930e-02,2.630722820758819580e-01,3.866200447082519531e-01,1.277377828955650330e-02,2.624684572219848633e-01,3.704825341701507568e-01,1.220225263386964798e-02,2.557910680770874023e-01,4.500134587287902832e-01,1.029254309833049774e-02,2.468482404947280884e-01,4.275497496128082275e-01,1.118304487317800522e-02,2.423336803913116455e-01,4.140781462192535400e-01,1.209577824920415878e-02,2.404229193925857544e-01,4.019591212272644043e-01,1.309092156589031219e-02
7.816284894943237305e-01,5.046639442443847656e-01,1.769291628761493484e-07,7.445372939109802246e-01,4.751698970794677734e-01,-4.712300375103950500e-03,7.249218225479125977e-01,4.370566606521606445e-01,6.669468712061643600e-04,7.184904813766479492e-01,4.008716940879821777e-01,5.197635386139154434e-03,7.135038375854492188e-01,3.727090060710906982e-01,1.075906027108430862e-02,7.483580112457275391e-01,4.132661223411560059e-01,2.189059928059577942e-02,7.407343387603759766e-01,3.782123923301696777e-01,2.538506500422954559e-02,7.378317713737487793e-01,3.578299880027770996e-01,2.462608180940151215e-02,7.369598150253295898e-01,3.408574759960174561e-01,2.361079864203929901e-02,7.720786929130554199e-01,4.092965424060821533e-01,2.182218991219997406e-02,7.711709737777709961e-01,3.700321912765502930e-01,2.822070941329002380e-02,7.710637450218200684e-01,3.472379148006439209e-01,2.714194543659687042e-02,7.714204788208007812e-01,3.311640322208404541e-01,2.585817500948905945e-02,7.933421730995178223e-01,4.133819341659545898e-01,1.877252943813800812e-02,8.000727295875549316e-01,3.751334249973297119e-01,2.082199603319168091e-02,8.027087450027465820e-01,3.559502959251403809e-01,1.956304162740707397e-02,8.045888543128967285e-01,3.433011174201965332e-01,1.880594901740550995e-02,8.141407966613769531e-01,4.238659739494323730e-01,1.461695507168769836e-02,8.246410489082336426e-01,3.954313397407531738e-01,1.595216058194637299e-02,8.286726474761962891e-01,3.799126744270324707e-01,1.749196276068687439e-02,8.312799334526062012e-01,3.672450184822082520e-01,1.892581023275852203e-02,2.823310494422912598e-01,5.359153151512145996e-01,3.024337331680726493e-07,3.139938414096832275e-01,5.114512443542480469e-01,-1.268985588103532791e-02,3.314021527767181396e-01,4.701148867607116699e-01,-1.299151964485645294e-02,3.357241451740264893e-01,4.317946732044219971e-01,-1.195503678172826767e-02,3.412688374519348145e-01,4.045602083206176758e-01,-9.825706481933593750e-03,3.056353628635406494e-01,4.269292354583740234e-01,3.531322348862886429e-03,3.098668754100799561e-01,3.849743604660034180e-01,3.471744246780872345e-03,3.117368519306182861e-01,3.602774143218994141e-01,1.818277407437562943e-03,3.132566809654235840e-01,3.402016758918762207e-01,8.513294160366058350e-04,2.827222347259521484e-01,4.253728985786437988e-01,8.094134740531444550e-03,2.816998958587646484e-01,3.823456168174743652e-01,1.226725243031978607e-02,2.814202308654785156e-01,3.580053448677062988e-01,1.306231599301099777e-02,2.811383008956909180e-01,3.380803167819976807e-01,1.373059861361980438e-02,2.633032798767089844e-01,4.320641458034515381e-01,1.016736682504415512e-02,2.545624077320098877e-01,3.977170586585998535e-01,1.299679838120937347e-02,2.508732974529266357e-01,3.774393796920776367e-01,1.324854046106338501e-02,2.485556751489639282e-01,3.603989183902740479e-01,1.324753277003765106e-02,2.452918142080307007e-01,4.464298188686370850e-01,1.033049169927835464e-02,2.352282404899597168e-01,4.226011931896209717e-01,1.170567702502012253e-02,2.296536266803741455e-01,4.082463681697845459e-01,1.299708057194948196e-02,2.260360419750213623e-01,3.952344357967376709e-01,1.453489623963832855e-02
7.710157036781311035e-01,5.033967494964599609e-01,1.797522344304525177e-07,7.330671548843383789e-01,4.751182198524475098e-01,-4.416157025843858719e-03,7.120913863182067871e-01,4.404621720314025879e-01,2.126613399013876915e-03,7.031534910202026367e-01,4.071315228939056396e-01,7.541535887867212296e-03,6.977643966674804688e-01,3.785290122032165527e-01,1.406655553728342056e-02,7.332810163497924805e-01,4.170161783695220947e-01,2.905386127531528473e-02,7.254033088684082031e-01,3.841307759284973145e-01,3.553131595253944397e-02,7.225666642189025879e-01,3.647221624851226807e-01,3.595600277185440063e-02,7.212100028991699219e-01,3.489155769348144531e-01,3.536633774638175964e-02,7.564128041267395020e-01,4.116768836975097656e-01,2.944158576428890228e-02,7.539538145065307617e-01,3.745751678943634033e-01,3.854415938258171082e-02,7.531296014785766602e-01,3.531003594398498535e-01,3.746925666928291321e-02,7.519379258155822754e-01,3.371084928512573242e-01,3.584380447864532471e-02,7.773628830909729004e-01,4.138823449611663818e-01,2.640555426478385925e-02,7.828414440155029297e-01,3.787736296653747559e-01,2.989304810762405396e-02,7.854486107826232910e-01,3.605624139308929443e-01,2.749967016279697418e-02,7.871941924095153809e-01,3.470857441425323486e-01,2.570134401321411133e-02,7.982507348060607910e-01,4.213821291923522949e-01,2.223624289035797119e-02,8.060742020606994629e-01,3.942745923995971680e-01,2.398863434791564941e-02,8.106135725975036621e-01,3.808121979236602783e-01,2.464858815073966980e-02,8.142290711402893066e-01,3.694449067115783691e-01,2.521830424666404724e-02,2.784246206283569336e-01,5.395684838294982910e-01,2.607020803679915844e-07,3.084429502487182617e-01,5.113835334777832031e-01,-1.085165143013000488e-02,3.221226036548614502e-01,4.660640060901641846e-01,-1.143945101648569107e-02,3.276211321353912354e-01,4.281725883483886719e-01,-1.145492773503065109e-02,3.370243012905120850e-01,4.038421511650085449e-01,-1.099586766213178635e-02,2.946870028972625732e-01,4.249964058399200439e-01,-1.032131724059581757e-03,2.980021536350250244e-01,3.818837404251098633e-01,-5.062113516032695770e-03,2.995270788669586182e-01,3.549304306507110596e-01,-9.541094303131103516e-03,3.006750941276550293e-01,3.321797847747802734e-01,-1.300312858074903488e-02,2.721259295940399170e-01,4.238672554492950439e-01,2.645111817400902510e-04,2.674888968467712402e-01,3.778559863567352295e-01,-1.777756144292652607e-03,2.658341526985168457e-01,3.498826324939727783e-01,-5.280608776956796646e-03,2.646634876728057861e-01,3.271560966968536377e-01,-7.849692367017269135e-03,2.528023719787597656e-01,4.329273700714111328e-01,-4.114091279916465282e-04,2.411140203475952148e-01,3.960274755954742432e-01,-3.780400613322854042e-03,2.354886233806610107e-01,3.739681243896484375e-01,-7.320186123251914978e-03,2.319032400846481323e-01,3.554240763187408447e-01,-9.793191216886043549e-03,2.360974848270416260e-01,4.507080018520355225e-01,-2.530340338125824928e-03,2.242086827754974365e-01,4.258489906787872314e-01,-6.337759550660848618e-03,2.173650562763214111e-01,4.110790491104125977e-01,-8.063603192567825317e-03,2.118330299854278564e-01,3.975485563278198242e-01,-8.843155577778816223e-03
7.710157036781311035e-01,5.033967494964599609e-01,1.797522344304525177e-07,7.330671548843383789e-01,4.751182198524475098e-01,-4.416157025843858719e-03,7.120913863182067871e-01,4.404621720314025879e-01,2.126613399013876915e-03,7.031534910202026367e-01,4.071315228939056396e-01,7.541535887867212296e-03,6.977643966674804688e-01,3.785290122032165527e-01,1.406655553728342056e-02,7.332810163497924805e-01,4.170161783695220947e-01,2.905386127531528473e-02,7.254033088684082031e-01,3.841307759284973145e-01,3.553131595253944397e-02,7.225666642189025879e-01,3.647221624851226807e-01,3.595600277185440063e-02,7.212100028991699219e-01,3.489155769348144531e-01,3.536633774638175964e-02,7.564128041267395020e-01,4.116768836975097656e-01,2.944158576428890228e-02,7.539538145065307617e-01,3.745751678943634033e-01,3.854415938258171082e-02,7.531296014785766602e-01,3.531003594398498535e-01,3.746925666928291321e-02,7.519379258155822754e-01,3.371084928512573242e-01,3.584380447864532471e-02,7.773628830909729004e-01,4.138823449611663818e-01,2.640555426478385925e-02,7.828414440155029297e-01,3.787736296653747559e-01,2.989304810762405396e-02,7.854486107826232910e-01,3.605624139308929443e-01,2.749967016279697418e-02,7.871941924095153809e-01,3.470857441425323486e-01,2.570134401321411133e-02,7.982507348060607910e-01,4.213821291923522949e-01,2.223624289035797119e-02,8.060742020606994629e-01,3.942745923995971680e-01,2.398863434791564941e-02,8.106135725975036621e-01,3.808121979236602783e-01,2.464858815073966980e-02,8.142290711402893066e-01,3.694449067115783691e-01,2.521830424666404724e-02,2.784246206283569336e-01,5.395684838294982910e-01,2.607020803679915844e-07,3.084429502487182617e-01,5.113835334777832031e-01,-1.085165143013000488e-02,3.221226036548614502e-01,4.660640060901641846e-01,-1.143945101648569107e-02,3.276211321353912354e-01,4.281725883483886719e-01,-1.145492773503065109e-02,3.370243012905120850e-01,4.038421511650085449e-01,-1.099586766213178635e-02,2.946870028972625732e-01,4.249964058399200439e-01,-1.032131724059581757e-03,2.980021536350250244e-01,3.818837404251098633e-01,-5.062113516032695770e-03,2.995270788669586182e-01,3.549304306507110596e-01,-9.541094303131103516e-03,3.006750941276550293e-01,3.321797847747802734e-01,-1.300312858074903488e-02,2.721259295940399170e-01,4.238672554492950439e-01,2.645111817400902510e-04,2.674888968467712402e-01,3.778559863567352295e-01,-1.777756144292652607e-03,2.658341526985168457e-01,3.498826324939727783e-01,-5.280608776956796646e-03,2.646634876728057861e-01,3.271560966968536377e-01,-7.849692367017269135e-03,2.528023719787597656e-01,4.329273700714111328e-01,-4.114091279916465282e-04,2.411140203475952148e-01,3.960274755954742432e-01,-3.780400613322854042e-03,2.354886233806610107e-01,3.739681243896484375e-01,-7.320186123251914978e-03,2.319032400846481323e-01,3.554240763187408447e-01,-9.793191216886043549e-03,2.360974848270416260e-01,4.507080018520355225e-01,-2.530340338125824928e-03,2.242086827754974365e-01,4.258489906787872314e-01,-6.337759550660848618e-03,2.173650562763214111e-01,4.110790491104125977e-01,-8.063603192567825317e-03,2.118330299854278564e-01,3.975485563278198242e-01,-8.843155577778816223e-03
7.633143663406372070e-01,5.058233141899108887e-01,1.988614144465827849e-07,7.251719236373901367e-01,4.771985709667205811e-01,-1.916915993206202984e-03,7.036320567131042480e-01,4.407914876937866211e-01,6.898695603013038635e-03,6.958029270172119141e-01,4.082201123237609863e-01,1.416142936795949936e-02,6.894837617874145508e-01,3.809652030467987061e-01,2.255350723862648010e-02,7.273138165473937988e-01,4.182342886924743652e-01,3.594378754496574402e-02,7.188142538070678711e-01,3.871318697929382324e-01,4.654790088534355164e-02,7.152318358421325684e-01,3.674293756484985352e-01,4.966495186090469360e-02,7.130795717239379883e-01,3.521993160247802734e-01,5.080712959170341492e-02,7.504838705062866211e-01,4.118302464485168457e-01,3.631512820720672607e-02,7.482566237449645996e-01,3.768901228904724121e-01,4.956405237317085266e-02,7.474561333656311035e-01,3.560760915279388428e-01,5.073723196983337402e-02,7.460541725158691406e-01,3.415479362010955811e-01,5.079406872391700745e-02,7.703982591629028320e-01,4.129168093204498291e-01,3.321431949734687805e-02,7.757401466369628906e-01,3.796029388904571533e-01,4.075227305293083191e-02,7.778767347335815430e-01,3.618561327457427979e-01,4.048721492290496826e-02,7.790140509605407715e-01,3.493566513061523438e-01,3.977249562740325928e-02,7.903607487678527832e-01,4.198971986770629883e-01,2.899684943258762360e-02,7.979801297187805176e-01,3.928805291652679443e-01,3.433152288198471069e-02,8.015220761299133301e-01,3.802843391895294189e-01,3.680061176419258118e-02,8.038409948348999023e-01,3.698460757732391357e-01,3.837858512997627258e-02,2.738319635391235352e-01,5.437781810760498047e-01,2.725663819092005724e-07,3.053270876407623291e-01,5.139727592468261719e-01,-1.068505458533763885e-02,3.181749880313873291e-01,4.655727148056030273e-01,-1.050802506506443024e-02,3.230254948139190674e-01,4.267646372318267822e-01,-9.481004439294338226e-03,3.306086063385009766e-01,4.024297893047332764e-01,-7.759665139019489288e-03,2.878568768501281738e-01,4.228809475898742676e-01,-9.531878749839961529e-04,2.921668589115142822e-01,3.785147070884704590e-01,-3.968477249145507812e-03,2.933956086635589600e-01,3.507253527641296387e-01,-7.490385789424180984e-03,2.942008674144744873e-01,3.276155591011047363e-01,-1.011847238987684250e-02,2.646162807941436768e-01,4.224110245704650879e-01,9.354726644232869148e-04,2.596795260906219482e-01,3.746054768562316895e-01,5.567124462686479092e-04,2.581906020641326904e-01,3.457671701908111572e-01,-1.027264399453997612e-03,2.573800384998321533e-01,3.225924372673034668e-01,-2.153618028387427330e-03,2.453738749027252197e-01,4.322691261768341064e-01,8.414114709012210369e-04,2.331667840480804443e-01,3.953037559986114502e-01,-5.776189500465989113e-04,2.270785272121429443e-01,3.727394342422485352e-01,-2.716218587011098862e-03,2.229530513286590576e-01,3.538504540920257568e-01,-4.369718022644519806e-03,2.293261438608169556e-01,4.510086774826049805e-01,-7.882529753260314465e-04,2.167396843433380127e-01,4.266154170036315918e-01,-2.460898132994771004e-03,2.099650353193283081e-01,4.112288653850555420e-01,-2.802005736157298088e-03,2.050001025199890137e-01,3.967501819133758545e-01,-2.786007011309266090e-03
7.627747058868408203e-01,5.052608847618103027e-01,2.067823174911609385e-07,7.242702841758728027e-01,4.767365753650665283e-01,-1.206068787723779678e-03,7.031027078628540039e-01,4.410064816474914551e-01,7.499669678509235382e-03,6.959688663482666016e-01,4.095879197120666504e-01,1.430921442806720734e-02,6.904461383819580078e-01,3.818285167217254639e-01,2.220835536718368530e-02,7.258540987968444824e-01,4.189870357513427734e-01,3.727113828063011169e-02,7.181217670440673828e-01,3.873269557952880859e-01,4.861327260732650757e-02,7.148211002349853516e-01,3.673621118068695068e-01,5.189630016684532166e-02,7.130329608917236328e-01,3.523078560829162598e-01,5.307402089238166809e-02,7.496948242187500000e-01,4.133142530918121338e-01,3.721443563699722290e-02,7.473955154418945312e-01,3.779791593551635742e-01,5.112760514020919800e-02,7.469385266304016113e-01,3.560126721858978271e-01,5.202205851674079895e-02,7.459777593612670898e-01,3.408426344394683838e-01,5.173627287149429321e-02,7.702225446701049805e-01,4.142799377441406250e-01,3.379541262984275818e-02,7.750714421272277832e-01,3.810832798480987549e-01,4.221707209944725037e-02,7.779695987701416016e-01,3.625824451446533203e-01,4.194762557744979858e-02,7.798660397529602051e-01,3.495264649391174316e-01,4.106954112648963928e-02,7.911285758018493652e-01,4.206773936748504639e-01,2.929061464965343475e-02,7.987383008003234863e-01,3.933776915073394775e-01,3.524772822856903076e-02,8.025252819061279297e-01,3.799575865268707275e-01,3.788370639085769653e-02,8.051905632019042969e-01,3.695631027221679688e-01,3.953012824058532715e-02,2.731329500675201416e-01,5.454458594322204590e-01,2.527200422264286317e-07,3.043416738510131836e-01,5.153033733367919922e-01,-1.079289149492979050e-02,3.176081776618957520e-01,4.659596383571624756e-01,-1.056836824864149094e-02,3.234664499759674072e-01,4.261309206485748291e-01,-9.710046462714672089e-03,3.318026661872863770e-01,4.007740318775177002e-01,-8.203433826565742493e-03,2.867999672889709473e-01,4.223731458187103271e-01,2.122267032973468304e-04,2.911226153373718262e-01,3.786686062812805176e-01,-3.224335145205259323e-03,2.929328978061676025e-01,3.516764342784881592e-01,-7.244651205837726593e-03,2.944692075252532959e-01,3.285978436470031738e-01,-1.031972467899322510e-02,2.638223767280578613e-01,4.220460951328277588e-01,1.828599255532026291e-03,2.588532269001007080e-01,3.741031885147094727e-01,9.043124155141413212e-04,2.575303912162780762e-01,3.451989889144897461e-01,-1.338203903287649155e-03,2.571935951709747314e-01,3.209094405174255371e-01,-3.114193677902221680e-03,2.448927462100982666e-01,4.317297339439392090e-01,1.257393858395516872e-03,2.325949072837829590e-01,3.968313336372375488e-01,-4.496418114285916090e-04,2.262921035289764404e-01,3.749234080314636230e-01,-2.880603540688753128e-03,2.223893404006958008e-01,3.557777702808380127e-01,-4.964035470038652420e-03,2.290866971015930176e-01,4.498444795608520508e-01,-1.005973783321678638e-03,2.165311425924301147e-01,4.270958304405212402e-01,-2.630724804475903511e-03,2.094814926385879517e-01,4.127723276615142822e-01,-2.947136061266064644e-03,2.042488157749176025e-01,3.987666964530944824e-01,-3.237489610910415649e-03
7.627747058868408203e-01,5.052608847618103027e-01,2.067823174911609385e-07,7.242702841758728027e-01,4.767365753650665283e-01,-1.206068787723779678e-03,7.031027078628540039e-01,4.410064816474914551e-01,7.499669678509235382e-03,6.959688663482666016e-01,4.095879197120666504e-01,1.430921442806720734e-02,6.904461383819580078e-01,3.818285167217254639e-01,2.220835536718368530e-02,7.258540987968444824e-01,4.189870357513427734e-01,3.727113828063011169e-02,7.181217670440673828e-01,3.873269557952880859e-01,4.861327260732650757e-02,7.148211002349853516e-01,3.673621118068695068e-01,5.189630016684532166e-02,7.130329608917236328e-01,3.523078560829162598e-01,5.307402089238166809e-02,7.496948242187500000e-01,4.133142530918121338e-01,3.721443563699722290e-02,7.473955154418945312e-01,3.779791593551635742e-01,5.112760514020919800e-02,7.469385266304016113e-01,3.560126721858978271e-01,5.202205851674079895e-02,7.459777593612670898e-01,3.408426344394683838e-01,5.173627287149429321e-02,7.702225446701049805e-01,4.142799377441406250e-01,3.379541262984275818e-02,7.750714421272277832e-01,3.810832798480987549e-01,4.221707209944725037e-02,7.779695987701416016e-01,3.625824451446533203e-01,4.194762557744979858e-02,7.798660397529602051e-01,3.495264649391174316e-01,4.106954112648963928e-02,7.911285758018493652e-01,4.206773936748504639e-01,2.929061464965343475e-02,7.987383008003234863e-01,3.933776915073394775e-01,3.524772822856903076e-02,8.025252819061279297e-01,3.799575865268707275e-01,3.788370639085769653e-02,8.051905632019042969e-01,3.695631027221679688e-01,3.953012824058532715e-02,2.731329500675201416e-01,5.454458594322204590e-01,2.527200422264286317e-07,3.043416738510131836e-01,5.153033733367919922e-01,-1.079289149492979050e-02,3.176081776618957520e-01,4.659596383571624756e-01,-1.056836824864149094e-02,3.234664499759674072e-01,4.261309206485748291e-01,-9.710046462714672089e-03,3.318026661872863770e-01,4.007740318775177002e-01,-8.203433826565742493e-03,2.867999672889709473e-01,4.223731458187103271e-01,2.122267032973468304e-04,2.911226153373718262e-01,3.786686062812805176e-01,-3.224335145205259323e-03,2.929328978061676025e-01,3.516764342784881592e-01,-7.244651205837726593e-03,2.944692075252532959e-01,3.285978436470031738e-01,-1.031972467899322510e-02,2.638223767280578613e-01,4.220460951328277588e-01,1.828599255532026291e-03,2.588532269001007080e-01,3.741031885147094727e-01,9.043124155141413212e-04,2.575303912162780762e-01,3.451989889144897461e-01,-1.338203903287649155e-03,2.571935951709747314e-01,3.209094405174255371e-01,-3.114193677902221680e-03,2.448927462100982666e-01,4.317297339439392090e-01,1.257393858395516872e-03,2.325949072837829590e-01,3.968313336372375488e-01,-4.496418114285916090e-04,2.262921035289764404e-01,3.749234080314636230e-01,-2.880603540688753128e-03,2.223893404006958008e-01,3.557777702808380127e-01,-4.964035470038652420e-03,2.290866971015930176e-01,4.498444795608520508e-01,-1.005973783321678638e-03,2.165311425924301147e-01,4.270958304405212402e-01,-2.630724804475903511e-03,2.094814926385879517e-01,4.127723276615142822e-01,-2.947136061266064644e-03,2.042488157749176025e-01,3.987666964530944824e-01,-3.237489610910415649e-03
7.556478977203369141e-01,4.998921751976013184e-01,2.090773847385207773e-07,7.168122529983520508e-01,4.742539525032043457e-01,-1.064649433828890324e-03,6.946885585784912109e-01,4.435712099075317383e-01,8.019266650080680847e-03,6.858640909194946289e-01,4.140947461128234863e-01,1.500312797725200653e-02,6.806971430778503418e-01,3.875677287578582764e-01,2.305348031222820282e-02,7.172705531120300293e-01,4.214047193527221680e-01,4.061136394739151001e-02,7.086388468742370605e-01,3.913004994392395020e-01,5.270196869969367981e-02,7.050679326057434082e-01,3.731853663921356201e-01,5.592254921793937683e-02,7.024970054626464844e-01,3.585003018379211426e-01,5.676609277725219727e-02,7.405322790145874023e-01,4.144117832183837891e-01,4.038396477699279785e-02,7.372884750366210938e-01,3.814643025398254395e-01,5.474898219108581543e-02,7.363081574440002441e-01,3.604624271392822266e-01,5.518978461623191833e-02,7.355021238327026367e-01,3.459249138832092285e-01,5.441294983029365540e-02,7.604429721832275391e-01,4.147005379199981689e-01,3.661533445119857788e-02,7.637543678283691406e-01,3.834896087646484375e-01,4.529886320233345032e-02,7.654781937599182129e-01,3.664312362670898438e-01,4.554289579391479492e-02,7.669831514358520508e-01,3.539231419563293457e-01,4.502094909548759460e-02,7.813443541526794434e-01,4.207224249839782715e-01,3.160253539681434631e-02,7.870603799819946289e-01,3.950504958629608154e-01,3.779544308781623840e-02,7.899162769317626953e-01,3.836024701595306396e-01,4.100964218378067017e-02,7.920889854431152344e-01,3.744160234928131104e-01,4.309092462062835693e-02,2.705228328704833984e-01,5.470029115676879883e-01,2.761162818387674633e-07,2.994441986083984375e-01,5.155141353607177734e-01,-1.313317939639091492e-02,3.090236783027648926e-01,4.663077592849731445e-01,-1.445256732404232025e-02,3.126811981201171875e-01,4.253990650177001953e-01,-1.498016808182001114e-02,3.222442567348480225e-01,3.987186253070831299e-01,-1.476936042308807373e-02,2.763541638851165771e-01,4.216406941413879395e-01,-1.800039783120155334e-03,2.772963047027587891e-01,3.761903941631317139e-01,-6.642799824476242065e-03,2.781656086444854736e-01,3.480277061462402344e-01,-1.181924156844615936e-02,2.790256440639495850e-01,3.243069648742675781e-01,-1.568520441651344299e-02,2.536206245422363281e-01,4.223202466964721680e-01,2.428481457172892988e-05,2.457921504974365234e-01,3.733512461185455322e-01,-2.270864555612206459e-03,2.425830662250518799e-01,3.425993621349334717e-01,-5.849656183272600174e-03,2.403083592653274536e-01,3.175680637359619141e-01,-8.463726378977298737e-03,2.355354428291320801e-01,4.341566860675811768e-01,-5.601833108812570572e-04,2.208084464073181152e-01,3.961150050163269043e-01,-4.005594179034233093e-03,2.135083675384521484e-01,3.721067011356353760e-01,-7.909904234111309052e-03,2.087910622358322144e-01,3.511294722557067871e-01,-1.077145710587501526e-02,2.209496200084686279e-01,4.551146626472473145e-01,-2.953272312879562378e-03,2.061436176300048828e-01,4.322394728660583496e-01,-6.980024278163909912e-03,1.979391723871231079e-01,4.167039692401885986e-01,-9.156233631074428558e-03,1.918148398399353027e-01,4.016439616680145264e-01,-1.037191785871982574e-02
7.556478977203369141e-01,4.998921751976013184e-01,2.090773847385207773e-07,7.168122529983520508e-01,4.742539525032043457e-01,-1.064649433828890324e-03,6.946885585784912109e-01,4.435712099075317383e-01,8.019266650080680847e-03,6.858640909194946289e-01,4.140947461128234863e-01,1.500312797725200653e-02,6.806971430778503418e-01,3.875677287578582764e-01,2.305348031222820282e-02,7.172705531120300293e-01,4.214047193527221680e-01,4.061136394739151001e-02,7.086388468742370605e-01,3.913004994392395020e-01,5.270196869969367981e-02,7.050679326057434082e-01,3.731853663921356201e-01,5.592254921793937683e-02,7.024970054626464844e-01,3.585003018379211426e-01,5.676609277725219727e-02,7.405322790145874023e-01,4.144117832183837891e-01,4.038396477699279785e-02,7.372884750366210938e-01,3.814643025398254395e-01,5.474898219108581543e-02,7.363081574440002441e-01,3.604624271392822266e-01,5.518978461623191833e-02,7.355021238327026367e-01,3.459249138832092285e-01,5.441294983029365540e-02,7.604429721832275391e-01,4.147005379199981689e-01,3.661533445119857788e-02,7.637543678283691406e-01,3.834896087646484375e-01,4.529886320233345032e-02,7.654781937599182129e-01,3.664312362670898438e-01,4.554289579391479492e-02,7.669831514358520508e-01,3.539231419563293457e-01,4.502094909548759460e-02,7.813443541526794434e-01,4.207224249839782715e-01,3.160253539681434631e-02,7.870603799819946289e-01,3.950504958629608154e-01,3.779544308781623840e-02,7.899162769317626953e-01,3.836024701595306396e-01,4.100964218378067017e-02,7.920889854431152344e-01,3.744160234928131104e-01,4.309092462062835693e-02,2.705228328704833984e-01,5.470029115676879883e-01,2.761162818387674633e-07,2.994441986083984375e-01,5.155141353607177734e-01,-1.313317939639091492e-02,3.090236783027648926e-01,4.663077592849731445e-01,-1.445256732404232025e-02,3.126811981201171875e-01,4.253990650177001953e-01,-1.498016808182001114e-02,3.222442567348480225e-01,3.987186253070831299e-01,-1.476936042308807373e-02,2.763541638851165771e-01,4.216406941413879395e-01,-1.800039783120155334e-03,2.772963047027587891e-01,3.761903941631317139e-01,-6.642799824476242065e-03,2.781656086444854736e-01,3.480277061462402344e-01,-1.181924156844615936e-02,2.790256440639495850e-01,3.243069648742675781e-01,-1.568520441651344299e-02,2.536206245422363281e-01,4.223202466964721680e-01,2.428481457172892988e-05,2.457921504974365234e-01,3.733512461185455322e-01,-2.270864555612206459e-03,2.425830662250518799e-01,3.425993621349334717e-01,-5.849656183272600174e-03,2.403083592653274536e-01,3.175680637359619141e-01,-8.463726378977298737e-03,2.355354428291320801e-01,4.341566860675811768e-01,-5.601833108812570572e-04,2.208084464073181152e-01,3.961150050163269043e-01,-4.005594179034233093e-03,2.135083675384521484e-01,3.721067011356353760e-01,-7.909904234111309052e-03,2.087910622358322144e-01,3.511294722557067871e-01,-1.077145710587501526e-02,2.209496200084686279e-01,4.551146626472473145e-01,-2.953272312879562378e-03,2.061436176300048828e-01,4.322394728660583496e-01,-6.980024278163909912e-03,1.979391723871231079e-01,4.167039692401885986e-01,-9.156233631074428558e-03,1.918148398399353027e-01,4.016439616680145264e-01,-1.037191785871982574e-02
7.487779855728149414e-01,5.015655159950256348e-01,2.376166179374195053e-07,7.088667154312133789e-01,4.766664505004882812e-01,5.596557748503983021e-04,6.864051818847656250e-01,4.478439390659332275e-01,1.057834643870592117e-02,6.774786710739135742e-01,4.201421439647674561e-01,1.771466434001922607e-02,6.708152890205383301e-01,3.936890363693237305e-01,2.573320642113685608e-02,7.090398073196411133e-01,4.265747070312500000e-01,4.636093601584434509e-02,6.999440789222717285e-01,3.983559012413024902e-01,6.182038038969039917e-02,6.954614520072937012e-01,3.797122240066528320e-01,6.781928241252899170e-02,6.922957301139831543e-01,3.663320243358612061e-01,7.092845439910888672e-02,7.319598793983459473e-01,4.191723465919494629e-01,4.579300060868263245e-02,7.286587953567504883e-01,3.880037665367126465e-01,6.502033025026321411e-02,7.263671159744262695e-01,3.671913444995880127e-01,6.902429461479187012e-02,7.245111465454101562e-01,3.537349104881286621e-01,7.107858359813690186e-02,7.518522143363952637e-01,4.181228578090667725e-01,4.143185541033744812e-02,7.544363141059875488e-01,3.893961906433105469e-01,5.422860011458396912e-02,7.550535202026367188e-01,3.716365993022918701e-01,5.748132616281509399e-02,7.553413510322570801e-01,3.601179718971252441e-01,5.914900079369544983e-02,7.723062038421630859e-01,4.222568273544311523e-01,3.559865802526473999e-02,7.775007486343383789e-01,3.969521224498748779e-01,4.454129934310913086e-02,7.795855402946472168e-01,3.858258128166198730e-01,4.967919364571571350e-02,7.808845639228820801e-01,3.786213696002960205e-01,5.349682644009590149e-02,2.654496729373931885e-01,5.493668317794799805e-01,2.750435044163168641e-07,2.909300029277801514e-01,5.148419141769409180e-01,-1.333520282059907913e-02,2.995775341987609863e-01,4.652639329433441162e-01,-1.602060906589031219e-02,3.044282197952270508e-01,4.246747791767120361e-01,-1.804037205874919891e-02,3.134447634220123291e-01,3.972121179103851318e-01,-1.950676180422306061e-02,2.644779384136199951e-01,4.213605225086212158e-01,-4.839943721890449524e-03,2.626097798347473145e-01,3.729211390018463135e-01,-1.118388306349515915e-02,2.614248991012573242e-01,3.439133763313293457e-01,-1.745412684977054596e-02,2.603942751884460449e-01,3.184064030647277832e-01,-2.213606797158718109e-02,2.413445264101028442e-01,4.249816238880157471e-01,-3.687623888254165649e-03,2.304214537143707275e-01,3.761015832424163818e-01,-7.715877611190080643e-03,2.248206287622451782e-01,3.451497554779052734e-01,-1.264375913888216019e-02,2.206341624259948730e-01,3.195033073425292969e-01,-1.626435481011867523e-02,2.236931324005126953e-01,4.395601153373718262e-01,-4.700178280472755432e-03,2.068845331668853760e-01,4.008031487464904785e-01,-9.385626763105392456e-03,1.986093223094940186e-01,3.765033185482025146e-01,-1.385189592838287354e-02,1.930723488330841064e-01,3.551442921161651611e-01,-1.711310818791389465e-02,2.108819484710693359e-01,4.626998603343963623e-01,-7.464146707206964493e-03,1.950382888317108154e-01,4.391997158527374268e-01,-1.223478373140096664e-02,1.855579614639282227e-01,4.242765605449676514e-01,-1.433421857655048370e-02,1.781752109527587891e-01,4.102151393890380859e-01,-1.544014364480972290e-02
7.340658903121948242e-01,5.038117170333862305e-01,2.125114093587399111e-07,6.928024888038635254e-01,4.841238856315612793e-01,2.904145978391170502e-03,6.713535785675048828e-01,4.604957997798919678e-01,1.403082162141799927e-02,6.618726253509521484e-01,4.378837049007415771e-01,2.155613526701927185e-02,6.541378498077392578e-01,4.144411385059356689e-01,2.972818911075592041e-02,6.922380924224853516e-01,4.395985305309295654e-01,5.007284879684448242e-02,6.810985207557678223e-01,4.162758886814117432e-01,6.593874841928482056e-02,6.762216687202453613e-01,3.997995257377624512e-01,7.228010892868041992e-02,6.734467744827270508e-01,3.884040713310241699e-01,7.613513618707656860e-02,7.138980627059936523e-01,4.304734766483306885e-01,4.907397180795669556e-02,7.081004381179809570e-01,4.026035964488983154e-01,6.987508386373519897e-02,7.051597833633422852e-01,3.837802410125732422e-01,7.586274296045303345e-02,7.030971646308898926e-01,3.728936612606048584e-01,7.979162782430648804e-02,7.336723804473876953e-01,4.264192879199981689e-01,4.422270134091377258e-02,7.323095202445983887e-01,4.003686904907226562e-01,5.901095271110534668e-02,7.320602536201477051e-01,3.836386203765869141e-01,6.496917456388473511e-02,7.315550446510314941e-01,3.741408288478851318e-01,6.886976212263107300e-02,7.529978156089782715e-01,4.277427196502685547e-01,3.780286759138107300e-02,7.564805746078491211e-01,4.031733274459838867e-01,4.824355244636535645e-02,7.574058771133422852e-01,3.931894898414611816e-01,5.499748513102531433e-02,7.571260929107666016e-01,3.879721164703369141e-01,6.047354638576507568e-02,2.608131766319274902e-01,5.569123029708862305e-01,2.930236746578884777e-07,2.840078175067901611e-01,5.204186439514160156e-01,-1.708233729004859924e-02,2.839041650295257568e-01,4.706676006317138672e-01,-2.068004012107849121e-02,2.802630662918090820e-01,4.281226694583892822e-01,-2.291894704103469849e-02,2.900226414203643799e-01,4.001025557518005371e-01,-2.430818416178226471e-02,2.395347058773040771e-01,4.271734058856964111e-01,-6.608016323298215866e-03,2.326560467481613159e-01,3.783833086490631104e-01,-1.341731473803520203e-02,2.285895049571990967e-01,3.477001190185546875e-01,-1.963000744581222534e-02,2.247776985168457031e-01,3.215323984622955322e-01,-2.455163747072219849e-02,2.167623043060302734e-01,4.339891076087951660e-01,-3.795872675254940987e-03,1.984628289937973022e-01,3.857681453227996826e-01,-8.659857325255870819e-03,1.884828209877014160e-01,3.553193211555480957e-01,-1.311022602021694183e-02,1.807185411453247070e-01,3.297616839408874512e-01,-1.601680926978588104e-02,2.020373642444610596e-01,4.507271051406860352e-01,-3.653202205896377563e-03,1.793906092643737793e-01,4.130835533142089844e-01,-1.055339816957712173e-02,1.666413247585296631e-01,3.889623284339904785e-01,-1.572548784315586090e-02,1.572890281677246094e-01,3.685235381126403809e-01,-1.857269182801246643e-02,1.941427588462829590e-01,4.758921265602111816e-01,-5.550749599933624268e-03,1.748022884130477905e-01,4.536435008049011230e-01,-1.358168572187423706e-02,1.617354154586791992e-01,4.392729103565216064e-01,-1.786918379366397858e-02,1.510932445526123047e-01,4.257239997386932373e-01,-1.973664201796054840e-02
7.324866652488708496e-01,5.008323788642883301e-01,2.221786559175598086e-07,6.921453475952148438e-01,4.836939275264739990e-01,2.813763916492462158e-03,6.695833206176757812e-01,4.629767239093780518e-01,1.267603971064090729e-02,6.596646904945373535e-01,4.417562186717987061e-01,1.903113536536693573e-02,6.522791385650634766e-01,4.182696938514709473e-01,2.615145221352577209e-02,6.914488077163696289e-01,4.426423609256744385e-01,4.603835940361022949e-02,6.804798841476440430e-01,4.198679327964782715e-01,6.096594408154487610e-02,6.742118000984191895e-01,4.021889269351959229e-01,6.804933398962020874e-02,6.710295081138610840e-01,3.907724618911743164e-01,7.281008362770080566e-02,7.123205065727233887e-01,4.330253899097442627e-01,4.503748938441276550e-02,7.069370150566101074e-01,4.062385857105255127e-01,6.543038785457611084e-02,7.033783197402954102e-01,3.867770433425903320e-01,7.320539653301239014e-02,7.008228302001953125e-01,3.753398060798645020e-01,7.876159250736236572e-02,7.315198183059692383e-01,4.284388124942779541e-01,4.031424224376678467e-02,7.304967045783996582e-01,4.036398828029632568e-01,5.476404353976249695e-02,7.302729487419128418e-01,3.869167268276214600e-01,6.156140565872192383e-02,7.298892140388488770e-01,3.769258558750152588e-01,6.620823591947555542e-02,7.504487037658691406e-01,4.278836846351623535e-01,3.413340076804161072e-02,7.544971108436584473e-01,4.051245748996734619e-01,4.421368241310119629e-02,7.556086778640747070e-01,3.945164978504180908e-01,5.066639184951782227e-02,7.562673687934875488e-01,3.884693384170532227e-01,5.606358870863914490e-02,2.584875822067260742e-01,5.573091506958007812e-01,2.808239401019818615e-07,2.809772789478302002e-01,5.199850797653198242e-01,-1.623322442173957825e-02,2.817970514297485352e-01,4.722329378128051758e-01,-2.015988528728485107e-02,2.792038619518280029e-01,4.314720630645751953e-01,-2.268185280263423920e-02,2.873168885707855225e-01,4.029335975646972656e-01,-2.444760128855705261e-02,2.366113811731338501e-01,4.276334941387176514e-01,-5.914135370403528214e-03,2.296983748674392700e-01,3.794825077056884766e-01,-1.254197303205728531e-02,2.249963134527206421e-01,3.493632078170776367e-01,-1.956467702984809875e-02,2.211253196001052856e-01,3.233615458011627197e-01,-2.505770511925220490e-02,2.141699641942977905e-01,4.347374737262725830e-01,-3.009012434631586075e-03,1.955310851335525513e-01,3.861527442932128906e-01,-7.575103547424077988e-03,1.852118670940399170e-01,3.555148243904113770e-01,-1.323568541556596756e-02,1.770249605178833008e-01,3.289935886859893799e-01,-1.752501539885997772e-02,1.997060775756835938e-01,4.518382251262664795e-01,-2.534629078581929207e-03,1.775621175765991211e-01,4.151515066623687744e-01,-7.975606247782707214e-03,1.656644642353057861e-01,3.905725479125976562e-01,-1.397592574357986450e-02,1.564761400222778320e-01,3.685972392559051514e-01,-1.829706132411956787e-02,1.916012167930603027e-01,4.759652316570281982e-01,-3.968771547079086304e-03,1.730032712221145630e-01,4.543482959270477295e-01,-9.130747057497501373e-03,1.611490249633789062e-01,4.391298890113830566e-01,-1.240895688533782959e-02,1.510269492864608765e-01,4.243650436401367188e-01,-1.464823074638843536e-02
7.324866652488708496e-01,5.008323788642883301e-01,2.221786559175598086e-07,6.921453475952148438e-01,4.836939275264739990e-01,2.813763916492462158e-03,6.695833206176757812e-01,4.629767239093780518e-01,1.267603971064090729e-02,6.596646904945373535e-01,4.417562186717987061e-01,1.903113536536693573e-02,6.522791385650634766e-01,4.182696938514709473e-01,2.615145221352577209e-02,6.914488077163696289e-01,4.426423609256744385e-01,4.603835940361022949e-02,6.804798841476440430e-01,4.198679327964782715e-01,6.096594408154487610e-02,6.742118000984191895e-01,4.021889269351959229e-01,6.804933398962020874e-02,6.710295081138610840e-01,3.907724618911743164e-01,7.281008362770080566e-02,7.123205065727233887e-01,4.330253899097442627e-01,4.503748938441276550e-02,7.069370150566101074e-01,4.062385857105255127e-01,6.543038785457611084e-02,7.033783197402954102e-01,3.867770433425903320e-01,7.320539653301239014e-02,7.008228302001953125e-01,3.753398060798645020e-01,7.876159250736236572e-02,7.315198183059692383e-01,4.284388124942779541e-01,4.031424224376678467e-02,7.304967045783996582e-01,4.036398828029632568e-01,5.476404353976249695e-02,7.302729487419128418e-01,3.869167268276214600e-01,6.156140565872192383e-02,7.298892140388488770e-01,3.769258558750152588e-01,6.620823591947555542e-02,7.504487037658691406e-01,4.278836846351623535e-01,3.413340076804161072e-02,7.544971108436584473e-01,4.051245748996734619e-01,4.421368241310119629e-02,7.556086778640747070e-01,3.945164978504180908e-01,5.066639184951782227e-02,7.562673687934875488e-01,3.884693384170532227e-01,5.606358870863914490e-02,2.584875822067260742e-01,5.573091506958007812e-01,2.808239401019818615e-07,2.809772789478302002e-01,5.199850797653198242e-01,-1.623322442173957825e-02,2.817970514297485352e-01,4.722329378128051758e-01,-2.015988528728485107e-02,2.792038619518280029e-01,4.314720630645751953e-01,-2.268185280263423920e-02,2.873168885707855225e-01,4.029335975646972656e-01,-2.444760128855705261e-02,2.366113811731338501e-01,4.276334941387176514e-01,-5.914135370403528214e-03,2.296983748674392700e-01,3.794825077056884766e-01,-1.254197303205728531e-02,2.249963134527206421e-01,3.493632078170776367e-01,-1.956467702984809875e-02,2.211253196001052856e-01,3.233615458011627197e-01,-2.505770511925220490e-02,2.141699641942977905e-01,4.347374737262725830e-01,-3.009012434631586075e-03,1.955310851335525513e-01,3.861527442932128906e-01,-7.575103547424077988e-03,1.852118670940399170e-01,3.555148243904113770e-01,-1.323568541556596756e-02,1.770249605178833008e-01,3.289935886859893799e-01,-1.752501539885997772e-02,1.997060775756835938e-01,4.518382251262664795e-01,-2.534629078581929207e-03,1.775621175765991211e-01,4.151515066623687744e-01,-7.975606247782707214e-03,1.656644642353057861e-01,3.905725479125976562e-01,-1.397592574357986450e-02,1.564761400222778320e-01,3.685972392559051514e-01,-1.829706132411956787e-02,1.916012167930603027e-01,4.759652316570281982e-01,-3.968771547079086304e-03,1.730032712221145630e-01,4.543482959270477295e-01,-9.130747057497501373e-03,1.611490249633789062e-01,4.391298890113830566e-01,-1.240895688533782959e-02,1.510269492864608765e-01,4.243650436401367188e-01,-1.464823074638843536e-02
7.322718501091003418e-01,5.014044642448425293e-01,2.140689474572354811e-07,6.914613246917724609e-01,4.844531416893005371e-01,3.572362707927823067e-03,6.689080595970153809e-01,4.637333154678344727e-01,1.442108768969774246e-02,6.595067977905273438e-01,4.419173598289489746e-01,2.170670963823795319e-02,6.532611846923828125e-01,4.181767106056213379e-01,2.977378852665424347e-02,6.910222172737121582e-01,4.422739148139953613e-01,4.789793118834495544e-02,6.804976463317871094e-01,4.193559288978576660e-01,6.316360086202621460e-02,6.744446754455566406e-01,4.015659689903259277e-01,6.986236572265625000e-02,6.712271571159362793e-01,3.898484110832214355e-01,7.405737787485122681e-02,7.124271392822265625e-01,4.334423243999481201e-01,4.666382074356079102e-02,7.074050307273864746e-01,4.055672883987426758e-01,6.618113815784454346e-02,7.038766145706176758e-01,3.856373429298400879e-01,7.212031632661819458e-02,7.015988826751708984e-01,3.740921020507812500e-01,7.621596008539199829e-02,7.315565347671508789e-01,4.293456077575683594e-01,4.181169718503952026e-02,7.305791378021240234e-01,4.036066830158233643e-01,5.511354655027389526e-02,7.298548817634582520e-01,3.876671791076660156e-01,6.004005298018455505e-02,7.292462587356567383e-01,3.778231739997863770e-01,6.338471174240112305e-02,7.505797743797302246e-01,4.290916025638580322e-01,3.572350740432739258e-02,7.547320723533630371e-01,4.059225618839263916e-01,4.478912428021430969e-02,7.557238936424255371e-01,3.959291875362396240e-01,5.006531998515129089e-02,7.559929490089416504e-01,3.897697925567626953e-01,5.445496365427970886e-02,2.589787542819976807e-01,5.571568608283996582e-01,2.805189467380841961e-07,2.814207375049591064e-01,5.196939706802368164e-01,-1.672377437353134155e-02,2.819762229919433594e-01,4.719168841838836670e-01,-2.062881737947463989e-02,2.790974080562591553e-01,4.308918118476867676e-01,-2.301942557096481323e-02,2.870471477508544922e-01,4.020214676856994629e-01,-2.462548948824405670e-02,2.360036522150039673e-01,4.275292754173278809e-01,-5.872783251106739044e-03,2.297285348176956177e-01,3.784559369087219238e-01,-1.220823917537927628e-02,2.250352203845977783e-01,3.479961752891540527e-01,-1.903740502893924713e-02,2.210740298032760620e-01,3.219106197357177734e-01,-2.442447654902935028e-02,2.134894281625747681e-01,4.352957904338836670e-01,-2.521269954741001129e-03,1.946629881858825684e-01,3.866206407546997070e-01,-6.798622198402881622e-03,1.845206618309020996e-01,3.561818003654479980e-01,-1.221385691314935684e-02,1.767988651990890503e-01,3.303374648094177246e-01,-1.636912859976291656e-02,1.992641389369964600e-01,4.527157545089721680e-01,-1.662819879129528999e-03,1.774634122848510742e-01,4.152121543884277344e-01,-6.785171106457710266e-03,1.653541624546051025e-01,3.903272151947021484e-01,-1.282673981040716171e-02,1.560817956924438477e-01,3.686044216156005859e-01,-1.721656136214733124e-02,1.915938556194305420e-01,4.768485724925994873e-01,-2.765196142718195915e-03,1.731103360652923584e-01,4.547423720359802246e-01,-7.731007412075996399e-03,1.607995033264160156e-01,4.393898546695709229e-01,-1.118181832134723663e-02,1.502234935760498047e-01,4.249214828014373779e-01,-1.355910580605268478e-02
7.273899316787719727e-01,5.082838535308837891e-01,2.433074826058145845e-07,6.853266358375549316e-01,4.895827770233154297e-01,4.638256039470434189e-03,6.630868911743164062e-01,4.712496995925903320e-01,1.618710346519947052e-02,6.517701745033264160e-01,4.531074166297912598e-01,2.334472723305225372e-02,6.447945237159729004e-01,4.291059970855712891e-01,3.136045858263969421e-02,6.841805577278137207e-01,4.510089457035064697e-01,5.632160976529121399e-02,6.719212532043457031e-01,4.290894865989685059e-01,7.508233189582824707e-02,6.643117070198059082e-01,4.127472341060638428e-01,8.511967957019805908e-02,6.607823967933654785e-01,4.023419618606567383e-01,9.220740199089050293e-02,7.043858170509338379e-01,4.414927065372467041e-01,5.551893636584281921e-02,6.977354884147644043e-01,4.163628220558166504e-01,8.065049350261688232e-02,6.922578215599060059e-01,3.976053595542907715e-01,9.177143126726150513e-02,6.894314885139465332e-01,3.875273466110229492e-01,1.001156568527221680e-01,7.234200239181518555e-01,4.358253479003906250e-01,5.030639842152595520e-02,7.198257446289062500e-01,4.118735194206237793e-01,6.839663535356521606e-02,7.180080413818359375e-01,3.963299989700317383e-01,7.776316255331039429e-02,7.171791195869445801e-01,3.894954025745391846e-01,8.469557017087936401e-02,7.414983510971069336e-01,4.334623217582702637e-01,4.338874667882919312e-02,7.435164451599121094e-01,4.100555479526519775e-01,5.546957999467849731e-02,7.433694005012512207e-01,4.017754793167114258e-01,6.276277452707290649e-02,7.428750395774841309e-01,3.994437754154205322e-01,6.941141933202743530e-02,2.560931146144866943e-01,5.590832829475402832e-01,2.785974970720417332e-07,2.787380516529083252e-01,5.198603868484497070e-01,-1.703365147113800049e-02,2.788749039173126221e-01,4.724964797496795654e-01,-2.133239805698394775e-02,2.751914858818054199e-01,4.316608011722564697e-01,-2.407406456768512726e-02,2.831459343433380127e-01,4.027613997459411621e-01,-2.597502619028091431e-02,2.332928478717803955e-01,4.285001158714294434e-01,-6.028844974935054779e-03,2.250073403120040894e-01,3.804803192615509033e-01,-1.250603143125772476e-02,2.183962613344192505e-01,3.503319621086120605e-01,-1.955614984035491943e-02,2.126270234584808350e-01,3.246776461601257324e-01,-2.528904005885124207e-02,2.100243121385574341e-01,4.365352988243103027e-01,-2.883105305954813957e-03,1.891892850399017334e-01,3.889102935791015625e-01,-7.362738717347383499e-03,1.776605546474456787e-01,3.591768443584442139e-01,-1.299142651259899139e-02,1.686923205852508545e-01,3.342917561531066895e-01,-1.726966351270675659e-02,1.955182552337646484e-01,4.541165828704833984e-01,-2.229042118415236473e-03,1.724079996347427368e-01,4.167987704277038574e-01,-7.847906090319156647e-03,1.596648097038269043e-01,3.920662701129913330e-01,-1.367831788957118988e-02,1.498518586158752441e-01,3.709079027175903320e-01,-1.784742437303066254e-02,1.883310377597808838e-01,4.781441390514373779e-01,-3.547210711985826492e-03,1.691569089889526367e-01,4.567714333534240723e-01,-8.988578803837299347e-03,1.574508249759674072e-01,4.418508708477020264e-01,-1.213853154331445694e-02,1.478209495544433594e-01,4.282361268997192383e-01,-1.419453509151935577e-02
7.261652946472167969e-01,5.059572458267211914e-01,2.154223324168924592e-07,6.843746304512023926e-01,4.905310273170471191e-01,6.526185199618339539e-03,6.613820791244506836e-01,4.741247594356536865e-01,1.939619705080986023e-02,6.513109207153320312e-01,4.555674195289611816e-01,2.804311551153659821e-02,6.445671319961547852e-01,4.331573545932769775e-01,3.746382147073745728e-02,6.835619211196899414e-01,4.524638652801513672e-01,5.555515363812446594e-02,6.713218092918395996e-01,4.311596155166625977e-01,7.434049993753433228e-02,6.643636822700500488e-01,4.140738546848297119e-01,8.333249390125274658e-02,6.601913571357727051e-01,4.029535353183746338e-01,8.900986611843109131e-02,7.036038041114807129e-01,4.424982070922851562e-01,5.409874022006988525e-02,6.967558860778808594e-01,4.157043099403381348e-01,7.726500928401947021e-02,6.923118233680725098e-01,3.968250751495361328e-01,8.533362299203872681e-02,6.891538500785827637e-01,3.878673315048217773e-01,9.094135463237762451e-02,7.222526669502258301e-01,4.365083873271942139e-01,4.888664186000823975e-02,7.185765504837036133e-01,4.115724563598632812e-01,6.530421972274780273e-02,7.177237272262573242e-01,3.975200653076171875e-01,7.113158702850341797e-02,7.166779637336730957e-01,3.908685445785522461e-01,7.499524950981140137e-02,7.405235767364501953e-01,4.338952600955963135e-01,4.253994673490524292e-02,7.429096102714538574e-01,4.106810986995697021e-01,5.363191291689872742e-02,7.428057789802551270e-01,4.032390713691711426e-01,5.896455794572830200e-02,7.416422963142395020e-01,4.011507928371429443e-01,6.334098428487777710e-02,2.563497722148895264e-01,5.592134594917297363e-01,2.713259448228200199e-07,2.790113687515258789e-01,5.211039185523986816e-01,-1.756562106311321259e-02,2.790791690349578857e-01,4.728387594223022461e-01,-2.166318520903587341e-02,2.749198377132415771e-01,4.314135611057281494e-01,-2.407812513411045074e-02,2.823190391063690186e-01,4.021845459938049316e-01,-2.564276754856109619e-02,2.329682111740112305e-01,4.289112687110900879e-01,-6.414411123842000961e-03,2.249911278486251831e-01,3.801253736019134521e-01,-1.251488551497459412e-02,2.181273102760314941e-01,3.500705659389495850e-01,-1.907864585518836975e-02,2.119821310043334961e-01,3.246066868305206299e-01,-2.436353825032711029e-02,2.097912281751632690e-01,4.369024336338043213e-01,-2.665393054485321045e-03,1.896329671144485474e-01,3.887292444705963135e-01,-6.696053314954042435e-03,1.778542101383209229e-01,3.589621186256408691e-01,-1.178719196468591690e-02,1.686026006937026978e-01,3.339549899101257324e-01,-1.563451252877712250e-02,1.953741908073425293e-01,4.541392028331756592e-01,-1.430195174179971218e-03,1.731233447790145874e-01,4.165837764739990234e-01,-6.247327197343111038e-03,1.603339016437530518e-01,3.920434117317199707e-01,-1.186075806617736816e-02,1.502703428268432617e-01,3.710448741912841797e-01,-1.596787013113498688e-02,1.879396289587020874e-01,4.781646430492401123e-01,-2.275041304528713226e-03,1.695408076047897339e-01,4.569284915924072266e-01,-6.990691646933555603e-03,1.573098599910736084e-01,4.424203932285308838e-01,-1.003267522901296616e-02,1.468311548233032227e-01,4.292352199554443359e-01,-1.206071209162473679e-02
7.259816527366638184e-01,5.078260302543640137e-01,2.187615848470159108e-07,6.841283440589904785e-01,4.913523197174072266e-01,7.063599303364753723e-03,6.609972715377807617e-01,4.742035269737243652e-01,2.063121646642684937e-02,6.506199836730957031e-01,4.574185609817504883e-01,2.994463779032230377e-02,6.433340311050415039e-01,4.362983405590057373e-01,4.003655910491943359e-02,6.832488775253295898e-01,4.544184803962707520e-01,5.671459808945655823e-02,6.710723638534545898e-01,4.333419799804687500e-01,7.680426537990570068e-02,6.636606454849243164e-01,4.165246486663818359e-01,8.747718483209609985e-02,6.597481369972229004e-01,4.059511125087738037e-01,9.461228549480438232e-02,7.034135460853576660e-01,4.446466267108917236e-01,5.569029599428176880e-02,6.960474848747253418e-01,4.188067018985748291e-01,8.075834810733795166e-02,6.914265751838684082e-01,4.002142846584320068e-01,9.106071293354034424e-02,6.885574460029602051e-01,3.903808891773223877e-01,9.850023686885833740e-02,7.219486236572265625e-01,4.385543763637542725e-01,5.083647370338439941e-02,7.177913784980773926e-01,4.147551655769348145e-01,6.896948069334030151e-02,7.163754105567932129e-01,4.004657864570617676e-01,7.627806812524795532e-02,7.154465317726135254e-01,3.925843238830566406e-01,8.120863139629364014e-02,7.397449016571044922e-01,4.354761838912963867e-01,4.481740668416023254e-02,7.414820194244384766e-01,4.133660793304443359e-01,5.698527395725250244e-02,7.415369153022766113e-01,4.055458009243011475e-01,6.282673776149749756e-02,7.412440180778503418e-01,4.019420444965362549e-01,6.775198131799697876e-02,2.571862339973449707e-01,5.605940222740173340e-01,2.399775382855295902e-07,2.812408208847045898e-01,5.221868753433227539e-01,-1.447457820177078247e-02,2.802391052246093750e-01,4.709156155586242676e-01,-1.622100733220577240e-02,2.758518755435943604e-01,4.301257133483886719e-01,-1.679701544344425201e-02,2.845893204212188721e-01,4.033390879631042480e-01,-1.672016642987728119e-02,2.351225167512893677e-01,4.270392060279846191e-01,-3.117600223049521446e-03,2.278488278388977051e-01,3.788021206855773926e-01,-8.461976423859596252e-03,2.221522480249404907e-01,3.482599258422851562e-01,-1.455041952431201935e-02,2.172638624906539917e-01,3.228449821472167969e-01,-1.955990865826606750e-02,2.127892822027206421e-01,4.350492060184478760e-01,-5.733969155699014664e-04,1.934587210416793823e-01,3.871652185916900635e-01,-4.274377133697271347e-03,1.829704791307449341e-01,3.565891683101654053e-01,-9.128436446189880371e-03,1.748531013727188110e-01,3.315238654613494873e-01,-1.276980340480804443e-02,1.987765133380889893e-01,4.519142210483551025e-01,-4.264608724042773247e-04,1.769330650568008423e-01,4.138650596141815186e-01,-5.243419203907251358e-03,1.648699492216110229e-01,3.887613713741302490e-01,-1.096638292074203491e-02,1.554666757583618164e-01,3.676713705062866211e-01,-1.499900687485933304e-02,1.912848055362701416e-01,4.758488237857818604e-01,-2.100382000207901001e-03,1.724764704704284668e-01,4.536818563938140869e-01,-7.010002154856920242e-03,1.602343320846557617e-01,4.385035932064056396e-01,-1.038720086216926575e-02,1.494978070259094238e-01,4.248886406421661377e-01,-1.260085497051477432e-02
7.253301143646240234e-01,5.057824254035949707e-01,2.163406804811529582e-07,6.834359765052795410e-01,4.908039569854736328e-01,6.690297275781631470e-03,6.607822775840759277e-01,4.741986393928527832e-01,2.006852440536022186e-02,6.510694622993469238e-01,4.561410844326019287e-01,2.938088588416576385e-02,6.444172859191894531e-01,4.350539147853851318e-01,3.967465087771415710e-02,6.826394200325012207e-01,4.538043737411499023e-01,5.536795035004615784e-02,6.704946756362915039e-01,4.323399662971496582e-01,7.377167791128158569e-02,6.636171936988830566e-01,4.153266847133636475e-01,8.337105065584182739e-02,6.601250767707824707e-01,4.046048521995544434e-01,8.998873829841613770e-02,7.032204270362854004e-01,4.447525739669799805e-01,5.456767603754997253e-02,6.963571906089782715e-01,4.190697371959686279e-01,7.769054919481277466e-02,6.919602751731872559e-01,3.998812437057495117e-01,8.728206902742385864e-02,6.891661882400512695e-01,3.893365263938903809e-01,9.464632719755172729e-02,7.222787141799926758e-01,4.391234219074249268e-01,4.998052492737770081e-02,7.185600399971008301e-01,4.149137735366821289e-01,6.670210510492324829e-02,7.171069979667663574e-01,3.998882770538330078e-01,7.448821514844894409e-02,7.158658504486083984e-01,3.905273079872131348e-01,8.025032281875610352e-02,7.404487729072570801e-01,4.374030530452728271e-01,4.422726854681968689e-02,7.427350282669067383e-01,4.141525328159332275e-01,5.588976666331291199e-02,7.425174117088317871e-01,4.058972299098968506e-01,6.255979090929031372e-02,7.418478131294250488e-01,4.013083279132843018e-01,6.838990002870559692e-02,2.573409676551818848e-01,5.584034919738769531e-01,2.581768399068096187e-07,2.811529338359832764e-01,5.210071206092834473e-01,-1.574348099529743195e-02,2.816515862941741943e-01,4.722947478294372559e-01,-1.921199075877666473e-02,2.780027985572814941e-01,4.311697781085968018e-01,-2.116580493748188019e-02,2.867294549942016602e-01,4.032931327819824219e-01,-2.243091911077499390e-02,2.357403039932250977e-01,4.277321398258209229e-01,-6.353562232106924057e-03,2.292288988828659058e-01,3.784060776233673096e-01,-1.224804017692804337e-02,2.240900695323944092e-01,3.476216495037078857e-01,-1.844617351889610291e-02,2.196812778711318970e-01,3.219112753868103027e-01,-2.345391362905502319e-02,2.134154438972473145e-01,4.352281391620635986e-01,-3.077299334108829498e-03,1.952231526374816895e-01,3.859939873218536377e-01,-7.255314383655786514e-03,1.853874623775482178e-01,3.550111353397369385e-01,-1.225766353309154510e-02,1.779129058122634888e-01,3.297649621963500977e-01,-1.609019935131072998e-02,1.994710117578506470e-01,4.516537785530090332e-01,-2.051204442977905273e-03,1.780356466770172119e-01,4.128406643867492676e-01,-7.012414745986461639e-03,1.658242344856262207e-01,3.873574733734130859e-01,-1.300786715000867844e-02,1.564833521842956543e-01,3.665059506893157959e-01,-1.736736670136451721e-02,1.922111511230468750e-01,4.745768606662750244e-01,-2.827636199072003365e-03,1.735640615224838257e-01,4.519716203212738037e-01,-7.793575990945100784e-03,1.610034108161926270e-01,4.363406896591186523e-01,-1.153139770030975342e-02,1.501177251338958740e-01,4.226135611534118652e-01,-1.407374721020460129e-02
7.254033684730529785e-01,5.055257081985473633e-01,2.127913205640652450e-07,6.840047836303710938e-01,4.906728267669677734e-01,5.608750972896814346e-03,6.616048812866210938e-01,4.748442173004150391e-01,1.782453991472721100e-02,6.516701579093933105e-01,4.555535614490509033e-01,2.595759928226470947e-02,6.442661285400390625e-01,4.335375726222991943e-01,3.483776375651359558e-02,6.835553050041198730e-01,4.524139463901519775e-01,5.314047262072563171e-02,6.718519926071166992e-01,4.306024312973022461e-01,7.080912590026855469e-02,6.652228832244873047e-01,4.135082662105560303e-01,7.918069511651992798e-02,6.614971160888671875e-01,4.022776186466217041e-01,8.440530300140380859e-02,7.038698196411132812e-01,4.438108205795288086e-01,5.191503465175628662e-02,6.971876621246337891e-01,4.181769490242004395e-01,7.273841649293899536e-02,6.925745606422424316e-01,3.986093401908874512e-01,7.903194427490234375e-02,6.902427077293395996e-01,3.884687423706054688e-01,8.344360440969467163e-02,7.226045131683349609e-01,4.385579228401184082e-01,4.707030951976776123e-02,7.194925546646118164e-01,4.130299389362335205e-01,6.065035238862037659e-02,7.181046009063720703e-01,3.990531861782073975e-01,6.433544307947158813e-02,7.173091173171997070e-01,3.934620022773742676e-01,6.718584895133972168e-02,7.408276200294494629e-01,4.367072582244873047e-01,4.128640145063400269e-02,7.442251443862915039e-01,4.123994112014770508e-01,4.965835437178611755e-02,7.443681359291076660e-01,4.043625891208648682e-01,5.324302241206169128e-02,7.438768744468688965e-01,4.021376967430114746e-01,5.667691305279731750e-02,2.600736021995544434e-01,5.562109947204589844e-01,2.702997790038352832e-07,2.829482853412628174e-01,5.186834335327148438e-01,-1.675124093890190125e-02,2.834972739219665527e-01,4.701353609561920166e-01,-2.060425654053688049e-02,2.800965905189514160e-01,4.291036128997802734e-01,-2.299514040350914001e-02,2.884678542613983154e-01,4.001052379608154297e-01,-2.455690130591392517e-02,2.387313395738601685e-01,4.248844087123870850e-01,-5.436861887574195862e-03,2.320351004600524902e-01,3.766883313655853271e-01,-1.191016938537359238e-02,2.275431603193283081e-01,3.464654982089996338e-01,-1.876530423760414124e-02,2.238480299711227417e-01,3.205621242523193359e-01,-2.404936403036117554e-02,2.169262319803237915e-01,4.325112700462341309e-01,-2.092215931043028831e-03,1.988817304372787476e-01,3.842273354530334473e-01,-6.171336397528648376e-03,1.890900731086730957e-01,3.533539772033691406e-01,-1.116900704801082611e-02,1.817485094070434570e-01,3.278026580810546875e-01,-1.492312178015708923e-02,2.028882652521133423e-01,4.493862092494964600e-01,-1.383146387524902821e-03,1.818089187145233154e-01,4.125581085681915283e-01,-6.244377698749303818e-03,1.694513112306594849e-01,3.876427114009857178e-01,-1.172400917857885361e-02,1.602752208709716797e-01,3.666091859340667725e-01,-1.561071816831827164e-02,1.948895454406738281e-01,4.730927944183349609e-01,-2.751898951828479767e-03,1.765367388725280762e-01,4.513771831989288330e-01,-7.479786872863769531e-03,1.640330702066421509e-01,4.365598857402801514e-01,-1.064326800405979156e-02,1.531812399625778198e-01,4.231013357639312744e-01,-1.270454004406929016e-02
7.254033684730529785e-01,5.055257081985473633e-01,2.127913205640652450e-07,6.840047836303710938e-01,4.906728267669677734e-01,5.608750972896814346e-03,6.616048812866210938e-01,4.748442173004150391e-01,1.782453991472721100e-02,6.516701579093933105e-01,4.555535614490509033e-01,2.595759928226470947e-02,6.442661285400390625e-01,4.335375726222991943e-01,3.483776375651359558e-02,6.835553050041198730e-01,4.524139463901519775e-01,5.314047262072563171e-02,6.718519926071166992e-01,4.306024312973022461e-01,7.080912590026855469e-02,6.652228832244873047e-01,4.135082662105560303e-01,7.918069511651992798e-02,6.614971160888671875e-01,4.022776186466217041e-01,8.440530300140380859e-02,7.038698196411132812e-01,4.438108205795288086e-01,5.191503465175628662e-02,6.971876621246337891e-01,4.181769490242004395e-01,7.273841649293899536e-02,6.925745606422424316e-01,3.986093401908874512e-01,7.903194427490234375e-02,6.902427077293395996e-01,3.884687423706054688e-01,8.344360440969467163e-02,7.226045131683349609e-01,4.385579228401184082e-01,4.707030951976776123e-02,7.194925546646118164e-01,4.130299389362335205e-01,6.065035238862037659e-02,7.181046009063720703e-01,3.990531861782073975e-01,6.433544307947158813e-02,7.173091173171997070e-01,3.934620022773742676e-01,6.718584895133972168e-02,7.408276200294494629e-01,4.367072582244873047e-01,4.128640145063400269e-02,7.442251443862915039e-01,4.123994112014770508e-01,4.965835437178611755e-02,7.443681359291076660e-01,4.043625891208648682e-01,5.324302241206169128e-02,7.438768744468688965e-01,4.021376967430114746e-01,5.667691305279731750e-02,2.600736021995544434e-01,5.562109947204589844e-01,2.702997790038352832e-07,2.829482853412628174e-01,5.186834335327148438e-01,-1.675124093890190125e-02,2.834972739219665527e-01,4.701353609561920166e-01,-2.060425654053688049e-02,2.800965905189514160e-01,4.291036128997802734e-01,-2.299514040350914001e-02,2.884678542613983154e-01,4.001052379608154297e-01,-2.455690130591392517e-02,2.387313395738601685e-01,4.248844087123870850e-01,-5.436861887574195862e-03,2.320351004600524902e-01,3.766883313655853271e-01,-1.191016938537359238e-02,2.275431603193283081e-01,3.464654982089996338e-01,-1.876530423760414124e-02,2.238480299711227417e-01,3.205621242523193359e-01,-2.404936403036117554e-02,2.169262319803237915e-01,4.325112700462341309e-01,-2.092215931043028831e-03,1.988817304372787476e-01,3.842273354530334473e-01,-6.171336397528648376e-03,1.890900731086730957e-01,3.533539772033691406e-01,-1.116900704801082611e-02,1.817485094070434570e-01,3.278026580810546875e-01,-1.492312178015708923e-02,2.028882652521133423e-01,4.493862092494964600e-01,-1.383146387524902821e-03,1.818089187145233154e-01,4.125581085681915283e-01,-6.244377698749303818e-03,1.694513112306594849e-01,3.876427114009857178e-01,-1.172400917857885361e-02,1.602752208709716797e-01,3.666091859340667725e-01,-1.561071816831827164e-02,1.948895454406738281e-01,4.730927944183349609e-01,-2.751898951828479767e-03,1.765367388725280762e-01,4.513771831989288330e-01,-7.479786872863769531e-03,1.640330702066421509e-01,4.365598857402801514e-01,-1.064326800405979156e-02,1.531812399625778198e-01,4.231013357639312744e-01,-1.270454004406929016e-02
7.310562729835510254e-01,5.078113079071044922e-01,2.455754213315231027e-07,6.878486871719360352e-01,4.882990419864654541e-01,5.293037742376327515e-03,6.655048131942749023e-01,4.707241356372833252e-01,1.699168235063552856e-02,6.549513936042785645e-01,4.516950845718383789e-01,2.441036701202392578e-02,6.469733715057373047e-01,4.284609854221343994e-01,3.268764168024063110e-02,6.871948838233947754e-01,4.498263001441955566e-01,5.591860413551330566e-02,6.756514310836791992e-01,4.273497462272644043e-01,7.480154931545257568e-02,6.688265800476074219e-01,4.096826612949371338e-01,8.496282994747161865e-02,6.653984785079956055e-01,3.986969888210296631e-01,9.193567931652069092e-02,7.077977657318115234e-01,4.416205883026123047e-01,5.519761517643928528e-02,7.010357379913330078e-01,4.149678945541381836e-01,7.927270233631134033e-02,6.969860196113586426e-01,3.959428369998931885e-01,8.985003083944320679e-02,6.945536136627197266e-01,3.862752318382263184e-01,9.789991378784179688e-02,7.269051671028137207e-01,4.364552199840545654e-01,5.033688247203826904e-02,7.235451340675354004e-01,4.118039608001708984e-01,6.748414039611816406e-02,7.221730947494506836e-01,3.965829312801361084e-01,7.551918923854827881e-02,7.206752300262451172e-01,3.882974088191986084e-01,8.147106319665908813e-02,7.450240850448608398e-01,4.348540604114532471e-01,4.410086944699287415e-02,7.480427622795104980e-01,4.105029702186584473e-01,5.558384954929351807e-02,7.480008006095886230e-01,4.011735618114471436e-01,6.192471086978912354e-02,7.474887371063232422e-01,3.964457511901855469e-01,6.758157163858413696e-02,2.632865607738494873e-01,5.549448728561401367e-01,2.746637051131983753e-07,2.854373157024383545e-01,5.168831944465637207e-01,-1.728434488177299500e-02,2.891035676002502441e-01,4.660632014274597168e-01,-2.167174406349658966e-02,2.870551347732543945e-01,4.245512187480926514e-01,-2.454621531069278717e-02,2.951303720474243164e-01,3.948787152767181396e-01,-2.658875472843647003e-02,2.461342960596084595e-01,4.217853546142578125e-01,-6.155571434646844864e-03,2.393619716167449951e-01,3.741350769996643066e-01,-1.293458510190248489e-02,2.346879988908767700e-01,3.443637192249298096e-01,-2.013895101845264435e-02,2.305317968130111694e-01,3.177702426910400391e-01,-2.567883580923080444e-02,2.236091196537017822e-01,4.293042719364166260e-01,-2.870791824534535408e-03,2.060163468122482300e-01,3.818791508674621582e-01,-7.238553371280431747e-03,1.962039172649383545e-01,3.507622778415679932e-01,-1.262182556092739105e-02,1.885644495487213135e-01,3.249189257621765137e-01,-1.668951287865638733e-02,2.085532844066619873e-01,4.462489485740661621e-01,-2.248087432235479355e-03,1.875477582216262817e-01,4.109457433223724365e-01,-7.398850750178098679e-03,1.754178404808044434e-01,3.873521685600280762e-01,-1.282308809459209442e-02,1.662599444389343262e-01,3.669179379940032959e-01,-1.672559604048728943e-02,1.994639188051223755e-01,4.700707197189331055e-01,-3.777634585276246071e-03,1.820328086614608765e-01,4.479778707027435303e-01,-8.574053645133972168e-03,1.706697493791580200e-01,4.348208606243133545e-01,-1.137026771903038025e-02,1.606235802173614502e-01,4.220062196254730225e-01,-1.322677172720432281e-02
7.361236810684204102e-01,5.040671229362487793e-01,2.165551364896600717e-07,6.944723725318908691e-01,4.859637618064880371e-01,3.416809486225247383e-03,6.706261038780212402e-01,4.666756391525268555e-01,1.509124506264925003e-02,6.593056321144104004e-01,4.448858797550201416e-01,2.346945740282535553e-02,6.530750393867492676e-01,4.224917590618133545e-01,3.294709324836730957e-02,6.928991079330444336e-01,4.446971714496612549e-01,4.949009418487548828e-02,6.807423233985900879e-01,4.197491705417633057e-01,6.489568203687667847e-02,6.742934584617614746e-01,4.021716117858886719e-01,7.167798280715942383e-02,6.706197857856750488e-01,3.893149197101593018e-01,7.589217275381088257e-02,7.136666774749755859e-01,4.360150396823883057e-01,4.970311000943183899e-02,7.072342634201049805e-01,4.081663191318511963e-01,6.922662258148193359e-02,7.034617662429809570e-01,3.886263966560363770e-01,7.530042529106140137e-02,7.012054324150085449e-01,3.779647350311279297e-01,7.967524230480194092e-02,7.330138087272644043e-01,4.317038953304290771e-01,4.628717526793479919e-02,7.311652898788452148e-01,4.054654538631439209e-01,6.029298529028892517e-02,7.305925488471984863e-01,3.901139795780181885e-01,6.557901948690414429e-02,7.299934029579162598e-01,3.813791573047637939e-01,6.938570737838745117e-02,7.521241903305053711e-01,4.323027729988098145e-01,4.163417965173721313e-02,7.565228343009948730e-01,4.076337218284606934e-01,5.183313041925430298e-02,7.567566037178039551e-01,3.976771235466003418e-01,5.743669718503952026e-02,7.566565275192260742e-01,3.917493522167205811e-01,6.211062520742416382e-02,2.675896584987640381e-01,5.494006872177124023e-01,2.322589267578223371e-07,2.894927859306335449e-01,5.128883123397827148e-01,-1.407906226813793182e-02,2.939851582050323486e-01,4.629383087158203125e-01,-1.707021333277225494e-02,2.937458455562591553e-01,4.211957454681396484e-01,-1.932234875857830048e-02,3.009461760520935059e-01,3.920047879219055176e-01,-2.091108635067939758e-02,2.563152909278869629e-01,4.174730777740478516e-01,-4.099916666746139526e-03,2.505687475204467773e-01,3.703597784042358398e-01,-1.062924135476350784e-02,2.462535053491592407e-01,3.416846692562103271e-01,-1.710502430796623230e-02,2.424164563417434692e-01,3.160815834999084473e-01,-2.207715250551700592e-02,2.336367815732955933e-01,4.236467778682708740e-01,-2.414416056126356125e-03,2.174089103937149048e-01,3.781341016292572021e-01,-6.336171180009841919e-03,2.084045112133026123e-01,3.483926653861999512e-01,-1.060192286968231201e-02,2.011414468288421631e-01,3.231419920921325684e-01,-1.396632008254528046e-02,2.176842242479324341e-01,4.395931363105773926e-01,-3.284707199782133102e-03,1.977635622024536133e-01,4.063972532749176025e-01,-7.909905165433883667e-03,1.860510706901550293e-01,3.846651315689086914e-01,-1.216725911945104599e-02,1.771507561206817627e-01,3.651223778724670410e-01,-1.541968155652284622e-02,2.072303295135498047e-01,4.629765450954437256e-01,-6.162755656987428665e-03,1.894219219684600830e-01,4.436462819576263428e-01,-1.072989497333765030e-02,1.780236661434173584e-01,4.325683414936065674e-01,-1.304637268185615540e-02,1.680761873722076416e-01,4.215447902679443359e-01,-1.457024365663528442e-02
7.361236810684204102e-01,5.040671229362487793e-01,2.165551364896600717e-07,6.944723725318908691e-01,4.859637618064880371e-01,3.416809486225247383e-03,6.706261038780212402e-01,4.666756391525268555e-01,1.509124506264925003e-02,6.593056321144104004e-01,4.448858797550201416e-01,2.346945740282535553e-02,6.530750393867492676e-01,4.224917590618133545e-01,3.294709324836730957e-02,6.928991079330444336e-01,4.446971714496612549e-01,4.949009418487548828e-02,6.807423233985900879e-01,4.197491705417633057e-01,6.489568203687667847e-02,6.742934584617614746e-01,4.021716117858886719e-01,7.167798280715942383e-02,6.706197857856750488e-01,3.893149197101593018e-01,7.589217275381088257e-02,7.136666774749755859e-01,4.360150396823883057e-01,4.970311000943183899e-02,7.072342634201049805e-01,4.081663191318511963e-01,6.922662258148193359e-02,7.034617662429809570e-01,3.886263966560363770e-01,7.530042529106140137e-02,7.012054324150085449e-01,3.779647350311279297e-01,7.967524230480194092e-02,7.330138087272644043e-01,4.317038953304290771e-01,4.628717526793479919e-02,7.311652898788452148e-01,4.054654538631439209e-01,6.029298529028892517e-02,7.305925488471984863e-01,3.901139795780181885e-01,6.557901948690414429e-02,7.299934029579162598e-01,3.813791573047637939e-01,6.938570737838745117e-02,7.521241903305053711e-01,4.323027729988098145e-01,4.163417965173721313e-02,7.565228343009948730e-01,4.076337218284606934e-01,5.183313041925430298e-02,7.567566037178039551e-01,3.976771235466003418e-01,5.743669718503952026e-02,7.566565275192260742e-01,3.917493522167205811e-01,6.211062520742416382e-02,2.675896584987640381e-01,5.494006872177124023e-01,2.322589267578223371e-07,2.894927859306335449e-01,5.128883123397827148e-01,-1.407906226813793182e-02,2.939851582050323486e-01,4.629383087158203125e-01,-1.707021333277225494e-02,2.937458455562591553e-01,4.211957454681396484e-01,-1.932234875857830048e-02,3.009461760520935059e-01,3.920047879219055176e-01,-2.091108635067939758e-02,2.563152909278869629e-01,4.174730777740478516e-01,-4.099916666746139526e-03,2.505687475204467773e-01,3.703597784042358398e-01,-1.062924135476350784e-02,2.462535053491592407e-01,3.416846692562103271e-01,-1.710502430796623230e-02,2.424164563417434692e-01,3.160815834999084473e-01,-2.207715250551700592e-02,2.336367815732955933e-01,4.236467778682708740e-01,-2.414416056126356125e-03,2.174089103937149048e-01,3.781341016292572021e-01,-6.336171180009841919e-03,2.084045112133026123e-01,3.483926653861999512e-01,-1.060192286968231201e-02,2.011414468288421631e-01,3.231419920921325684e-01,-1.396632008254528046e-02,2.176842242479324341e-01,4.395931363105773926e-01,-3.284707199782133102e-03,1.977635622024536133e-01,4.063972532749176025e-01,-7.909905165433883667e-03,1.860510706901550293e-01,3.846651315689086914e-01,-1.216725911945104599e-02,1.771507561206817627e-01,3.651223778724670410e-01,-1.541968155652284622e-02,2.072303295135498047e-01,4.629765450954437256e-01,-6.162755656987428665e-03,1.894219219684600830e-01,4.436462819576263428e-01,-1.072989497333765030e-02,1.780236661434173584e-01,4.325683414936065674e-01,-1.304637268185615540e-02,1.680761873722076416e-01,4.215447902679443359e-01,-1.457024365663528442e-02
7.369351387023925781e-01,5.026304721832275391e-01,2.469950572958623525e-07,6.950895786285400391e-01,4.832368791103363037e-01,4.177305847406387329e-03,6.723428368568420410e-01,4.634305536746978760e-01,1.512579619884490967e-02,6.620839834213256836e-01,4.426666200160980225e-01,2.198430895805358887e-02,6.537957191467285156e-01,4.187035858631134033e-01,2.969311736524105072e-02,6.944800615310668945e-01,4.409748613834381104e-01,5.232299491763114929e-02,6.830120682716369629e-01,4.167685806751251221e-01,6.941536068916320801e-02,6.763468980789184570e-01,3.983564376831054688e-01,7.813002169132232666e-02,6.730367541313171387e-01,3.864224255084991455e-01,8.408328145742416382e-02,7.155510783195495605e-01,4.333464205265045166e-01,5.138121545314788818e-02,7.091428637504577637e-01,4.058951437473297119e-01,7.371281087398529053e-02,7.051578164100646973e-01,3.857491612434387207e-01,8.273590356111526489e-02,7.026921510696411133e-01,3.739320039749145508e-01,8.956840634346008301e-02,7.349879145622253418e-01,4.294957220554351807e-01,4.642808064818382263e-02,7.328136563301086426e-01,4.040632843971252441e-01,6.210310757160186768e-02,7.319487333297729492e-01,3.876114189624786377e-01,6.927555799484252930e-02,7.307131290435791016e-01,3.774242997169494629e-01,7.458578050136566162e-02,7.538496255874633789e-01,4.295926690101623535e-01,4.006223008036613464e-02,7.578822374343872070e-01,4.050881564617156982e-01,5.066971108317375183e-02,7.581929564476013184e-01,3.958338201045989990e-01,5.708065256476402283e-02,7.577169537544250488e-01,3.906235992908477783e-01,6.274367868900299072e-02,2.694081366062164307e-01,5.489847064018249512e-01,2.492124906439130427e-07,2.913204729557037354e-01,5.108836293220520020e-01,-1.243370119482278824e-02,2.950573861598968506e-01,4.604396820068359375e-01,-1.418551057577133179e-02,2.964578568935394287e-01,4.198581874370574951e-01,-1.550197601318359375e-02,3.040081858634948730e-01,3.926532864570617676e-01,-1.616640947759151459e-02,2.582344412803649902e-01,4.179375767707824707e-01,-1.209134701639413834e-03,2.539153695106506348e-01,3.715932667255401611e-01,-6.049131043255329132e-03,2.499040812253952026e-01,3.425719141960144043e-01,-1.137076877057552338e-02,2.461818903684616089e-01,3.174990415573120117e-01,-1.571076922118663788e-02,2.359471470117568970e-01,4.242023229598999023e-01,-2.473001950420439243e-04,2.211045175790786743e-01,3.775289356708526611e-01,-3.088228870183229446e-03,2.119259089231491089e-01,3.477591276168823242e-01,-7.035969756543636322e-03,2.042290866374969482e-01,3.222673237323760986e-01,-1.011084020137786865e-02,2.203013002872467041e-01,4.399690032005310059e-01,-1.726254471577703953e-03,2.007568329572677612e-01,4.043147861957550049e-01,-5.723974667489528656e-03,1.882414221763610840e-01,3.816262185573577881e-01,-1.038862019777297974e-02,1.782159656286239624e-01,3.611811101436614990e-01,-1.393404696136713028e-02,2.100441306829452515e-01,4.632069766521453857e-01,-5.002905149012804031e-03,1.921926438808441162e-01,4.425448477268218994e-01,-9.156721644103527069e-03,1.804196089506149292e-01,4.301778674125671387e-01,-1.149512827396392822e-02,1.704602539539337158e-01,4.181379675865173340e-01,-1.311429031193256378e-02
7.439664006233215332e-01,5.019000768661499023e-01,2.232403488733325503e-07,7.024151682853698730e-01,4.816958308219909668e-01,1.269297325052320957e-03,6.787273287773132324e-01,4.600244164466857910e-01,1.141731720417737961e-02,6.670181751251220703e-01,4.360451996326446533e-01,1.881755515933036804e-02,6.604636311531066895e-01,4.123946428298950195e-01,2.731147781014442444e-02,7.007192969322204590e-01,4.365413784980773926e-01,4.529639706015586853e-02,6.888657212257385254e-01,4.089815616607666016e-01,5.907520279288291931e-02,6.826729178428649902e-01,3.900325298309326172e-01,6.422470510005950928e-02,6.789020299911499023e-01,3.760752081871032715e-01,6.707009673118591309e-02,7.223864197731018066e-01,4.286364614963531494e-01,4.581948369741439819e-02,7.157986164093017578e-01,3.985500633716583252e-01,6.341427564620971680e-02,7.122021913528442383e-01,3.776401877403259277e-01,6.757890433073043823e-02,7.097830772399902344e-01,3.657248020172119141e-01,7.027110457420349121e-02,7.420700788497924805e-01,4.254858791828155518e-01,4.278567805886268616e-02,7.404078841209411621e-01,3.976118564605712891e-01,5.532507225871086121e-02,7.400780916213989258e-01,3.804169297218322754e-01,5.925080180168151855e-02,7.397897839546203613e-01,3.698003888130187988e-01,6.185384094715118408e-02,7.619316577911376953e-01,4.276840090751647949e-01,3.842085599899291992e-02,7.662779092788696289e-01,4.013948440551757812e-01,4.779243096709251404e-02,7.670759558677673340e-01,3.901021480560302734e-01,5.301354080438613892e-02,7.676320075988769531e-01,3.831935822963714600e-01,5.712385103106498718e-02,2.751374840736389160e-01,5.489140152931213379e-01,2.153323492848358001e-07,2.997336983680725098e-01,5.121703147888183594e-01,-1.320705655962228775e-02,3.049282729625701904e-01,4.601188898086547852e-01,-1.435053255409002304e-02,3.036791980266571045e-01,4.178443253040313721e-01,-1.488860230892896652e-02,3.107472062110900879e-01,3.898615539073944092e-01,-1.463101804256439209e-02,2.689124643802642822e-01,4.148928821086883545e-01,7.838976453058421612e-04,2.631936669349670410e-01,3.694787025451660156e-01,-2.574980258941650391e-03,2.592151463031768799e-01,3.423109352588653564e-01,-7.175298873335123062e-03,2.557138204574584961e-01,3.185918927192687988e-01,-1.104232389479875565e-02,2.458719909191131592e-01,4.201918244361877441e-01,2.949470654129981995e-03,2.306279689073562622e-01,3.757082223892211914e-01,2.145529258996248245e-03,2.218818664550781250e-01,3.476324677467346191e-01,-1.032535568810999393e-03,2.146867364645004272e-01,3.242819905281066895e-01,-3.759573679417371750e-03,2.290838062763214111e-01,4.349933862686157227e-01,2.459018258377909660e-03,2.091770768165588379e-01,4.014121890068054199e-01,1.179566897917538881e-04,1.974371671676635742e-01,3.808403909206390381e-01,-4.102233797311782837e-03,1.883819252252578735e-01,3.628180623054504395e-01,-7.493823301047086716e-03,2.175345569849014282e-01,4.577137827873229980e-01,3.618853224907070398e-05,1.987204104661941528e-01,4.380632042884826660e-01,-2.968320855870842934e-03,1.872393935918807983e-01,4.272070825099945068e-01,-5.196349229663610458e-03,1.775082945823669434e-01,4.167247712612152100e-01,-6.791205611079931259e-03
7.536696195602416992e-01,5.020130276679992676e-01,2.062526647250706446e-07,7.125204205513000488e-01,4.808743894100189209e-01,-1.361442962661385536e-03,6.874400377273559570e-01,4.554537534713745117e-01,7.785290945321321487e-03,6.754053831100463867e-01,4.287447929382324219e-01,1.526104472577571869e-02,6.696913242340087891e-01,4.038808941841125488e-01,2.391613088548183441e-02,7.105187177658081055e-01,4.296617209911346436e-01,3.841732442378997803e-02,6.989277005195617676e-01,3.984724283218383789e-01,4.976687207818031311e-02,6.933032274246215820e-01,3.793392777442932129e-01,5.227826908230781555e-02,6.888344883918762207e-01,3.631111085414886475e-01,5.259139835834503174e-02,7.328441143035888672e-01,4.217853248119354248e-01,3.926532343029975891e-02,7.268639206886291504e-01,3.881727159023284912e-01,5.258448049426078796e-02,7.238309979438781738e-01,3.652495443820953369e-01,5.179667100310325623e-02,7.218713164329528809e-01,3.506082892417907715e-01,5.005142092704772949e-02,7.528071999549865723e-01,4.202958047389984131e-01,3.695445880293846130e-02,7.524076700210571289e-01,3.889144659042358398e-01,4.575099050998687744e-02,7.522658705711364746e-01,3.719338476657867432e-01,4.503626003861427307e-02,7.521684765815734863e-01,3.594551086425781250e-01,4.376743733882904053e-02,7.737586498260498047e-01,4.235694408416748047e-01,3.353785723447799683e-02,7.774351835250854492e-01,3.970711827278137207e-01,4.084802791476249695e-02,7.783612608909606934e-01,3.843621313571929932e-01,4.394952952861785889e-02,7.790857553482055664e-01,3.744243085384368896e-01,4.558571800589561462e-02,2.822051346302032471e-01,5.431110262870788574e-01,1.913793283847553539e-07,3.068310916423797607e-01,5.073000192642211914e-01,-1.111050043255090714e-02,3.133209943771362305e-01,4.593516588211059570e-01,-1.196182891726493835e-02,3.116687834262847900e-01,4.175742864608764648e-01,-1.267620921134948730e-02,3.166525959968566895e-01,3.879059553146362305e-01,-1.285334303975105286e-02,2.821961343288421631e-01,4.156190752983093262e-01,9.573118877597153187e-04,2.788952887058258057e-01,3.712679147720336914e-01,-3.553177462890744209e-03,2.763670682907104492e-01,3.454216122627258301e-01,-8.555413223803043365e-03,2.737751603126525879e-01,3.224729001522064209e-01,-1.250254455953836441e-02,2.591358125209808350e-01,4.186017215251922607e-01,2.023402601480484009e-03,2.477183640003204346e-01,3.744656145572662354e-01,1.130527107306988910e-05,2.420795410871505737e-01,3.473829925060272217e-01,-3.749042050912976265e-03,2.369260638952255249e-01,3.241001069545745850e-01,-6.701911333948373795e-03,2.414920032024383545e-01,4.326245188713073730e-01,7.550959126092493534e-04,2.233182340860366821e-01,3.999238014221191406e-01,-2.430188236758112907e-03,2.127110511064529419e-01,3.790589570999145508e-01,-6.331666372716426849e-03,2.046447694301605225e-01,3.594702184200286865e-01,-9.419775567948818207e-03,2.285206019878387451e-01,4.554141163825988770e-01,-2.154101850464940071e-03,2.100809961557388306e-01,4.378357827663421631e-01,-5.917634349316358566e-03,1.990677416324615479e-01,4.264932274818420410e-01,-7.924196310341358185e-03,1.898981630802154541e-01,4.149442315101623535e-01,-9.114068932831287384e-03
7.536696195602416992e-01,5.020130276679992676e-01,2.062526647250706446e-07,7.125204205513000488e-01,4.808743894100189209e-01,-1.361442962661385536e-03,6.874400377273559570e-01,4.554537534713745117e-01,7.785290945321321487e-03,6.754053831100463867e-01,4.287447929382324219e-01,1.526104472577571869e-02,6.696913242340087891e-01,4.038808941841125488e-01,2.391613088548183441e-02,7.105187177658081055e-01,4.296617209911346436e-01,3.841732442378997803e-02,6.989277005195617676e-01,3.984724283218383789e-01,4.976687207818031311e-02,6.933032274246215820e-01,3.793392777442932129e-01,5.227826908230781555e-02,6.888344883918762207e-01,3.631111085414886475e-01,5.259139835834503174e-02,7.328441143035888672e-01,4.217853248119354248e-01,3.926532343029975891e-02,7.268639206886291504e-01,3.881727159023284912e-01,5.258448049426078796e-02,7.238309979438781738e-01,3.652495443820953369e-01,5.179667100310325623e-02,7.218713164329528809e-01,3.506082892417907715e-01,5.005142092704772949e-02,7.528071999549865723e-01,4.202958047389984131e-01,3.695445880293846130e-02,7.524076700210571289e-01,3.889144659042358398e-01,4.575099050998687744e-02,7.522658705711364746e-01,3.719338476657867432e-01,4.503626003861427307e-02,7.521684765815734863e-01,3.594551086425781250e-01,4.376743733882904053e-02,7.737586498260498047e-01,4.235694408416748047e-01,3.353785723447799683e-02,7.774351835250854492e-01,3.970711827278137207e-01,4.084802791476249695e-02,7.783612608909606934e-01,3.843621313571929932e-01,4.394952952861785889e-02,7.790857553482055664e-01,3.744243085384368896e-01,4.558571800589561462e-02,2.822051346302032471e-01,5.431110262870788574e-01,1.913793283847553539e-07,3.068310916423797607e-01,5.073000192642211914e-01,-1.111050043255090714e-02,3.133209943771362305e-01,4.593516588211059570e-01,-1.196182891726493835e-02,3.116687834262847900e-01,4.175742864608764648e-01,-1.267620921134948730e-02,3.166525959968566895e-01,3.879059553146362305e-01,-1.285334303975105286e-02,2.821961343288421631e-01,4.156190752983093262e-01,9.573118877597153187e-04,2.788952887058258057e-01,3.712679147720336914e-01,-3.553177462890744209e-03,2.763670682907104492e-01,3.454216122627258301e-01,-8.555413223803043365e-03,2.737751603126525879e-01,3.224729001522064209e-01,-1.250254455953836441e-02,2.591358125209808350e-01,4.186017215251922607e-01,2.023402601480484009e-03,2.477183640003204346e-01,3.744656145572662354e-01,1.130527107306988910e-05,2.420795410871505737e-01,3.473829925060272217e-01,-3.749042050912976265e-03,2.369260638952255249e-01,3.241001069545745850e-01,-6.701911333948373795e-03,2.414920032024383545e-01,4.326245188713073730e-01,7.550959126092493534e-04,2.233182340860366821e-01,3.999238014221191406e-01,-2.430188236758112907e-03,2.127110511064529419e-01,3.790589570999145508e-01,-6.331666372716426849e-03,2.046447694301605225e-01,3.594702184200286865e-01,-9.419775567948818207e-03,2.285206019878387451e-01,4.554141163825988770e-01,-2.154101850464940071e-03,2.100809961557388306e-01,4.378357827663421631e-01,-5.917634349316358566e-03,1.990677416324615479e-01,4.264932274818420410e-01,-7.924196310341358185e-03,1.898981630802154541e-01,4.149442315101623535e-01,-9.114068932831287384e-03
7.552919387817382812e-01,5.029505491256713867e-01,2.218781105511880014e-07,7.152957320213317871e-01,4.811537563800811768e-01,-1.925034332089126110e-03,6.908375024795532227e-01,4.547118246555328369e-01,5.546743050217628479e-03,6.785013675689697266e-01,4.274502694606781006e-01,1.088736858218908310e-02,6.718454957008361816e-01,4.010391831398010254e-01,1.723123900592327118e-02,7.143139839172363281e-01,4.264174103736877441e-01,3.864510357379913330e-02,7.024256587028503418e-01,3.958517611026763916e-01,4.974425956606864929e-02,6.961076855659484863e-01,3.763220608234405518e-01,5.234649404883384705e-02,6.918541193008422852e-01,3.614357113838195801e-01,5.302584543824195862e-02,7.357528805732727051e-01,4.197232127189636230e-01,3.916537016630172729e-02,7.292818427085876465e-01,3.859100937843322754e-01,5.386175960302352905e-02,7.261109352111816406e-01,3.637240529060363770e-01,5.489990487694740295e-02,7.241418361663818359e-01,3.492439091205596924e-01,5.462503060698509216e-02,7.553995847702026367e-01,4.187440574169158936e-01,3.617206960916519165e-02,7.548373341560363770e-01,3.878403007984161377e-01,4.683756828308105469e-02,7.545852661132812500e-01,3.694497346878051758e-01,4.802041500806808472e-02,7.542358040809631348e-01,3.558244109153747559e-01,4.785017669200897217e-02,7.764557600021362305e-01,4.232504367828369141e-01,3.167209774255752563e-02,7.813511490821838379e-01,3.962693810462951660e-01,4.037337377667427063e-02,7.820729017257690430e-01,3.839210271835327148e-01,4.460974037647247314e-02,7.823594212532043457e-01,3.744275271892547607e-01,4.706101119518280029e-02,2.837421000003814697e-01,5.426383018493652344e-01,2.162578027764539002e-07,3.081113398075103760e-01,5.083093643188476562e-01,-1.280178036540746689e-02,3.153024315834045410e-01,4.599500894546508789e-01,-1.403603889048099518e-02,3.147525489330291748e-01,4.175410270690917969e-01,-1.446643564850091934e-02,3.193571865558624268e-01,3.865780234336853027e-01,-1.414335425943136215e-02,2.844611406326293945e-01,4.172443151473999023e-01,2.752742148004472256e-04,2.825294435024261475e-01,3.735672831535339355e-01,-3.306632163003087044e-03,2.805272638797760010e-01,3.481127321720123291e-01,-7.777994032949209213e-03,2.783883512020111084e-01,3.254426717758178711e-01,-1.151405926793813705e-02,2.619938552379608154e-01,4.201045334339141846e-01,2.389876171946525574e-03,2.516427636146545410e-01,3.757542073726654053e-01,1.294145360589027405e-03,2.458793073892593384e-01,3.484697341918945312e-01,-2.110012806951999664e-03,2.410868555307388306e-01,3.251932859420776367e-01,-5.101179238408803940e-03,2.443444132804870605e-01,4.334168136119842529e-01,2.003256464377045631e-03,2.276020050048828125e-01,3.999842703342437744e-01,-6.266914424486458302e-04,2.167235910892486572e-01,3.792381286621093750e-01,-5.013399291783571243e-03,2.085041403770446777e-01,3.605293631553649902e-01,-8.734421804547309875e-03,2.314347177743911743e-01,4.552913904190063477e-01,-1.209456095239147544e-04,2.138542234897613525e-01,4.381751716136932373e-01,-3.782891202718019485e-03,2.021469473838806152e-01,4.271136522293090820e-01,-6.293328013271093369e-03,1.921370625495910645e-01,4.154191315174102783e-01,-8.126759901642799377e-03
7.612145543098449707e-01,5.034262537956237793e-01,2.095318336614582222e-07,7.206591963768005371e-01,4.817543625831604004e-01,-3.489190479740500450e-03,6.959725022315979004e-01,4.540578126907348633e-01,3.084792057052254677e-03,6.835549473762512207e-01,4.247172474861145020e-01,8.071685209870338440e-03,6.772992014884948730e-01,3.977585136890411377e-01,1.413890067487955093e-02,7.196697592735290527e-01,4.248532056808471680e-01,3.376352787017822266e-02,7.071645259857177734e-01,3.927489817142486572e-01,4.245049133896827698e-02,7.008544802665710449e-01,3.723131716251373291e-01,4.364551231265068054e-02,6.968841552734375000e-01,3.561692237854003906e-01,4.345859587192535400e-02,7.415810823440551758e-01,4.177052378654479980e-01,3.459709882736206055e-02,7.356458902359008789e-01,3.819211125373840332e-01,4.685797542333602905e-02,7.328228354454040527e-01,3.588606119155883789e-01,4.693920537829399109e-02,7.311224937438964844e-01,3.438955247402191162e-01,4.603504016995429993e-02,7.614194750785827637e-01,4.171017110347747803e-01,3.197799250483512878e-02,7.612974643707275391e-01,3.833328485488891602e-01,4.001543670892715454e-02,7.612481713294982910e-01,3.646617531776428223e-01,4.016618058085441589e-02,7.613529562950134277e-01,3.514816462993621826e-01,3.957749530673027039e-02,7.824206352233886719e-01,4.223177731037139893e-01,2.790184319019317627e-02,7.875673770904541016e-01,3.944822847843170166e-01,3.420064970850944519e-02,7.888291478157043457e-01,3.815589547157287598e-01,3.731439635157585144e-02,7.898287773132324219e-01,3.716802597045898438e-01,3.920818120241165161e-02,2.870296537876129150e-01,5.406230092048645020e-01,2.010667827789802686e-07,3.118804693222045898e-01,5.058447122573852539e-01,-1.161663420498371124e-02,3.208531439304351807e-01,4.592281281948089600e-01,-1.304769515991210938e-02,3.198104202747344971e-01,4.177503883838653564e-01,-1.407531648874282837e-02,3.231682181358337402e-01,3.871502578258514404e-01,-1.453984063118696213e-02,2.916485071182250977e-01,4.186443686485290527e-01,-3.723681147675961256e-04,2.902801632881164551e-01,3.746705651283264160e-01,-5.312113091349601746e-03,2.889451384544372559e-01,3.490729928016662598e-01,-1.029076147824525833e-02,2.877137660980224609e-01,3.260546326637268066e-01,-1.430503837764263153e-02,2.695504426956176758e-01,4.206249415874481201e-01,6.870970828458666801e-04,2.604544758796691895e-01,3.779988288879394531e-01,-2.275241771712899208e-03,2.562392055988311768e-01,3.514653146266937256e-01,-6.362366955727338791e-03,2.530170381069183350e-01,3.283448815345764160e-01,-9.709720499813556671e-03,2.516784965991973877e-01,4.335717558860778809e-01,-6.699869409203529358e-04,2.355803102254867554e-01,4.006704986095428467e-01,-5.244415719062089920e-03,2.242849767208099365e-01,3.798604905605316162e-01,-1.030920352786779404e-02,2.157764136791229248e-01,3.601458072662353516e-01,-1.430740300565958023e-02,2.380775213241577148e-01,4.555555582046508789e-01,-3.554468275979161263e-03,2.209466248750686646e-01,4.380921721458435059e-01,-9.099395014345645905e-03,2.090612947940826416e-01,4.273671805858612061e-01,-1.255357172340154648e-02,1.985175162553787231e-01,4.157919287681579590e-01,-1.488740276545286179e-02
7.713947296142578125e-01,5.069232583045959473e-01,1.940460805371913011e-07,7.309765219688415527e-01,4.832960069179534912e-01,-5.429891403764486313e-03,7.057118415832519531e-01,4.521776437759399414e-01,2.349990827497094870e-04,6.938322782516479492e-01,4.197378158569335938e-01,5.357218440622091293e-03,6.878278255462646484e-01,3.917479515075683594e-01,1.168208569288253784e-02,7.292762994766235352e-01,4.204315543174743652e-01,2.572020702064037323e-02,7.183558344841003418e-01,3.843724727630615234e-01,3.163061663508415222e-02,7.130434513092041016e-01,3.625800609588623047e-01,3.130217269062995911e-02,7.089017629623413086e-01,3.438812494277954102e-01,2.973675355315208435e-02,7.525249123573303223e-01,4.131221473217010498e-01,2.652506157755851746e-02,7.484282255172729492e-01,3.736176788806915283e-01,3.397211059927940369e-02,7.465837597846984863e-01,3.495242595672607422e-01,3.095816820859909058e-02,7.444327473640441895e-01,3.324816226959228516e-01,2.773304283618927002e-02,7.729946970939636230e-01,4.144787490367889404e-01,2.431422099471092224e-02,7.748473286628723145e-01,3.775122761726379395e-01,2.664011344313621521e-02,7.747343182563781738e-01,3.579188883304595947e-01,2.320601977407932281e-02,7.744627594947814941e-01,3.434001803398132324e-01,2.049906179308891296e-02,7.949489355087280273e-01,4.209328591823577881e-01,2.106932364404201508e-02,8.007600307464599609e-01,3.922767937183380127e-01,2.241076342761516571e-02,8.035835027694702148e-01,3.772534430027008057e-01,2.276830747723579407e-02,8.054676651954650879e-01,3.644617199897766113e-01,2.279847860336303711e-02,2.930781841278076172e-01,5.401283502578735352e-01,1.778550853259730502e-07,3.195720314979553223e-01,5.102818608283996582e-01,-1.335764676332473755e-02,3.327365517616271973e-01,4.658740460872650146e-01,-1.520634721964597702e-02,3.313615024089813232e-01,4.254183471202850342e-01,-1.627787388861179352e-02,3.321075439453125000e-01,3.951265811920166016e-01,-1.651512831449508667e-02,3.055044412612915039e-01,4.204746782779693604e-01,4.380695172585546970e-04,3.044622540473937988e-01,3.786835074424743652e-01,-3.239490790292620659e-03,3.027738332748413086e-01,3.547822535037994385e-01,-7.468731142580509186e-03,3.011175394058227539e-01,3.333402276039123535e-01,-1.091448776423931122e-02,2.833580374717712402e-01,4.218170046806335449e-01,2.984218066558241844e-03,2.754198014736175537e-01,3.831702172756195068e-01,1.581876887939870358e-03,2.709904611110687256e-01,3.604386448860168457e-01,-1.499455538578331470e-03,2.672433257102966309e-01,3.404744565486907959e-01,-4.020756110548973083e-03,2.648361623287200928e-01,4.329224228858947754e-01,2.976828487589955330e-03,2.512801885604858398e-01,4.032499194145202637e-01,1.805606007110327482e-04,2.425121665000915527e-01,3.848735690116882324e-01,-2.575837541371583939e-03,2.358835637569427490e-01,3.670943379402160645e-01,-4.844598006457090378e-03,2.494388073682785034e-01,4.523294568061828613e-01,1.111025805585086346e-03,2.341364920139312744e-01,4.347955882549285889e-01,-2.657868433743715286e-03,2.249388396739959717e-01,4.255067706108093262e-01,-4.133428912609815598e-03,2.171757519245147705e-01,4.156496226787567139e-01,-4.762928467243909836e-03
7.747564911842346191e-01,5.098925828933715820e-01,2.082531267433296307e-07,7.348693013191223145e-01,4.847529828548431396e-01,-6.407239940017461777e-03,7.094292640686035156e-01,4.525494873523712158e-01,-1.373735954985022545e-03,6.968038678169250488e-01,4.204093515872955322e-01,2.923119114711880684e-03,6.906311511993408203e-01,3.911665081977844238e-01,8.546821773052215576e-03,7.340387105941772461e-01,4.182691574096679688e-01,2.787756361067295074e-02,7.226966619491577148e-01,3.827270269393920898e-01,3.416356816887855530e-02,7.168077826499938965e-01,3.613747358322143555e-01,3.367207571864128113e-02,7.126644849777221680e-01,3.431875407695770264e-01,3.203635290265083313e-02,7.569019794464111328e-01,4.123060405254364014e-01,2.896197885274887085e-02,7.516933679580688477e-01,3.732395172119140625e-01,3.747164085507392883e-02,7.493990659713745117e-01,3.485985398292541504e-01,3.522175922989845276e-02,7.476086020469665527e-01,3.312319517135620117e-01,3.260419517755508423e-02,7.771254181861877441e-01,4.142093658447265625e-01,2.656512148678302765e-02,7.775027155876159668e-01,3.771260976791381836e-01,3.035594709217548370e-02,7.777019143104553223e-01,3.575890660285949707e-01,2.823990210890769958e-02,7.775951027870178223e-01,3.426231741905212402e-01,2.638043835759162903e-02,7.990364432334899902e-01,4.215360581874847412e-01,2.273331210017204285e-02,8.047237396240234375e-01,3.913628458976745605e-01,2.546810731291770935e-02,8.067660331726074219e-01,3.768556118011474609e-01,2.672854997217655182e-02,8.079256415367126465e-01,3.641995191574096680e-01,2.734430506825447083e-02,2.954197525978088379e-01,5.390421152114868164e-01,1.961977886821841821e-07,3.224852979183197021e-01,5.093898773193359375e-01,-1.268122624605894089e-02,3.355697691440582275e-01,4.650026857852935791e-01,-1.342980843037366867e-02,3.348499536514282227e-01,4.255441427230834961e-01,-1.323827076703310013e-02,3.364917635917663574e-01,3.962341547012329102e-01,-1.234121434390544891e-02,3.078328073024749756e-01,4.224697351455688477e-01,1.102504087612032890e-03,3.074294626712799072e-01,3.810109496116638184e-01,-1.428060000762343407e-03,3.062429726123809814e-01,3.570540547370910645e-01,-5.236557684838771820e-03,3.050405383110046387e-01,3.357525467872619629e-01,-8.536250330507755280e-03,2.864899635314941406e-01,4.241514503955841064e-01,3.635491244494915009e-03,2.788024544715881348e-01,3.842180669307708740e-01,3.305694786831736565e-03,2.748122215270996094e-01,3.600153625011444092e-01,-8.635286940261721611e-05,2.716358304023742676e-01,3.399296998977661133e-01,-3.118219319730997086e-03,2.689792215824127197e-01,4.349900484085083008e-01,3.736690618097782135e-03,2.554833292961120605e-01,4.034462273120880127e-01,1.615359098650515079e-03,2.461470365524291992e-01,3.839403688907623291e-01,-2.943648025393486023e-03,2.389380335807800293e-01,3.661780357360839844e-01,-6.799768656492233276e-03,2.546227574348449707e-01,4.540671706199645996e-01,2.166793216019868851e-03,2.394636571407318115e-01,4.366922080516815186e-01,-1.576145295985043049e-03,2.292839586734771729e-01,4.266736805438995361e-01,-4.419541452080011368e-03,2.207031846046447754e-01,4.161141216754913330e-01,-6.373670417815446854e-03
7.747564911842346191e-01,5.098925828933715820e-01,2.082531267433296307e-07,7.348693013191223145e-01,4.847529828548431396e-01,-6.407239940017461777e-03,7.094292640686035156e-01,4.525494873523712158e-01,-1.373735954985022545e-03,6.968038678169250488e-01,4.204093515872955322e-01,2.923119114711880684e-03,6.906311511993408203e-01,3.911665081977844238e-01,8.546821773052215576e-03,7.340387105941772461e-01,4.182691574096679688e-01,2.787756361067295074e-02,7.226966619491577148e-01,3.827270269393920898e-01,3.416356816887855530e-02,7.168077826499938965e-01,3.613747358322143555e-01,3.367207571864128113e-02,7.126644849777221680e-01,3.431875407695770264e-01,3.203635290265083313e-02,7.569019794464111328e-01,4.123060405254364014e-01,2.896197885274887085e-02,7.516933679580688477e-01,3.732395172119140625e-01,3.747164085507392883e-02,7.493990659713745117e-01,3.485985398292541504e-01,3.522175922989845276e-02,7.476086020469665527e-01,3.312319517135620117e-01,3.260419517755508423e-02,7.771254181861877441e-01,4.142093658447265625e-01,2.656512148678302765e-02,7.775027155876159668e-01,3.771260976791381836e-01,3.035594709217548370e-02,7.777019143104553223e-01,3.575890660285949707e-01,2.823990210890769958e-02,7.775951027870178223e-01,3.426231741905212402e-01,2.638043835759162903e-02,7.990364432334899902e-01,4.215360581874847412e-01,2.273331210017204285e-02,8.047237396240234375e-01,3.913628458976745605e-01,2.546810731291770935e-02,8.067660331726074219e-01,3.768556118011474609e-01,2.672854997217655182e-02,8.079256415367126465e-01,3.641995191574096680e-01,2.734430506825447083e-02,2.954197525978088379e-01,5.390421152114868164e-01,1.961977886821841821e-07,3.224852979183197021e-01,5.093898773193359375e-01,-1.268122624605894089e-02,3.355697691440582275e-01,4.650026857852935791e-01,-1.342980843037366867e-02,3.348499536514282227e-01,4.255441427230834961e-01,-1.323827076703310013e-02,3.364917635917663574e-01,3.962341547012329102e-01,-1.234121434390544891e-02,3.078328073024749756e-01,4.224697351455688477e-01,1.102504087612032890e-03,3.074294626712799072e-01,3.810109496116638184e-01,-1.428060000762343407e-03,3.062429726123809814e-01,3.570540547370910645e-01,-5.236557684838771820e-03,3.050405383110046387e-01,3.357525467872619629e-01,-8.536250330507755280e-03,2.864899635314941406e-01,4.241514503955841064e-01,3.635491244494915009e-03,2.788024544715881348e-01,3.842180669307708740e-01,3.305694786831736565e-03,2.748122215270996094e-01,3.600153625011444092e-01,-8.635286940261721611e-05,2.716358304023742676e-01,3.399296998977661133e-01,-3.118219319730997086e-03,2.689792215824127197e-01,4.349900484085083008e-01,3.736690618097782135e-03,2.554833292961120605e-01,4.034462273120880127e-01,1.615359098650515079e-03,2.461470365524291992e-01,3.839403688907623291e-01,-2.943648025393486023e-03,2.389380335807800293e-01,3.661780357360839844e-01,-6.799768656492233276e-03,2.546227574348449707e-01,4.540671706199645996e-01,2.166793216019868851e-03,2.394636571407318115e-01,4.366922080516815186e-01,-1.576145295985043049e-03,2.292839586734771729e-01,4.266736805438995361e-01,-4.419541452080011368e-03,2.207031846046447754e-01,4.161141216754913330e-01,-6.373670417815446854e-03
7.738617658615112305e-01,5.110330581665039062e-01,2.092055950697613298e-07,7.340253591537475586e-01,4.847505986690521240e-01,-6.160848774015903473e-03,7.088477015495300293e-01,4.521838426589965820e-01,-1.168318209238350391e-03,6.971649527549743652e-01,4.195700585842132568e-01,3.206814872100949287e-03,6.918036937713623047e-01,3.903059065341949463e-01,8.937894366681575775e-03,7.326173186302185059e-01,4.180158078670501709e-01,2.683603391051292419e-02,7.221474647521972656e-01,3.822263777256011963e-01,3.197529911994934082e-02,7.165831327438354492e-01,3.605521321296691895e-01,3.059876337647438049e-02,7.126846909523010254e-01,3.419035971164703369e-01,2.841797843575477600e-02,7.560741901397705078e-01,4.117152094841003418e-01,2.775393426418304443e-02,7.517832517623901367e-01,3.723563551902770996e-01,3.478856384754180908e-02,7.498952150344848633e-01,3.473420739173889160e-01,3.176068887114524841e-02,7.481313943862915039e-01,3.301381468772888184e-01,2.869169041514396667e-02,7.765792012214660645e-01,4.135834276676177979e-01,2.528211288154125214e-02,7.773657441139221191e-01,3.761842548847198486e-01,2.792279981076717377e-02,7.775604128837585449e-01,3.574354648590087891e-01,2.573911473155021667e-02,7.776573896408081055e-01,3.434806466102600098e-01,2.406001091003417969e-02,7.988407015800476074e-01,4.211347997188568115e-01,2.147129178047180176e-02,8.047965764999389648e-01,3.908576667308807373e-01,2.328219451010227203e-02,8.069767951965332031e-01,3.760041296482086182e-01,2.430480718612670898e-02,8.086127042770385742e-01,3.633220195770263672e-01,2.499374561011791229e-02,2.957768440246582031e-01,5.387958288192749023e-01,2.062858612816853565e-07,3.226879239082336426e-01,5.086105465888977051e-01,-1.283792499452829361e-02,3.357384800910949707e-01,4.647836685180664062e-01,-1.426217705011367798e-02,3.351986408233642578e-01,4.255751073360443115e-01,-1.463494170457124710e-02,3.374719619750976562e-01,3.967529237270355225e-01,-1.427695713937282562e-02,3.072224259376525879e-01,4.237254261970520020e-01,-6.658615893684327602e-05,3.076362609863281250e-01,3.826642632484436035e-01,-3.420512657612562180e-03,3.067992329597473145e-01,3.578201234340667725e-01,-7.644727826118469238e-03,3.056228160858154297e-01,3.361456990242004395e-01,-1.115799043327569962e-02,2.858062386512756348e-01,4.252229630947113037e-01,2.370758214965462685e-03,2.783026695251464844e-01,3.848075568675994873e-01,8.941625128500163555e-04,2.746172249317169189e-01,3.608558177947998047e-01,-2.879109699279069901e-03,2.717851996421813965e-01,3.403729200363159180e-01,-5.977389868348836899e-03,2.681123018264770508e-01,4.353899955749511719e-01,2.472987864166498184e-03,2.549651265144348145e-01,4.041004776954650879e-01,-5.879212985746562481e-04,2.464115917682647705e-01,3.843321800231933594e-01,-5.121990572661161423e-03,2.398633509874343872e-01,3.662163615226745605e-01,-8.744091726839542389e-03,2.537464797496795654e-01,4.532445967197418213e-01,9.672601590864360332e-04,2.380721569061279297e-01,4.359648823738098145e-01,-3.222323488444089890e-03,2.281244397163391113e-01,4.260850548744201660e-01,-5.950002931058406830e-03,2.197865843772888184e-01,4.155524671077728271e-01,-7.667710073292255402e-03
7.868641018867492676e-01,5.148467421531677246e-01,1.909814386635844130e-07,7.472476959228515625e-01,4.899310171604156494e-01,-9.624972008168697357e-03,7.217538356781005859e-01,4.538861513137817383e-01,-8.725713938474655151e-03,7.102005481719970703e-01,4.172433614730834961e-01,-7.427174597978591919e-03,7.048762440681457520e-01,3.864662647247314453e-01,-5.010956898331642151e-03,7.472513914108276367e-01,4.165812432765960693e-01,1.024984475225210190e-02,7.366688847541809082e-01,3.768039941787719727e-01,8.765293285250663757e-03,7.315480709075927734e-01,3.517856597900390625e-01,4.670244175940752029e-03,7.279329895973205566e-01,3.307654261589050293e-01,9.982639458030462265e-04,7.720220088958740234e-01,4.109814763069152832e-01,1.075415499508380890e-02,7.690057158470153809e-01,3.667658269405364990e-01,1.117940060794353485e-02,7.679234147071838379e-01,3.394855260848999023e-01,6.420073565095663071e-03,7.669387459754943848e-01,3.191309273242950439e-01,2.461034804582595825e-03,7.941091060638427734e-01,4.149526953697204590e-01,8.535306900739669800e-03,7.953174114227294922e-01,3.737546205520629883e-01,5.336306057870388031e-03,7.953034043312072754e-01,3.506705462932586670e-01,1.364632742479443550e-03,7.952025532722473145e-01,3.332537114620208740e-01,-1.278569805435836315e-03,8.173815011978149414e-01,4.253188371658325195e-01,5.138750653713941574e-03,8.239073753356933594e-01,3.949405848979949951e-01,1.905324286781251431e-03,8.266426324844360352e-01,3.770069181919097900e-01,1.142615568824112415e-03,8.281318545341491699e-01,3.611442446708679199e-01,8.197369752451777458e-04,3.040733635425567627e-01,5.421901941299438477e-01,1.812673673384779249e-07,3.340566456317901611e-01,5.143939852714538574e-01,-1.120433397591114044e-02,3.483054935932159424e-01,4.702966809272766113e-01,-1.186034549027681351e-02,3.499970436096191406e-01,4.305587708950042725e-01,-1.218587160110473633e-02,3.518990278244018555e-01,4.020203948020935059e-01,-1.193856634199619293e-02,3.231358230113983154e-01,4.289550185203552246e-01,1.935499254614114761e-03,3.260244429111480713e-01,3.898370563983917236e-01,-9.854998206719756126e-04,3.268684744834899902e-01,3.669233620166778564e-01,-4.418681375682353973e-03,3.273239433765411377e-01,3.469558060169219971e-01,-7.217443082481622696e-03,3.016908168792724609e-01,4.282789230346679688e-01,3.939490299671888351e-03,2.966628670692443848e-01,3.899694085121154785e-01,3.452266799286007881e-03,2.939386069774627686e-01,3.677389621734619141e-01,1.604811754077672958e-03,2.910793125629425049e-01,3.484823703765869141e-01,2.453657907608430833e-05,2.837504446506500244e-01,4.371203780174255371e-01,3.447801806032657623e-03,2.696761488914489746e-01,4.096844792366027832e-01,1.322232186794281006e-03,2.620987892150878906e-01,3.922147750854492188e-01,-1.164298853836953640e-03,2.560819983482360840e-01,3.755271434783935547e-01,-3.270317567512392998e-03,2.682892680168151855e-01,4.541043341159820557e-01,1.258890843018889427e-03,2.541772425174713135e-01,4.354922473430633545e-01,-2.028425689786672592e-03,2.454928606748580933e-01,4.252746701240539551e-01,-3.787353634834289551e-03,2.381283938884735107e-01,4.147112667560577393e-01,-4.844924435019493103e-03
7.869817614555358887e-01,5.167883634567260742e-01,2.062492683307937114e-07,7.474820017814636230e-01,4.896167516708374023e-01,-8.657725527882575989e-03,7.224360108375549316e-01,4.536805152893066406e-01,-6.742450408637523651e-03,7.109818458557128906e-01,4.170027673244476318e-01,-4.862672649323940277e-03,7.054501771926879883e-01,3.862581551074981689e-01,-1.847958192229270935e-03,7.477432489395141602e-01,4.165321886539459229e-01,1.561763137578964233e-02,7.373082637786865234e-01,3.773828148841857910e-01,1.522411219775676727e-02,7.317676544189453125e-01,3.527286946773529053e-01,1.124772895127534866e-02,7.283328771591186523e-01,3.316371738910675049e-01,7.672982756048440933e-03,7.719725370407104492e-01,4.115506708621978760e-01,1.617510803043842316e-02,7.692591547966003418e-01,3.668015599250793457e-01,1.784702949225902557e-02,7.679573893547058105e-01,3.388969302177429199e-01,1.333027426153421402e-02,7.667948007583618164e-01,3.183385729789733887e-01,9.470306336879730225e-03,7.937366962432861328e-01,4.150978624820709229e-01,1.357537787407636642e-02,7.949430942535400391e-01,3.741841614246368408e-01,1.127312052994966507e-02,7.943806052207946777e-01,3.512138724327087402e-01,7.089917548000812531e-03,7.937051057815551758e-01,3.337554931640625000e-01,4.377881065011024475e-03,8.166083097457885742e-01,4.248371124267578125e-01,9.740337729454040527e-03,8.243533372879028320e-01,3.933756947517395020e-01,7.443530485033988953e-03,8.268011212348937988e-01,3.751080632209777832e-01,6.476829294115304947e-03,8.283243179321289062e-01,3.587953448295593262e-01,5.916443653404712677e-03,3.040840625762939453e-01,5.411670207977294922e-01,2.171456401356408605e-07,3.330220282077789307e-01,5.143424868583679199e-01,-1.263089757412672043e-02,3.485512137413024902e-01,4.697927534580230713e-01,-1.313825882971286774e-02,3.499950766563415527e-01,4.306564331054687500e-01,-1.265970431268215179e-02,3.528738021850585938e-01,4.023935496807098389e-01,-1.144952233880758286e-02,3.222155272960662842e-01,4.298103749752044678e-01,1.115725492127239704e-03,3.254246711730957031e-01,3.909236192703247070e-01,-8.882705587893724442e-04,3.262495994567871094e-01,3.668678998947143555e-01,-3.469552611932158470e-03,3.268596529960632324e-01,3.468557298183441162e-01,-5.566937848925590515e-03,3.010221719741821289e-01,4.297008812427520752e-01,4.328995943069458008e-03,2.958173751831054688e-01,3.904683589935302734e-01,5.095281172543764114e-03,2.936916053295135498e-01,3.674832582473754883e-01,4.371646326035261154e-03,2.922647595405578613e-01,3.484141826629638672e-01,3.732179524376988411e-03,2.835848629474639893e-01,4.381268918514251709e-01,4.951741546392440796e-03,2.695843279361724854e-01,4.087209105491638184e-01,3.948583733290433884e-03,2.622648477554321289e-01,3.899082839488983154e-01,1.862160977907478809e-03,2.571990489959716797e-01,3.729337751865386963e-01,6.445236067520454526e-05,2.688561081886291504e-01,4.538483321666717529e-01,3.728625131770968437e-03,2.540308237075805664e-01,4.369589090347290039e-01,1.058257883414626122e-03,2.446892410516738892e-01,4.265837073326110840e-01,-7.837206358090043068e-04,2.375928759574890137e-01,4.157432317733764648e-01,-1.758464612066745758e-03
8.017994165420532227e-01,5.300084352493286133e-01,1.909625382268131943e-07,7.625368237495422363e-01,5.023242831230163574e-01,-1.033144537359476089e-02,7.367899417877197266e-01,4.592049419879913330e-01,-1.085338089615106583e-02,7.268363833427429199e-01,4.193544387817382812e-01,-1.089117862284183502e-02,7.222357988357543945e-01,3.860180079936981201e-01,-1.002316549420356750e-02,7.630656957626342773e-01,4.178991913795471191e-01,5.695456638932228088e-03,7.531708478927612305e-01,3.741616010665893555e-01,1.981202280148863792e-03,7.482005953788757324e-01,3.463935554027557373e-01,-3.190280403941869736e-03,7.444302439689636230e-01,3.230816125869750977e-01,-7.601622026413679123e-03,7.876803874969482422e-01,4.133510291576385498e-01,5.440530367195606232e-03,7.858151793479919434e-01,3.659808635711669922e-01,3.268272150307893753e-03,7.850090265274047852e-01,3.359679877758026123e-01,-2.445754595100879669e-03,7.841775417327880859e-01,3.137138783931732178e-01,-6.937044207006692886e-03,8.103943467140197754e-01,4.190625846385955811e-01,2.527062548324465752e-03,8.131891489028930664e-01,3.737812638282775879e-01,-3.071495331823825836e-03,8.136677145957946777e-01,3.478340208530426025e-01,-8.415420539677143097e-03,8.128664493560791016e-01,3.275387287139892578e-01,-1.185693778097629547e-02,8.339442610740661621e-01,4.316753745079040527e-01,-1.454837271012365818e-03,8.412423133850097656e-01,3.952715098857879639e-01,-7.162794936448335648e-03,8.446815609931945801e-01,3.746341168880462646e-01,-9.379165247082710266e-03,8.458929061889648438e-01,3.567269444465637207e-01,-1.061830390244722366e-02,3.118684589862823486e-01,5.429294705390930176e-01,2.104917626866154023e-07,3.437587320804595947e-01,5.161820054054260254e-01,-9.563398547470569611e-03,3.603358566761016846e-01,4.753008484840393066e-01,-8.336199447512626648e-03,3.633353710174560547e-01,4.381657242774963379e-01,-7.257228251546621323e-03,3.648586571216583252e-01,4.124436080455780029e-01,-5.523222498595714569e-03,3.345434069633483887e-01,4.362189769744873047e-01,8.380827493965625763e-03,3.399366736412048340e-01,3.997068405151367188e-01,8.758209645748138428e-03,3.418542146682739258e-01,3.778377771377563477e-01,7.738997228443622589e-03,3.433320224285125732e-01,3.603374958038330078e-01,7.140966132283210754e-03,3.140557706356048584e-01,4.345246553421020508e-01,1.116367988288402557e-02,3.115539550781250000e-01,3.988304138183593750e-01,1.535346359014511108e-02,3.098630905151367188e-01,3.776324689388275146e-01,1.710663363337516785e-02,3.082266449928283691e-01,3.601749837398529053e-01,1.856807991862297058e-02,2.964456975460052490e-01,4.412983357906341553e-01,1.125496812164783478e-02,2.856024205684661865e-01,4.144361317157745361e-01,1.368247903883457184e-02,2.797016501426696777e-01,3.976776897907257080e-01,1.489954255521297455e-02,2.754550874233245850e-01,3.827812075614929199e-01,1.568418554961681366e-02,2.794194519519805908e-01,4.563712179660797119e-01,9.454458020627498627e-03,2.669650614261627197e-01,4.379629492759704590e-01,9.844054467976093292e-03,2.596183121204376221e-01,4.273743927478790283e-01,1.084223948419094086e-02,2.545385658740997314e-01,4.181926250457763672e-01,1.230436377227306366e-02
8.032293319702148438e-01,5.350916385650634766e-01,2.161109335929722874e-07,7.654517292976379395e-01,5.035433173179626465e-01,-1.079837232828140259e-02,7.397218346595764160e-01,4.611346721649169922e-01,-1.105573121458292007e-02,7.279461622238159180e-01,4.204091429710388184e-01,-1.104154344648122787e-02,7.214292287826538086e-01,3.861434161663055420e-01,-9.944011457264423370e-03,7.639704346656799316e-01,4.187672138214111328e-01,9.046443738043308258e-03,7.534661889076232910e-01,3.745374083518981934e-01,4.760113544762134552e-03,7.482083439826965332e-01,3.470788300037384033e-01,-1.241560792550444603e-03,7.449426651000976562e-01,3.232599496841430664e-01,-6.025574170053005219e-03,7.883991599082946777e-01,4.142407178878784180e-01,9.176172316074371338e-03,7.864824533462524414e-01,3.665754199028015137e-01,7.057955022901296616e-03,7.861528992652893066e-01,3.360577821731567383e-01,1.409730757586658001e-03,7.857191562652587891e-01,3.126977980136871338e-01,-2.976865507662296295e-03,8.109304308891296387e-01,4.196870923042297363e-01,6.064077373594045639e-03,8.127418756484985352e-01,3.765394687652587891e-01,3.951546968892216682e-04,8.129124641418457031e-01,3.510255217552185059e-01,-4.446822218596935272e-03,8.121244907379150391e-01,3.304428160190582275e-01,-7.272844668477773666e-03,8.340068459510803223e-01,4.321990013122558594e-01,1.614852808415889740e-03,8.415511250495910645e-01,3.973458707332611084e-01,-3.722609719261527061e-03,8.446089029312133789e-01,3.773133754730224609e-01,-5.517593584954738617e-03,8.461850285530090332e-01,3.592039942741394043e-01,-6.341248750686645508e-03,3.118649423122406006e-01,5.413051247596740723e-01,2.411287312042986741e-07,3.429052233695983887e-01,5.157453417778015137e-01,-1.098302565515041351e-02,3.608527481555938721e-01,4.750213623046875000e-01,-1.008396968245506287e-02,3.639349043369293213e-01,4.375203847885131836e-01,-8.764494210481643677e-03,3.657413423061370850e-01,4.106175899505615234e-01,-6.696096621453762054e-03,3.345347046852111816e-01,4.373900890350341797e-01,7.456331979483366013e-03,3.392706811428070068e-01,4.011239111423492432e-01,8.258035406470298767e-03,3.409650623798370361e-01,3.785068392753601074e-01,7.325997110456228256e-03,3.426678180694580078e-01,3.604413866996765137e-01,6.532369647175073624e-03,3.138830959796905518e-01,4.360639154911041260e-01,1.087614148855209351e-02,3.106032013893127441e-01,4.002661108970642090e-01,1.488055195659399033e-02,3.097749352455139160e-01,3.786620497703552246e-01,1.568139530718326569e-02,3.096516430377960205e-01,3.600126504898071289e-01,1.619648374617099762e-02,2.964650392532348633e-01,4.424929022789001465e-01,1.156298909336328506e-02,2.853723764419555664e-01,4.145398139953613281e-01,1.340438146144151688e-02,2.797545194625854492e-01,3.974055647850036621e-01,1.272016949951648712e-02,2.759892940521240234e-01,3.816733062267303467e-01,1.196778286248445511e-02,2.801212072372436523e-01,4.563558101654052734e-01,1.039601117372512817e-02,2.677549421787261963e-01,4.390668570995330811e-01,1.012816652655601501e-02,2.599500417709350586e-01,4.286020398139953613e-01,9.662176482379436493e-03,2.543760538101196289e-01,4.187210500240325928e-01,9.810865856707096100e-03
8.075613975524902344e-01,5.420442819595336914e-01,1.953830519596522208e-07,7.700962424278259277e-01,5.091878175735473633e-01,-1.252915710210800171e-02,7.454486489295959473e-01,4.640271067619323730e-01,-1.422465778887271881e-02,7.349898815155029297e-01,4.216703772544860840e-01,-1.525769568979740143e-02,7.293822169303894043e-01,3.854390680789947510e-01,-1.507267449051141739e-02,7.707561850547790527e-01,4.193159639835357666e-01,5.606286227703094482e-03,7.604233622550964355e-01,3.733474910259246826e-01,5.241535254754126072e-04,7.553485035896301270e-01,3.459814190864562988e-01,-5.890688393265008926e-03,7.522628903388977051e-01,3.216315507888793945e-01,-1.107722241431474686e-02,7.957844734191894531e-01,4.152473211288452148e-01,5.906927864998579025e-03,7.930287122726440430e-01,3.666318953037261963e-01,2.882439410313963890e-03,7.919439077377319336e-01,3.363807201385498047e-01,-3.294054651632905006e-03,7.908627986907958984e-01,3.125940859317779541e-01,-8.122920058667659760e-03,8.185747265815734863e-01,4.218651950359344482e-01,3.048162674531340599e-03,8.222435712814331055e-01,3.759388625621795654e-01,-3.332125255838036537e-03,8.231080174446105957e-01,3.498432040214538574e-01,-8.001632057130336761e-03,8.219990730285644531e-01,3.279784619808197021e-01,-1.083987485617399216e-02,8.416339159011840820e-01,4.361419975757598877e-01,-1.259131589904427528e-03,8.501385450363159180e-01,3.994276523590087891e-01,-7.453193888068199158e-03,8.525350689888000488e-01,3.778717219829559326e-01,-9.404505603015422821e-03,8.523522615432739258e-01,3.578802943229675293e-01,-1.033501513302326202e-02,3.162510991096496582e-01,5.401473045349121094e-01,2.588743370779411634e-07,3.482533097267150879e-01,5.148720741271972656e-01,-8.549592457711696625e-03,3.644929826259613037e-01,4.759077429771423340e-01,-6.547851953655481339e-03,3.683277666568756104e-01,4.393236041069030762e-01,-4.895970690995454788e-03,3.693248331546783447e-01,4.141401946544647217e-01,-2.571434481069445610e-03,3.391577899456024170e-01,4.386243820190429688e-01,1.219201739877462387e-02,3.454374074935913086e-01,4.054077267646789551e-01,1.410666666924953461e-02,3.477921783924102783e-01,3.836062252521514893e-01,1.394658349454402924e-02,3.494664132595062256e-01,3.674056529998779297e-01,1.371759548783302307e-02,3.186792433261871338e-01,4.366154968738555908e-01,1.419862639158964157e-02,3.160136342048645020e-01,3.992351293563842773e-01,1.902810670435428619e-02,3.158438801765441895e-01,3.769651651382446289e-01,2.061611600220203400e-02,3.156549632549285889e-01,3.584293723106384277e-01,2.190988697111606598e-02,3.012713491916656494e-01,4.429979324340820312e-01,1.334708277136087418e-02,2.895837426185607910e-01,4.151448011398315430e-01,1.499599684029817581e-02,2.836461663246154785e-01,3.971558213233947754e-01,1.430631056427955627e-02,2.792949974536895752e-01,3.827540576457977295e-01,1.385771576315164566e-02,2.849575579166412354e-01,4.564275443553924561e-01,1.081038452684879303e-02,2.728191316127777100e-01,4.396855533123016357e-01,1.008157897740602493e-02,2.664290666580200195e-01,4.303408861160278320e-01,9.573841467499732971e-03,2.621980309486389160e-01,4.228527843952178955e-01,9.828783571720123291e-03
8.081994056701660156e-01,5.463835000991821289e-01,1.979923354156198911e-07,7.716668248176574707e-01,5.119351148605346680e-01,-1.178497076034545898e-02,7.460393905639648438e-01,4.658846259117126465e-01,-1.344003435224294662e-02,7.350612878799438477e-01,4.230463802814483643e-01,-1.467898115515708923e-02,7.302731871604919434e-01,3.862079679965972900e-01,-1.478527672588825226e-02,7.718967795372009277e-01,4.195373654365539551e-01,7.083419710397720337e-03,7.624136805534362793e-01,3.728471994400024414e-01,1.780463499017059803e-03,7.575938701629638672e-01,3.447616100311279297e-01,-5.100341979414224625e-03,7.547394037246704102e-01,3.201389610767364502e-01,-1.063650846481323242e-02,7.966330051422119141e-01,4.162390232086181641e-01,6.888284347951412201e-03,7.943058609962463379e-01,3.668873310089111328e-01,4.019700922071933746e-03,7.934431433677673340e-01,3.360354304313659668e-01,-2.188290935009717941e-03,7.926122546195983887e-01,3.117497265338897705e-01,-7.247487083077430725e-03,8.194622397422790527e-01,4.231746494770050049e-01,3.411059500649571419e-03,8.225564360618591309e-01,3.770745396614074707e-01,-2.429034793749451637e-03,8.227920532226562500e-01,3.495064973831176758e-01,-7.232343312352895737e-03,8.213319778442382812e-01,3.264054358005523682e-01,-1.048524305224418640e-02,8.427845835685729980e-01,4.380078017711639404e-01,-1.554609625600278378e-03,8.509802222251892090e-01,4.018087387084960938e-01,-7.427513599395751953e-03,8.532049655914306641e-01,3.792042136192321777e-01,-9.608720429241657257e-03,8.531670570373535156e-01,3.579407632350921631e-01,-1.090545766055583954e-02,3.174591958522796631e-01,5.407723188400268555e-01,2.571844390786282020e-07,3.507064878940582275e-01,5.154077410697937012e-01,-9.284241124987602234e-03,3.664517998695373535e-01,4.756506681442260742e-01,-7.359147071838378906e-03,3.686355054378509521e-01,4.394000768661499023e-01,-5.517145153135061264e-03,3.710519075393676758e-01,4.137968122959136963e-01,-2.919626422226428986e-03,3.399637341499328613e-01,4.389215707778930664e-01,1.175411790609359741e-02,3.460572957992553711e-01,4.061770737171173096e-01,1.420758571475744247e-02,3.485650718212127686e-01,3.841645121574401855e-01,1.467993110418319702e-02,3.509555160999298096e-01,3.684965372085571289e-01,1.508687622845172882e-02,3.190582096576690674e-01,4.373185038566589355e-01,1.477835234254598618e-02,3.163613080978393555e-01,4.011683166027069092e-01,2.116571739315986633e-02,3.163579106330871582e-01,3.800233602523803711e-01,2.440308034420013428e-02,3.169520795345306396e-01,3.622733950614929199e-01,2.693527750670909882e-02,3.014768958091735840e-01,4.433440566062927246e-01,1.483153086155653000e-02,2.908537685871124268e-01,4.153125286102294922e-01,1.813067495822906494e-02,2.862014174461364746e-01,3.977583050727844238e-01,1.897650212049484253e-02,2.829981744289398193e-01,3.827815651893615723e-01,1.955882087349891663e-02,2.849857509136199951e-01,4.565819501876831055e-01,1.304754428565502167e-02,2.727645635604858398e-01,4.398541152477264404e-01,1.354519370943307877e-02,2.654601335525512695e-01,4.293054044246673584e-01,1.368054468184709549e-02,2.603520452976226807e-01,4.196064472198486328e-01,1.447549741715192795e-02
8.079971671104431152e-01,5.493370294570922852e-01,2.029141512593923835e-07,7.703716754913330078e-01,5.137373805046081543e-01,-1.125592924654483795e-02,7.450310587882995605e-01,4.671438932418823242e-01,-1.246792823076248169e-02,7.342267632484436035e-01,4.234072864055633545e-01,-1.349082216620445251e-02,7.282376289367675781e-01,3.863507807254791260e-01,-1.341876201331615448e-02,7.709381580352783203e-01,4.204564988613128662e-01,9.134799242019653320e-03,7.614367008209228516e-01,3.727520704269409180e-01,3.967578988522291183e-03,7.568358182907104492e-01,3.443299233913421631e-01,-3.063075710088014603e-03,7.543222904205322266e-01,3.192460536956787109e-01,-8.686412125825881958e-03,7.958333492279052734e-01,4.170607030391693115e-01,8.728750050067901611e-03,7.929861545562744141e-01,3.666039407253265381e-01,5.880932789295911789e-03,7.918607592582702637e-01,3.355351686477661133e-01,-6.504991906695067883e-04,7.911920547485351562e-01,3.112656176090240479e-01,-5.932221654802560806e-03,8.187662363052368164e-01,4.236440360546112061e-01,4.945368506014347076e-03,8.216046690940856934e-01,3.765265345573425293e-01,-8.085459121502935886e-04,8.211576938629150391e-01,3.480743467807769775e-01,-5.923955235630273819e-03,8.194649219512939453e-01,3.246996998786926270e-01,-9.438270702958106995e-03,8.424676060676574707e-01,4.381889402866363525e-01,-3.420854918658733368e-04,8.508281707763671875e-01,4.015659987926483154e-01,-5.987693089991807938e-03,8.530040383338928223e-01,3.782805800437927246e-01,-8.286012336611747742e-03,8.530232906341552734e-01,3.564323186874389648e-01,-9.735806845128536224e-03,3.170253336429595947e-01,5.416771769523620605e-01,2.735817474786017556e-07,3.499684035778045654e-01,5.168623328208923340e-01,-9.801761247217655182e-03,3.662178814411163330e-01,4.766655862331390381e-01,-8.255111053586006165e-03,3.692513406276702881e-01,4.402439892292022705e-01,-6.654183845967054367e-03,3.714399337768554688e-01,4.144324064254760742e-01,-4.193752538412809372e-03,3.402177989482879639e-01,4.392632544040679932e-01,1.144453231245279312e-02,3.464782238006591797e-01,4.063903391361236572e-01,1.396417524665594101e-02,3.491049110889434814e-01,3.841933608055114746e-01,1.445266138762235641e-02,3.514281511306762695e-01,3.683625459671020508e-01,1.483230479061603546e-02,3.192739188671112061e-01,4.375980198383331299e-01,1.455193758010864258e-02,3.164366781711578369e-01,4.013265371322631836e-01,2.076120488345623016e-02,3.165309131145477295e-01,3.800947666168212891e-01,2.375532686710357666e-02,3.173201680183410645e-01,3.622524440288543701e-01,2.624317817389965057e-02,3.015482127666473389e-01,4.435394704341888428e-01,1.471969950944185257e-02,2.908005118370056152e-01,4.160222709178924561e-01,1.781157590448856354e-02,2.861308157444000244e-01,3.981669843196868896e-01,1.892816647887229919e-02,2.830745279788970947e-01,3.829639554023742676e-01,1.986636407673358917e-02,2.847167253494262695e-01,4.564624726772308350e-01,1.301314868032932281e-02,2.725324928760528564e-01,4.391448497772216797e-01,1.337808743119239807e-02,2.653361558914184570e-01,4.273960292339324951e-01,1.379336975514888763e-02,2.605420649051666260e-01,4.165866971015930176e-01,1.496106106787919998e-02
8.059909939765930176e-01,5.481773614883422852e-01,2.156885869908364839e-07,7.678244113922119141e-01,5.127650499343872070e-01,-1.216400694102048874e-02,7.424362897872924805e-01,4.681346416473388672e-01,-1.334157306700944901e-02,7.316093444824218750e-01,4.237405657768249512e-01,-1.420283038169145584e-02,7.261036038398742676e-01,3.862316012382507324e-01,-1.374911982566118240e-02,7.674068808555603027e-01,4.198511540889739990e-01,1.150061283260583878e-02,7.578301429748535156e-01,3.718008100986480713e-01,7.302836049348115921e-03,7.535499334335327148e-01,3.436771929264068604e-01,4.693343944381922483e-04,7.517311573028564453e-01,3.187110424041748047e-01,-5.140736699104309082e-03,7.922310233116149902e-01,4.160340130329132080e-01,1.195123884826898575e-02,7.890802025794982910e-01,3.658560514450073242e-01,1.036291662603616714e-02,7.883002161979675293e-01,3.352556824684143066e-01,4.341800231486558914e-03,7.881891131401062012e-01,3.115845918655395508e-01,-7.326068007387220860e-04,8.148736357688903809e-01,4.224854409694671631e-01,8.696727454662322998e-03,8.179533481597900391e-01,3.758980035781860352e-01,4.090368747711181641e-03,8.188291788101196289e-01,3.494481444358825684e-01,-3.094958083238452673e-04,8.185681700706481934e-01,3.273833692073822021e-01,-3.431996097788214684e-03,8.381669521331787109e-01,4.369662106037139893e-01,3.688880475237965584e-03,8.462304472923278809e-01,4.015568792819976807e-01,-1.186581910587847233e-03,8.482336997985839844e-01,3.796949982643127441e-01,-3.139155451208353043e-03,8.485701084136962891e-01,3.586398661136627197e-01,-4.367224406450986862e-03,3.163900971412658691e-01,5.421252250671386719e-01,2.608280453841871349e-07,3.495942354202270508e-01,5.175307393074035645e-01,-9.403302334249019623e-03,3.655332624912261963e-01,4.766098260879516602e-01,-7.716697640717029572e-03,3.679261803627014160e-01,4.395858049392700195e-01,-6.093444302678108215e-03,3.708906769752502441e-01,4.135406315326690674e-01,-3.640003269538283348e-03,3.398662805557250977e-01,4.392899572849273682e-01,1.144451275467872620e-02,3.462229371070861816e-01,4.066007733345031738e-01,1.413011923432350159e-02,3.489271700382232666e-01,3.843269050121307373e-01,1.494037918746471405e-02,3.512295782566070557e-01,3.690405488014221191e-01,1.547865010797977448e-02,3.188507556915283203e-01,4.372843503952026367e-01,1.407944411039352417e-02,3.160338401794433594e-01,4.004679024219512939e-01,2.028438076376914978e-02,3.158011436462402344e-01,3.795915544033050537e-01,2.346916310489177704e-02,3.163669705390930176e-01,3.623579442501068115e-01,2.608115971088409424e-02,3.014031946659088135e-01,4.431053698062896729e-01,1.380264107137918472e-02,2.905678451061248779e-01,4.144830703735351562e-01,1.650713011622428894e-02,2.855637371540069580e-01,3.968414962291717529e-01,1.732115633785724640e-02,2.821530401706695557e-01,3.820397257804870605e-01,1.804120093584060669e-02,2.850040197372436523e-01,4.563338160514831543e-01,1.171497628092765808e-02,2.720843255519866943e-01,4.391784965991973877e-01,1.136616058647632599e-02,2.641886174678802490e-01,4.276202619075775146e-01,1.118411682546138763e-02,2.584937810897827148e-01,4.170746505260467529e-01,1.194667629897594452e-02
7.982814908027648926e-01,5.418729782104492188e-01,2.129444709453309770e-07,7.594921588897705078e-01,5.087191462516784668e-01,-1.146608218550682068e-02,7.326510548591613770e-01,4.658910334110260010e-01,-1.278006657958030701e-02,7.215654850006103516e-01,4.221482276916503906e-01,-1.384370308369398117e-02,7.154205441474914551e-01,3.850259482860565186e-01,-1.380703784525394440e-02,7.560949921607971191e-01,4.182704091072082520e-01,9.154722094535827637e-03,7.468941807746887207e-01,3.723246455192565918e-01,4.228466190397739410e-03,7.435264587402343750e-01,3.454734981060028076e-01,-2.542241010814905167e-03,7.416233420372009277e-01,3.213533759117126465e-01,-7.907865568995475769e-03,7.812020182609558105e-01,4.139911830425262451e-01,8.788151666522026062e-03,7.783150076866149902e-01,3.631619811058044434e-01,5.368263460695743561e-03,7.776213288307189941e-01,3.345108032226562500e-01,-1.272310968488454819e-03,7.767470479011535645e-01,3.121197223663330078e-01,-6.465920712798833847e-03,8.040897846221923828e-01,4.193566441535949707e-01,4.995885770767927170e-03,8.072244524955749512e-01,3.718631565570831299e-01,-1.803175313398241997e-03,8.073282241821289062e-01,3.450638055801391602e-01,-7.350802421569824219e-03,8.057386875152587891e-01,3.236828446388244629e-01,-1.079899910837411880e-02,8.280746936798095703e-01,4.318311810493469238e-01,-2.321614447282627225e-04,8.373332619667053223e-01,3.915798664093017578e-01,-6.481817457824945450e-03,8.416673541069030762e-01,3.686544299125671387e-01,-9.007887914776802063e-03,8.431753516197204590e-01,3.479284644126892090e-01,-1.047430187463760376e-02,3.136582672595977783e-01,5.412009954452514648e-01,2.540538446282880614e-07,3.456514477729797363e-01,5.161459445953369141e-01,-8.745108731091022491e-03,3.620935678482055664e-01,4.767550230026245117e-01,-6.754692178219556808e-03,3.657725453376770020e-01,4.412377476692199707e-01,-4.847879055887460709e-03,3.684488534927368164e-01,4.161288142204284668e-01,-2.252236241474747658e-03,3.362200260162353516e-01,4.398284554481506348e-01,1.060927752405405045e-02,3.431544601917266846e-01,4.062745571136474609e-01,1.280204020440578461e-02,3.464187383651733398e-01,3.845861852169036865e-01,1.290525123476982117e-02,3.490428328514099121e-01,3.680056035518646240e-01,1.280834339559078217e-02,3.160285353660583496e-01,4.376392364501953125e-01,1.308825332671403885e-02,3.140557110309600830e-01,4.021510481834411621e-01,1.829392090439796448e-02,3.140146136283874512e-01,3.805390596389770508e-01,2.000229246914386749e-02,3.146278560161590576e-01,3.624770045280456543e-01,2.118545584380626678e-02,2.988750934600830078e-01,4.438816308975219727e-01,1.287920214235782623e-02,2.878212034702301025e-01,4.164145588874816895e-01,1.548414863646030426e-02,2.827883362770080566e-01,3.990739583969116211e-01,1.517371274530887604e-02,2.797077894210815430e-01,3.837495446205139160e-01,1.472158916294574738e-02,2.826065123081207275e-01,4.576404988765716553e-01,1.098991744220256805e-02,2.700008451938629150e-01,4.401895701885223389e-01,1.108949538320302963e-02,2.622346878051757812e-01,4.278992712497711182e-01,1.056283619254827499e-02,2.567522227764129639e-01,4.164596796035766602e-01,1.065764762461185455e-02
7.984574437141418457e-01,5.422616004943847656e-01,2.098793032700996264e-07,7.607721686363220215e-01,5.091103315353393555e-01,-1.250140462070703506e-02,7.331479191780090332e-01,4.662450551986694336e-01,-1.469303481280803680e-02,7.197302579879760742e-01,4.239028096199035645e-01,-1.633441634476184845e-02,7.137835025787353516e-01,3.868989646434783936e-01,-1.680112071335315704e-02,7.578457593917846680e-01,4.177125096321105957e-01,6.924703717231750488e-03,7.487261295318603516e-01,3.723141551017761230e-01,1.307377126067876816e-03,7.450425624847412109e-01,3.455333113670349121e-01,-5.769721232354640961e-03,7.432543635368347168e-01,3.214261233806610107e-01,-1.139189023524522781e-02,7.824567556381225586e-01,4.137428998947143555e-01,7.052846252918243408e-03,7.796615958213806152e-01,3.651723861694335938e-01,3.323270706459879875e-03,7.791257500648498535e-01,3.361529707908630371e-01,-3.225740976631641388e-03,7.787097692489624023e-01,3.129548430442810059e-01,-8.442134596407413483e-03,8.049734830856323242e-01,4.199135005474090576e-01,3.747887909412384033e-03,8.080925941467285156e-01,3.750232458114624023e-01,-3.340939525514841080e-03,8.085756897926330566e-01,3.484007716178894043e-01,-8.720956742763519287e-03,8.077013492584228516e-01,3.262652754783630371e-01,-1.213199831545352936e-02,8.280599117279052734e-01,4.330884218215942383e-01,-1.012367662042379379e-03,8.368722796440124512e-01,3.960678279399871826e-01,-7.741297129541635513e-03,8.408269882202148438e-01,3.737311661243438721e-01,-1.044611725956201553e-02,8.428571224212646484e-01,3.526199460029602051e-01,-1.206265483051538467e-02,3.144654333591461182e-01,5.407745838165283203e-01,2.704378800899576163e-07,3.466247022151947021e-01,5.157813429832458496e-01,-9.554078802466392517e-03,3.633611202239990234e-01,4.763573408126831055e-01,-8.277351036667823792e-03,3.662538528442382812e-01,4.401473999023437500e-01,-6.984946317970752716e-03,3.684631288051605225e-01,4.143129885196685791e-01,-4.971373826265335083e-03,3.366327881813049316e-01,4.394327700138092041e-01,1.022407039999961853e-02,3.430139124393463135e-01,4.061057269573211670e-01,1.219555642455816269e-02,3.461960256099700928e-01,3.841942846775054932e-01,1.237463951110839844e-02,3.490617871284484863e-01,3.684236705303192139e-01,1.253575459122657776e-02,3.160215318202972412e-01,4.377909600734710693e-01,1.299899537116289139e-02,3.135776519775390625e-01,4.019885361194610596e-01,1.827728375792503357e-02,3.136394917964935303e-01,3.807880282402038574e-01,2.054937370121479034e-02,3.145519793033599854e-01,3.632377088069915771e-01,2.246056310832500458e-02,2.986921668052673340e-01,4.439908862113952637e-01,1.296949014067649841e-02,2.872623503208160400e-01,4.161905348300933838e-01,1.539062801748514175e-02,2.820507586002349854e-01,3.984930813312530518e-01,1.575068756937980652e-02,2.789893150329589844e-01,3.830781579017639160e-01,1.610154658555984497e-02,2.821222245693206787e-01,4.577848613262176514e-01,1.117257028818130493e-02,2.691836953163146973e-01,4.396693110466003418e-01,1.101360842585563660e-02,2.614338099956512451e-01,4.271025657653808594e-01,1.082010008394718170e-02,2.562294006347656250e-01,4.154228270053863525e-01,1.146262697875499725e-02
7.817927598953247070e-01,5.347468256950378418e-01,2.126032399019095465e-07,7.432811856269836426e-01,5.032886862754821777e-01,-1.096324436366558075e-02,7.163138985633850098e-01,4.614240229129791260e-01,-1.060743629932403564e-02,7.042967677116394043e-01,4.207511544227600098e-01,-9.884845465421676636e-03,6.968826055526733398e-01,3.876995742321014404e-01,-7.963076233863830566e-03,7.417939901351928711e-01,4.166902601718902588e-01,1.090779341757297516e-02,7.316679358482360840e-01,3.728587031364440918e-01,8.746319450438022614e-03,7.269301414489746094e-01,3.477435410022735596e-01,4.021959844976663589e-03,7.236011624336242676e-01,3.254899680614471436e-01,1.102655442082323134e-04,7.656399011611938477e-01,4.116391837596893311e-01,1.172975171357393265e-02,7.629916071891784668e-01,3.636084198951721191e-01,1.199013553559780121e-02,7.614854574203491211e-01,3.358128070831298828e-01,7.770806085318326950e-03,7.604783773422241211e-01,3.145321309566497803e-01,4.123419523239135742e-03,7.876259684562683105e-01,4.158504605293273926e-01,9.205307811498641968e-03,7.890179753303527832e-01,3.732228279113769531e-01,6.991190835833549500e-03,7.892209887504577637e-01,3.497819602489471436e-01,3.775350051000714302e-03,7.892546057701110840e-01,3.312259912490844727e-01,1.370746642351150513e-03,8.100159764289855957e-01,4.264539778232574463e-01,5.001919809728860855e-03,8.163331151008605957e-01,3.928575515747070312e-01,3.038857597857713699e-03,8.196056485176086426e-01,3.733948469161987305e-01,2.546660136431455612e-03,8.225843906402587891e-01,3.562679886817932129e-01,2.151487627997994423e-03,3.063607513904571533e-01,5.388911962509155273e-01,2.602612312330165878e-07,3.390088081359863281e-01,5.155333280563354492e-01,-1.015787292271852493e-02,3.558516502380371094e-01,4.744436442852020264e-01,-8.643649518489837646e-03,3.604123592376708984e-01,4.381828904151916504e-01,-6.546187680214643478e-03,3.639863133430480957e-01,4.130822122097015381e-01,-3.662432776764035225e-03,3.307139277458190918e-01,4.378770291805267334e-01,6.489020772278308868e-03,3.376292586326599121e-01,4.027501940727233887e-01,7.469759322702884674e-03,3.407683074474334717e-01,3.803017735481262207e-01,6.578959990292787552e-03,3.430174589157104492e-01,3.628611266613006592e-01,5.720876622945070267e-03,3.101777434349060059e-01,4.355907738208770752e-01,9.353022091090679169e-03,3.080070316791534424e-01,3.979026973247528076e-01,1.319347135722637177e-02,3.077590763568878174e-01,3.750949501991271973e-01,1.358621008694171906e-02,3.075037002563476562e-01,3.571937084197998047e-01,1.366605982184410095e-02,2.926962971687316895e-01,4.423271119594573975e-01,9.736107662320137024e-03,2.821197509765625000e-01,4.133151173591613770e-01,1.131735183298587799e-02,2.767720520496368408e-01,3.960719406604766846e-01,9.842118248343467712e-03,2.729711830615997314e-01,3.809303939342498779e-01,8.454963564872741699e-03,2.761823534965515137e-01,4.568423628807067871e-01,8.491926826536655426e-03,2.645454108715057373e-01,4.386830329895019531e-01,8.146820589900016785e-03,2.575817108154296875e-01,4.262847304344177246e-01,7.231675554066896439e-03,2.524197101593017578e-01,4.145487546920776367e-01,6.800447590649127960e-03
7.817927598953247070e-01,5.347468256950378418e-01,2.126032399019095465e-07,7.432811856269836426e-01,5.032886862754821777e-01,-1.096324436366558075e-02,7.163138985633850098e-01,4.614240229129791260e-01,-1.060743629932403564e-02,7.042967677116394043e-01,4.207511544227600098e-01,-9.884845465421676636e-03,6.968826055526733398e-01,3.876995742321014404e-01,-7.963076233863830566e-03,7.417939901351928711e-01,4.166902601718902588e-01,1.090779341757297516e-02,7.316679358482360840e-01,3.728587031364440918e-01,8.746319450438022614e-03,7.269301414489746094e-01,3.477435410022735596e-01,4.021959844976663589e-03,7.236011624336242676e-01,3.254899680614471436e-01,1.102655442082323134e-04,7.656399011611938477e-01,4.116391837596893311e-01,1.172975171357393265e-02,7.629916071891784668e-01,3.636084198951721191e-01,1.199013553559780121e-02,7.614854574203491211e-01,3.358128070831298828e-01,7.770806085318326950e-03,7.604783773422241211e-01,3.145321309566497803e-01,4.123419523239135742e-03,7.876259684562683105e-01,4.158504605293273926e-01,9.205307811498641968e-03,7.890179753303527832e-01,3.732228279113769531e-01,6.991190835833549500e-03,7.892209887504577637e-01,3.497819602489471436e-01,3.775350051000714302e-03,7.892546057701110840e-01,3.312259912490844727e-01,1.370746642351150513e-03,8.100159764289855957e-01,4.264539778232574463e-01,5.001919809728860855e-03,8.163331151008605957e-01,3.928575515747070312e-01,3.038857597857713699e-03,8.196056485176086426e-01,3.733948469161987305e-01,2.546660136431455612e-03,8.225843906402587891e-01,3.562679886817932129e-01,2.151487627997994423e-03,3.063607513904571533e-01,5.388911962509155273e-01,2.602612312330165878e-07,3.390088081359863281e-01,5.155333280563354492e-01,-1.015787292271852493e-02,3.558516502380371094e-01,4.744436442852020264e-01,-8.643649518489837646e-03,3.604123592376708984e-01,4.381828904151916504e-01,-6.546187680214643478e-03,3.639863133430480957e-01,4.130822122097015381e-01,-3.662432776764035225e-03,3.307139277458190918e-01,4.378770291805267334e-01,6.489020772278308868e-03,3.376292586326599121e-01,4.027501940727233887e-01,7.469759322702884674e-03,3.407683074474334717e-01,3.803017735481262207e-01,6.578959990292787552e-03,3.430174589157104492e-01,3.628611266613006592e-01,5.720876622945070267e-03,3.101777434349060059e-01,4.355907738208770752e-01,9.353022091090679169e-03,3.080070316791534424e-01,3.979026973247528076e-01,1.319347135722637177e-02,3.077590763568878174e-01,3.750949501991271973e-01,1.358621008694171906e-02,3.075037002563476562e-01,3.571937084197998047e-01,1.366605982184410095e-02,2.926962971687316895e-01,4.423271119594573975e-01,9.736107662320137024e-03,2.821197509765625000e-01,4.133151173591613770e-01,1.131735183298587799e-02,2.767720520496368408e-01,3.960719406604766846e-01,9.842118248343467712e-03,2.729711830615997314e-01,3.809303939342498779e-01,8.454963564872741699e-03,2.761823534965515137e-01,4.568423628807067871e-01,8.491926826536655426e-03,2.645454108715057373e-01,4.386830329895019531e-01,8.146820589900016785e-03,2.575817108154296875e-01,4.262847304344177246e-01,7.231675554066896439e-03,2.524197101593017578e-01,4.145487546920776367e-01,6.800447590649127960e-03
7.735514044761657715e-01,5.286744832992553711e-01,1.917747738389152801e-07,7.355363368988037109e-01,4.987273514270782471e-01,-1.029243040829896927e-02,7.093978524208068848e-01,4.602445363998413086e-01,-1.027183327823877335e-02,6.981699466705322266e-01,4.206548929214477539e-01,-1.006182841956615448e-02,6.914399266242980957e-01,3.875339627265930176e-01,-8.713734336197376251e-03,7.329320907592773438e-01,4.154680967330932617e-01,1.203862484544515610e-02,7.235614657402038574e-01,3.735181391239166260e-01,9.569054469466209412e-03,7.193332314491271973e-01,3.491539359092712402e-01,4.421113990247249603e-03,7.169666290283203125e-01,3.274063467979431152e-01,2.416570641798898578e-04,7.571203708648681641e-01,4.106149375438690186e-01,1.247777324169874191e-02,7.538059353828430176e-01,3.640264868736267090e-01,1.229396928101778030e-02,7.520781755447387695e-01,3.375895619392395020e-01,7.676034700125455856e-03,7.511702775955200195e-01,3.169615864753723145e-01,3.759262850508093834e-03,7.788928747177124023e-01,4.146442413330078125e-01,9.611319750547409058e-03,7.807285189628601074e-01,3.714912533760070801e-01,6.405305117368698120e-03,7.807018160820007324e-01,3.484247028827667236e-01,2.942112740129232407e-03,7.802370190620422363e-01,3.300059437751770020e-01,5.796912009827792645e-04,8.012676239013671875e-01,4.247736036777496338e-01,5.239167716354131699e-03,8.081231713294982910e-01,3.906749188899993896e-01,2.308798255398869514e-03,8.106037974357604980e-01,3.716658353805541992e-01,1.695564831607043743e-03,8.121954202651977539e-01,3.543433248996734619e-01,1.410015160217881203e-03,3.039694130420684814e-01,5.398830771446228027e-01,2.377047110257990425e-07,3.361136615276336670e-01,5.139555931091308594e-01,-9.415860287845134735e-03,3.531665802001953125e-01,4.740504324436187744e-01,-7.788090500980615616e-03,3.572573065757751465e-01,4.384769797325134277e-01,-5.862065590918064117e-03,3.604339659214019775e-01,4.125247001647949219e-01,-3.289206884801387787e-03,3.273749649524688721e-01,4.387312233448028564e-01,6.993484683334827423e-03,3.340587615966796875e-01,4.029879868030548096e-01,7.251883856952190399e-03,3.371191322803497314e-01,3.806527853012084961e-01,5.390092730522155762e-03,3.395335674285888672e-01,3.619281053543090820e-01,3.558727214112877846e-03,3.076377511024475098e-01,4.368063509464263916e-01,8.827218785881996155e-03,3.060231208801269531e-01,3.992708921432495117e-01,1.090237312018871307e-02,3.054890632629394531e-01,3.750813603401184082e-01,8.774065412580966949e-03,3.052381575107574463e-01,3.548533320426940918e-01,6.667517125606536865e-03,2.901734113693237305e-01,4.434153735637664795e-01,8.283710107207298279e-03,2.802917361259460449e-01,4.133509099483489990e-01,7.778173312544822693e-03,2.743088304996490479e-01,3.953350186347961426e-01,4.041378851979970932e-03,2.704052031040191650e-01,3.792391121387481689e-01,1.018224400468170643e-03,2.738416194915771484e-01,4.568903744220733643e-01,6.334337871521711349e-03,2.619085311889648438e-01,4.358081221580505371e-01,4.328982904553413391e-03,2.551187872886657715e-01,4.228614866733551025e-01,2.178211929276585579e-03,2.506600320339202881e-01,4.105101525783538818e-01,6.728802691213786602e-04
7.538070678710937500e-01,5.232649445533752441e-01,2.197840416329199797e-07,7.149019837379455566e-01,4.940535426139831543e-01,-5.476563237607479095e-03,6.893706321716308594e-01,4.591702520847320557e-01,-4.265173920430243015e-04,6.772055625915527344e-01,4.237046539783477783e-01,3.588111139833927155e-03,6.692620515823364258e-01,3.931921422481536865e-01,8.626604452729225159e-03,7.130296826362609863e-01,4.190686643123626709e-01,2.857034280896186829e-02,7.027959823608398438e-01,3.791323304176330566e-01,3.389240056276321411e-02,6.991608738899230957e-01,3.565934598445892334e-01,3.235604986548423767e-02,6.968091130256652832e-01,3.365248739719390869e-01,3.007090091705322266e-02,7.360252141952514648e-01,4.127234816551208496e-01,2.868925034999847412e-02,7.327789664268493652e-01,3.700711131095886230e-01,3.623725101351737976e-02,7.318589091300964355e-01,3.449723720550537109e-01,3.318414092063903809e-02,7.315013408660888672e-01,3.277425765991210938e-01,2.990853413939476013e-02,7.564264535903930664e-01,4.145224392414093018e-01,2.526273578405380249e-02,7.586690783500671387e-01,3.761794865131378174e-01,2.930702641606330872e-02,7.594981193542480469e-01,3.548838794231414795e-01,2.710308693349361420e-02,7.605943083763122559e-01,3.390525579452514648e-01,2.487471885979175568e-02,7.780178785324096680e-01,4.228936135768890381e-01,2.028022706508636475e-02,7.842606306076049805e-01,3.922248482704162598e-01,2.317531965672969818e-02,7.867703437805175781e-01,3.751110434532165527e-01,2.400320582091808319e-02,7.894017100334167480e-01,3.604849576950073242e-01,2.420802786946296692e-02,2.905358970165252686e-01,5.359335541725158691e-01,2.758404775704548229e-07,3.224003314971923828e-01,5.133386850357055664e-01,-1.044915057718753815e-02,3.410128951072692871e-01,4.755796492099761963e-01,-9.686728939414024353e-03,3.443892300128936768e-01,4.385791420936584473e-01,-8.091948926448822021e-03,3.466178178787231445e-01,4.117729067802429199e-01,-5.817240569740533829e-03,3.161591291427612305e-01,4.368235468864440918e-01,4.010735545307397842e-03,3.222348392009735107e-01,3.995316326618194580e-01,3.026851452887058258e-03,3.257291316986083984e-01,3.767499923706054688e-01,6.234026513993740082e-04,3.282990157604217529e-01,3.579143285751342773e-01,-1.143073779530823231e-03,2.948730885982513428e-01,4.342153668403625488e-01,6.584346294403076172e-03,2.942476272583007812e-01,3.937878608703613281e-01,7.999830879271030426e-03,2.948431670665740967e-01,3.703551888465881348e-01,6.348689552396535873e-03,2.953253686428070068e-01,3.519319593906402588e-01,5.075618159025907516e-03,2.765131592750549316e-01,4.401955306529998779e-01,6.918611936271190643e-03,2.663100361824035645e-01,4.093036949634552002e-01,6.177815608680248260e-03,2.620151638984680176e-01,3.901062309741973877e-01,3.594531444832682610e-03,2.598892748355865479e-01,3.739273548126220703e-01,1.758006983436644077e-03,2.593162655830383301e-01,4.536487162113189697e-01,5.822250619530677795e-03,2.499763369560241699e-01,4.319257140159606934e-01,4.500675946474075317e-03,2.458378672599792480e-01,4.192574322223663330e-01,3.806676017120480537e-03,2.438581883907318115e-01,4.077746272087097168e-01,3.627662779763340950e-03
7.406595349311828613e-01,5.161560773849487305e-01,1.716879438617979758e-07,7.027657032012939453e-01,4.924952089786529541e-01,-6.856432650238275528e-03,6.787045598030090332e-01,4.598444104194641113e-01,-3.665998578071594238e-03,6.669584512710571289e-01,4.266533255577087402e-01,-1.052553881891071796e-03,6.578108072280883789e-01,4.000827074050903320e-01,2.440223004668951035e-03,7.038491368293762207e-01,4.223909974098205566e-01,1.923146471381187439e-02,6.937431693077087402e-01,3.864496946334838867e-01,2.047206275165081024e-02,6.889532208442687988e-01,3.641217350959777832e-01,1.745135150849819183e-02,6.859843134880065918e-01,3.451400399208068848e-01,1.460756734013557434e-02,7.259308695793151855e-01,4.158500134944915771e-01,1.923819817602634430e-02,7.225254774093627930e-01,3.752732872962951660e-01,2.234665863215923309e-02,7.207350134849548340e-01,3.513020873069763184e-01,1.886595785617828369e-02,7.199309468269348145e-01,3.335114121437072754e-01,1.571319252252578735e-02,7.461761236190795898e-01,4.167252779006958008e-01,1.603904552757740021e-02,7.474411129951477051e-01,3.794142603874206543e-01,1.565420441329479218e-02,7.476256489753723145e-01,3.588852286338806152e-01,1.230275258421897888e-02,7.478643655776977539e-01,3.430275917053222656e-01,9.922708384692668915e-03,7.665745019912719727e-01,4.231480360031127930e-01,1.150630507618188858e-02,7.722999453544616699e-01,3.924161195755004883e-01,1.097267866134643555e-02,7.747427821159362793e-01,3.753272294998168945e-01,1.085378974676132202e-02,7.768846154212951660e-01,3.603276908397674561e-01,1.070571318268775940e-02,2.793388664722442627e-01,5.356944799423217773e-01,2.670594483333843527e-07,3.122716248035430908e-01,5.115802288055419922e-01,-9.618719108402729034e-03,3.315067291259765625e-01,4.757165014743804932e-01,-8.676678873598575592e-03,3.380450010299682617e-01,4.393672347068786621e-01,-7.250496651977300644e-03,3.415438532829284668e-01,4.134987592697143555e-01,-5.114845931529998779e-03,3.094199001789093018e-01,4.368808269500732422e-01,7.301627658307552338e-03,3.165863156318664551e-01,3.991503417491912842e-01,7.008765358477830887e-03,3.202463984489440918e-01,3.763953447341918945e-01,4.535531159490346909e-03,3.231574892997741699e-01,3.572813272476196289e-01,2.593728713691234589e-03,2.883035242557525635e-01,4.331326782703399658e-01,9.833430871367454529e-03,2.878800928592681885e-01,3.934033215045928955e-01,1.215911097824573517e-02,2.880503237247467041e-01,3.702786862850189209e-01,1.010784227401018143e-02,2.883759438991546631e-01,3.509519100189208984e-01,8.268701843917369843e-03,2.693457007408142090e-01,4.381963312625885010e-01,1.008397154510021210e-02,2.604881823062896729e-01,4.079326093196868896e-01,1.086015719920396805e-02,2.563636302947998047e-01,3.886240124702453613e-01,8.176938630640506744e-03,2.542164921760559082e-01,3.723241090774536133e-01,5.754926707595586777e-03,2.517026662826538086e-01,4.507238864898681641e-01,8.851976133882999420e-03,2.425754368305206299e-01,4.309326410293579102e-01,8.942992426455020905e-03,2.382015585899353027e-01,4.188056290149688721e-01,8.579335175454616547e-03,2.358218133449554443e-01,4.079277515411376953e-01,8.331886492669582367e-03
7.406595349311828613e-01,5.161560773849487305e-01,1.716879438617979758e-07,7.027657032012939453e-01,4.924952089786529541e-01,-6.856432650238275528e-03,6.787045598030090332e-01,4.598444104194641113e-01,-3.665998578071594238e-03,6.669584512710571289e-01,4.266533255577087402e-01,-1.052553881891071796e-03,6.578108072280883789e-01,4.000827074050903320e-01,2.440223004668951035e-03,7.038491368293762207e-01,4.223909974098205566e-01,1.923146471381187439e-02,6.937431693077087402e-01,3.864496946334838867e-01,2.047206275165081024e-02,6.889532208442687988e-01,3.641217350959777832e-01,1.745135150849819183e-02,6.859843134880065918e-01,3.451400399208068848e-01,1.460756734013557434e-02,7.259308695793151855e-01,4.158500134944915771e-01,1.923819817602634430e-02,7.225254774093627930e-01,3.752732872962951660e-01,2.234665863215923309e-02,7.207350134849548340e-01,3.513020873069763184e-01,1.886595785617828369e-02,7.199309468269348145e-01,3.335114121437072754e-01,1.571319252252578735e-02,7.461761236190795898e-01,4.167252779006958008e-01,1.603904552757740021e-02,7.474411129951477051e-01,3.794142603874206543e-01,1.565420441329479218e-02,7.476256489753723145e-01,3.588852286338806152e-01,1.230275258421897888e-02,7.478643655776977539e-01,3.430275917053222656e-01,9.922708384692668915e-03,7.665745019912719727e-01,4.231480360031127930e-01,1.150630507618188858e-02,7.722999453544616699e-01,3.924161195755004883e-01,1.097267866134643555e-02,7.747427821159362793e-01,3.753272294998168945e-01,1.085378974676132202e-02,7.768846154212951660e-01,3.603276908397674561e-01,1.070571318268775940e-02,2.793388664722442627e-01,5.356944799423217773e-01,2.670594483333843527e-07,3.122716248035430908e-01,5.115802288055419922e-01,-9.618719108402729034e-03,3.315067291259765625e-01,4.757165014743804932e-01,-8.676678873598575592e-03,3.380450010299682617e-01,4.393672347068786621e-01,-7.250496651977300644e-03,3.415438532829284668e-01,4.134987592697143555e-01,-5.114845931529998779e-03,3.094199001789093018e-01,4.368808269500732422e-01,7.301627658307552338e-03,3.165863156318664551e-01,3.991503417491912842e-01,7.008765358477830887e-03,3.202463984489440918e-01,3.763953447341918945e-01,4.535531159490346909e-03,3.231574892997741699e-01,3.572813272476196289e-01,2.593728713691234589e-03,2.883035242557525635e-01,4.331326782703399658e-01,9.833430871367454529e-03,2.878800928592681885e-01,3.934033215045928955e-01,1.215911097824573517e-02,2.880503237247467041e-01,3.702786862850189209e-01,1.010784227401018143e-02,2.883759438991546631e-01,3.509519100189208984e-01,8.268701843917369843e-03,2.693457007408142090e-01,4.381963312625885010e-01,1.008397154510021210e-02,2.604881823062896729e-01,4.079326093196868896e-01,1.086015719920396805e-02,2.563636302947998047e-01,3.886240124702453613e-01,8.176938630640506744e-03,2.542164921760559082e-01,3.723241090774536133e-01,5.754926707595586777e-03,2.517026662826538086e-01,4.507238864898681641e-01,8.851976133882999420e-03,2.425754368305206299e-01,4.309326410293579102e-01,8.942992426455020905e-03,2.382015585899353027e-01,4.188056290149688721e-01,8.579335175454616547e-03,2.358218133449554443e-01,4.079277515411376953e-01,8.331886492669582367e-03
7.226814627647399902e-01,5.136907100677490234e-01,1.419829942506112275e-07,6.868874430656433105e-01,4.953834116458892822e-01,-4.233716521412134171e-03,6.636673212051391602e-01,4.666631519794464111e-01,-1.911833824124187231e-04,6.525409221649169922e-01,4.368399679660797119e-01,2.687553875148296356e-03,6.435666084289550781e-01,4.129860997200012207e-01,6.131323985755443573e-03,6.876469254493713379e-01,4.292201995849609375e-01,2.092219702899456024e-02,6.780909895896911621e-01,3.966765403747558594e-01,2.309415489435195923e-02,6.732422709465026855e-01,3.763468563556671143e-01,2.066058665513992310e-02,6.700545549392700195e-01,3.593339920043945312e-01,1.819459348917007446e-02,7.082524895668029785e-01,4.218531548976898193e-01,1.986399106681346893e-02,7.048513889312744141e-01,3.852572143077850342e-01,2.363977394998073578e-02,7.024970650672912598e-01,3.625002205371856689e-01,2.015287987887859344e-02,7.014911174774169922e-01,3.460237979888916016e-01,1.687436178326606750e-02,7.276861667633056641e-01,4.210197329521179199e-01,1.596579514443874359e-02,7.290472388267517090e-01,3.865079283714294434e-01,1.658331416547298431e-02,7.291879653930664062e-01,3.674556314945220947e-01,1.347425952553749084e-02,7.297061085700988770e-01,3.534696996212005615e-01,1.109948381781578064e-02,7.471551895141601562e-01,4.251281619071960449e-01,1.094253920018672943e-02,7.524476051330566406e-01,3.966379761695861816e-01,1.136723347008228302e-02,7.548891901969909668e-01,3.798055946826934814e-01,1.152423582971096039e-02,7.574700713157653809e-01,3.658370375633239746e-01,1.147218327969312668e-02,2.589177489280700684e-01,5.328335165977478027e-01,3.013553566688642604e-07,2.930530905723571777e-01,5.111088752746582031e-01,-1.267930306494235992e-02,3.147168159484863281e-01,4.756417274475097656e-01,-1.236323174089193344e-02,3.242040872573852539e-01,4.365494549274444580e-01,-1.092229969799518585e-02,3.285346329212188721e-01,4.075661003589630127e-01,-8.632640354335308075e-03,2.927064895629882812e-01,4.366760849952697754e-01,7.244742941111326218e-03,3.011381328105926514e-01,3.985303640365600586e-01,8.543454110622406006e-03,3.044986426830291748e-01,3.754720687866210938e-01,7.096138782799243927e-03,3.068950772285461426e-01,3.564577400684356689e-01,6.172822788357734680e-03,2.715547084808349609e-01,4.333838820457458496e-01,1.251737773418426514e-02,2.718505263328552246e-01,3.939733505249023438e-01,1.844352670013904572e-02,2.723855674266815186e-01,3.712513148784637451e-01,1.910669356584548950e-02,2.731992304325103760e-01,3.527985811233520508e-01,1.921596378087997437e-02,2.521763443946838379e-01,4.377325475215911865e-01,1.515997759997844696e-02,2.446061074733734131e-01,4.067012965679168701e-01,1.995599269866943359e-02,2.417052090167999268e-01,3.874240219593048096e-01,2.109317481517791748e-02,2.402065545320510864e-01,3.727628588676452637e-01,2.124388329684734344e-02,2.339313328266143799e-01,4.491784572601318359e-01,1.569852977991104126e-02,2.267841845750808716e-01,4.280734360218048096e-01,1.939338631927967072e-02,2.236506491899490356e-01,4.157656431198120117e-01,2.207304723560810089e-02,2.220070660114288330e-01,4.065465331077575684e-01,2.420193515717983246e-02
7.226814627647399902e-01,5.136907100677490234e-01,1.419829942506112275e-07,6.868874430656433105e-01,4.953834116458892822e-01,-4.233716521412134171e-03,6.636673212051391602e-01,4.666631519794464111e-01,-1.911833824124187231e-04,6.525409221649169922e-01,4.368399679660797119e-01,2.687553875148296356e-03,6.435666084289550781e-01,4.129860997200012207e-01,6.131323985755443573e-03,6.876469254493713379e-01,4.292201995849609375e-01,2.092219702899456024e-02,6.780909895896911621e-01,3.966765403747558594e-01,2.309415489435195923e-02,6.732422709465026855e-01,3.763468563556671143e-01,2.066058665513992310e-02,6.700545549392700195e-01,3.593339920043945312e-01,1.819459348917007446e-02,7.082524895668029785e-01,4.218531548976898193e-01,1.986399106681346893e-02,7.048513889312744141e-01,3.852572143077850342e-01,2.363977394998073578e-02,7.024970650672912598e-01,3.625002205371856689e-01,2.015287987887859344e-02,7.014911174774169922e-01,3.460237979888916016e-01,1.687436178326606750e-02,7.276861667633056641e-01,4.210197329521179199e-01,1.596579514443874359e-02,7.290472388267517090e-01,3.865079283714294434e-01,1.658331416547298431e-02,7.291879653930664062e-01,3.674556314945220947e-01,1.347425952553749084e-02,7.297061085700988770e-01,3.534696996212005615e-01,1.109948381781578064e-02,7.471551895141601562e-01,4.251281619071960449e-01,1.094253920018672943e-02,7.524476051330566406e-01,3.966379761695861816e-01,1.136723347008228302e-02,7.548891901969909668e-01,3.798055946826934814e-01,1.152423582971096039e-02,7.574700713157653809e-01,3.658370375633239746e-01,1.147218327969312668e-02,2.589177489280700684e-01,5.328335165977478027e-01,3.013553566688642604e-07,2.930530905723571777e-01,5.111088752746582031e-01,-1.267930306494235992e-02,3.147168159484863281e-01,4.756417274475097656e-01,-1.236323174089193344e-02,3.242040872573852539e-01,4.365494549274444580e-01,-1.092229969799518585e-02,3.285346329212188721e-01,4.075661003589630127e-01,-8.632640354335308075e-03,2.927064895629882812e-01,4.366760849952697754e-01,7.244742941111326218e-03,3.011381328105926514e-01,3.985303640365600586e-01,8.543454110622406006e-03,3.044986426830291748e-01,3.754720687866210938e-01,7.096138782799243927e-03,3.068950772285461426e-01,3.564577400684356689e-01,6.172822788357734680e-03,2.715547084808349609e-01,4.333838820457458496e-01,1.251737773418426514e-02,2.718505263328552246e-01,3.939733505249023438e-01,1.844352670013904572e-02,2.723855674266815186e-01,3.712513148784637451e-01,1.910669356584548950e-02,2.731992304325103760e-01,3.527985811233520508e-01,1.921596378087997437e-02,2.521763443946838379e-01,4.377325475215911865e-01,1.515997759997844696e-02,2.446061074733734131e-01,4.067012965679168701e-01,1.995599269866943359e-02,2.417052090167999268e-01,3.874240219593048096e-01,2.109317481517791748e-02,2.402065545320510864e-01,3.727628588676452637e-01,2.124388329684734344e-02,2.339313328266143799e-01,4.491784572601318359e-01,1.569852977991104126e-02,2.267841845750808716e-01,4.280734360218048096e-01,1.939338631927967072e-02,2.236506491899490356e-01,4.157656431198120117e-01,2.207304723560810089e-02,2.220070660114288330e-01,4.065465331077575684e-01,2.420193515717983246e-02
7.125958800315856934e-01,5.116616487503051758e-01,1.452962123948964290e-07,6.753215193748474121e-01,4.969952404499053955e-01,-1.274744572583585978e-04,6.533548831939697266e-01,4.729028940200805664e-01,7.817802019417285919e-03,6.419774293899536133e-01,4.477495551109313965e-01,1.362052466720342636e-02,6.341171264648437500e-01,4.254543781280517578e-01,2.006194368004798889e-02,6.771032214164733887e-01,4.394597113132476807e-01,3.486171364784240723e-02,6.668635606765747070e-01,4.098974466323852539e-01,4.351311549544334412e-02,6.613966822624206543e-01,3.904411494731903076e-01,4.427198693156242371e-02,6.577370166778564453e-01,3.747073411941528320e-01,4.362050816416740417e-02,6.967732906341552734e-01,4.301508367061614990e-01,3.366702795028686523e-02,6.936077475547790527e-01,3.963508605957031250e-01,4.465464502573013306e-02,6.906140446662902832e-01,3.744797706604003906e-01,4.349248856306076050e-02,6.888018250465393066e-01,3.592335581779479980e-01,4.138746112585067749e-02,7.154433131217956543e-01,4.270797371864318848e-01,2.939280495047569275e-02,7.165778279304504395e-01,3.953997790813446045e-01,3.641398251056671143e-02,7.159812450408935547e-01,3.770365417003631592e-01,3.544500097632408142e-02,7.165401577949523926e-01,3.637839853763580322e-01,3.386180847883224487e-02,7.352383136749267578e-01,4.290483295917510986e-01,2.395633980631828308e-02,7.394298315048217773e-01,4.014531970024108887e-01,2.954703196883201599e-02,7.409448027610778809e-01,3.857729434967041016e-01,3.189489245414733887e-02,7.431145310401916504e-01,3.726342916488647461e-01,3.300077840685844421e-02,2.441642880439758301e-01,5.356293916702270508e-01,2.632795599311066326e-07,2.770608961582183838e-01,5.118039250373840332e-01,-1.179188117384910583e-02,2.995111942291259766e-01,4.753932058811187744e-01,-1.146328169852495193e-02,3.090263903141021729e-01,4.382989108562469482e-01,-1.010980736464262009e-02,3.112131059169769287e-01,4.103778004646301270e-01,-8.154549635946750641e-03,2.780066728591918945e-01,4.376496672630310059e-01,2.571299904957413673e-03,2.870512902736663818e-01,3.990214467048645020e-01,8.615076076239347458e-04,2.905313670635223389e-01,3.761453032493591309e-01,-2.696756972000002861e-03,2.927987873554229736e-01,3.558727800846099854e-01,-5.424472503364086151e-03,2.574878931045532227e-01,4.340832233428955078e-01,5.370632745325565338e-03,2.588928937911987305e-01,3.919474780559539795e-01,5.612226668745279312e-03,2.604893147945404053e-01,3.666130006313323975e-01,1.701098750345408916e-03,2.621236443519592285e-01,3.460422158241271973e-01,-1.599525683559477329e-03,2.383171766996383667e-01,4.394030869007110596e-01,6.042911671102046967e-03,2.309165149927139282e-01,4.072864949703216553e-01,5.168389063328504562e-03,2.268973737955093384e-01,3.869433999061584473e-01,1.747086294926702976e-03,2.248328179121017456e-01,3.707720339298248291e-01,-1.015814254060387611e-03,2.192427664995193481e-01,4.525469243526458740e-01,5.146506242454051971e-03,2.103875428438186646e-01,4.293153584003448486e-01,4.119167570024728775e-03,2.061450928449630737e-01,4.139875471591949463e-01,3.520416095852851868e-03,2.037649154663085938e-01,4.006328582763671875e-01,3.136377548798918724e-03
7.080842852592468262e-01,5.165098309516906738e-01,1.484678477936540730e-07,6.710611581802368164e-01,5.024294257164001465e-01,3.851352375932037830e-04,6.479915976524353027e-01,4.806851744651794434e-01,9.194960817694664001e-03,6.354613900184631348e-01,4.576094448566436768e-01,1.558983605355024338e-02,6.273972392082214355e-01,4.357536435127258301e-01,2.260049991309642792e-02,6.716540455818176270e-01,4.493610858917236328e-01,3.729664906859397888e-02,6.603395342826843262e-01,4.217076897621154785e-01,4.698035866022109985e-02,6.542666554450988770e-01,4.029335379600524902e-01,4.902169480919837952e-02,6.509178280830383301e-01,3.882772028446197510e-01,4.963887482881546021e-02,6.900817751884460449e-01,4.384676516056060791e-01,3.630137071013450623e-02,6.862841844558715820e-01,4.060423076152801514e-01,4.921016469597816467e-02,6.830904483795166016e-01,3.847023248672485352e-01,5.025474727153778076e-02,6.813747882843017578e-01,3.697172403335571289e-01,5.027920752763748169e-02,7.083382606506347656e-01,4.331259429454803467e-01,3.200720623135566711e-02,7.082615494728088379e-01,4.019353687763214111e-01,4.047987610101699829e-02,7.076175808906555176e-01,3.840373456478118896e-01,4.151963070034980774e-02,7.081008553504943848e-01,3.712819516658782959e-01,4.184089228510856628e-02,7.269042730331420898e-01,4.329755902290344238e-01,2.641515061259269714e-02,7.301778793334960938e-01,4.057238399982452393e-01,3.258181735873222351e-02,7.316277027130126953e-01,3.912779390811920166e-01,3.594794496893882751e-02,7.340489029884338379e-01,3.796726763248443604e-01,3.843856975436210632e-02,2.290839850902557373e-01,5.357328057289123535e-01,3.127676961867109640e-07,2.645757198333740234e-01,5.119320154190063477e-01,-1.116398908197879791e-02,2.863098382949829102e-01,4.754199087619781494e-01,-8.922450244426727295e-03,2.967244982719421387e-01,4.357455372810363770e-01,-6.036416161805391312e-03,2.993152141571044922e-01,4.064135849475860596e-01,-2.420041942968964577e-03,2.655638158321380615e-01,4.395827651023864746e-01,1.179694663733243942e-02,2.750875055789947510e-01,4.015457630157470703e-01,1.418152358382940292e-02,2.786701321601867676e-01,3.789061605930328369e-01,1.293112989515066147e-02,2.810413539409637451e-01,3.600980639457702637e-01,1.161040272563695908e-02,2.453713268041610718e-01,4.353047907352447510e-01,1.520202122628688812e-02,2.487182468175888062e-01,3.921536505222320557e-01,1.989345252513885498e-02,2.510351240634918213e-01,3.664906620979309082e-01,1.746108382940292358e-02,2.528265118598937988e-01,3.460003137588500977e-01,1.501657534390687943e-02,2.265017628669738770e-01,4.396877884864807129e-01,1.585848070681095123e-02,2.199037671089172363e-01,4.059379696846008301e-01,1.764780469238758087e-02,2.157371640205383301e-01,3.840247094631195068e-01,1.324651855975389481e-02,2.133357673883438110e-01,3.673111796379089355e-01,9.507436305284500122e-03,2.070833295583724976e-01,4.510427713394165039e-01,1.487044058740139008e-02,1.992599517107009888e-01,4.288298189640045166e-01,1.515036635100841522e-02,1.968745589256286621e-01,4.164277315139770508e-01,1.378912199288606644e-02,1.970403492450714111e-01,4.065708518028259277e-01,1.260101981461048126e-02
7.080842852592468262e-01,5.165098309516906738e-01,1.484678477936540730e-07,6.710611581802368164e-01,5.024294257164001465e-01,3.851352375932037830e-04,6.479915976524353027e-01,4.806851744651794434e-01,9.194960817694664001e-03,6.354613900184631348e-01,4.576094448566436768e-01,1.558983605355024338e-02,6.273972392082214355e-01,4.357536435127258301e-01,2.260049991309642792e-02,6.716540455818176270e-01,4.493610858917236328e-01,3.729664906859397888e-02,6.603395342826843262e-01,4.217076897621154785e-01,4.698035866022109985e-02,6.542666554450988770e-01,4.029335379600524902e-01,4.902169480919837952e-02,6.509178280830383301e-01,3.882772028446197510e-01,4.963887482881546021e-02,6.900817751884460449e-01,4.384676516056060791e-01,3.630137071013450623e-02,6.862841844558715820e-01,4.060423076152801514e-01,4.921016469597816467e-02,6.830904483795166016e-01,3.847023248672485352e-01,5.025474727153778076e-02,6.813747882843017578e-01,3.697172403335571289e-01,5.027920752763748169e-02,7.083382606506347656e-01,4.331259429454803467e-01,3.200720623135566711e-02,7.082615494728088379e-01,4.019353687763214111e-01,4.047987610101699829e-02,7.076175808906555176e-01,3.840373456478118896e-01,4.151963070034980774e-02,7.081008553504943848e-01,3.712819516658782959e-01,4.184089228510856628e-02,7.269042730331420898e-01,4.329755902290344238e-01,2.641515061259269714e-02,7.301778793334960938e-01,4.057238399982452393e-01,3.258181735873222351e-02,7.316277027130126953e-01,3.912779390811920166e-01,3.594794496893882751e-02,7.340489029884338379e-01,3.796726763248443604e-01,3.843856975436210632e-02,2.290839850902557373e-01,5.357328057289123535e-01,3.127676961867109640e-07,2.645757198333740234e-01,5.119320154190063477e-01,-1.116398908197879791e-02,2.863098382949829102e-01,4.754199087619781494e-01,-8.922450244426727295e-03,2.967244982719421387e-01,4.357455372810363770e-01,-6.036416161805391312e-03,2.993152141571044922e-01,4.064135849475860596e-01,-2.420041942968964577e-03,2.655638158321380615e-01,4.395827651023864746e-01,1.179694663733243942e-02,2.750875055789947510e-01,4.015457630157470703e-01,1.418152358382940292e-02,2.786701321601867676e-01,3.789061605930328369e-01,1.293112989515066147e-02,2.810413539409637451e-01,3.600980639457702637e-01,1.161040272563695908e-02,2.453713268041610718e-01,4.353047907352447510e-01,1.520202122628688812e-02,2.487182468175888062e-01,3.921536505222320557e-01,1.989345252513885498e-02,2.510351240634918213e-01,3.664906620979309082e-01,1.746108382940292358e-02,2.528265118598937988e-01,3.460003137588500977e-01,1.501657534390687943e-02,2.265017628669738770e-01,4.396877884864807129e-01,1.585848070681095123e-02,2.199037671089172363e-01,4.059379696846008301e-01,1.764780469238758087e-02,2.157371640205383301e-01,3.840247094631195068e-01,1.324651855975389481e-02,2.133357673883438110e-01,3.673111796379089355e-01,9.507436305284500122e-03,2.070833295583724976e-01,4.510427713394165039e-01,1.487044058740139008e-02,1.992599517107009888e-01,4.288298189640045166e-01,1.515036635100841522e-02,1.968745589256286621e-01,4.164277315139770508e-01,1.378912199288606644e-02,1.970403492450714111e-01,4.065708518028259277e-01,1.260101981461048126e-02
7.080697417259216309e-01,5.191463828086853027e-01,1.711332657805542112e-07,6.708322167396545410e-01,5.038449168205261230e-01,1.771922805346548557e-03,6.484041213989257812e-01,4.814894497394561768e-01,1.085926406085491180e-02,6.367190480232238770e-01,4.578064680099487305e-01,1.724107377231121063e-02,6.274307370185852051e-01,4.363062381744384766e-01,2.429723180830478668e-02,6.705207824707031250e-01,4.487017691135406494e-01,4.029917716979980469e-02,6.597424149513244629e-01,4.204390347003936768e-01,5.150646716356277466e-02,6.544485688209533691e-01,4.022429585456848145e-01,5.392680317163467407e-02,6.512759923934936523e-01,3.877060413360595703e-01,5.439403653144836426e-02,6.896230578422546387e-01,4.386231005191802979e-01,3.870620205998420715e-02,6.848515272140502930e-01,4.059642255306243896e-01,5.264864489436149597e-02,6.823448538780212402e-01,3.847348690032958984e-01,5.339090898633003235e-02,6.810738444328308105e-01,3.695548772811889648e-01,5.274135619401931763e-02,7.077007889747619629e-01,4.339227080345153809e-01,3.393348678946495056e-02,7.074802517890930176e-01,4.031229615211486816e-01,4.355415701866149902e-02,7.071643471717834473e-01,3.851114511489868164e-01,4.449633136391639709e-02,7.080882787704467773e-01,3.715975284576416016e-01,4.415514692664146423e-02,7.270205616950988770e-01,4.347825050354003906e-01,2.796862088143825531e-02,7.304382920265197754e-01,4.071032702922821045e-01,3.537052497267723083e-02,7.315239906311035156e-01,3.921375274658203125e-01,3.902617096900939941e-02,7.334671616554260254e-01,3.795088529586791992e-01,4.114611074328422546e-02,2.284626811742782593e-01,5.365625619888305664e-01,3.008899511769413948e-07,2.639245390892028809e-01,5.109656453132629395e-01,-1.063117850571870804e-02,2.864787280559539795e-01,4.757005870342254639e-01,-8.879630826413631439e-03,2.975571751594543457e-01,4.367214739322662354e-01,-6.547065451741218567e-03,2.998151183128356934e-01,4.079702794551849365e-01,-3.565399674698710442e-03,2.666818499565124512e-01,4.411421716213226318e-01,9.989827871322631836e-03,2.773914933204650879e-01,4.031875133514404297e-01,1.138783246278762817e-02,2.808527052402496338e-01,3.796682059764862061e-01,9.663403034210205078e-03,2.832194268703460693e-01,3.599913716316223145e-01,8.115028962492942810e-03,2.459560036659240723e-01,4.358395636081695557e-01,1.290075294673442841e-02,2.495216280221939087e-01,3.923696279525756836e-01,1.657173782587051392e-02,2.519384622573852539e-01,3.658196926116943359e-01,1.385181210935115814e-02,2.542261779308319092e-01,3.439244627952575684e-01,1.129399333149194717e-02,2.263885587453842163e-01,4.394975006580352783e-01,1.332950126379728317e-02,2.202299833297729492e-01,4.060917198657989502e-01,1.476465445011854172e-02,2.166782170534133911e-01,3.849139213562011719e-01,1.082551479339599609e-02,2.149922996759414673e-01,3.686352372169494629e-01,7.404751610010862350e-03,2.071958184242248535e-01,4.499734640121459961e-01,1.215775776654481888e-02,2.005990594625473022e-01,4.280841052532196045e-01,1.279430091381072998e-02,1.982714235782623291e-01,4.169556498527526855e-01,1.239763945341110229e-02,1.983733326196670532e-01,4.089024960994720459e-01,1.188940182328224182e-02
7.019933462142944336e-01,5.204754471778869629e-01,1.459699916495083016e-07,6.658071279525756836e-01,5.089739561080932617e-01,1.404506969265639782e-03,6.434795260429382324e-01,4.908329546451568604e-01,1.013788115233182907e-02,6.312773823738098145e-01,4.709666669368743896e-01,1.596959307789802551e-02,6.223421096801757812e-01,4.505890309810638428e-01,2.235539816319942474e-02,6.659283638000488281e-01,4.603119194507598877e-01,3.920171037316322327e-02,6.544037461280822754e-01,4.358654022216796875e-01,4.948559775948524475e-02,6.478473544120788574e-01,4.186289012432098389e-01,5.244040489196777344e-02,6.444922089576721191e-01,4.052833020687103271e-01,5.391931161284446716e-02,6.832532882690429688e-01,4.491386711597442627e-01,3.779455274343490601e-02,6.786044836044311523e-01,4.204176962375640869e-01,5.164383351802825928e-02,6.748907566070556641e-01,4.007720947265625000e-01,5.412708595395088196e-02,6.728309392929077148e-01,3.859167993068695068e-01,5.543129891157150269e-02,7.005836367607116699e-01,4.422907233238220215e-01,3.298747539520263672e-02,6.997358798980712891e-01,4.139216542243957520e-01,4.207679256796836853e-02,6.991352438926696777e-01,3.965798616409301758e-01,4.448220878839492798e-02,6.996035575866699219e-01,3.840073943138122559e-01,4.600543901324272156e-02,7.180140614509582520e-01,4.399864375591278076e-01,2.686601132154464722e-02,7.207255959510803223e-01,4.139151871204376221e-01,3.318895399570465088e-02,7.219440937042236328e-01,4.002319574356079102e-01,3.714529052376747131e-02,7.241739034652709961e-01,3.891270756721496582e-01,4.036538675427436829e-02,2.073568403720855713e-01,5.401858091354370117e-01,3.244435049509775126e-07,2.434622198343276978e-01,5.142773985862731934e-01,-1.063036452978849411e-02,2.651345729827880859e-01,4.750918745994567871e-01,-7.470590993762016296e-03,2.741555273532867432e-01,4.362819194793701172e-01,-3.564459271728992462e-03,2.756191194057464600e-01,4.070983529090881348e-01,1.075422624126076698e-03,2.468858212232589722e-01,4.399016499519348145e-01,1.281118206679821014e-02,2.582438886165618896e-01,4.003906250000000000e-01,1.642406918108463287e-02,2.632496953010559082e-01,3.774003088474273682e-01,1.590266823768615723e-02,2.665498256683349609e-01,3.581552505493164062e-01,1.502976473420858383e-02,2.264766693115234375e-01,4.355740547180175781e-01,1.659969612956047058e-02,2.312012463808059692e-01,3.918800950050354004e-01,2.255729399621486664e-02,2.340641766786575317e-01,3.656136989593505859e-01,2.091420628130435944e-02,2.369712144136428833e-01,3.446465134620666504e-01,1.913595199584960938e-02,2.070917636156082153e-01,4.401242136955261230e-01,1.777933537960052490e-02,2.015723288059234619e-01,4.043628871440887451e-01,2.128142863512039185e-02,1.986268758773803711e-01,3.829628825187683105e-01,1.829694956541061401e-02,1.981042325496673584e-01,3.662158250808715820e-01,1.544836722314357758e-02,1.873664259910583496e-01,4.532823264598846436e-01,1.729840785264968872e-02,1.818549036979675293e-01,4.298617243766784668e-01,1.941449567675590515e-02,1.805212795734405518e-01,4.168297350406646729e-01,1.957958377897739410e-02,1.813600957393646240e-01,4.063762426376342773e-01,1.941985450685024261e-02
7.019933462142944336e-01,5.204754471778869629e-01,1.459699916495083016e-07,6.658071279525756836e-01,5.089739561080932617e-01,1.404506969265639782e-03,6.434795260429382324e-01,4.908329546451568604e-01,1.013788115233182907e-02,6.312773823738098145e-01,4.709666669368743896e-01,1.596959307789802551e-02,6.223421096801757812e-01,4.505890309810638428e-01,2.235539816319942474e-02,6.659283638000488281e-01,4.603119194507598877e-01,3.920171037316322327e-02,6.544037461280822754e-01,4.358654022216796875e-01,4.948559775948524475e-02,6.478473544120788574e-01,4.186289012432098389e-01,5.244040489196777344e-02,6.444922089576721191e-01,4.052833020687103271e-01,5.391931161284446716e-02,6.832532882690429688e-01,4.491386711597442627e-01,3.779455274343490601e-02,6.786044836044311523e-01,4.204176962375640869e-01,5.164383351802825928e-02,6.748907566070556641e-01,4.007720947265625000e-01,5.412708595395088196e-02,6.728309392929077148e-01,3.859167993068695068e-01,5.543129891157150269e-02,7.005836367607116699e-01,4.422907233238220215e-01,3.298747539520263672e-02,6.997358798980712891e-01,4.139216542243957520e-01,4.207679256796836853e-02,6.991352438926696777e-01,3.965798616409301758e-01,4.448220878839492798e-02,6.996035575866699219e-01,3.840073943138122559e-01,4.600543901324272156e-02,7.180140614509582520e-01,4.399864375591278076e-01,2.686601132154464722e-02,7.207255959510803223e-01,4.139151871204376221e-01,3.318895399570465088e-02,7.219440937042236328e-01,4.002319574356079102e-01,3.714529052376747131e-02,7.241739034652709961e-01,3.891270756721496582e-01,4.036538675427436829e-02,2.073568403720855713e-01,5.401858091354370117e-01,3.244435049509775126e-07,2.434622198343276978e-01,5.142773985862731934e-01,-1.063036452978849411e-02,2.651345729827880859e-01,4.750918745994567871e-01,-7.470590993762016296e-03,2.741555273532867432e-01,4.362819194793701172e-01,-3.564459271728992462e-03,2.756191194057464600e-01,4.070983529090881348e-01,1.075422624126076698e-03,2.468858212232589722e-01,4.399016499519348145e-01,1.281118206679821014e-02,2.582438886165618896e-01,4.003906250000000000e-01,1.642406918108463287e-02,2.632496953010559082e-01,3.774003088474273682e-01,1.590266823768615723e-02,2.665498256683349609e-01,3.581552505493164062e-01,1.502976473420858383e-02,2.264766693115234375e-01,4.355740547180175781e-01,1.659969612956047058e-02,2.312012463808059692e-01,3.918800950050354004e-01,2.255729399621486664e-02,2.340641766786575317e-01,3.656136989593505859e-01,2.091420628130435944e-02,2.369712144136428833e-01,3.446465134620666504e-01,1.913595199584960938e-02,2.070917636156082153e-01,4.401242136955261230e-01,1.777933537960052490e-02,2.015723288059234619e-01,4.043628871440887451e-01,2.128142863512039185e-02,1.986268758773803711e-01,3.829628825187683105e-01,1.829694956541061401e-02,1.981042325496673584e-01,3.662158250808715820e-01,1.544836722314357758e-02,1.873664259910583496e-01,4.532823264598846436e-01,1.729840785264968872e-02,1.818549036979675293e-01,4.298617243766784668e-01,1.941449567675590515e-02,1.805212795734405518e-01,4.168297350406646729e-01,1.957958377897739410e-02,1.813600957393646240e-01,4.063762426376342773e-01,1.941985450685024261e-02
6.989634037017822266e-01,5.202560424804687500e-01,1.740751969236953300e-07,6.624480485916137695e-01,5.112115144729614258e-01,4.417887423187494278e-03,6.422266364097595215e-01,4.958456158638000488e-01,1.478180941194295883e-02,6.314742565155029297e-01,4.774076938629150391e-01,2.148518152534961700e-02,6.223827004432678223e-01,4.561140239238739014e-01,2.893426828086376190e-02,6.634801626205444336e-01,4.656889736652374268e-01,4.590987041592597961e-02,6.514196991920471191e-01,4.439688324928283691e-01,5.946530401706695557e-02,6.448304653167724609e-01,4.267749786376953125e-01,6.521365791559219360e-02,6.422480344772338867e-01,4.145737290382385254e-01,6.919299066066741943e-02,6.813216805458068848e-01,4.539537727832794189e-01,4.432193934917449951e-02,6.767483353614807129e-01,4.254692792892456055e-01,6.435577571392059326e-02,6.729570031166076660e-01,4.054511189460754395e-01,7.227621227502822876e-02,6.709923148155212402e-01,3.917639553546905518e-01,7.772497832775115967e-02,6.988470554351806641e-01,4.458670616149902344e-01,3.911140188574790955e-02,6.977477073669433594e-01,4.192004501819610596e-01,5.409124493598937988e-02,6.965156197547912598e-01,4.019803404808044434e-01,6.237857043743133545e-02,6.967220902442932129e-01,3.900871574878692627e-01,6.788547337055206299e-02,7.161914110183715820e-01,4.422830641269683838e-01,3.235036134719848633e-02,7.187483310699462891e-01,4.174661040306091309e-01,4.268228262662887573e-02,7.186436653137207031e-01,4.043110907077789307e-01,5.002392828464508057e-02,7.193583250045776367e-01,3.942120373249053955e-01,5.613906681537628174e-02,1.934188008308410645e-01,5.427680611610412598e-01,3.199652383045759052e-07,2.289631664752960205e-01,5.201473236083984375e-01,-1.375035289674997330e-02,2.526763677597045898e-01,4.791064560413360596e-01,-1.235168986022472382e-02,2.637194693088531494e-01,4.378627538681030273e-01,-9.646036662161350250e-03,2.645312845706939697e-01,4.060735404491424561e-01,-6.116984412074089050e-03,2.369182109832763672e-01,4.407836496829986572e-01,9.636892937123775482e-03,2.494774609804153442e-01,3.990421295166015625e-01,1.285801175981760025e-02,2.548034489154815674e-01,3.743421435356140137e-01,1.190535258501768112e-02,2.585350275039672852e-01,3.538709878921508789e-01,1.047914475202560425e-02,2.161284238100051880e-01,4.370884895324707031e-01,1.470387447625398636e-02,2.200693786144256592e-01,3.940684199333190918e-01,2.054775319993495941e-02,2.227994501590728760e-01,3.675553202629089355e-01,1.860952936112880707e-02,2.253096401691436768e-01,3.467698991298675537e-01,1.616178825497627258e-02,1.964102387428283691e-01,4.408039748668670654e-01,1.693490520119667053e-02,1.912965178489685059e-01,4.043769538402557373e-01,2.086926810443401337e-02,1.891696900129318237e-01,3.820306956768035889e-01,1.804309710860252380e-02,1.885779500007629395e-01,3.630259037017822266e-01,1.459957007318735123e-02,1.769078373908996582e-01,4.514240920543670654e-01,1.711200922727584839e-02,1.723816990852355957e-01,4.276322424411773682e-01,1.950198225677013397e-02,1.706502884626388550e-01,4.143102169036865234e-01,1.955956779420375824e-02,1.708579212427139282e-01,4.026201069355010986e-01,1.885285414755344391e-02
