7.433930039405822754e-01,8.628587126731872559e-01,-2.461175938606174896e-07,7.187129855155944824e-01,7.355853319168090820e-01,-1.793204247951507568e-02,7.044812440872192383e-01,6.410703659057617188e-01,-4.425147920846939087e-02,6.727674603462219238e-01,5.905465483665466309e-01,-7.028171420097351074e-02,6.482659578323364258e-01,5.653811693191528320e-01,-9.557115286588668823e-02,8.102347850799560547e-01,5.811832547187805176e-01,-6.110592931509017944e-02,7.222039699554443359e-01,5.292344093322753906e-01,-9.403496235609054565e-02,6.755542755126953125e-01,5.226580500602722168e-01,-1.086255386471748352e-01,6.519725322723388672e-01,5.172173976898193359e-01,-1.191899105906486511e-01,8.169648051261901855e-01,6.488822102546691895e-01,-7.640181481838226318e-02,7.023060917854309082e-01,5.610018968582153320e-01,-1.156283095479011536e-01,6.446282267570495605e-01,5.039091706275939941e-01,-1.317903846502304077e-01,6.094054579734802246e-01,4.543971121311187744e-01,-1.457546800374984741e-01,8.012047410011291504e-01,7.224082350730895996e-01,-9.102708846330642700e-02,6.680673360824584961e-01,6.501483917236328125e-01,-1.241043955087661743e-01,6.387314796447753906e-01,6.841148138046264648e-01,-1.116435825824737549e-01,6.464139819145202637e-01,7.136934399604797363e-01,-1.017961725592613220e-01,7.736891508102416992e-01,7.885164022445678711e-01,-1.074792593717575073e-01,6.683819293975830078e-01,7.238879203796386719e-01,-1.296838819980621338e-01,6.495633721351623535e-01,7.361956834793090820e-01,-1.190967187285423279e-01,6.644263863563537598e-01,7.519707679748535156e-01,-1.100193262100219727e-01,2.981332242488861084e-01,7.267100214958190918e-01,-8.896981285033689346e-08,3.228985667228698730e-01,7.534456253051757812e-01,-1.965648308396339417e-02,3.286791145801544189e-01,8.014069199562072754e-01,-2.857669629156589508e-02,3.213962912559509277e-01,8.477484583854675293e-01,-3.265515342354774475e-02,3.138894736766815186e-01,8.809728622436523438e-01,-3.529307618737220764e-02,2.916524708271026611e-01,8.008444905281066895e-01,-3.940689563751220703e-02,2.921599745750427246e-01,8.697406649589538574e-01,-5.080606415867805481e-02,2.982928156852722168e-01,9.032145142555236816e-01,-5.302594974637031555e-02,3.026048839092254639e-01,9.239621758460998535e-01,-5.316302925348281860e-02,2.673153877258300781e-01,8.045409321784973145e-01,-3.261525928974151611e-02,2.676508128643035889e-01,8.712983131408691406e-01,-4.555929824709892273e-02,2.743657529354095459e-01,9.045298099517822266e-01,-4.702102020382881165e-02,2.786229550838470459e-01,9.264877438545227051e-01,-4.700616374611854553e-02,2.519591152667999268e-01,8.080039024353027344e-01,-2.588705718517303467e-02,2.457652986049652100e-01,8.669034242630004883e-01,-3.754012286663055420e-02,2.495930492877960205e-01,8.960974812507629395e-01,-3.798586130142211914e-02,2.521556913852691650e-01,9.157726764678955078e-01,-3.658842295408248901e-02,2.447729408740997314e-01,8.122105002403259277e-01,-2.013726718723773956e-02,2.324540168046951294e-01,8.574861288070678711e-01,-2.990418858826160431e-02,2.298072129487991333e-01,8.833245635032653809e-01,-3.189971297979354858e-02,2.286158800125122070e-01,9.004542231559753418e-01,-3.171582892537117004e-02
7.433930039405822754e-01,8.628587126731872559e-01,-2.461175938606174896e-07,7.187129855155944824e-01,7.355853319168090820e-01,-1.793204247951507568e-02,7.044812440872192383e-01,6.410703659057617188e-01,-4.425147920846939087e-02,6.727674603462219238e-01,5.905465483665466309e-01,-7.028171420097351074e-02,6.482659578323364258e-01,5.653811693191528320e-01,-9.557115286588668823e-02,8.102347850799560547e-01,5.811832547187805176e-01,-6.110592931509017944e-02,7.222039699554443359e-01,5.292344093322753906e-01,-9.403496235609054565e-02,6.755542755126953125e-01,5.226580500602722168e-01,-1.086255386471748352e-01,6.519725322723388672e-01,5.172173976898193359e-01,-1.191899105906486511e-01,8.169648051261901855e-01,6.488822102546691895e-01,-7.640181481838226318e-02,7.023060917854309082e-01,5.610018968582153320e-01,-1.156283095479011536e-01,6.446282267570495605e-01,5.039091706275939941e-01,-1.317903846502304077e-01,6.094054579734802246e-01,4.543971121311187744e-01,-1.457546800374984741e-01,8.012047410011291504e-01,7.224082350730895996e-01,-9.102708846330642700e-02,6.680673360824584961e-01,6.501483917236328125e-01,-1.241043955087661743e-01,6.387314796447753906e-01,6.841148138046264648e-01,-1.116435825824737549e-01,6.464139819145202637e-01,7.136934399604797363e-01,-1.017961725592613220e-01,7.736891508102416992e-01,7.885164022445678711e-01,-1.074792593717575073e-01,6.683819293975830078e-01,7.238879203796386719e-01,-1.296838819980621338e-01,6.495633721351623535e-01,7.361956834793090820e-01,-1.190967187285423279e-01,6.644263863563537598e-01,7.519707679748535156e-01,-1.100193262100219727e-01,2.981332242488861084e-01,7.267100214958190918e-01,-8.896981285033689346e-08,3.228985667228698730e-01,7.534456253051757812e-01,-1.965648308396339417e-02,3.286791145801544189e-01,8.014069199562072754e-01,-2.857669629156589508e-02,3.213962912559509277e-01,8.477484583854675293e-01,-3.265515342354774475e-02,3.138894736766815186e-01,8.809728622436523438e-01,-3.529307618737220764e-02,2.916524708271026611e-01,8.008444905281066895e-01,-3.940689563751220703e-02,2.921599745750427246e-01,8.697406649589538574e-01,-5.080606415867805481e-02,2.982928156852722168e-01,9.032145142555236816e-01,-5.302594974637031555e-02,3.026048839092254639e-01,9.239621758460998535e-01,-5.316302925348281860e-02,2.673153877258300781e-01,8.045409321784973145e-01,-3.261525928974151611e-02,2.676508128643035889e-01,8.712983131408691406e-01,-4.555929824709892273e-02,2.743657529354095459e-01,9.045298099517822266e-01,-4.702102020382881165e-02,2.786229550838470459e-01,9.264877438545227051e-01,-4.700616374611854553e-02,2.519591152667999268e-01,8.080039024353027344e-01,-2.588705718517303467e-02,2.457652986049652100e-01,8.669034242630004883e-01,-3.754012286663055420e-02,2.495930492877960205e-01,8.960974812507629395e-01,-3.798586130142211914e-02,2.521556913852691650e-01,9.157726764678955078e-01,-3.658842295408248901e-02,2.447729408740997314e-01,8.122105002403259277e-01,-2.013726718723773956e-02,2.324540168046951294e-01,8.574861288070678711e-01,-2.990418858826160431e-02,2.298072129487991333e-01,8.833245635032653809e-01,-3.189971297979354858e-02,2.286158800125122070e-01,9.004542231559753418e-01,-3.171582892537117004e-02
-1.000000000000000000e+00,-1.000000000000000000e+00,-1.000000000000000000e+00,-1.000000000000000000e+00,-1.000000000000000000e+00,-1.000000000000000000e+00,-1.000000000000000000e+00,-1.000000000000000000e+00,-1.000000000000000000e+00,-1.000000000000000000e+00,-1.000000000000000000e+00,-1.000000000000000000e+00,-1.000000000000000000e+00,-1.000000000000000000e+00,-1.000000000000000000e+00,-1.000000000000000000e+00,-1.000000000000000000e+00,-1.000000000000000000e+00,-1.000000000000000000e+00,-1.000000000000000000e+00,-1.000000000000000000e+00,-1.000000000000000000e+00,-1.000000000000000000e+00,-1.000000000000000000e+00,-1.000000000000000000e+00,-1.000000000000000000e+00,-1.000000000000000000e+00,-1.000000000000000000e+00,-1.000000000000000000e+00,-1.000000000000000000e+00,-1.000000000000000000e+00,-1.000000000000000000e+00,-1.000000000000000000e+00,-1.000000000000000000e+00,-1.000000000000000000e+00,-1.000000000000000000e+00,-1.000000000000000000e+00,-1.000000000000000000e+00,-1.000000000000000000e+00,-1.000000000000000000e+00,-1.000000000000000000e+00,-1.000000000000000000e+00,-1.000000000000000000e+00,-1.000000000000000000e+00,-1.000000000000000000e+00,-1.000000000000000000e+00,-1.000000000000000000e+00,-1.000000000000000000e+00,-1.000000000000000000e+00,-1.000000000000000000e+00,-1.000000000000000000e+00,-1.000000000000000000e+00,-1.000000000000000000e+00,-1.000000000000000000e+00,-1.000000000000000000e+00,-1.000000000000000000e+00,-1.000000000000000000e+00,-1.000000000000000000e+00,-1.000000000000000000e+00,-1.000000000000000000e+00,-1.000000000000000000e+00,-1.000000000000000000e+00,-1.000000000000000000e+00,-1.000000000000000000e+00,-1.000000000000000000e+00,-1.000000000000000000e+00,-1.000000000000000000e+00,-1.000000000000000000e+00,-1.000000000000000000e+00,-1.000000000000000000e+00,-1.000000000000000000e+00,-1.000000000000000000e+00,-1.000000000000000000e+00,-1.000000000000000000e+00,-1.000000000000000000e+00,-1.000000000000000000e+00,-1.000000000000000000e+00,-1.000000000000000000e+00,-1.000000000000000000e+00,-1.000000000000000000e+00,-1.000000000000000000e+00,-1.000000000000000000e+00,-1.000000000000000000e+00,-1.000000000000000000e+00,-1.000000000000000000e+00,-1.000000000000000000e+00,-1.000000000000000000e+00,-1.000000000000000000e+00,-1.000000000000000000e+00,-1.000000000000000000e+00,-1.000000000000000000e+00,-1.000000000000000000e+00,-1.000000000000000000e+00,-1.000000000000000000e+00,-1.000000000000000000e+00,-1.000000000000000000e+00,-1.000000000000000000e+00,-1.000000000000000000e+00,-1.000000000000000000e+00,-1.000000000000000000e+00,-1.000000000000000000e+00,-1.000000000000000000e+00,-1.000000000000000000e+00,-1.000000000000000000e+00,-1.000000000000000000e+00,-1.000000000000000000e+00,-1.000000000000000000e+00,-1.000000000000000000e+00,-1.000000000000000000e+00,-1.000000000000000000e+00,-1.000000000000000000e+00,-1.000000000000000000e+00,-1.000000000000000000e+00,-1.000000000000000000e+00,-1.000000000000000000e+00,-1.000000000000000000e+00,-1.000000000000000000e+00,-1.000000000000000000e+00,-1.000000000000000000e+00,-1.000000000000000000e+00,-1.000000000000000000e+00,-1.000000000000000000e+00,-1.000000000000000000e+00,-1.000000000000000000e+00,-1.000000000000000000e+00,-1.000000000000000000e+00
3.327483534812927246e-01,7.839753627777099609e-01,-2.925549402732485760e-08,3.440353274345397949e-01,7.544738054275512695e-01,3.649618709459900856e-03,3.594191968441009521e-01,7.393588423728942871e-01,4.062536172568798065e-03,3.731078803539276123e-01,7.365765571594238281e-01,2.846444956958293915e-03,3.827704489231109619e-01,7.394180893898010254e-01,1.041805138811469078e-03,3.686537444591522217e-01,7.335166931152343750e-01,-9.145658696070313454e-04,3.900684118270874023e-01,7.101746797561645508e-01,-6.052029784768819809e-03,4.038507044315338135e-01,7.043921947479248047e-01,-8.347110822796821594e-03,4.139678776264190674e-01,7.030353546142578125e-01,-9.122914634644985199e-03,3.775601089000701904e-01,7.492300868034362793e-01,-6.047370843589305878e-03,4.082370996475219727e-01,7.336746454238891602e-01,-1.047065388411283493e-02,4.259660840034484863e-01,7.308276295661926270e-01,-1.260088570415973663e-02,4.367359578609466553e-01,7.311850190162658691e-01,-1.356790214776992798e-02,3.827109932899475098e-01,7.692600488662719727e-01,-1.115424465388059616e-02,4.128443896770477295e-01,7.598974108695983887e-01,-1.578340120613574982e-02,4.303192198276519775e-01,7.586934566497802734e-01,-1.921744830906391144e-02,4.419791996479034424e-01,7.588332891464233398e-01,-2.081925235688686371e-02,3.845086693763732910e-01,7.919241189956665039e-01,-1.572153903543949127e-02,4.085611999034881592e-01,7.888591289520263672e-01,-1.842989586293697357e-02,4.224280416965484619e-01,7.877827882766723633e-01,-1.884083263576030731e-02,4.326231181621551514e-01,7.856421470642089844e-01,-1.864703558385372162e-02,-1.000000000000000000e+00,-1.000000000000000000e+00,-1.000000000000000000e+00,-1.000000000000000000e+00,-1.000000000000000000e+00,-1.000000000000000000e+00,-1.000000000000000000e+00,-1.000000000000000000e+00,-1.000000000000000000e+00,-1.000000000000000000e+00,-1.000000000000000000e+00,-1.000000000000000000e+00,-1.000000000000000000e+00,-1.000000000000000000e+00,-1.000000000000000000e+00,-1.000000000000000000e+00,-1.000000000000000000e+00,-1.000000000000000000e+00,-1.000000000000000000e+00,-1.000000000000000000e+00,-1.000000000000000000e+00,-1.000000000000000000e+00,-1.000000000000000000e+00,-1.000000000000000000e+00,-1.000000000000000000e+00,-1.000000000000000000e+00,-1.000000000000000000e+00,-1.000000000000000000e+00,-1.000000000000000000e+00,-1.000000000000000000e+00,-1.000000000000000000e+00,-1.000000000000000000e+00,-1.000000000000000000e+00,-1.000000000000000000e+00,-1.000000000000000000e+00,-1.000000000000000000e+00,-1.000000000000000000e+00,-1.000000000000000000e+00,-1.000000000000000000e+00,-1.000000000000000000e+00,-1.000000000000000000e+00,-1.000000000000000000e+00,-1.000000000000000000e+00,-1.000000000000000000e+00,-1.000000000000000000e+00,-1.000000000000000000e+00,-1.000000000000000000e+00,-1.000000000000000000e+00,-1.000000000000000000e+00,-1.000000000000000000e+00,-1.000000000000000000e+00,-1.000000000000000000e+00,-1.000000000000000000e+00,-1.000000000000000000e+00,-1.000000000000000000e+00,-1.000000000000000000e+00,-1.000000000000000000e+00,-1.000000000000000000e+00,-1.000000000000000000e+00,-1.000000000000000000e+00,-1.000000000000000000e+00,-1.000000000000000000e+00,-1.000000000000000000e+00
3.327483534812927246e-01,7.839753627777099609e-01,-2.925549402732485760e-08,3.440353274345397949e-01,7.544738054275512695e-01,3.649618709459900856e-03,3.594191968441009521e-01,7.393588423728942871e-01,4.062536172568798065e-03,3.731078803539276123e-01,7.365765571594238281e-01,2.846444956958293915e-03,3.827704489231109619e-01,7.394180893898010254e-01,1.041805138811469078e-03,3.686537444591522217e-01,7.335166931152343750e-01,-9.145658696070313454e-04,3.900684118270874023e-01,7.101746797561645508e-01,-6.052029784768819809e-03,4.038507044315338135e-01,7.043921947479248047e-01,-8.347110822796821594e-03,4.139678776264190674e-01,7.030353546142578125e-01,-9.122914634644985199e-03,3.775601089000701904e-01,7.492300868034362793e-01,-6.047370843589305878e-03,4.082370996475219727e-01,7.336746454238891602e-01,-1.047065388411283493e-02,4.259660840034484863e-01,7.308276295661926270e-01,-1.260088570415973663e-02,4.367359578609466553e-01,7.311850190162658691e-01,-1.356790214776992798e-02,3.827109932899475098e-01,7.692600488662719727e-01,-1.115424465388059616e-02,4.128443896770477295e-01,7.598974108695983887e-01,-1.578340120613574982e-02,4.303192198276519775e-01,7.586934566497802734e-01,-1.921744830906391144e-02,4.419791996479034424e-01,7.588332891464233398e-01,-2.081925235688686371e-02,3.845086693763732910e-01,7.919241189956665039e-01,-1.572153903543949127e-02,4.085611999034881592e-01,7.888591289520263672e-01,-1.842989586293697357e-02,4.224280416965484619e-01,7.877827882766723633e-01,-1.884083263576030731e-02,4.326231181621551514e-01,7.856421470642089844e-01,-1.864703558385372162e-02,-1.000000000000000000e+00,-1.000000000000000000e+00,-1.000000000000000000e+00,-1.000000000000000000e+00,-1.000000000000000000e+00,-1.000000000000000000e+00,-1.000000000000000000e+00,-1.000000000000000000e+00,-1.000000000000000000e+00,-1.000000000000000000e+00,-1.000000000000000000e+00,-1.000000000000000000e+00,-1.000000000000000000e+00,-1.000000000000000000e+00,-1.000000000000000000e+00,-1.000000000000000000e+00,-1.000000000000000000e+00,-1.000000000000000000e+00,-1.000000000000000000e+00,-1.000000000000000000e+00,-1.000000000000000000e+00,-1.000000000000000000e+00,-1.000000000000000000e+00,-1.000000000000000000e+00,-1.000000000000000000e+00,-1.000000000000000000e+00,-1.000000000000000000e+00,-1.000000000000000000e+00,-1.000000000000000000e+00,-1.000000000000000000e+00,-1.000000000000000000e+00,-1.000000000000000000e+00,-1.000000000000000000e+00,-1.000000000000000000e+00,-1.000000000000000000e+00,-1.000000000000000000e+00,-1.000000000000000000e+00,-1.000000000000000000e+00,-1.000000000000000000e+00,-1.000000000000000000e+00,-1.000000000000000000e+00,-1.000000000000000000e+00,-1.000000000000000000e+00,-1.000000000000000000e+00,-1.000000000000000000e+00,-1.000000000000000000e+00,-1.000000000000000000e+00,-1.000000000000000000e+00,-1.000000000000000000e+00,-1.000000000000000000e+00,-1.000000000000000000e+00,-1.000000000000000000e+00,-1.000000000000000000e+00,-1.000000000000000000e+00,-1.000000000000000000e+00,-1.000000000000000000e+00,-1.000000000000000000e+00,-1.000000000000000000e+00,-1.000000000000000000e+00,-1.000000000000000000e+00,-1.000000000000000000e+00,-1.000000000000000000e+00,-1.000000000000000000e+00
3.327246010303497314e-01,7.924894690513610840e-01,9.812954715471278178e-08,3.436534404754638672e-01,7.611023783683776855e-01,6.636468693614006042e-03,3.587948977947235107e-01,7.455557584762573242e-01,7.906096987426280975e-03,3.734397292137145996e-01,7.412936091423034668e-01,7.590227760374546051e-03,3.840943276882171631e-01,7.418453097343444824e-01,6.965287495404481888e-03,3.672561347484588623e-01,7.391998767852783203e-01,-1.066261087544262409e-03,3.871347308158874512e-01,7.141662836074829102e-01,-6.569954566657543182e-03,4.026634991168975830e-01,7.067513465881347656e-01,-8.899420499801635742e-03,4.141310155391693115e-01,7.061489224433898926e-01,-9.173703379929065704e-03,3.763876855373382568e-01,7.539407014846801758e-01,-6.886327639222145081e-03,4.061476886272430420e-01,7.354853153228759766e-01,-1.098102517426013947e-02,4.246345162391662598e-01,7.315341830253601074e-01,-1.206606253981590271e-02,4.363145232200622559e-01,7.328681349754333496e-01,-1.160041429102420807e-02,3.823644816875457764e-01,7.725692391395568848e-01,-1.218577567487955093e-02,4.126011729240417480e-01,7.602546811103820801e-01,-1.567259430885314941e-02,4.301503300666809082e-01,7.591609954833984375e-01,-1.630566455423831940e-02,4.418314695358276367e-01,7.599503397941589355e-01,-1.568087376654148102e-02,3.844980299472808838e-01,7.942273020744323730e-01,-1.676738075911998749e-02,4.093596041202545166e-01,7.898838520050048828e-01,-1.817977614700794220e-02,4.227290451526641846e-01,7.884283065795898438e-01,-1.632224209606647491e-02,4.319367110729217529e-01,7.872508168220520020e-01,-1.397985033690929413e-02,-1.000000000000000000e+00,-1.000000000000000000e+00,-1.000000000000000000e+00,-1.000000000000000000e+00,-1.000000000000000000e+00,-1.000000000000000000e+00,-1.000000000000000000e+00,-1.000000000000000000e+00,-1.000000000000000000e+00,-1.000000000000000000e+00,-1.000000000000000000e+00,-1.000000000000000000e+00,-1.000000000000000000e+00,-1.000000000000000000e+00,-1.000000000000000000e+00,-1.000000000000000000e+00,-1.000000000000000000e+00,-1.000000000000000000e+00,-1.000000000000000000e+00,-1.000000000000000000e+00,-1.000000000000000000e+00,-1.000000000000000000e+00,-1.000000000000000000e+00,-1.000000000000000000e+00,-1.000000000000000000e+00,-1.000000000000000000e+00,-1.000000000000000000e+00,-1.000000000000000000e+00,-1.000000000000000000e+00,-1.000000000000000000e+00,-1.000000000000000000e+00,-1.000000000000000000e+00,-1.000000000000000000e+00,-1.000000000000000000e+00,-1.000000000000000000e+00,-1.000000000000000000e+00,-1.000000000000000000e+00,-1.000000000000000000e+00,-1.000000000000000000e+00,-1.000000000000000000e+00,-1.000000000000000000e+00,-1.000000000000000000e+00,-1.000000000000000000e+00,-1.000000000000000000e+00,-1.000000000000000000e+00,-1.000000000000000000e+00,-1.000000000000000000e+00,-1.000000000000000000e+00,-1.000000000000000000e+00,-1.000000000000000000e+00,-1.000000000000000000e+00,-1.000000000000000000e+00,-1.000000000000000000e+00,-1.000000000000000000e+00,-1.000000000000000000e+00,-1.000000000000000000e+00,-1.000000000000000000e+00,-1.000000000000000000e+00,-1.000000000000000000e+00,-1.000000000000000000e+00,-1.000000000000000000e+00,-1.000000000000000000e+00,-1.000000000000000000e+00
3.318144083023071289e-01,7.932908535003662109e-01,1.058381897678373207e-07,3.415419459342956543e-01,7.613659501075744629e-01,6.798769347369670868e-03,3.568648099899291992e-01,7.461418509483337402e-01,8.800058625638484955e-03,3.718991875648498535e-01,7.428432106971740723e-01,9.365769103169441223e-03,3.829226791858673096e-01,7.431494593620300293e-01,9.647245518863201141e-03,3.665759563446044922e-01,7.401669621467590332e-01,1.223128347191959620e-04,3.860593438148498535e-01,7.152869701385498047e-01,-4.554381594061851501e-03,4.011917710304260254e-01,7.079294323921203613e-01,-6.271404214203357697e-03,4.126080274581909180e-01,7.071018218994140625e-01,-6.266073323786258698e-03,3.761400282382965088e-01,7.553487420082092285e-01,-5.456209182739257812e-03,4.056371450424194336e-01,7.370301485061645508e-01,-9.292775765061378479e-03,4.235393106937408447e-01,7.329213023185729980e-01,-1.032579969614744186e-02,4.352402985095977783e-01,7.337242364883422852e-01,-9.791743941605091095e-03,3.822042942047119141e-01,7.733530998229980469e-01,-1.051332242786884308e-02,4.121595025062561035e-01,7.610873579978942871e-01,-1.428145263344049454e-02,4.294227957725524902e-01,7.597285509109497070e-01,-1.503796968609094620e-02,4.413515925407409668e-01,7.600064873695373535e-01,-1.435411348938941956e-02,3.842096030712127686e-01,7.940671443939208984e-01,-1.478178240358829498e-02,4.088199436664581299e-01,7.900772690773010254e-01,-1.667011342942714691e-02,4.219896793365478516e-01,7.886679172515869141e-01,-1.509303878992795944e-02,4.314867556095123291e-01,7.873384356498718262e-01,-1.286315079778432846e-02,-1.000000000000000000e+00,-1.000000000000000000e+00,-1.000000000000000000e+00,-1.000000000000000000e+00,-1.000000000000000000e+00,-1.000000000000000000e+00,-1.000000000000000000e+00,-1.000000000000000000e+00,-1.000000000000000000e+00,-1.000000000000000000e+00,-1.000000000000000000e+00,-1.000000000000000000e+00,-1.000000000000000000e+00,-1.000000000000000000e+00,-1.000000000000000000e+00,-1.000000000000000000e+00,-1.000000000000000000e+00,-1.000000000000000000e+00,-1.000000000000000000e+00,-1.000000000000000000e+00,-1.000000000000000000e+00,-1.000000000000000000e+00,-1.000000000000000000e+00,-1.000000000000000000e+00,-1.000000000000000000e+00,-1.000000000000000000e+00,-1.000000000000000000e+00,-1.000000000000000000e+00,-1.000000000000000000e+00,-1.000000000000000000e+00,-1.000000000000000000e+00,-1.000000000000000000e+00,-1.000000000000000000e+00,-1.000000000000000000e+00,-1.000000000000000000e+00,-1.000000000000000000e+00,-1.000000000000000000e+00,-1.000000000000000000e+00,-1.000000000000000000e+00,-1.000000000000000000e+00,-1.000000000000000000e+00,-1.000000000000000000e+00,-1.000000000000000000e+00,-1.000000000000000000e+00,-1.000000000000000000e+00,-1.000000000000000000e+00,-1.000000000000000000e+00,-1.000000000000000000e+00,-1.000000000000000000e+00,-1.000000000000000000e+00,-1.000000000000000000e+00,-1.000000000000000000e+00,-1.000000000000000000e+00,-1.000000000000000000e+00,-1.000000000000000000e+00,-1.000000000000000000e+00,-1.000000000000000000e+00,-1.000000000000000000e+00,-1.000000000000000000e+00,-1.000000000000000000e+00,-1.000000000000000000e+00,-1.000000000000000000e+00,-1.000000000000000000e+00
3.318144083023071289e-01,7.932908535003662109e-01,1.058381897678373207e-07,3.415419459342956543e-01,7.613659501075744629e-01,6.798769347369670868e-03,3.568648099899291992e-01,7.461418509483337402e-01,8.800058625638484955e-03,3.718991875648498535e-01,7.428432106971740723e-01,9.365769103169441223e-03,3.829226791858673096e-01,7.431494593620300293e-01,9.647245518863201141e-03,3.665759563446044922e-01,7.401669621467590332e-01,1.223128347191959620e-04,3.860593438148498535e-01,7.152869701385498047e-01,-4.554381594061851501e-03,4.011917710304260254e-01,7.079294323921203613e-01,-6.271404214203357697e-03,4.126080274581909180e-01,7.071018218994140625e-01,-6.266073323786258698e-03,3.761400282382965088e-01,7.553487420082092285e-01,-5.456209182739257812e-03,4.056371450424194336e-01,7.370301485061645508e-01,-9.292775765061378479e-03,4.235393106937408447e-01,7.329213023185729980e-01,-1.032579969614744186e-02,4.352402985095977783e-01,7.337242364883422852e-01,-9.791743941605091095e-03,3.822042942047119141e-01,7.733530998229980469e-01,-1.051332242786884308e-02,4.121595025062561035e-01,7.610873579978942871e-01,-1.428145263344049454e-02,4.294227957725524902e-01,7.597285509109497070e-01,-1.503796968609094620e-02,4.413515925407409668e-01,7.600064873695373535e-01,-1.435411348938941956e-02,3.842096030712127686e-01,7.940671443939208984e-01,-1.478178240358829498e-02,4.088199436664581299e-01,7.900772690773010254e-01,-1.667011342942714691e-02,4.219896793365478516e-01,7.886679172515869141e-01,-1.509303878992795944e-02,4.314867556095123291e-01,7.873384356498718262e-01,-1.286315079778432846e-02,-1.000000000000000000e+00,-1.000000000000000000e+00,-1.000000000000000000e+00,-1.000000000000000000e+00,-1.000000000000000000e+00,-1.000000000000000000e+00,-1.000000000000000000e+00,-1.000000000000000000e+00,-1.000000000000000000e+00,-1.000000000000000000e+00,-1.000000000000000000e+00,-1.000000000000000000e+00,-1.000000000000000000e+00,-1.000000000000000000e+00,-1.000000000000000000e+00,-1.000000000000000000e+00,-1.000000000000000000e+00,-1.000000000000000000e+00,-1.000000000000000000e+00,-1.000000000000000000e+00,-1.000000000000000000e+00,-1.000000000000000000e+00,-1.000000000000000000e+00,-1.000000000000000000e+00,-1.000000000000000000e+00,-1.000000000000000000e+00,-1.000000000000000000e+00,-1.000000000000000000e+00,-1.000000000000000000e+00,-1.000000000000000000e+00,-1.000000000000000000e+00,-1.000000000000000000e+00,-1.000000000000000000e+00,-1.000000000000000000e+00,-1.000000000000000000e+00,-1.000000000000000000e+00,-1.000000000000000000e+00,-1.000000000000000000e+00,-1.000000000000000000e+00,-1.000000000000000000e+00,-1.000000000000000000e+00,-1.000000000000000000e+00,-1.000000000000000000e+00,-1.000000000000000000e+00,-1.000000000000000000e+00,-1.000000000000000000e+00,-1.000000000000000000e+00,-1.000000000000000000e+00,-1.000000000000000000e+00,-1.000000000000000000e+00,-1.000000000000000000e+00,-1.000000000000000000e+00,-1.000000000000000000e+00,-1.000000000000000000e+00,-1.000000000000000000e+00,-1.000000000000000000e+00,-1.000000000000000000e+00,-1.000000000000000000e+00,-1.000000000000000000e+00,-1.000000000000000000e+00,-1.000000000000000000e+00,-1.000000000000000000e+00,-1.000000000000000000e+00
3.298083245754241943e-01,7.935680150985717773e-01,9.687335733588042785e-08,3.397657275199890137e-01,7.622480988502502441e-01,6.911041215062141418e-03,3.555280566215515137e-01,7.475448250770568848e-01,8.800881914794445038e-03,3.708921670913696289e-01,7.445385456085205078e-01,9.285702370107173920e-03,3.821554183959960938e-01,7.453089356422424316e-01,9.379927068948745728e-03,3.648267388343811035e-01,7.410637736320495605e-01,-9.630572167225182056e-04,3.842833340167999268e-01,7.161970734596252441e-01,-5.884903483092784882e-03,3.994331955909729004e-01,7.085828185081481934e-01,-7.404722273349761963e-03,4.108283221721649170e-01,7.075923681259155273e-01,-7.191722281277179718e-03,3.745771348476409912e-01,7.560476064682006836e-01,-6.775552406907081604e-03,4.041212499141693115e-01,7.371267080307006836e-01,-1.101719122380018234e-02,4.223198592662811279e-01,7.330849170684814453e-01,-1.190628763288259506e-02,4.341369271278381348e-01,7.344117760658264160e-01,-1.115211378782987595e-02,3.806774616241455078e-01,7.743616700172424316e-01,-1.197737827897071838e-02,4.107408523559570312e-01,7.615631222724914551e-01,-1.623267121613025665e-02,4.286671280860900879e-01,7.604050636291503906e-01,-1.710717752575874329e-02,4.410827755928039551e-01,7.610822916030883789e-01,-1.639356650412082672e-02,3.825930953025817871e-01,7.955824732780456543e-01,-1.630988717079162598e-02,4.074015915393829346e-01,7.904415130615234375e-01,-1.864840090274810791e-02,4.209151566028594971e-01,7.888121008872985840e-01,-1.720715872943401337e-02,4.306863248348236084e-01,7.875471711158752441e-01,-1.500793825834989548e-02,-1.000000000000000000e+00,-1.000000000000000000e+00,-1.000000000000000000e+00,-1.000000000000000000e+00,-1.000000000000000000e+00,-1.000000000000000000e+00,-1.000000000000000000e+00,-1.000000000000000000e+00,-1.000000000000000000e+00,-1.000000000000000000e+00,-1.000000000000000000e+00,-1.000000000000000000e+00,-1.000000000000000000e+00,-1.000000000000000000e+00,-1.000000000000000000e+00,-1.000000000000000000e+00,-1.000000000000000000e+00,-1.000000000000000000e+00,-1.000000000000000000e+00,-1.000000000000000000e+00,-1.000000000000000000e+00,-1.000000000000000000e+00,-1.000000000000000000e+00,-1.000000000000000000e+00,-1.000000000000000000e+00,-1.000000000000000000e+00,-1.000000000000000000e+00,-1.000000000000000000e+00,-1.000000000000000000e+00,-1.000000000000000000e+00,-1.000000000000000000e+00,-1.000000000000000000e+00,-1.000000000000000000e+00,-1.000000000000000000e+00,-1.000000000000000000e+00,-1.000000000000000000e+00,-1.000000000000000000e+00,-1.000000000000000000e+00,-1.000000000000000000e+00,-1.000000000000000000e+00,-1.000000000000000000e+00,-1.000000000000000000e+00,-1.000000000000000000e+00,-1.000000000000000000e+00,-1.000000000000000000e+00,-1.000000000000000000e+00,-1.000000000000000000e+00,-1.000000000000000000e+00,-1.000000000000000000e+00,-1.000000000000000000e+00,-1.000000000000000000e+00,-1.000000000000000000e+00,-1.000000000000000000e+00,-1.000000000000000000e+00,-1.000000000000000000e+00,-1.000000000000000000e+00,-1.000000000000000000e+00,-1.000000000000000000e+00,-1.000000000000000000e+00,-1.000000000000000000e+00,-1.000000000000000000e+00,-1.000000000000000000e+00,-1.000000000000000000e+00
3.279534578323364258e-01,7.947458624839782715e-01,8.393637784820384695e-08,3.383997678756713867e-01,7.628756165504455566e-01,8.277992717921733856e-03,3.538486957550048828e-01,7.481216192245483398e-01,1.085181999951601028e-02,3.686116933822631836e-01,7.446504831314086914e-01,1.180272735655307770e-02,3.795082867145538330e-01,7.453690767288208008e-01,1.226796116679906845e-02,3.637556731700897217e-01,7.411374449729919434e-01,6.780326948501169682e-04,3.827627003192901611e-01,7.165182232856750488e-01,-3.815844422206282616e-03,3.978503346443176270e-01,7.094508409500122070e-01,-5.353246815502643585e-03,4.090696871280670166e-01,7.089129686355590820e-01,-5.172025412321090698e-03,3.731521666049957275e-01,7.563495635986328125e-01,-5.553819239139556885e-03,4.029900431632995605e-01,7.375469207763671875e-01,-9.090433828532695770e-03,4.209349751472473145e-01,7.340282797813415527e-01,-9.765585884451866150e-03,4.322369694709777832e-01,7.357973456382751465e-01,-8.961491286754608154e-03,3.790964782238006592e-01,7.749798297882080078e-01,-1.111375726759433746e-02,4.095643758773803711e-01,7.624691128730773926e-01,-1.462343148887157440e-02,4.275704920291900635e-01,7.615017294883728027e-01,-1.542077306658029556e-02,4.400243759155273438e-01,7.623910903930664062e-01,-1.483325753360986710e-02,3.808988332748413086e-01,7.964712977409362793e-01,-1.570387184619903564e-02,4.061381816864013672e-01,7.909767627716064453e-01,-1.761370711028575897e-02,4.196767807006835938e-01,7.895592451095581055e-01,-1.611139625310897827e-02,4.295088946819305420e-01,7.884584069252014160e-01,-1.396457571536302567e-02,-1.000000000000000000e+00,-1.000000000000000000e+00,-1.000000000000000000e+00,-1.000000000000000000e+00,-1.000000000000000000e+00,-1.000000000000000000e+00,-1.000000000000000000e+00,-1.000000000000000000e+00,-1.000000000000000000e+00,-1.000000000000000000e+00,-1.000000000000000000e+00,-1.000000000000000000e+00,-1.000000000000000000e+00,-1.000000000000000000e+00,-1.000000000000000000e+00,-1.000000000000000000e+00,-1.000000000000000000e+00,-1.000000000000000000e+00,-1.000000000000000000e+00,-1.000000000000000000e+00,-1.000000000000000000e+00,-1.000000000000000000e+00,-1.000000000000000000e+00,-1.000000000000000000e+00,-1.000000000000000000e+00,-1.000000000000000000e+00,-1.000000000000000000e+00,-1.000000000000000000e+00,-1.000000000000000000e+00,-1.000000000000000000e+00,-1.000000000000000000e+00,-1.000000000000000000e+00,-1.000000000000000000e+00,-1.000000000000000000e+00,-1.000000000000000000e+00,-1.000000000000000000e+00,-1.000000000000000000e+00,-1.000000000000000000e+00,-1.000000000000000000e+00,-1.000000000000000000e+00,-1.000000000000000000e+00,-1.000000000000000000e+00,-1.000000000000000000e+00,-1.000000000000000000e+00,-1.000000000000000000e+00,-1.000000000000000000e+00,-1.000000000000000000e+00,-1.000000000000000000e+00,-1.000000000000000000e+00,-1.000000000000000000e+00,-1.000000000000000000e+00,-1.000000000000000000e+00,-1.000000000000000000e+00,-1.000000000000000000e+00,-1.000000000000000000e+00,-1.000000000000000000e+00,-1.000000000000000000e+00,-1.000000000000000000e+00,-1.000000000000000000e+00,-1.000000000000000000e+00,-1.000000000000000000e+00,-1.000000000000000000e+00,-1.000000000000000000e+00
3.280832469463348389e-01,7.949986457824707031e-01,8.932033779274206609e-08,3.377633988857269287e-01,7.637832164764404297e-01,7.430842146277427673e-03,3.522985279560089111e-01,7.486992478370666504e-01,9.215432219207286835e-03,3.668903410434722900e-01,7.448871135711669922e-01,9.447246789932250977e-03,3.780100047588348389e-01,7.459088563919067383e-01,9.170579724013805389e-03,3.636079430580139160e-01,7.416256666183471680e-01,-8.154427632689476013e-04,3.826475143432617188e-01,7.164525985717773438e-01,-5.539104342460632324e-03,3.974156379699707031e-01,7.092226743698120117e-01,-7.136886008083820343e-03,4.083922505378723145e-01,7.085579037666320801e-01,-7.052424363791942596e-03,3.731321096420288086e-01,7.564504742622375488e-01,-6.851532962173223495e-03,4.028988480567932129e-01,7.376307249069213867e-01,-1.074198540300130844e-02,4.204120337963104248e-01,7.340627908706665039e-01,-1.138599030673503876e-02,4.313415884971618652e-01,7.359898686408996582e-01,-1.054647564888000488e-02,3.791686594486236572e-01,7.748420238494873047e-01,-1.222640089690685272e-02,4.095761477947235107e-01,7.622834444046020508e-01,-1.589543931186199188e-02,4.273277521133422852e-01,7.606925964355468750e-01,-1.652591302990913391e-02,4.395366311073303223e-01,7.611405253410339355e-01,-1.584970578551292419e-02,3.810562789440155029e-01,7.962963581085205078e-01,-1.672851666808128357e-02,4.061526060104370117e-01,7.911662459373474121e-01,-1.857096329331398010e-02,4.195563197135925293e-01,7.894760370254516602e-01,-1.691257394850254059e-02,4.292261302471160889e-01,7.881841063499450684e-01,-1.469366066157817841e-02,-1.000000000000000000e+00,-1.000000000000000000e+00,-1.000000000000000000e+00,-1.000000000000000000e+00,-1.000000000000000000e+00,-1.000000000000000000e+00,-1.000000000000000000e+00,-1.000000000000000000e+00,-1.000000000000000000e+00,-1.000000000000000000e+00,-1.000000000000000000e+00,-1.000000000000000000e+00,-1.000000000000000000e+00,-1.000000000000000000e+00,-1.000000000000000000e+00,-1.000000000000000000e+00,-1.000000000000000000e+00,-1.000000000000000000e+00,-1.000000000000000000e+00,-1.000000000000000000e+00,-1.000000000000000000e+00,-1.000000000000000000e+00,-1.000000000000000000e+00,-1.000000000000000000e+00,-1.000000000000000000e+00,-1.000000000000000000e+00,-1.000000000000000000e+00,-1.000000000000000000e+00,-1.000000000000000000e+00,-1.000000000000000000e+00,-1.000000000000000000e+00,-1.000000000000000000e+00,-1.000000000000000000e+00,-1.000000000000000000e+00,-1.000000000000000000e+00,-1.000000000000000000e+00,-1.000000000000000000e+00,-1.000000000000000000e+00,-1.000000000000000000e+00,-1.000000000000000000e+00,-1.000000000000000000e+00,-1.000000000000000000e+00,-1.000000000000000000e+00,-1.000000000000000000e+00,-1.000000000000000000e+00,-1.000000000000000000e+00,-1.000000000000000000e+00,-1.000000000000000000e+00,-1.000000000000000000e+00,-1.000000000000000000e+00,-1.000000000000000000e+00,-1.000000000000000000e+00,-1.000000000000000000e+00,-1.000000000000000000e+00,-1.000000000000000000e+00,-1.000000000000000000e+00,-1.000000000000000000e+00,-1.000000000000000000e+00,-1.000000000000000000e+00,-1.000000000000000000e+00,-1.000000000000000000e+00,-1.000000000000000000e+00,-1.000000000000000000e+00
3.280832469463348389e-01,7.949986457824707031e-01,8.932033779274206609e-08,3.377633988857269287e-01,7.637832164764404297e-01,7.430842146277427673e-03,3.522985279560089111e-01,7.486992478370666504e-01,9.215432219207286835e-03,3.668903410434722900e-01,7.448871135711669922e-01,9.447246789932250977e-03,3.780100047588348389e-01,7.459088563919067383e-01,9.170579724013805389e-03,3.636079430580139160e-01,7.416256666183471680e-01,-8.154427632689476013e-04,3.826475143432617188e-01,7.164525985717773438e-01,-5.539104342460632324e-03,3.974156379699707031e-01,7.092226743698120117e-01,-7.136886008083820343e-03,4.083922505378723145e-01,7.085579037666320801e-01,-7.052424363791942596e-03,3.731321096420288086e-01,7.564504742622375488e-01,-6.851532962173223495e-03,4.028988480567932129e-01,7.376307249069213867e-01,-1.074198540300130844e-02,4.204120337963104248e-01,7.340627908706665039e-01,-1.138599030673503876e-02,4.313415884971618652e-01,7.359898686408996582e-01,-1.054647564888000488e-02,3.791686594486236572e-01,7.748420238494873047e-01,-1.222640089690685272e-02,4.095761477947235107e-01,7.622834444046020508e-01,-1.589543931186199188e-02,4.273277521133422852e-01,7.606925964355468750e-01,-1.652591302990913391e-02,4.395366311073303223e-01,7.611405253410339355e-01,-1.584970578551292419e-02,3.810562789440155029e-01,7.962963581085205078e-01,-1.672851666808128357e-02,4.061526060104370117e-01,7.911662459373474121e-01,-1.857096329331398010e-02,4.195563197135925293e-01,7.894760370254516602e-01,-1.691257394850254059e-02,4.292261302471160889e-01,7.881841063499450684e-01,-1.469366066157817841e-02,-1.000000000000000000e+00,-1.000000000000000000e+00,-1.000000000000000000e+00,-1.000000000000000000e+00,-1.000000000000000000e+00,-1.000000000000000000e+00,-1.000000000000000000e+00,-1.000000000000000000e+00,-1.000000000000000000e+00,-1.000000000000000000e+00,-1.000000000000000000e+00,-1.000000000000000000e+00,-1.000000000000000000e+00,-1.000000000000000000e+00,-1.000000000000000000e+00,-1.000000000000000000e+00,-1.000000000000000000e+00,-1.000000000000000000e+00,-1.000000000000000000e+00,-1.000000000000000000e+00,-1.000000000000000000e+00,-1.000000000000000000e+00,-1.000000000000000000e+00,-1.000000000000000000e+00,-1.000000000000000000e+00,-1.000000000000000000e+00,-1.000000000000000000e+00,-1.000000000000000000e+00,-1.000000000000000000e+00,-1.000000000000000000e+00,-1.000000000000000000e+00,-1.000000000000000000e+00,-1.000000000000000000e+00,-1.000000000000000000e+00,-1.000000000000000000e+00,-1.000000000000000000e+00,-1.000000000000000000e+00,-1.000000000000000000e+00,-1.000000000000000000e+00,-1.000000000000000000e+00,-1.000000000000000000e+00,-1.000000000000000000e+00,-1.000000000000000000e+00,-1.000000000000000000e+00,-1.000000000000000000e+00,-1.000000000000000000e+00,-1.000000000000000000e+00,-1.000000000000000000e+00,-1.000000000000000000e+00,-1.000000000000000000e+00,-1.000000000000000000e+00,-1.000000000000000000e+00,-1.000000000000000000e+00,-1.000000000000000000e+00,-1.000000000000000000e+00,-1.000000000000000000e+00,-1.000000000000000000e+00,-1.000000000000000000e+00,-1.000000000000000000e+00,-1.000000000000000000e+00,-1.000000000000000000e+00,-1.000000000000000000e+00,-1.000000000000000000e+00
3.258003890514373779e-01,7.942405939102172852e-01,9.201622219734417740e-08,3.364559710025787354e-01,7.626095414161682129e-01,7.543285377323627472e-03,3.524713218212127686e-01,7.480122447013854980e-01,9.700926952064037323e-03,3.672598600387573242e-01,7.461422681808471680e-01,1.022830978035926819e-02,3.781786262989044189e-01,7.480030059814453125e-01,1.030184701085090637e-02,3.616028726100921631e-01,7.409347891807556152e-01,4.643692518584430218e-04,3.807138800621032715e-01,7.166902422904968262e-01,-4.241914954036474228e-03,3.959102034568786621e-01,7.094231843948364258e-01,-5.921080708503723145e-03,4.072083830833435059e-01,7.088484764099121094e-01,-5.834826268255710602e-03,3.707889616489410400e-01,7.561863064765930176e-01,-5.683054216206073761e-03,4.008540511131286621e-01,7.379350066184997559e-01,-9.561991319060325623e-03,4.189482033252716064e-01,7.344796657562255859e-01,-1.048233732581138611e-02,4.304236173629760742e-01,7.364968657493591309e-01,-9.824122302234172821e-03,3.767455816268920898e-01,7.749210000038146973e-01,-1.128113176673650742e-02,4.078903198242187500e-01,7.629038095474243164e-01,-1.529077813029289246e-02,4.256148338317871094e-01,7.623317241668701172e-01,-1.636253297328948975e-02,4.374187290668487549e-01,7.634251117706298828e-01,-1.584466919302940369e-02,3.787957131862640381e-01,7.963640689849853516e-01,-1.598092354834079742e-02,4.044709801673889160e-01,7.916787862777709961e-01,-1.841717399656772614e-02,4.180847704410552979e-01,7.905392646789550781e-01,-1.725990511476993561e-02,4.278593361377716064e-01,7.895748019218444824e-01,-1.530221570283174515e-02,-1.000000000000000000e+00,-1.000000000000000000e+00,-1.000000000000000000e+00,-1.000000000000000000e+00,-1.000000000000000000e+00,-1.000000000000000000e+00,-1.000000000000000000e+00,-1.000000000000000000e+00,-1.000000000000000000e+00,-1.000000000000000000e+00,-1.000000000000000000e+00,-1.000000000000000000e+00,-1.000000000000000000e+00,-1.000000000000000000e+00,-1.000000000000000000e+00,-1.000000000000000000e+00,-1.000000000000000000e+00,-1.000000000000000000e+00,-1.000000000000000000e+00,-1.000000000000000000e+00,-1.000000000000000000e+00,-1.000000000000000000e+00,-1.000000000000000000e+00,-1.000000000000000000e+00,-1.000000000000000000e+00,-1.000000000000000000e+00,-1.000000000000000000e+00,-1.000000000000000000e+00,-1.000000000000000000e+00,-1.000000000000000000e+00,-1.000000000000000000e+00,-1.000000000000000000e+00,-1.000000000000000000e+00,-1.000000000000000000e+00,-1.000000000000000000e+00,-1.000000000000000000e+00,-1.000000000000000000e+00,-1.000000000000000000e+00,-1.000000000000000000e+00,-1.000000000000000000e+00,-1.000000000000000000e+00,-1.000000000000000000e+00,-1.000000000000000000e+00,-1.000000000000000000e+00,-1.000000000000000000e+00,-1.000000000000000000e+00,-1.000000000000000000e+00,-1.000000000000000000e+00,-1.000000000000000000e+00,-1.000000000000000000e+00,-1.000000000000000000e+00,-1.000000000000000000e+00,-1.000000000000000000e+00,-1.000000000000000000e+00,-1.000000000000000000e+00,-1.000000000000000000e+00,-1.000000000000000000e+00,-1.000000000000000000e+00,-1.000000000000000000e+00,-1.000000000000000000e+00,-1.000000000000000000e+00,-1.000000000000000000e+00,-1.000000000000000000e+00
3.245479762554168701e-01,7.936534881591796875e-01,9.846351645137474407e-08,3.356163799762725830e-01,7.620215415954589844e-01,7.285096216946840286e-03,3.516506850719451904e-01,7.475410103797912598e-01,9.094302542507648468e-03,3.667050898075103760e-01,7.452483177185058594e-01,9.356855414807796478e-03,3.778357505798339844e-01,7.463507056236267090e-01,9.137092158198356628e-03,3.602925539016723633e-01,7.411139011383056641e-01,-8.869522716850042343e-04,3.801176548004150391e-01,7.164702415466308594e-01,-5.995223298668861389e-03,3.953804373741149902e-01,7.097989320755004883e-01,-7.895942777395248413e-03,4.068224430084228516e-01,7.094025611877441406e-01,-7.959112524986267090e-03,3.692657649517059326e-01,7.564800381660461426e-01,-7.028666790574789047e-03,3.998661637306213379e-01,7.382665276527404785e-01,-1.112068351358175278e-02,4.181650876998901367e-01,7.349376082420349121e-01,-1.224317401647567749e-02,4.298334419727325439e-01,7.368671894073486328e-01,-1.179778948426246643e-02,3.750968873500823975e-01,7.752311229705810547e-01,-1.254300214350223541e-02,4.063050150871276855e-01,7.630584836006164551e-01,-1.660246402025222778e-02,4.244339466094970703e-01,7.623356580734252930e-01,-1.772628724575042725e-02,4.368755221366882324e-01,7.633250951766967773e-01,-1.735733449459075928e-02,3.771992027759552002e-01,7.966233491897583008e-01,-1.717541553080081940e-02,4.026588499546051025e-01,7.917551398277282715e-01,-1.973286271095275879e-02,4.165620803833007812e-01,7.902916073799133301e-01,-1.865294203162193298e-02,4.269643127918243408e-01,7.889738082885742188e-01,-1.679393835365772247e-02,-1.000000000000000000e+00,-1.000000000000000000e+00,-1.000000000000000000e+00,-1.000000000000000000e+00,-1.000000000000000000e+00,-1.000000000000000000e+00,-1.000000000000000000e+00,-1.000000000000000000e+00,-1.000000000000000000e+00,-1.000000000000000000e+00,-1.000000000000000000e+00,-1.000000000000000000e+00,-1.000000000000000000e+00,-1.000000000000000000e+00,-1.000000000000000000e+00,-1.000000000000000000e+00,-1.000000000000000000e+00,-1.000000000000000000e+00,-1.000000000000000000e+00,-1.000000000000000000e+00,-1.000000000000000000e+00,-1.000000000000000000e+00,-1.000000000000000000e+00,-1.000000000000000000e+00,-1.000000000000000000e+00,-1.000000000000000000e+00,-1.000000000000000000e+00,-1.000000000000000000e+00,-1.000000000000000000e+00,-1.000000000000000000e+00,-1.000000000000000000e+00,-1.000000000000000000e+00,-1.000000000000000000e+00,-1.000000000000000000e+00,-1.000000000000000000e+00,-1.000000000000000000e+00,-1.000000000000000000e+00,-1.000000000000000000e+00,-1.000000000000000000e+00,-1.000000000000000000e+00,-1.000000000000000000e+00,-1.000000000000000000e+00,-1.000000000000000000e+00,-1.000000000000000000e+00,-1.000000000000000000e+00,-1.000000000000000000e+00,-1.000000000000000000e+00,-1.000000000000000000e+00,-1.000000000000000000e+00,-1.000000000000000000e+00,-1.000000000000000000e+00,-1.000000000000000000e+00,-1.000000000000000000e+00,-1.000000000000000000e+00,-1.000000000000000000e+00,-1.000000000000000000e+00,-1.000000000000000000e+00,-1.000000000000000000e+00,-1.000000000000000000e+00,-1.000000000000000000e+00,-1.000000000000000000e+00,-1.000000000000000000e+00,-1.000000000000000000e+00
3.249220848083496094e-01,7.941406965255737305e-01,9.884556817496559233e-08,3.348422050476074219e-01,7.622883915901184082e-01,6.957969628274440765e-03,3.493563234806060791e-01,7.470054030418395996e-01,8.560909889638423920e-03,3.639244139194488525e-01,7.432569265365600586e-01,8.681564591825008392e-03,3.749817013740539551e-01,7.438291311264038086e-01,8.279167115688323975e-03,3.600399196147918701e-01,7.410799860954284668e-01,-1.379285007715225220e-03,3.792895078659057617e-01,7.168412208557128906e-01,-6.499852985143661499e-03,3.942484259605407715e-01,7.098054289817810059e-01,-8.370454423129558563e-03,4.055255055427551270e-01,7.091450691223144531e-01,-8.425940759479999542e-03,3.692793548107147217e-01,7.563313245773315430e-01,-7.317619863897562027e-03,3.992978930473327637e-01,7.384473085403442383e-01,-1.148941647261381149e-02,4.174503982067108154e-01,7.348741888999938965e-01,-1.244405843317508698e-02,4.291905462741851807e-01,7.368321418762207031e-01,-1.187874283641576767e-02,3.751180171966552734e-01,7.748040556907653809e-01,-1.263731997460126877e-02,4.057267904281616211e-01,7.631789445877075195e-01,-1.675461232662200928e-02,4.234933257102966309e-01,7.622033357620239258e-01,-1.772598177194595337e-02,4.356856048107147217e-01,7.630796432495117188e-01,-1.723516918718814850e-02,3.768959343433380127e-01,7.957328557968139648e-01,-1.709269732236862183e-02,4.019023180007934570e-01,7.914651632308959961e-01,-1.956667751073837280e-02,4.155779480934143066e-01,7.900491952896118164e-01,-1.833161711692810059e-02,4.256498515605926514e-01,7.889451980590820312e-01,-1.634073816239833832e-02,-1.000000000000000000e+00,-1.000000000000000000e+00,-1.000000000000000000e+00,-1.000000000000000000e+00,-1.000000000000000000e+00,-1.000000000000000000e+00,-1.000000000000000000e+00,-1.000000000000000000e+00,-1.000000000000000000e+00,-1.000000000000000000e+00,-1.000000000000000000e+00,-1.000000000000000000e+00,-1.000000000000000000e+00,-1.000000000000000000e+00,-1.000000000000000000e+00,-1.000000000000000000e+00,-1.000000000000000000e+00,-1.000000000000000000e+00,-1.000000000000000000e+00,-1.000000000000000000e+00,-1.000000000000000000e+00,-1.000000000000000000e+00,-1.000000000000000000e+00,-1.000000000000000000e+00,-1.000000000000000000e+00,-1.000000000000000000e+00,-1.000000000000000000e+00,-1.000000000000000000e+00,-1.000000000000000000e+00,-1.000000000000000000e+00,-1.000000000000000000e+00,-1.000000000000000000e+00,-1.000000000000000000e+00,-1.000000000000000000e+00,-1.000000000000000000e+00,-1.000000000000000000e+00,-1.000000000000000000e+00,-1.000000000000000000e+00,-1.000000000000000000e+00,-1.000000000000000000e+00,-1.000000000000000000e+00,-1.000000000000000000e+00,-1.000000000000000000e+00,-1.000000000000000000e+00,-1.000000000000000000e+00,-1.000000000000000000e+00,-1.000000000000000000e+00,-1.000000000000000000e+00,-1.000000000000000000e+00,-1.000000000000000000e+00,-1.000000000000000000e+00,-1.000000000000000000e+00,-1.000000000000000000e+00,-1.000000000000000000e+00,-1.000000000000000000e+00,-1.000000000000000000e+00,-1.000000000000000000e+00,-1.000000000000000000e+00,-1.000000000000000000e+00,-1.000000000000000000e+00,-1.000000000000000000e+00,-1.000000000000000000e+00,-1.000000000000000000e+00
3.214928209781646729e-01,7.913252115249633789e-01,1.047977988832826668e-07,3.328649997711181641e-01,7.607051134109497070e-01,6.927396170794963837e-03,3.490502238273620605e-01,7.467796802520751953e-01,8.555434644222259521e-03,3.641867339611053467e-01,7.454100251197814941e-01,8.655063807964324951e-03,3.753257691860198975e-01,7.474749088287353516e-01,8.282022550702095032e-03,3.584592640399932861e-01,7.404521703720092773e-01,-6.268387078307569027e-04,3.781144618988037109e-01,7.164085507392883301e-01,-5.800660699605941772e-03,3.935955762863159180e-01,7.095826268196105957e-01,-7.952693849802017212e-03,4.054509997367858887e-01,7.092381715774536133e-01,-8.202119730412960052e-03,3.673937916755676270e-01,7.561241984367370605e-01,-6.701059639453887939e-03,3.975411355495452881e-01,7.387208342552185059e-01,-1.077691931277513504e-02,4.160244464874267578e-01,7.349214553833007812e-01,-1.204926799982786179e-02,4.280758500099182129e-01,7.363711595535278320e-01,-1.173310633748769760e-02,3.730531334877014160e-01,7.747954130172729492e-01,-1.222797948867082596e-02,4.040197134017944336e-01,7.633506059646606445e-01,-1.630099304020404816e-02,4.219061732292175293e-01,7.625123858451843262e-01,-1.746446080505847931e-02,4.340732097625732422e-01,7.634618282318115234e-01,-1.711044274270534515e-02,3.748748302459716797e-01,7.959557175636291504e-01,-1.693411730229854584e-02,4.004773795604705811e-01,7.916620969772338867e-01,-1.938338577747344971e-02,4.142287969589233398e-01,7.907391190528869629e-01,-1.814598590135574341e-02,4.243973493576049805e-01,7.900312542915344238e-01,-1.616573147475719452e-02,-1.000000000000000000e+00,-1.000000000000000000e+00,-1.000000000000000000e+00,-1.000000000000000000e+00,-1.000000000000000000e+00,-1.000000000000000000e+00,-1.000000000000000000e+00,-1.000000000000000000e+00,-1.000000000000000000e+00,-1.000000000000000000e+00,-1.000000000000000000e+00,-1.000000000000000000e+00,-1.000000000000000000e+00,-1.000000000000000000e+00,-1.000000000000000000e+00,-1.000000000000000000e+00,-1.000000000000000000e+00,-1.000000000000000000e+00,-1.000000000000000000e+00,-1.000000000000000000e+00,-1.000000000000000000e+00,-1.000000000000000000e+00,-1.000000000000000000e+00,-1.000000000000000000e+00,-1.000000000000000000e+00,-1.000000000000000000e+00,-1.000000000000000000e+00,-1.000000000000000000e+00,-1.000000000000000000e+00,-1.000000000000000000e+00,-1.000000000000000000e+00,-1.000000000000000000e+00,-1.000000000000000000e+00,-1.000000000000000000e+00,-1.000000000000000000e+00,-1.000000000000000000e+00,-1.000000000000000000e+00,-1.000000000000000000e+00,-1.000000000000000000e+00,-1.000000000000000000e+00,-1.000000000000000000e+00,-1.000000000000000000e+00,-1.000000000000000000e+00,-1.000000000000000000e+00,-1.000000000000000000e+00,-1.000000000000000000e+00,-1.000000000000000000e+00,-1.000000000000000000e+00,-1.000000000000000000e+00,-1.000000000000000000e+00,-1.000000000000000000e+00,-1.000000000000000000e+00,-1.000000000000000000e+00,-1.000000000000000000e+00,-1.000000000000000000e+00,-1.000000000000000000e+00,-1.000000000000000000e+00,-1.000000000000000000e+00,-1.000000000000000000e+00,-1.000000000000000000e+00,-1.000000000000000000e+00,-1.000000000000000000e+00,-1.000000000000000000e+00
3.219773173332214355e-01,7.927345037460327148e-01,1.024643694336191402e-07,3.334179222583770752e-01,7.617292404174804688e-01,6.530656479299068451e-03,3.495449423789978027e-01,7.469900846481323242e-01,7.847743108868598938e-03,3.640900552272796631e-01,7.453021407127380371e-01,7.712953258305788040e-03,3.747735321521759033e-01,7.470375299453735352e-01,7.054427638649940491e-03,3.580906093120574951e-01,7.408249378204345703e-01,-1.888651750050485134e-03,3.778627216815948486e-01,7.169309258460998535e-01,-7.316796109080314636e-03,3.932378590106964111e-01,7.100672125816345215e-01,-9.400388225913047791e-03,4.049980938434600830e-01,7.094994783401489258e-01,-9.608262218534946442e-03,3.668179214000701904e-01,7.561700344085693359e-01,-7.808006834238767624e-03,3.969641625881195068e-01,7.386006116867065430e-01,-1.223085355013608932e-02,4.154298305511474609e-01,7.351514697074890137e-01,-1.344065554440021515e-02,4.274564981460571289e-01,7.368400096893310547e-01,-1.305719558149576187e-02,3.721829354763031006e-01,7.746435403823852539e-01,-1.314257737249135971e-02,4.032500684261322021e-01,7.639631032943725586e-01,-1.741976477205753326e-02,4.214046001434326172e-01,7.630884051322937012e-01,-1.868017762899398804e-02,4.340950548648834229e-01,7.635738849639892578e-01,-1.840497180819511414e-02,3.735531270503997803e-01,7.954759001731872559e-01,-1.764572039246559143e-02,3.986582159996032715e-01,7.920762896537780762e-01,-2.015371993184089661e-02,4.125221371650695801e-01,7.910124659538269043e-01,-1.904908381402492523e-02,4.227932989597320557e-01,7.898367643356323242e-01,-1.721952483057975769e-02,-1.000000000000000000e+00,-1.000000000000000000e+00,-1.000000000000000000e+00,-1.000000000000000000e+00,-1.000000000000000000e+00,-1.000000000000000000e+00,-1.000000000000000000e+00,-1.000000000000000000e+00,-1.000000000000000000e+00,-1.000000000000000000e+00,-1.000000000000000000e+00,-1.000000000000000000e+00,-1.000000000000000000e+00,-1.000000000000000000e+00,-1.000000000000000000e+00,-1.000000000000000000e+00,-1.000000000000000000e+00,-1.000000000000000000e+00,-1.000000000000000000e+00,-1.000000000000000000e+00,-1.000000000000000000e+00,-1.000000000000000000e+00,-1.000000000000000000e+00,-1.000000000000000000e+00,-1.000000000000000000e+00,-1.000000000000000000e+00,-1.000000000000000000e+00,-1.000000000000000000e+00,-1.000000000000000000e+00,-1.000000000000000000e+00,-1.000000000000000000e+00,-1.000000000000000000e+00,-1.000000000000000000e+00,-1.000000000000000000e+00,-1.000000000000000000e+00,-1.000000000000000000e+00,-1.000000000000000000e+00,-1.000000000000000000e+00,-1.000000000000000000e+00,-1.000000000000000000e+00,-1.000000000000000000e+00,-1.000000000000000000e+00,-1.000000000000000000e+00,-1.000000000000000000e+00,-1.000000000000000000e+00,-1.000000000000000000e+00,-1.000000000000000000e+00,-1.000000000000000000e+00,-1.000000000000000000e+00,-1.000000000000000000e+00,-1.000000000000000000e+00,-1.000000000000000000e+00,-1.000000000000000000e+00,-1.000000000000000000e+00,-1.000000000000000000e+00,-1.000000000000000000e+00,-1.000000000000000000e+00,-1.000000000000000000e+00,-1.000000000000000000e+00,-1.000000000000000000e+00,-1.000000000000000000e+00,-1.000000000000000000e+00,-1.000000000000000000e+00
3.205929696559906006e-01,7.916078567504882812e-01,1.131886193661557627e-07,3.299500346183776855e-01,7.608912587165832520e-01,5.861305631697177887e-03,3.444037139415740967e-01,7.469040155410766602e-01,6.739756092429161072e-03,3.594907224178314209e-01,7.458919882774353027e-01,6.330566946417093277e-03,3.703942298889160156e-01,7.486181855201721191e-01,5.405748263001441956e-03,3.568458855152130127e-01,7.403810024261474609e-01,-2.751058898866176605e-03,3.769649267196655273e-01,7.162238359451293945e-01,-8.312723599374294281e-03,3.924256563186645508e-01,7.092072963714599609e-01,-1.064683869481086731e-02,4.042971730232238770e-01,7.085450291633605957e-01,-1.108139846473932266e-02,3.659156858921051025e-01,7.560475468635559082e-01,-8.347763679921627045e-03,3.965626955032348633e-01,7.387343049049377441e-01,-1.290619932115077972e-02,4.148974716663360596e-01,7.349498867988586426e-01,-1.425180677324533463e-02,4.269242882728576660e-01,7.361472845077514648e-01,-1.400583144277334213e-02,3.714443147182464600e-01,7.747373580932617188e-01,-1.338091585785150528e-02,4.027523398399353027e-01,7.636215686798095703e-01,-1.780659146606922150e-02,4.207017719745635986e-01,7.625822424888610840e-01,-1.896694675087928772e-02,4.331716597080230713e-01,7.632416486740112305e-01,-1.861986331641674042e-02,3.728567361831665039e-01,7.959408164024353027e-01,-1.765931583940982819e-02,3.984838724136352539e-01,7.919297218322753906e-01,-2.031013555824756622e-02,4.121185541152954102e-01,7.907661199569702148e-01,-1.909423433244228363e-02,4.223422408103942871e-01,7.895434498786926270e-01,-1.713098026812076569e-02,-1.000000000000000000e+00,-1.000000000000000000e+00,-1.000000000000000000e+00,-1.000000000000000000e+00,-1.000000000000000000e+00,-1.000000000000000000e+00,-1.000000000000000000e+00,-1.000000000000000000e+00,-1.000000000000000000e+00,-1.000000000000000000e+00,-1.000000000000000000e+00,-1.000000000000000000e+00,-1.000000000000000000e+00,-1.000000000000000000e+00,-1.000000000000000000e+00,-1.000000000000000000e+00,-1.000000000000000000e+00,-1.000000000000000000e+00,-1.000000000000000000e+00,-1.000000000000000000e+00,-1.000000000000000000e+00,-1.000000000000000000e+00,-1.000000000000000000e+00,-1.000000000000000000e+00,-1.000000000000000000e+00,-1.000000000000000000e+00,-1.000000000000000000e+00,-1.000000000000000000e+00,-1.000000000000000000e+00,-1.000000000000000000e+00,-1.000000000000000000e+00,-1.000000000000000000e+00,-1.000000000000000000e+00,-1.000000000000000000e+00,-1.000000000000000000e+00,-1.000000000000000000e+00,-1.000000000000000000e+00,-1.000000000000000000e+00,-1.000000000000000000e+00,-1.000000000000000000e+00,-1.000000000000000000e+00,-1.000000000000000000e+00,-1.000000000000000000e+00,-1.000000000000000000e+00,-1.000000000000000000e+00,-1.000000000000000000e+00,-1.000000000000000000e+00,-1.000000000000000000e+00,-1.000000000000000000e+00,-1.000000000000000000e+00,-1.000000000000000000e+00,-1.000000000000000000e+00,-1.000000000000000000e+00,-1.000000000000000000e+00,-1.000000000000000000e+00,-1.000000000000000000e+00,-1.000000000000000000e+00,-1.000000000000000000e+00,-1.000000000000000000e+00,-1.000000000000000000e+00,-1.000000000000000000e+00,-1.000000000000000000e+00,-1.000000000000000000e+00
3.205929696559906006e-01,7.916078567504882812e-01,1.131886193661557627e-07,3.299500346183776855e-01,7.608912587165832520e-01,5.861305631697177887e-03,3.444037139415740967e-01,7.469040155410766602e-01,6.739756092429161072e-03,3.594907224178314209e-01,7.458919882774353027e-01,6.330566946417093277e-03,3.703942298889160156e-01,7.486181855201721191e-01,5.405748263001441956e-03,3.568458855152130127e-01,7.403810024261474609e-01,-2.751058898866176605e-03,3.769649267196655273e-01,7.162238359451293945e-01,-8.312723599374294281e-03,3.924256563186645508e-01,7.092072963714599609e-01,-1.064683869481086731e-02,4.042971730232238770e-01,7.085450291633605957e-01,-1.108139846473932266e-02,3.659156858921051025e-01,7.560475468635559082e-01,-8.347763679921627045e-03,3.965626955032348633e-01,7.387343049049377441e-01,-1.290619932115077972e-02,4.148974716663360596e-01,7.349498867988586426e-01,-1.425180677324533463e-02,4.269242882728576660e-01,7.361472845077514648e-01,-1.400583144277334213e-02,3.714443147182464600e-01,7.747373580932617188e-01,-1.338091585785150528e-02,4.027523398399353027e-01,7.636215686798095703e-01,-1.780659146606922150e-02,4.207017719745635986e-01,7.625822424888610840e-01,-1.896694675087928772e-02,4.331716597080230713e-01,7.632416486740112305e-01,-1.861986331641674042e-02,3.728567361831665039e-01,7.959408164024353027e-01,-1.765931583940982819e-02,3.984838724136352539e-01,7.919297218322753906e-01,-2.031013555824756622e-02,4.121185541152954102e-01,7.907661199569702148e-01,-1.909423433244228363e-02,4.223422408103942871e-01,7.895434498786926270e-01,-1.713098026812076569e-02,-1.000000000000000000e+00,-1.000000000000000000e+00,-1.000000000000000000e+00,-1.000000000000000000e+00,-1.000000000000000000e+00,-1.000000000000000000e+00,-1.000000000000000000e+00,-1.000000000000000000e+00,-1.000000000000000000e+00,-1.000000000000000000e+00,-1.000000000000000000e+00,-1.000000000000000000e+00,-1.000000000000000000e+00,-1.000000000000000000e+00,-1.000000000000000000e+00,-1.000000000000000000e+00,-1.000000000000000000e+00,-1.000000000000000000e+00,-1.000000000000000000e+00,-1.000000000000000000e+00,-1.000000000000000000e+00,-1.000000000000000000e+00,-1.000000000000000000e+00,-1.000000000000000000e+00,-1.000000000000000000e+00,-1.000000000000000000e+00,-1.000000000000000000e+00,-1.000000000000000000e+00,-1.000000000000000000e+00,-1.000000000000000000e+00,-1.000000000000000000e+00,-1.000000000000000000e+00,-1.000000000000000000e+00,-1.000000000000000000e+00,-1.000000000000000000e+00,-1.000000000000000000e+00,-1.000000000000000000e+00,-1.000000000000000000e+00,-1.000000000000000000e+00,-1.000000000000000000e+00,-1.000000000000000000e+00,-1.000000000000000000e+00,-1.000000000000000000e+00,-1.000000000000000000e+00,-1.000000000000000000e+00,-1.000000000000000000e+00,-1.000000000000000000e+00,-1.000000000000000000e+00,-1.000000000000000000e+00,-1.000000000000000000e+00,-1.000000000000000000e+00,-1.000000000000000000e+00,-1.000000000000000000e+00,-1.000000000000000000e+00,-1.000000000000000000e+00,-1.000000000000000000e+00,-1.000000000000000000e+00,-1.000000000000000000e+00,-1.000000000000000000e+00,-1.000000000000000000e+00,-1.000000000000000000e+00,-1.000000000000000000e+00,-1.000000000000000000e+00
3.209674060344696045e-01,7.920650243759155273e-01,1.143785652857332025e-07,3.303806185722351074e-01,7.612000107765197754e-01,5.376666784286499023e-03,3.450510799884796143e-01,7.465946078300476074e-01,5.970653146505355835e-03,3.601053953170776367e-01,7.453458905220031738e-01,5.323723424226045609e-03,3.709309399127960205e-01,7.483273148536682129e-01,4.167084582149982452e-03,3.569024205207824707e-01,7.401829361915588379e-01,-3.243979765102267265e-03,3.771089613437652588e-01,7.161431908607482910e-01,-8.839359506964683533e-03,3.924328386783599854e-01,7.092701196670532227e-01,-1.112144347280263901e-02,4.041161537170410156e-01,7.087069153785705566e-01,-1.150002423673868179e-02,3.660121560096740723e-01,7.558573484420776367e-01,-8.647603914141654968e-03,3.967721760272979736e-01,7.386950850486755371e-01,-1.317496690899133682e-02,4.150803089141845703e-01,7.350008487701416016e-01,-1.446727383881807327e-02,4.269791543483734131e-01,7.364809513092041016e-01,-1.416264288127422333e-02,3.715535700321197510e-01,7.746106386184692383e-01,-1.350519340485334396e-02,4.029476940631866455e-01,7.636903524398803711e-01,-1.779975928366184235e-02,4.207728803157806396e-01,7.623979449272155762e-01,-1.896934956312179565e-02,4.331078529357910156e-01,7.627005577087402344e-01,-1.865738071501255035e-02,3.728999197483062744e-01,7.956348657608032227e-01,-1.764859631657600403e-02,3.983115553855895996e-01,7.921366691589355469e-01,-2.008335664868354797e-02,4.119360148906707764e-01,7.907716035842895508e-01,-1.882757246494293213e-02,4.220348298549652100e-01,7.891797423362731934e-01,-1.687300764024257660e-02,-1.000000000000000000e+00,-1.000000000000000000e+00,-1.000000000000000000e+00,-1.000000000000000000e+00,-1.000000000000000000e+00,-1.000000000000000000e+00,-1.000000000000000000e+00,-1.000000000000000000e+00,-1.000000000000000000e+00,-1.000000000000000000e+00,-1.000000000000000000e+00,-1.000000000000000000e+00,-1.000000000000000000e+00,-1.000000000000000000e+00,-1.000000000000000000e+00,-1.000000000000000000e+00,-1.000000000000000000e+00,-1.000000000000000000e+00,-1.000000000000000000e+00,-1.000000000000000000e+00,-1.000000000000000000e+00,-1.000000000000000000e+00,-1.000000000000000000e+00,-1.000000000000000000e+00,-1.000000000000000000e+00,-1.000000000000000000e+00,-1.000000000000000000e+00,-1.000000000000000000e+00,-1.000000000000000000e+00,-1.000000000000000000e+00,-1.000000000000000000e+00,-1.000000000000000000e+00,-1.000000000000000000e+00,-1.000000000000000000e+00,-1.000000000000000000e+00,-1.000000000000000000e+00,-1.000000000000000000e+00,-1.000000000000000000e+00,-1.000000000000000000e+00,-1.000000000000000000e+00,-1.000000000000000000e+00,-1.000000000000000000e+00,-1.000000000000000000e+00,-1.000000000000000000e+00,-1.000000000000000000e+00,-1.000000000000000000e+00,-1.000000000000000000e+00,-1.000000000000000000e+00,-1.000000000000000000e+00,-1.000000000000000000e+00,-1.000000000000000000e+00,-1.000000000000000000e+00,-1.000000000000000000e+00,-1.000000000000000000e+00,-1.000000000000000000e+00,-1.000000000000000000e+00,-1.000000000000000000e+00,-1.000000000000000000e+00,-1.000000000000000000e+00,-1.000000000000000000e+00,-1.000000000000000000e+00,-1.000000000000000000e+00,-1.000000000000000000e+00
3.176984786987304688e-01,7.936970591545104980e-01,1.136732805662177270e-07,3.254445195198059082e-01,7.635902166366577148e-01,4.415981471538543701e-03,3.394992351531982422e-01,7.486979961395263672e-01,5.000317003577947617e-03,3.535211086273193359e-01,7.466179728507995605e-01,4.406454972922801971e-03,3.627723455429077148e-01,7.474892139434814453e-01,3.352578263729810715e-03,3.552036285400390625e-01,7.417196631431579590e-01,-2.061861800029873848e-03,3.750149905681610107e-01,7.184539437294006348e-01,-7.481859996914863586e-03,3.906912803649902344e-01,7.116163969039916992e-01,-1.017852779477834702e-02,4.022026658058166504e-01,7.111729383468627930e-01,-1.093565952032804489e-02,3.648779988288879395e-01,7.575028538703918457e-01,-7.204759865999221802e-03,3.948096036911010742e-01,7.407562136650085449e-01,-1.126428693532943726e-02,4.134066402912139893e-01,7.372093796730041504e-01,-1.291688438504934311e-02,4.256198108196258545e-01,7.386987805366516113e-01,-1.303645782172679901e-02,3.704056143760681152e-01,7.761965394020080566e-01,-1.207914110273122787e-02,4.010003209114074707e-01,7.652634382247924805e-01,-1.622885279357433319e-02,4.187548160552978516e-01,7.645822167396545410e-01,-1.796648651361465454e-02,4.308497309684753418e-01,7.658488154411315918e-01,-1.815674826502799988e-02,3.715165853500366211e-01,7.974271774291992188e-01,-1.638637483119964600e-02,3.965737521648406982e-01,7.941306233406066895e-01,-1.925333216786384583e-02,4.104341566562652588e-01,7.937271595001220703e-01,-1.859321258962154388e-02,4.205751717090606689e-01,7.938662767410278320e-01,-1.705143600702285767e-02,-1.000000000000000000e+00,-1.000000000000000000e+00,-1.000000000000000000e+00,-1.000000000000000000e+00,-1.000000000000000000e+00,-1.000000000000000000e+00,-1.000000000000000000e+00,-1.000000000000000000e+00,-1.000000000000000000e+00,-1.000000000000000000e+00,-1.000000000000000000e+00,-1.000000000000000000e+00,-1.000000000000000000e+00,-1.000000000000000000e+00,-1.000000000000000000e+00,-1.000000000000000000e+00,-1.000000000000000000e+00,-1.000000000000000000e+00,-1.000000000000000000e+00,-1.000000000000000000e+00,-1.000000000000000000e+00,-1.000000000000000000e+00,-1.000000000000000000e+00,-1.000000000000000000e+00,-1.000000000000000000e+00,-1.000000000000000000e+00,-1.000000000000000000e+00,-1.000000000000000000e+00,-1.000000000000000000e+00,-1.000000000000000000e+00,-1.000000000000000000e+00,-1.000000000000000000e+00,-1.000000000000000000e+00,-1.000000000000000000e+00,-1.000000000000000000e+00,-1.000000000000000000e+00,-1.000000000000000000e+00,-1.000000000000000000e+00,-1.000000000000000000e+00,-1.000000000000000000e+00,-1.000000000000000000e+00,-1.000000000000000000e+00,-1.000000000000000000e+00,-1.000000000000000000e+00,-1.000000000000000000e+00,-1.000000000000000000e+00,-1.000000000000000000e+00,-1.000000000000000000e+00,-1.000000000000000000e+00,-1.000000000000000000e+00,-1.000000000000000000e+00,-1.000000000000000000e+00,-1.000000000000000000e+00,-1.000000000000000000e+00,-1.000000000000000000e+00,-1.000000000000000000e+00,-1.000000000000000000e+00,-1.000000000000000000e+00,-1.000000000000000000e+00,-1.000000000000000000e+00,-1.000000000000000000e+00,-1.000000000000000000e+00,-1.000000000000000000e+00
3.193172812461853027e-01,7.951036691665649414e-01,1.057541894056157616e-07,3.305722475051879883e-01,7.646317481994628906e-01,6.163719575852155685e-03,3.461911380290985107e-01,7.488150596618652344e-01,7.199254818260669708e-03,3.600062727928161621e-01,7.459400892257690430e-01,6.755858659744262695e-03,3.698829114437103271e-01,7.475027441978454590e-01,5.799895152449607849e-03,3.556306958198547363e-01,7.428179979324340820e-01,-2.018153667449951172e-03,3.753779828548431396e-01,7.192557454109191895e-01,-7.268480025231838226e-03,3.905919492244720459e-01,7.120350599288940430e-01,-9.308169595897197723e-03,4.021104276180267334e-01,7.110394239425659180e-01,-9.558243677020072937e-03,3.643966019153594971e-01,7.578975558280944824e-01,-7.872413843870162964e-03,3.944751620292663574e-01,7.405622005462646484e-01,-1.195978280156850815e-02,4.130872189998626709e-01,7.369299530982971191e-01,-1.295526511967182159e-02,4.253740012645721436e-01,7.385880351066589355e-01,-1.259116362780332565e-02,3.697808682918548584e-01,7.761725187301635742e-01,-1.320152916014194489e-02,4.008664488792419434e-01,7.659054994583129883e-01,-1.717996411025524139e-02,4.187778234481811523e-01,7.646929025650024414e-01,-1.836870610713958740e-02,4.309870302677154541e-01,7.651618123054504395e-01,-1.820118539035320282e-02,3.712121844291687012e-01,7.968214750289916992e-01,-1.776565238833427429e-02,3.961590826511383057e-01,7.941609621047973633e-01,-2.011036314070224762e-02,4.101603031158447266e-01,7.931982874870300293e-01,-1.902718842029571533e-02,4.202635586261749268e-01,7.922520637512207031e-01,-1.730959676206111908e-02,-1.000000000000000000e+00,-1.000000000000000000e+00,-1.000000000000000000e+00,-1.000000000000000000e+00,-1.000000000000000000e+00,-1.000000000000000000e+00,-1.000000000000000000e+00,-1.000000000000000000e+00,-1.000000000000000000e+00,-1.000000000000000000e+00,-1.000000000000000000e+00,-1.000000000000000000e+00,-1.000000000000000000e+00,-1.000000000000000000e+00,-1.000000000000000000e+00,-1.000000000000000000e+00,-1.000000000000000000e+00,-1.000000000000000000e+00,-1.000000000000000000e+00,-1.000000000000000000e+00,-1.000000000000000000e+00,-1.000000000000000000e+00,-1.000000000000000000e+00,-1.000000000000000000e+00,-1.000000000000000000e+00,-1.000000000000000000e+00,-1.000000000000000000e+00,-1.000000000000000000e+00,-1.000000000000000000e+00,-1.000000000000000000e+00,-1.000000000000000000e+00,-1.000000000000000000e+00,-1.000000000000000000e+00,-1.000000000000000000e+00,-1.000000000000000000e+00,-1.000000000000000000e+00,-1.000000000000000000e+00,-1.000000000000000000e+00,-1.000000000000000000e+00,-1.000000000000000000e+00,-1.000000000000000000e+00,-1.000000000000000000e+00,-1.000000000000000000e+00,-1.000000000000000000e+00,-1.000000000000000000e+00,-1.000000000000000000e+00,-1.000000000000000000e+00,-1.000000000000000000e+00,-1.000000000000000000e+00,-1.000000000000000000e+00,-1.000000000000000000e+00,-1.000000000000000000e+00,-1.000000000000000000e+00,-1.000000000000000000e+00,-1.000000000000000000e+00,-1.000000000000000000e+00,-1.000000000000000000e+00,-1.000000000000000000e+00,-1.000000000000000000e+00,-1.000000000000000000e+00,-1.000000000000000000e+00,-1.000000000000000000e+00,-1.000000000000000000e+00
3.193172812461853027e-01,7.951036691665649414e-01,1.057541894056157616e-07,3.305722475051879883e-01,7.646317481994628906e-01,6.163719575852155685e-03,3.461911380290985107e-01,7.488150596618652344e-01,7.199254818260669708e-03,3.600062727928161621e-01,7.459400892257690430e-01,6.755858659744262695e-03,3.698829114437103271e-01,7.475027441978454590e-01,5.799895152449607849e-03,3.556306958198547363e-01,7.428179979324340820e-01,-2.018153667449951172e-03,3.753779828548431396e-01,7.192557454109191895e-01,-7.268480025231838226e-03,3.905919492244720459e-01,7.120350599288940430e-01,-9.308169595897197723e-03,4.021104276180267334e-01,7.110394239425659180e-01,-9.558243677020072937e-03,3.643966019153594971e-01,7.578975558280944824e-01,-7.872413843870162964e-03,3.944751620292663574e-01,7.405622005462646484e-01,-1.195978280156850815e-02,4.130872189998626709e-01,7.369299530982971191e-01,-1.295526511967182159e-02,4.253740012645721436e-01,7.385880351066589355e-01,-1.259116362780332565e-02,3.697808682918548584e-01,7.761725187301635742e-01,-1.320152916014194489e-02,4.008664488792419434e-01,7.659054994583129883e-01,-1.717996411025524139e-02,4.187778234481811523e-01,7.646929025650024414e-01,-1.836870610713958740e-02,4.309870302677154541e-01,7.651618123054504395e-01,-1.820118539035320282e-02,3.712121844291687012e-01,7.968214750289916992e-01,-1.776565238833427429e-02,3.961590826511383057e-01,7.941609621047973633e-01,-2.011036314070224762e-02,4.101603031158447266e-01,7.931982874870300293e-01,-1.902718842029571533e-02,4.202635586261749268e-01,7.922520637512207031e-01,-1.730959676206111908e-02,-1.000000000000000000e+00,-1.000000000000000000e+00,-1.000000000000000000e+00,-1.000000000000000000e+00,-1.000000000000000000e+00,-1.000000000000000000e+00,-1.000000000000000000e+00,-1.000000000000000000e+00,-1.000000000000000000e+00,-1.000000000000000000e+00,-1.000000000000000000e+00,-1.000000000000000000e+00,-1.000000000000000000e+00,-1.000000000000000000e+00,-1.000000000000000000e+00,-1.000000000000000000e+00,-1.000000000000000000e+00,-1.000000000000000000e+00,-1.000000000000000000e+00,-1.000000000000000000e+00,-1.000000000000000000e+00,-1.000000000000000000e+00,-1.000000000000000000e+00,-1.000000000000000000e+00,-1.000000000000000000e+00,-1.000000000000000000e+00,-1.000000000000000000e+00,-1.000000000000000000e+00,-1.000000000000000000e+00,-1.000000000000000000e+00,-1.000000000000000000e+00,-1.000000000000000000e+00,-1.000000000000000000e+00,-1.000000000000000000e+00,-1.000000000000000000e+00,-1.000000000000000000e+00,-1.000000000000000000e+00,-1.000000000000000000e+00,-1.000000000000000000e+00,-1.000000000000000000e+00,-1.000000000000000000e+00,-1.000000000000000000e+00,-1.000000000000000000e+00,-1.000000000000000000e+00,-1.000000000000000000e+00,-1.000000000000000000e+00,-1.000000000000000000e+00,-1.000000000000000000e+00,-1.000000000000000000e+00,-1.000000000000000000e+00,-1.000000000000000000e+00,-1.000000000000000000e+00,-1.000000000000000000e+00,-1.000000000000000000e+00,-1.000000000000000000e+00,-1.000000000000000000e+00,-1.000000000000000000e+00,-1.000000000000000000e+00,-1.000000000000000000e+00,-1.000000000000000000e+00,-1.000000000000000000e+00,-1.000000000000000000e+00,-1.000000000000000000e+00
3.192913532257080078e-01,7.944923043251037598e-01,1.161284117756622436e-07,3.291414082050323486e-01,7.644785642623901367e-01,5.709949880838394165e-03,3.443110883235931396e-01,7.490015625953674316e-01,6.725326180458068848e-03,3.584105968475341797e-01,7.465230226516723633e-01,6.356207188218832016e-03,3.685145080089569092e-01,7.483568787574768066e-01,5.477459635585546494e-03,3.556599915027618408e-01,7.426338791847229004e-01,-1.884140423499047756e-03,3.752916157245635986e-01,7.191063761711120605e-01,-7.004105951637029648e-03,3.904770016670227051e-01,7.120738625526428223e-01,-9.131159633398056030e-03,4.019975662231445312e-01,7.113464474678039551e-01,-9.493966586887836456e-03,3.646269738674163818e-01,7.578026652336120605e-01,-7.538342848420143127e-03,3.946120142936706543e-01,7.407894134521484375e-01,-1.152361277490854263e-02,4.131271243095397949e-01,7.371481657028198242e-01,-1.278257742524147034e-02,4.254126250743865967e-01,7.387925386428833008e-01,-1.261175982654094696e-02,3.700836002826690674e-01,7.761312723159790039e-01,-1.272238045930862427e-02,4.008170068264007568e-01,7.656463980674743652e-01,-1.680905558168888092e-02,4.186730980873107910e-01,7.646313905715942383e-01,-1.826155744493007660e-02,4.309031367301940918e-01,7.654527425765991211e-01,-1.824622228741645813e-02,3.715011775493621826e-01,7.967851758003234863e-01,-1.717771776020526886e-02,3.964242041110992432e-01,7.937409877777099609e-01,-1.982873864471912384e-02,4.102908372879028320e-01,7.931464910507202148e-01,-1.892127841711044312e-02,4.204470813274383545e-01,7.928342819213867188e-01,-1.725794747471809387e-02,-1.000000000000000000e+00,-1.000000000000000000e+00,-1.000000000000000000e+00,-1.000000000000000000e+00,-1.000000000000000000e+00,-1.000000000000000000e+00,-1.000000000000000000e+00,-1.000000000000000000e+00,-1.000000000000000000e+00,-1.000000000000000000e+00,-1.000000000000000000e+00,-1.000000000000000000e+00,-1.000000000000000000e+00,-1.000000000000000000e+00,-1.000000000000000000e+00,-1.000000000000000000e+00,-1.000000000000000000e+00,-1.000000000000000000e+00,-1.000000000000000000e+00,-1.000000000000000000e+00,-1.000000000000000000e+00,-1.000000000000000000e+00,-1.000000000000000000e+00,-1.000000000000000000e+00,-1.000000000000000000e+00,-1.000000000000000000e+00,-1.000000000000000000e+00,-1.000000000000000000e+00,-1.000000000000000000e+00,-1.000000000000000000e+00,-1.000000000000000000e+00,-1.000000000000000000e+00,-1.000000000000000000e+00,-1.000000000000000000e+00,-1.000000000000000000e+00,-1.000000000000000000e+00,-1.000000000000000000e+00,-1.000000000000000000e+00,-1.000000000000000000e+00,-1.000000000000000000e+00,-1.000000000000000000e+00,-1.000000000000000000e+00,-1.000000000000000000e+00,-1.000000000000000000e+00,-1.000000000000000000e+00,-1.000000000000000000e+00,-1.000000000000000000e+00,-1.000000000000000000e+00,-1.000000000000000000e+00,-1.000000000000000000e+00,-1.000000000000000000e+00,-1.000000000000000000e+00,-1.000000000000000000e+00,-1.000000000000000000e+00,-1.000000000000000000e+00,-1.000000000000000000e+00,-1.000000000000000000e+00,-1.000000000000000000e+00,-1.000000000000000000e+00,-1.000000000000000000e+00,-1.000000000000000000e+00,-1.000000000000000000e+00,-1.000000000000000000e+00
3.196171522140502930e-01,7.898858189582824707e-01,1.267984401920330129e-07,3.298611640930175781e-01,7.610751390457153320e-01,6.550729274749755859e-03,3.444054722785949707e-01,7.465631961822509766e-01,7.203016895800828934e-03,3.595333993434906006e-01,7.440221309661865234e-01,6.407857872545719147e-03,3.710005283355712891e-01,7.452455759048461914e-01,5.091050639748573303e-03,3.550786674022674561e-01,7.410046458244323730e-01,-3.987699747085571289e-03,3.760101795196533203e-01,7.160918116569519043e-01,-9.170498698949813843e-03,3.918625414371490479e-01,7.082829475402832031e-01,-1.075532939285039902e-02,4.041530191898345947e-01,7.071312665939331055e-01,-1.064826827496290207e-02,3.638897240161895752e-01,7.554659247398376465e-01,-1.007837429642677307e-02,3.953561782836914062e-01,7.370032072067260742e-01,-1.431139744818210602e-02,4.141404926776885986e-01,7.333288788795471191e-01,-1.495628710836172104e-02,4.259819984436035156e-01,7.353333234786987305e-01,-1.421320810914039612e-02,3.696268498897552490e-01,7.736566662788391113e-01,-1.540355104953050613e-02,4.019193947315216064e-01,7.626317739486694336e-01,-1.912445388734340668e-02,4.202486872673034668e-01,7.615262269973754883e-01,-1.980526559054851532e-02,4.325720965862274170e-01,7.623184323310852051e-01,-1.929350569844245911e-02,3.715003728866577148e-01,7.945461869239807129e-01,-1.990490034222602844e-02,3.982428312301635742e-01,7.911380529403686523e-01,-2.156079187989234924e-02,4.121893644332885742e-01,7.906121611595153809e-01,-1.979565434157848358e-02,4.218537509441375732e-01,7.899270653724670410e-01,-1.759369857609272003e-02,-1.000000000000000000e+00,-1.000000000000000000e+00,-1.000000000000000000e+00,-1.000000000000000000e+00,-1.000000000000000000e+00,-1.000000000000000000e+00,-1.000000000000000000e+00,-1.000000000000000000e+00,-1.000000000000000000e+00,-1.000000000000000000e+00,-1.000000000000000000e+00,-1.000000000000000000e+00,-1.000000000000000000e+00,-1.000000000000000000e+00,-1.000000000000000000e+00,-1.000000000000000000e+00,-1.000000000000000000e+00,-1.000000000000000000e+00,-1.000000000000000000e+00,-1.000000000000000000e+00,-1.000000000000000000e+00,-1.000000000000000000e+00,-1.000000000000000000e+00,-1.000000000000000000e+00,-1.000000000000000000e+00,-1.000000000000000000e+00,-1.000000000000000000e+00,-1.000000000000000000e+00,-1.000000000000000000e+00,-1.000000000000000000e+00,-1.000000000000000000e+00,-1.000000000000000000e+00,-1.000000000000000000e+00,-1.000000000000000000e+00,-1.000000000000000000e+00,-1.000000000000000000e+00,-1.000000000000000000e+00,-1.000000000000000000e+00,-1.000000000000000000e+00,-1.000000000000000000e+00,-1.000000000000000000e+00,-1.000000000000000000e+00,-1.000000000000000000e+00,-1.000000000000000000e+00,-1.000000000000000000e+00,-1.000000000000000000e+00,-1.000000000000000000e+00,-1.000000000000000000e+00,-1.000000000000000000e+00,-1.000000000000000000e+00,-1.000000000000000000e+00,-1.000000000000000000e+00,-1.000000000000000000e+00,-1.000000000000000000e+00,-1.000000000000000000e+00,-1.000000000000000000e+00,-1.000000000000000000e+00,-1.000000000000000000e+00,-1.000000000000000000e+00,-1.000000000000000000e+00,-1.000000000000000000e+00,-1.000000000000000000e+00,-1.000000000000000000e+00
3.193288445472717285e-01,7.893570661544799805e-01,1.075688658147555543e-07,3.301609754562377930e-01,7.595172524452209473e-01,7.469864562153816223e-03,3.451659381389617920e-01,7.457825541496276855e-01,8.800482377409934998e-03,3.601772487163543701e-01,7.433223724365234375e-01,8.649128489196300507e-03,3.713123202323913574e-01,7.445892095565795898e-01,7.955802604556083679e-03,3.556390702724456787e-01,7.398862242698669434e-01,-2.711250213906168938e-03,3.764147162437438965e-01,7.155762314796447754e-01,-8.182278834283351898e-03,3.922061920166015625e-01,7.083765268325805664e-01,-1.023805048316717148e-02,4.043249487876892090e-01,7.074421644210815430e-01,-1.038703788071870804e-02,3.639755249023437500e-01,7.550179362297058105e-01,-8.905742317438125610e-03,3.955992162227630615e-01,7.374083399772644043e-01,-1.316164899617433548e-02,4.144590497016906738e-01,7.340102195739746094e-01,-1.390893384814262390e-02,4.264500141143798828e-01,7.354627847671508789e-01,-1.328665297478437424e-02,3.691991567611694336e-01,7.734408974647521973e-01,-1.432601455599069595e-02,4.015428423881530762e-01,7.625565528869628906e-01,-1.822289824485778809e-02,4.199759364128112793e-01,7.616419196128845215e-01,-1.885287277400493622e-02,4.325591921806335449e-01,7.624335885047912598e-01,-1.826168224215507507e-02,3.705714941024780273e-01,7.946675419807434082e-01,-1.883439719676971436e-02,3.976289331912994385e-01,7.911402583122253418e-01,-2.070044912397861481e-02,4.114152193069458008e-01,7.909322381019592285e-01,-1.887586899101734161e-02,4.212358295917510986e-01,7.904883027076721191e-01,-1.660709641873836517e-02,-1.000000000000000000e+00,-1.000000000000000000e+00,-1.000000000000000000e+00,-1.000000000000000000e+00,-1.000000000000000000e+00,-1.000000000000000000e+00,-1.000000000000000000e+00,-1.000000000000000000e+00,-1.000000000000000000e+00,-1.000000000000000000e+00,-1.000000000000000000e+00,-1.000000000000000000e+00,-1.000000000000000000e+00,-1.000000000000000000e+00,-1.000000000000000000e+00,-1.000000000000000000e+00,-1.000000000000000000e+00,-1.000000000000000000e+00,-1.000000000000000000e+00,-1.000000000000000000e+00,-1.000000000000000000e+00,-1.000000000000000000e+00,-1.000000000000000000e+00,-1.000000000000000000e+00,-1.000000000000000000e+00,-1.000000000000000000e+00,-1.000000000000000000e+00,-1.000000000000000000e+00,-1.000000000000000000e+00,-1.000000000000000000e+00,-1.000000000000000000e+00,-1.000000000000000000e+00,-1.000000000000000000e+00,-1.000000000000000000e+00,-1.000000000000000000e+00,-1.000000000000000000e+00,-1.000000000000000000e+00,-1.000000000000000000e+00,-1.000000000000000000e+00,-1.000000000000000000e+00,-1.000000000000000000e+00,-1.000000000000000000e+00,-1.000000000000000000e+00,-1.000000000000000000e+00,-1.000000000000000000e+00,-1.000000000000000000e+00,-1.000000000000000000e+00,-1.000000000000000000e+00,-1.000000000000000000e+00,-1.000000000000000000e+00,-1.000000000000000000e+00,-1.000000000000000000e+00,-1.000000000000000000e+00,-1.000000000000000000e+00,-1.000000000000000000e+00,-1.000000000000000000e+00,-1.000000000000000000e+00,-1.000000000000000000e+00,-1.000000000000000000e+00,-1.000000000000000000e+00,-1.000000000000000000e+00,-1.000000000000000000e+00,-1.000000000000000000e+00
3.193288445472717285e-01,7.893570661544799805e-01,1.075688658147555543e-07,3.301609754562377930e-01,7.595172524452209473e-01,7.469864562153816223e-03,3.451659381389617920e-01,7.457825541496276855e-01,8.800482377409934998e-03,3.601772487163543701e-01,7.433223724365234375e-01,8.649128489196300507e-03,3.713123202323913574e-01,7.445892095565795898e-01,7.955802604556083679e-03,3.556390702724456787e-01,7.398862242698669434e-01,-2.711250213906168938e-03,3.764147162437438965e-01,7.155762314796447754e-01,-8.182278834283351898e-03,3.922061920166015625e-01,7.083765268325805664e-01,-1.023805048316717148e-02,4.043249487876892090e-01,7.074421644210815430e-01,-1.038703788071870804e-02,3.639755249023437500e-01,7.550179362297058105e-01,-8.905742317438125610e-03,3.955992162227630615e-01,7.374083399772644043e-01,-1.316164899617433548e-02,4.144590497016906738e-01,7.340102195739746094e-01,-1.390893384814262390e-02,4.264500141143798828e-01,7.354627847671508789e-01,-1.328665297478437424e-02,3.691991567611694336e-01,7.734408974647521973e-01,-1.432601455599069595e-02,4.015428423881530762e-01,7.625565528869628906e-01,-1.822289824485778809e-02,4.199759364128112793e-01,7.616419196128845215e-01,-1.885287277400493622e-02,4.325591921806335449e-01,7.624335885047912598e-01,-1.826168224215507507e-02,3.705714941024780273e-01,7.946675419807434082e-01,-1.883439719676971436e-02,3.976289331912994385e-01,7.911402583122253418e-01,-2.070044912397861481e-02,4.114152193069458008e-01,7.909322381019592285e-01,-1.887586899101734161e-02,4.212358295917510986e-01,7.904883027076721191e-01,-1.660709641873836517e-02,-1.000000000000000000e+00,-1.000000000000000000e+00,-1.000000000000000000e+00,-1.000000000000000000e+00,-1.000000000000000000e+00,-1.000000000000000000e+00,-1.000000000000000000e+00,-1.000000000000000000e+00,-1.000000000000000000e+00,-1.000000000000000000e+00,-1.000000000000000000e+00,-1.000000000000000000e+00,-1.000000000000000000e+00,-1.000000000000000000e+00,-1.000000000000000000e+00,-1.000000000000000000e+00,-1.000000000000000000e+00,-1.000000000000000000e+00,-1.000000000000000000e+00,-1.000000000000000000e+00,-1.000000000000000000e+00,-1.000000000000000000e+00,-1.000000000000000000e+00,-1.000000000000000000e+00,-1.000000000000000000e+00,-1.000000000000000000e+00,-1.000000000000000000e+00,-1.000000000000000000e+00,-1.000000000000000000e+00,-1.000000000000000000e+00,-1.000000000000000000e+00,-1.000000000000000000e+00,-1.000000000000000000e+00,-1.000000000000000000e+00,-1.000000000000000000e+00,-1.000000000000000000e+00,-1.000000000000000000e+00,-1.000000000000000000e+00,-1.000000000000000000e+00,-1.000000000000000000e+00,-1.000000000000000000e+00,-1.000000000000000000e+00,-1.000000000000000000e+00,-1.000000000000000000e+00,-1.000000000000000000e+00,-1.000000000000000000e+00,-1.000000000000000000e+00,-1.000000000000000000e+00,-1.000000000000000000e+00,-1.000000000000000000e+00,-1.000000000000000000e+00,-1.000000000000000000e+00,-1.000000000000000000e+00,-1.000000000000000000e+00,-1.000000000000000000e+00,-1.000000000000000000e+00,-1.000000000000000000e+00,-1.000000000000000000e+00,-1.000000000000000000e+00,-1.000000000000000000e+00,-1.000000000000000000e+00,-1.000000000000000000e+00,-1.000000000000000000e+00
3.210518956184387207e-01,7.875857353210449219e-01,1.119037520425081311e-07,3.315763771533966064e-01,7.584218382835388184e-01,5.957436747848987579e-03,3.459216058254241943e-01,7.439114451408386230e-01,6.631484255194664001e-03,3.599508404731750488e-01,7.420188188552856445e-01,5.839468445628881454e-03,3.700869083404541016e-01,7.440883517265319824e-01,4.501978401094675064e-03,3.570320308208465576e-01,7.375254631042480469e-01,-2.576313680037856102e-03,3.770585060119628906e-01,7.137371897697448730e-01,-7.631858810782432556e-03,3.924394547939300537e-01,7.069789767265319824e-01,-9.541316889226436615e-03,4.040335416793823242e-01,7.065521478652954102e-01,-9.703875519335269928e-03,3.660059571266174316e-01,7.524750232696533203e-01,-8.421802893280982971e-03,3.963286280632019043e-01,7.354353666305541992e-01,-1.214512437582015991e-02,4.145984053611755371e-01,7.320978641510009766e-01,-1.306031364947557449e-02,4.261150658130645752e-01,7.341778278350830078e-01,-1.269405242055654526e-02,3.715703189373016357e-01,7.706943750381469727e-01,-1.373626757413148880e-02,4.027320146560668945e-01,7.605930566787719727e-01,-1.718686893582344055e-02,4.205963015556335449e-01,7.594334483146667480e-01,-1.847808063030242920e-02,4.324891269207000732e-01,7.602264285087585449e-01,-1.855160854756832123e-02,3.732893168926239014e-01,7.911283373832702637e-01,-1.833125948905944824e-02,3.983221650123596191e-01,7.881329655647277832e-01,-2.042068354785442352e-02,4.122511744499206543e-01,7.871595621109008789e-01,-1.955175399780273438e-02,4.221802651882171631e-01,7.863667607307434082e-01,-1.807282492518424988e-02,-1.000000000000000000e+00,-1.000000000000000000e+00,-1.000000000000000000e+00,-1.000000000000000000e+00,-1.000000000000000000e+00,-1.000000000000000000e+00,-1.000000000000000000e+00,-1.000000000000000000e+00,-1.000000000000000000e+00,-1.000000000000000000e+00,-1.000000000000000000e+00,-1.000000000000000000e+00,-1.000000000000000000e+00,-1.000000000000000000e+00,-1.000000000000000000e+00,-1.000000000000000000e+00,-1.000000000000000000e+00,-1.000000000000000000e+00,-1.000000000000000000e+00,-1.000000000000000000e+00,-1.000000000000000000e+00,-1.000000000000000000e+00,-1.000000000000000000e+00,-1.000000000000000000e+00,-1.000000000000000000e+00,-1.000000000000000000e+00,-1.000000000000000000e+00,-1.000000000000000000e+00,-1.000000000000000000e+00,-1.000000000000000000e+00,-1.000000000000000000e+00,-1.000000000000000000e+00,-1.000000000000000000e+00,-1.000000000000000000e+00,-1.000000000000000000e+00,-1.000000000000000000e+00,-1.000000000000000000e+00,-1.000000000000000000e+00,-1.000000000000000000e+00,-1.000000000000000000e+00,-1.000000000000000000e+00,-1.000000000000000000e+00,-1.000000000000000000e+00,-1.000000000000000000e+00,-1.000000000000000000e+00,-1.000000000000000000e+00,-1.000000000000000000e+00,-1.000000000000000000e+00,-1.000000000000000000e+00,-1.000000000000000000e+00,-1.000000000000000000e+00,-1.000000000000000000e+00,-1.000000000000000000e+00,-1.000000000000000000e+00,-1.000000000000000000e+00,-1.000000000000000000e+00,-1.000000000000000000e+00,-1.000000000000000000e+00,-1.000000000000000000e+00,-1.000000000000000000e+00,-1.000000000000000000e+00,-1.000000000000000000e+00,-1.000000000000000000e+00
3.210518956184387207e-01,7.875857353210449219e-01,1.119037520425081311e-07,3.315763771533966064e-01,7.584218382835388184e-01,5.957436747848987579e-03,3.459216058254241943e-01,7.439114451408386230e-01,6.631484255194664001e-03,3.599508404731750488e-01,7.420188188552856445e-01,5.839468445628881454e-03,3.700869083404541016e-01,7.440883517265319824e-01,4.501978401094675064e-03,3.570320308208465576e-01,7.375254631042480469e-01,-2.576313680037856102e-03,3.770585060119628906e-01,7.137371897697448730e-01,-7.631858810782432556e-03,3.924394547939300537e-01,7.069789767265319824e-01,-9.541316889226436615e-03,4.040335416793823242e-01,7.065521478652954102e-01,-9.703875519335269928e-03,3.660059571266174316e-01,7.524750232696533203e-01,-8.421802893280982971e-03,3.963286280632019043e-01,7.354353666305541992e-01,-1.214512437582015991e-02,4.145984053611755371e-01,7.320978641510009766e-01,-1.306031364947557449e-02,4.261150658130645752e-01,7.341778278350830078e-01,-1.269405242055654526e-02,3.715703189373016357e-01,7.706943750381469727e-01,-1.373626757413148880e-02,4.027320146560668945e-01,7.605930566787719727e-01,-1.718686893582344055e-02,4.205963015556335449e-01,7.594334483146667480e-01,-1.847808063030242920e-02,4.324891269207000732e-01,7.602264285087585449e-01,-1.855160854756832123e-02,3.732893168926239014e-01,7.911283373832702637e-01,-1.833125948905944824e-02,3.983221650123596191e-01,7.881329655647277832e-01,-2.042068354785442352e-02,4.122511744499206543e-01,7.871595621109008789e-01,-1.955175399780273438e-02,4.221802651882171631e-01,7.863667607307434082e-01,-1.807282492518424988e-02,-1.000000000000000000e+00,-1.000000000000000000e+00,-1.000000000000000000e+00,-1.000000000000000000e+00,-1.000000000000000000e+00,-1.000000000000000000e+00,-1.000000000000000000e+00,-1.000000000000000000e+00,-1.000000000000000000e+00,-1.000000000000000000e+00,-1.000000000000000000e+00,-1.000000000000000000e+00,-1.000000000000000000e+00,-1.000000000000000000e+00,-1.000000000000000000e+00,-1.000000000000000000e+00,-1.000000000000000000e+00,-1.000000000000000000e+00,-1.000000000000000000e+00,-1.000000000000000000e+00,-1.000000000000000000e+00,-1.000000000000000000e+00,-1.000000000000000000e+00,-1.000000000000000000e+00,-1.000000000000000000e+00,-1.000000000000000000e+00,-1.000000000000000000e+00,-1.000000000000000000e+00,-1.000000000000000000e+00,-1.000000000000000000e+00,-1.000000000000000000e+00,-1.000000000000000000e+00,-1.000000000000000000e+00,-1.000000000000000000e+00,-1.000000000000000000e+00,-1.000000000000000000e+00,-1.000000000000000000e+00,-1.000000000000000000e+00,-1.000000000000000000e+00,-1.000000000000000000e+00,-1.000000000000000000e+00,-1.000000000000000000e+00,-1.000000000000000000e+00,-1.000000000000000000e+00,-1.000000000000000000e+00,-1.000000000000000000e+00,-1.000000000000000000e+00,-1.000000000000000000e+00,-1.000000000000000000e+00,-1.000000000000000000e+00,-1.000000000000000000e+00,-1.000000000000000000e+00,-1.000000000000000000e+00,-1.000000000000000000e+00,-1.000000000000000000e+00,-1.000000000000000000e+00,-1.000000000000000000e+00,-1.000000000000000000e+00,-1.000000000000000000e+00,-1.000000000000000000e+00,-1.000000000000000000e+00,-1.000000000000000000e+00,-1.000000000000000000e+00
3.210518956184387207e-01,7.875857353210449219e-01,1.119037520425081311e-07,3.315763771533966064e-01,7.584218382835388184e-01,5.957436747848987579e-03,3.459216058254241943e-01,7.439114451408386230e-01,6.631484255194664001e-03,3.599508404731750488e-01,7.420188188552856445e-01,5.839468445628881454e-03,3.700869083404541016e-01,7.440883517265319824e-01,4.501978401094675064e-03,3.570320308208465576e-01,7.375254631042480469e-01,-2.576313680037856102e-03,3.770585060119628906e-01,7.137371897697448730e-01,-7.631858810782432556e-03,3.924394547939300537e-01,7.069789767265319824e-01,-9.541316889226436615e-03,4.040335416793823242e-01,7.065521478652954102e-01,-9.703875519335269928e-03,3.660059571266174316e-01,7.524750232696533203e-01,-8.421802893280982971e-03,3.963286280632019043e-01,7.354353666305541992e-01,-1.214512437582015991e-02,4.145984053611755371e-01,7.320978641510009766e-01,-1.306031364947557449e-02,4.261150658130645752e-01,7.341778278350830078e-01,-1.269405242055654526e-02,3.715703189373016357e-01,7.706943750381469727e-01,-1.373626757413148880e-02,4.027320146560668945e-01,7.605930566787719727e-01,-1.718686893582344055e-02,4.205963015556335449e-01,7.594334483146667480e-01,-1.847808063030242920e-02,4.324891269207000732e-01,7.602264285087585449e-01,-1.855160854756832123e-02,3.732893168926239014e-01,7.911283373832702637e-01,-1.833125948905944824e-02,3.983221650123596191e-01,7.881329655647277832e-01,-2.042068354785442352e-02,4.122511744499206543e-01,7.871595621109008789e-01,-1.955175399780273438e-02,4.221802651882171631e-01,7.863667607307434082e-01,-1.807282492518424988e-02,-1.000000000000000000e+00,-1.000000000000000000e+00,-1.000000000000000000e+00,-1.000000000000000000e+00,-1.000000000000000000e+00,-1.000000000000000000e+00,-1.000000000000000000e+00,-1.000000000000000000e+00,-1.000000000000000000e+00,-1.000000000000000000e+00,-1.000000000000000000e+00,-1.000000000000000000e+00,-1.000000000000000000e+00,-1.000000000000000000e+00,-1.000000000000000000e+00,-1.000000000000000000e+00,-1.000000000000000000e+00,-1.000000000000000000e+00,-1.000000000000000000e+00,-1.000000000000000000e+00,-1.000000000000000000e+00,-1.000000000000000000e+00,-1.000000000000000000e+00,-1.000000000000000000e+00,-1.000000000000000000e+00,-1.000000000000000000e+00,-1.000000000000000000e+00,-1.000000000000000000e+00,-1.000000000000000000e+00,-1.000000000000000000e+00,-1.000000000000000000e+00,-1.000000000000000000e+00,-1.000000000000000000e+00,-1.000000000000000000e+00,-1.000000000000000000e+00,-1.000000000000000000e+00,-1.000000000000000000e+00,-1.000000000000000000e+00,-1.000000000000000000e+00,-1.000000000000000000e+00,-1.000000000000000000e+00,-1.000000000000000000e+00,-1.000000000000000000e+00,-1.000000000000000000e+00,-1.000000000000000000e+00,-1.000000000000000000e+00,-1.000000000000000000e+00,-1.000000000000000000e+00,-1.000000000000000000e+00,-1.000000000000000000e+00,-1.000000000000000000e+00,-1.000000000000000000e+00,-1.000000000000000000e+00,-1.000000000000000000e+00,-1.000000000000000000e+00,-1.000000000000000000e+00,-1.000000000000000000e+00,-1.000000000000000000e+00,-1.000000000000000000e+00,-1.000000000000000000e+00,-1.000000000000000000e+00,-1.000000000000000000e+00,-1.000000000000000000e+00
3.213402628898620605e-01,7.860999703407287598e-01,1.158407272328076942e-07,3.322687447071075439e-01,7.571278810501098633e-01,4.760317970067262650e-03,3.477979302406311035e-01,7.427706718444824219e-01,5.084194708615541458e-03,3.620534241199493408e-01,7.414323091506958008e-01,4.094126168638467789e-03,3.718974590301513672e-01,7.437789440155029297e-01,2.675974043086171150e-03,3.581141829490661621e-01,7.365203499794006348e-01,-2.619395498186349869e-03,3.770625591278076172e-01,7.132493853569030762e-01,-8.124345913529396057e-03,3.924264013767242432e-01,7.065076231956481934e-01,-1.057859975844621658e-02,4.042246937751770020e-01,7.061042785644531250e-01,-1.120897941291332245e-02,3.669475317001342773e-01,7.511568069458007812e-01,-8.109257556498050690e-03,3.961002230644226074e-01,7.347208857536315918e-01,-1.231977622956037521e-02,4.145658910274505615e-01,7.314554452896118164e-01,-1.359892357140779495e-02,4.267728328704833984e-01,7.334047555923461914e-01,-1.350615825504064560e-02,3.721388280391693115e-01,7.691485285758972168e-01,-1.328639499843120575e-02,4.024243950843811035e-01,7.592994570732116699e-01,-1.740640029311180115e-02,4.203528761863708496e-01,7.579972743988037109e-01,-1.894261874258518219e-02,4.325574934482574463e-01,7.583909034729003906e-01,-1.910300925374031067e-02,3.735216259956359863e-01,7.896944880485534668e-01,-1.788527145981788635e-02,3.978920280933380127e-01,7.875425219535827637e-01,-2.055447362363338470e-02,4.119578301906585693e-01,7.865247726440429688e-01,-2.000926248729228973e-02,4.221970736980438232e-01,7.854624986648559570e-01,-1.874491944909095764e-02,-1.000000000000000000e+00,-1.000000000000000000e+00,-1.000000000000000000e+00,-1.000000000000000000e+00,-1.000000000000000000e+00,-1.000000000000000000e+00,-1.000000000000000000e+00,-1.000000000000000000e+00,-1.000000000000000000e+00,-1.000000000000000000e+00,-1.000000000000000000e+00,-1.000000000000000000e+00,-1.000000000000000000e+00,-1.000000000000000000e+00,-1.000000000000000000e+00,-1.000000000000000000e+00,-1.000000000000000000e+00,-1.000000000000000000e+00,-1.000000000000000000e+00,-1.000000000000000000e+00,-1.000000000000000000e+00,-1.000000000000000000e+00,-1.000000000000000000e+00,-1.000000000000000000e+00,-1.000000000000000000e+00,-1.000000000000000000e+00,-1.000000000000000000e+00,-1.000000000000000000e+00,-1.000000000000000000e+00,-1.000000000000000000e+00,-1.000000000000000000e+00,-1.000000000000000000e+00,-1.000000000000000000e+00,-1.000000000000000000e+00,-1.000000000000000000e+00,-1.000000000000000000e+00,-1.000000000000000000e+00,-1.000000000000000000e+00,-1.000000000000000000e+00,-1.000000000000000000e+00,-1.000000000000000000e+00,-1.000000000000000000e+00,-1.000000000000000000e+00,-1.000000000000000000e+00,-1.000000000000000000e+00,-1.000000000000000000e+00,-1.000000000000000000e+00,-1.000000000000000000e+00,-1.000000000000000000e+00,-1.000000000000000000e+00,-1.000000000000000000e+00,-1.000000000000000000e+00,-1.000000000000000000e+00,-1.000000000000000000e+00,-1.000000000000000000e+00,-1.000000000000000000e+00,-1.000000000000000000e+00,-1.000000000000000000e+00,-1.000000000000000000e+00,-1.000000000000000000e+00,-1.000000000000000000e+00,-1.000000000000000000e+00,-1.000000000000000000e+00
3.213402628898620605e-01,7.860999703407287598e-01,1.158407272328076942e-07,3.322687447071075439e-01,7.571278810501098633e-01,4.760317970067262650e-03,3.477979302406311035e-01,7.427706718444824219e-01,5.084194708615541458e-03,3.620534241199493408e-01,7.414323091506958008e-01,4.094126168638467789e-03,3.718974590301513672e-01,7.437789440155029297e-01,2.675974043086171150e-03,3.581141829490661621e-01,7.365203499794006348e-01,-2.619395498186349869e-03,3.770625591278076172e-01,7.132493853569030762e-01,-8.124345913529396057e-03,3.924264013767242432e-01,7.065076231956481934e-01,-1.057859975844621658e-02,4.042246937751770020e-01,7.061042785644531250e-01,-1.120897941291332245e-02,3.669475317001342773e-01,7.511568069458007812e-01,-8.109257556498050690e-03,3.961002230644226074e-01,7.347208857536315918e-01,-1.231977622956037521e-02,4.145658910274505615e-01,7.314554452896118164e-01,-1.359892357140779495e-02,4.267728328704833984e-01,7.334047555923461914e-01,-1.350615825504064560e-02,3.721388280391693115e-01,7.691485285758972168e-01,-1.328639499843120575e-02,4.024243950843811035e-01,7.592994570732116699e-01,-1.740640029311180115e-02,4.203528761863708496e-01,7.579972743988037109e-01,-1.894261874258518219e-02,4.325574934482574463e-01,7.583909034729003906e-01,-1.910300925374031067e-02,3.735216259956359863e-01,7.896944880485534668e-01,-1.788527145981788635e-02,3.978920280933380127e-01,7.875425219535827637e-01,-2.055447362363338470e-02,4.119578301906585693e-01,7.865247726440429688e-01,-2.000926248729228973e-02,4.221970736980438232e-01,7.854624986648559570e-01,-1.874491944909095764e-02,-1.000000000000000000e+00,-1.000000000000000000e+00,-1.000000000000000000e+00,-1.000000000000000000e+00,-1.000000000000000000e+00,-1.000000000000000000e+00,-1.000000000000000000e+00,-1.000000000000000000e+00,-1.000000000000000000e+00,-1.000000000000000000e+00,-1.000000000000000000e+00,-1.000000000000000000e+00,-1.000000000000000000e+00,-1.000000000000000000e+00,-1.000000000000000000e+00,-1.000000000000000000e+00,-1.000000000000000000e+00,-1.000000000000000000e+00,-1.000000000000000000e+00,-1.000000000000000000e+00,-1.000000000000000000e+00,-1.000000000000000000e+00,-1.000000000000000000e+00,-1.000000000000000000e+00,-1.000000000000000000e+00,-1.000000000000000000e+00,-1.000000000000000000e+00,-1.000000000000000000e+00,-1.000000000000000000e+00,-1.000000000000000000e+00,-1.000000000000000000e+00,-1.000000000000000000e+00,-1.000000000000000000e+00,-1.000000000000000000e+00,-1.000000000000000000e+00,-1.000000000000000000e+00,-1.000000000000000000e+00,-1.000000000000000000e+00,-1.000000000000000000e+00,-1.000000000000000000e+00,-1.000000000000000000e+00,-1.000000000000000000e+00,-1.000000000000000000e+00,-1.000000000000000000e+00,-1.000000000000000000e+00,-1.000000000000000000e+00,-1.000000000000000000e+00,-1.000000000000000000e+00,-1.000000000000000000e+00,-1.000000000000000000e+00,-1.000000000000000000e+00,-1.000000000000000000e+00,-1.000000000000000000e+00,-1.000000000000000000e+00,-1.000000000000000000e+00,-1.000000000000000000e+00,-1.000000000000000000e+00,-1.000000000000000000e+00,-1.000000000000000000e+00,-1.000000000000000000e+00,-1.000000000000000000e+00,-1.000000000000000000e+00,-1.000000000000000000e+00
3.177579641342163086e-01,7.943106889724731445e-01,1.044968840346882644e-07,3.276077508926391602e-01,7.632566094398498535e-01,5.751198157668113708e-03,3.434152007102966309e-01,7.480093836784362793e-01,6.791298743337392807e-03,3.590841293334960938e-01,7.453665137290954590e-01,6.437292322516441345e-03,3.705898225307464600e-01,7.474780082702636719e-01,5.718023981899023056e-03,3.538691997528076172e-01,7.406404018402099609e-01,-1.379176159389317036e-03,3.739349842071533203e-01,7.168755531311035156e-01,-6.837797351181507111e-03,3.899241983890533447e-01,7.105946540832519531e-01,-9.374739602208137512e-03,4.017521142959594727e-01,7.107068896293640137e-01,-9.896592237055301666e-03,3.630402684211730957e-01,7.565698623657226562e-01,-6.875386927276849747e-03,3.941917419433593750e-01,7.398660778999328613e-01,-1.110721379518508911e-02,4.130753576755523682e-01,7.372597455978393555e-01,-1.260312274098396301e-02,4.247397780418395996e-01,7.395844459533691406e-01,-1.238881051540374756e-02,3.686848580837249756e-01,7.757903933525085449e-01,-1.191552076488733292e-02,4.003109335899353027e-01,7.646182179450988770e-01,-1.599388383328914642e-02,4.178544878959655762e-01,7.646458745002746582e-01,-1.726863719522953033e-02,4.293037056922912598e-01,7.666484713554382324e-01,-1.699638925492763519e-02,3.704406321048736572e-01,7.975121140480041504e-01,-1.624419726431369781e-02,3.964743614196777344e-01,7.942983508110046387e-01,-1.865139603614807129e-02,4.099850952625274658e-01,7.940625548362731934e-01,-1.746636815369129181e-02,4.194090366363525391e-01,7.939518690109252930e-01,-1.550294551998376846e-02,-1.000000000000000000e+00,-1.000000000000000000e+00,-1.000000000000000000e+00,-1.000000000000000000e+00,-1.000000000000000000e+00,-1.000000000000000000e+00,-1.000000000000000000e+00,-1.000000000000000000e+00,-1.000000000000000000e+00,-1.000000000000000000e+00,-1.000000000000000000e+00,-1.000000000000000000e+00,-1.000000000000000000e+00,-1.000000000000000000e+00,-1.000000000000000000e+00,-1.000000000000000000e+00,-1.000000000000000000e+00,-1.000000000000000000e+00,-1.000000000000000000e+00,-1.000000000000000000e+00,-1.000000000000000000e+00,-1.000000000000000000e+00,-1.000000000000000000e+00,-1.000000000000000000e+00,-1.000000000000000000e+00,-1.000000000000000000e+00,-1.000000000000000000e+00,-1.000000000000000000e+00,-1.000000000000000000e+00,-1.000000000000000000e+00,-1.000000000000000000e+00,-1.000000000000000000e+00,-1.000000000000000000e+00,-1.000000000000000000e+00,-1.000000000000000000e+00,-1.000000000000000000e+00,-1.000000000000000000e+00,-1.000000000000000000e+00,-1.000000000000000000e+00,-1.000000000000000000e+00,-1.000000000000000000e+00,-1.000000000000000000e+00,-1.000000000000000000e+00,-1.000000000000000000e+00,-1.000000000000000000e+00,-1.000000000000000000e+00,-1.000000000000000000e+00,-1.000000000000000000e+00,-1.000000000000000000e+00,-1.000000000000000000e+00,-1.000000000000000000e+00,-1.000000000000000000e+00,-1.000000000000000000e+00,-1.000000000000000000e+00,-1.000000000000000000e+00,-1.000000000000000000e+00,-1.000000000000000000e+00,-1.000000000000000000e+00,-1.000000000000000000e+00,-1.000000000000000000e+00,-1.000000000000000000e+00,-1.000000000000000000e+00,-1.000000000000000000e+00
3.142395019531250000e-01,7.952982783317565918e-01,1.159251610260980669e-07,3.239930570125579834e-01,7.649712562561035156e-01,4.807678516954183578e-03,3.399222791194915771e-01,7.496393322944641113e-01,5.405916366726160049e-03,3.551484644412994385e-01,7.471887469291687012e-01,4.701755475252866745e-03,3.652957081794738770e-01,7.481300234794616699e-01,3.628164296969771385e-03,3.526662886142730713e-01,7.433496713638305664e-01,-1.789521425962448120e-03,3.726157546043395996e-01,7.199897170066833496e-01,-7.043824996799230576e-03,3.884032964706420898e-01,7.138801217079162598e-01,-9.442484006285667419e-03,3.999786078929901123e-01,7.143474817276000977e-01,-1.003149710595607758e-02,3.622555136680603027e-01,7.589401602745056152e-01,-7.278150413185358047e-03,3.924736678600311279e-01,7.419787049293518066e-01,-1.144044846296310425e-02,4.111421108245849609e-01,7.395474910736083984e-01,-1.291272696107625961e-02,4.228017032146453857e-01,7.424875497817993164e-01,-1.279772166162729263e-02,3.676212131977081299e-01,7.781820297241210938e-01,-1.243869680911302567e-02,3.989100456237792969e-01,7.669794559478759766e-01,-1.658075675368309021e-02,4.163712561130523682e-01,7.675966024398803711e-01,-1.785800419747829437e-02,4.277321994304656982e-01,7.702006697654724121e-01,-1.767533272504806519e-02,3.686956465244293213e-01,8.004668354988098145e-01,-1.701736636459827423e-02,3.941612541675567627e-01,7.973683476448059082e-01,-1.981851831078529358e-02,4.083179235458374023e-01,7.970568537712097168e-01,-1.899268478155136108e-02,4.184752702713012695e-01,7.973654866218566895e-01,-1.730916462838649750e-02,-1.000000000000000000e+00,-1.000000000000000000e+00,-1.000000000000000000e+00,-1.000000000000000000e+00,-1.000000000000000000e+00,-1.000000000000000000e+00,-1.000000000000000000e+00,-1.000000000000000000e+00,-1.000000000000000000e+00,-1.000000000000000000e+00,-1.000000000000000000e+00,-1.000000000000000000e+00,-1.000000000000000000e+00,-1.000000000000000000e+00,-1.000000000000000000e+00,-1.000000000000000000e+00,-1.000000000000000000e+00,-1.000000000000000000e+00,-1.000000000000000000e+00,-1.000000000000000000e+00,-1.000000000000000000e+00,-1.000000000000000000e+00,-1.000000000000000000e+00,-1.000000000000000000e+00,-1.000000000000000000e+00,-1.000000000000000000e+00,-1.000000000000000000e+00,-1.000000000000000000e+00,-1.000000000000000000e+00,-1.000000000000000000e+00,-1.000000000000000000e+00,-1.000000000000000000e+00,-1.000000000000000000e+00,-1.000000000000000000e+00,-1.000000000000000000e+00,-1.000000000000000000e+00,-1.000000000000000000e+00,-1.000000000000000000e+00,-1.000000000000000000e+00,-1.000000000000000000e+00,-1.000000000000000000e+00,-1.000000000000000000e+00,-1.000000000000000000e+00,-1.000000000000000000e+00,-1.000000000000000000e+00,-1.000000000000000000e+00,-1.000000000000000000e+00,-1.000000000000000000e+00,-1.000000000000000000e+00,-1.000000000000000000e+00,-1.000000000000000000e+00,-1.000000000000000000e+00,-1.000000000000000000e+00,-1.000000000000000000e+00,-1.000000000000000000e+00,-1.000000000000000000e+00,-1.000000000000000000e+00,-1.000000000000000000e+00,-1.000000000000000000e+00,-1.000000000000000000e+00,-1.000000000000000000e+00,-1.000000000000000000e+00,-1.000000000000000000e+00
3.142395019531250000e-01,7.952982783317565918e-01,1.159251610260980669e-07,3.239930570125579834e-01,7.649712562561035156e-01,4.807678516954183578e-03,3.399222791194915771e-01,7.496393322944641113e-01,5.405916366726160049e-03,3.551484644412994385e-01,7.471887469291687012e-01,4.701755475252866745e-03,3.652957081794738770e-01,7.481300234794616699e-01,3.628164296969771385e-03,3.526662886142730713e-01,7.433496713638305664e-01,-1.789521425962448120e-03,3.726157546043395996e-01,7.199897170066833496e-01,-7.043824996799230576e-03,3.884032964706420898e-01,7.138801217079162598e-01,-9.442484006285667419e-03,3.999786078929901123e-01,7.143474817276000977e-01,-1.003149710595607758e-02,3.622555136680603027e-01,7.589401602745056152e-01,-7.278150413185358047e-03,3.924736678600311279e-01,7.419787049293518066e-01,-1.144044846296310425e-02,4.111421108245849609e-01,7.395474910736083984e-01,-1.291272696107625961e-02,4.228017032146453857e-01,7.424875497817993164e-01,-1.279772166162729263e-02,3.676212131977081299e-01,7.781820297241210938e-01,-1.243869680911302567e-02,3.989100456237792969e-01,7.669794559478759766e-01,-1.658075675368309021e-02,4.163712561130523682e-01,7.675966024398803711e-01,-1.785800419747829437e-02,4.277321994304656982e-01,7.702006697654724121e-01,-1.767533272504806519e-02,3.686956465244293213e-01,8.004668354988098145e-01,-1.701736636459827423e-02,3.941612541675567627e-01,7.973683476448059082e-01,-1.981851831078529358e-02,4.083179235458374023e-01,7.970568537712097168e-01,-1.899268478155136108e-02,4.184752702713012695e-01,7.973654866218566895e-01,-1.730916462838649750e-02,-1.000000000000000000e+00,-1.000000000000000000e+00,-1.000000000000000000e+00,-1.000000000000000000e+00,-1.000000000000000000e+00,-1.000000000000000000e+00,-1.000000000000000000e+00,-1.000000000000000000e+00,-1.000000000000000000e+00,-1.000000000000000000e+00,-1.000000000000000000e+00,-1.000000000000000000e+00,-1.000000000000000000e+00,-1.000000000000000000e+00,-1.000000000000000000e+00,-1.000000000000000000e+00,-1.000000000000000000e+00,-1.000000000000000000e+00,-1.000000000000000000e+00,-1.000000000000000000e+00,-1.000000000000000000e+00,-1.000000000000000000e+00,-1.000000000000000000e+00,-1.000000000000000000e+00,-1.000000000000000000e+00,-1.000000000000000000e+00,-1.000000000000000000e+00,-1.000000000000000000e+00,-1.000000000000000000e+00,-1.000000000000000000e+00,-1.000000000000000000e+00,-1.000000000000000000e+00,-1.000000000000000000e+00,-1.000000000000000000e+00,-1.000000000000000000e+00,-1.000000000000000000e+00,-1.000000000000000000e+00,-1.000000000000000000e+00,-1.000000000000000000e+00,-1.000000000000000000e+00,-1.000000000000000000e+00,-1.000000000000000000e+00,-1.000000000000000000e+00,-1.000000000000000000e+00,-1.000000000000000000e+00,-1.000000000000000000e+00,-1.000000000000000000e+00,-1.000000000000000000e+00,-1.000000000000000000e+00,-1.000000000000000000e+00,-1.000000000000000000e+00,-1.000000000000000000e+00,-1.000000000000000000e+00,-1.000000000000000000e+00,-1.000000000000000000e+00,-1.000000000000000000e+00,-1.000000000000000000e+00,-1.000000000000000000e+00,-1.000000000000000000e+00,-1.000000000000000000e+00,-1.000000000000000000e+00,-1.000000000000000000e+00,-1.000000000000000000e+00
3.150154650211334229e-01,8.007591962814331055e-01,9.153328761613011011e-08,3.281114399433135986e-01,7.700294256210327148e-01,5.328171886503696442e-03,3.444468677043914795e-01,7.534927725791931152e-01,6.017571780830621719e-03,3.604820668697357178e-01,7.490801215171813965e-01,4.922552965581417084e-03,3.720152676105499268e-01,7.493441700935363770e-01,3.687089774757623672e-03,3.525530993938446045e-01,7.470492124557495117e-01,9.434469393454492092e-04,3.709026873111724854e-01,7.238025665283203125e-01,-4.178275354206562042e-03,3.860765993595123291e-01,7.167766690254211426e-01,-6.729179527610540390e-03,3.973128199577331543e-01,7.163060307502746582e-01,-7.495249621570110321e-03,3.614919483661651611e-01,7.611502408981323242e-01,-4.976953845471143723e-03,3.899337053298950195e-01,7.436351180076599121e-01,-9.107139892876148224e-03,4.083732068538665771e-01,7.405751943588256836e-01,-1.062974985688924789e-02,4.201632440090179443e-01,7.434504032135009766e-01,-1.069062389433383942e-02,3.670236468315124512e-01,7.794709801673889160e-01,-1.080610789358615875e-02,3.970644474029541016e-01,7.690768837928771973e-01,-1.461516600102186203e-02,4.147135615348815918e-01,7.689580917358398438e-01,-1.583407819271087646e-02,4.262420237064361572e-01,7.709492444992065430e-01,-1.579892821609973907e-02,3.689382076263427734e-01,8.012394309043884277e-01,-1.614264026284217834e-02,3.933413326740264893e-01,7.983720898628234863e-01,-1.806119643151760101e-02,4.077495932579040527e-01,7.974516153335571289e-01,-1.712306216359138489e-02,4.180145561695098877e-01,7.970831990242004395e-01,-1.568415574729442596e-02,-1.000000000000000000e+00,-1.000000000000000000e+00,-1.000000000000000000e+00,-1.000000000000000000e+00,-1.000000000000000000e+00,-1.000000000000000000e+00,-1.000000000000000000e+00,-1.000000000000000000e+00,-1.000000000000000000e+00,-1.000000000000000000e+00,-1.000000000000000000e+00,-1.000000000000000000e+00,-1.000000000000000000e+00,-1.000000000000000000e+00,-1.000000000000000000e+00,-1.000000000000000000e+00,-1.000000000000000000e+00,-1.000000000000000000e+00,-1.000000000000000000e+00,-1.000000000000000000e+00,-1.000000000000000000e+00,-1.000000000000000000e+00,-1.000000000000000000e+00,-1.000000000000000000e+00,-1.000000000000000000e+00,-1.000000000000000000e+00,-1.000000000000000000e+00,-1.000000000000000000e+00,-1.000000000000000000e+00,-1.000000000000000000e+00,-1.000000000000000000e+00,-1.000000000000000000e+00,-1.000000000000000000e+00,-1.000000000000000000e+00,-1.000000000000000000e+00,-1.000000000000000000e+00,-1.000000000000000000e+00,-1.000000000000000000e+00,-1.000000000000000000e+00,-1.000000000000000000e+00,-1.000000000000000000e+00,-1.000000000000000000e+00,-1.000000000000000000e+00,-1.000000000000000000e+00,-1.000000000000000000e+00,-1.000000000000000000e+00,-1.000000000000000000e+00,-1.000000000000000000e+00,-1.000000000000000000e+00,-1.000000000000000000e+00,-1.000000000000000000e+00,-1.000000000000000000e+00,-1.000000000000000000e+00,-1.000000000000000000e+00,-1.000000000000000000e+00,-1.000000000000000000e+00,-1.000000000000000000e+00,-1.000000000000000000e+00,-1.000000000000000000e+00,-1.000000000000000000e+00,-1.000000000000000000e+00,-1.000000000000000000e+00,-1.000000000000000000e+00
3.150154650211334229e-01,8.007591962814331055e-01,9.153328761613011011e-08,3.281114399433135986e-01,7.700294256210327148e-01,5.328171886503696442e-03,3.444468677043914795e-01,7.534927725791931152e-01,6.017571780830621719e-03,3.604820668697357178e-01,7.490801215171813965e-01,4.922552965581417084e-03,3.720152676105499268e-01,7.493441700935363770e-01,3.687089774757623672e-03,3.525530993938446045e-01,7.470492124557495117e-01,9.434469393454492092e-04,3.709026873111724854e-01,7.238025665283203125e-01,-4.178275354206562042e-03,3.860765993595123291e-01,7.167766690254211426e-01,-6.729179527610540390e-03,3.973128199577331543e-01,7.163060307502746582e-01,-7.495249621570110321e-03,3.614919483661651611e-01,7.611502408981323242e-01,-4.976953845471143723e-03,3.899337053298950195e-01,7.436351180076599121e-01,-9.107139892876148224e-03,4.083732068538665771e-01,7.405751943588256836e-01,-1.062974985688924789e-02,4.201632440090179443e-01,7.434504032135009766e-01,-1.069062389433383942e-02,3.670236468315124512e-01,7.794709801673889160e-01,-1.080610789358615875e-02,3.970644474029541016e-01,7.690768837928771973e-01,-1.461516600102186203e-02,4.147135615348815918e-01,7.689580917358398438e-01,-1.583407819271087646e-02,4.262420237064361572e-01,7.709492444992065430e-01,-1.579892821609973907e-02,3.689382076263427734e-01,8.012394309043884277e-01,-1.614264026284217834e-02,3.933413326740264893e-01,7.983720898628234863e-01,-1.806119643151760101e-02,4.077495932579040527e-01,7.974516153335571289e-01,-1.712306216359138489e-02,4.180145561695098877e-01,7.970831990242004395e-01,-1.568415574729442596e-02,-1.000000000000000000e+00,-1.000000000000000000e+00,-1.000000000000000000e+00,-1.000000000000000000e+00,-1.000000000000000000e+00,-1.000000000000000000e+00,-1.000000000000000000e+00,-1.000000000000000000e+00,-1.000000000000000000e+00,-1.000000000000000000e+00,-1.000000000000000000e+00,-1.000000000000000000e+00,-1.000000000000000000e+00,-1.000000000000000000e+00,-1.000000000000000000e+00,-1.000000000000000000e+00,-1.000000000000000000e+00,-1.000000000000000000e+00,-1.000000000000000000e+00,-1.000000000000000000e+00,-1.000000000000000000e+00,-1.000000000000000000e+00,-1.000000000000000000e+00,-1.000000000000000000e+00,-1.000000000000000000e+00,-1.000000000000000000e+00,-1.000000000000000000e+00,-1.000000000000000000e+00,-1.000000000000000000e+00,-1.000000000000000000e+00,-1.000000000000000000e+00,-1.000000000000000000e+00,-1.000000000000000000e+00,-1.000000000000000000e+00,-1.000000000000000000e+00,-1.000000000000000000e+00,-1.000000000000000000e+00,-1.000000000000000000e+00,-1.000000000000000000e+00,-1.000000000000000000e+00,-1.000000000000000000e+00,-1.000000000000000000e+00,-1.000000000000000000e+00,-1.000000000000000000e+00,-1.000000000000000000e+00,-1.000000000000000000e+00,-1.000000000000000000e+00,-1.000000000000000000e+00,-1.000000000000000000e+00,-1.000000000000000000e+00,-1.000000000000000000e+00,-1.000000000000000000e+00,-1.000000000000000000e+00,-1.000000000000000000e+00,-1.000000000000000000e+00,-1.000000000000000000e+00,-1.000000000000000000e+00,-1.000000000000000000e+00,-1.000000000000000000e+00,-1.000000000000000000e+00,-1.000000000000000000e+00,-1.000000000000000000e+00,-1.000000000000000000e+00
3.144299983978271484e-01,8.008942604064941406e-01,1.482827514109885669e-07,3.180333673954010010e-01,7.724243402481079102e-01,1.773009309545159340e-03,3.255802094936370850e-01,7.538319826126098633e-01,3.303448011138243601e-06,3.307609260082244873e-01,7.437215447425842285e-01,-2.973052207380533218e-03,3.321835994720458984e-01,7.361645698547363281e-01,-6.508384365588426590e-03,3.522037863731384277e-01,7.463754415512084961e-01,-2.721719909459352493e-03,3.697405457496643066e-01,7.237277030944824219e-01,-8.011634461581707001e-03,3.844323456287384033e-01,7.179642915725708008e-01,-1.143858302384614944e-02,3.957255184650421143e-01,7.185088396072387695e-01,-1.313458848744630814e-02,3.620600402355194092e-01,7.609744668006896973e-01,-7.771303877234458923e-03,3.893213570117950439e-01,7.439794540405273438e-01,-1.129872538149356842e-02,4.069065153598785400e-01,7.413030266761779785e-01,-1.355306524783372879e-02,4.186067581176757812e-01,7.445468902587890625e-01,-1.481090299785137177e-02,3.671906292438507080e-01,7.793497443199157715e-01,-1.297870464622974396e-02,3.965975344181060791e-01,7.698863148689270020e-01,-1.651559025049209595e-02,4.137069880962371826e-01,7.698961496353149414e-01,-1.880812831223011017e-02,4.251450002193450928e-01,7.717826962471008301e-01,-2.006522752344608307e-02,3.679269254207611084e-01,8.008912801742553711e-01,-1.799837127327919006e-02,3.919343054294586182e-01,7.994533181190490723e-01,-2.060896717011928558e-02,4.063746631145477295e-01,7.990921139717102051e-01,-2.055032737553119659e-02,4.171360433101654053e-01,7.988783717155456543e-01,-1.996101252734661102e-02,-1.000000000000000000e+00,-1.000000000000000000e+00,-1.000000000000000000e+00,-1.000000000000000000e+00,-1.000000000000000000e+00,-1.000000000000000000e+00,-1.000000000000000000e+00,-1.000000000000000000e+00,-1.000000000000000000e+00,-1.000000000000000000e+00,-1.000000000000000000e+00,-1.000000000000000000e+00,-1.000000000000000000e+00,-1.000000000000000000e+00,-1.000000000000000000e+00,-1.000000000000000000e+00,-1.000000000000000000e+00,-1.000000000000000000e+00,-1.000000000000000000e+00,-1.000000000000000000e+00,-1.000000000000000000e+00,-1.000000000000000000e+00,-1.000000000000000000e+00,-1.000000000000000000e+00,-1.000000000000000000e+00,-1.000000000000000000e+00,-1.000000000000000000e+00,-1.000000000000000000e+00,-1.000000000000000000e+00,-1.000000000000000000e+00,-1.000000000000000000e+00,-1.000000000000000000e+00,-1.000000000000000000e+00,-1.000000000000000000e+00,-1.000000000000000000e+00,-1.000000000000000000e+00,-1.000000000000000000e+00,-1.000000000000000000e+00,-1.000000000000000000e+00,-1.000000000000000000e+00,-1.000000000000000000e+00,-1.000000000000000000e+00,-1.000000000000000000e+00,-1.000000000000000000e+00,-1.000000000000000000e+00,-1.000000000000000000e+00,-1.000000000000000000e+00,-1.000000000000000000e+00,-1.000000000000000000e+00,-1.000000000000000000e+00,-1.000000000000000000e+00,-1.000000000000000000e+00,-1.000000000000000000e+00,-1.000000000000000000e+00,-1.000000000000000000e+00,-1.000000000000000000e+00,-1.000000000000000000e+00,-1.000000000000000000e+00,-1.000000000000000000e+00,-1.000000000000000000e+00,-1.000000000000000000e+00,-1.000000000000000000e+00,-1.000000000000000000e+00
3.144299983978271484e-01,8.008942604064941406e-01,1.482827514109885669e-07,3.180333673954010010e-01,7.724243402481079102e-01,1.773009309545159340e-03,3.255802094936370850e-01,7.538319826126098633e-01,3.303448011138243601e-06,3.307609260082244873e-01,7.437215447425842285e-01,-2.973052207380533218e-03,3.321835994720458984e-01,7.361645698547363281e-01,-6.508384365588426590e-03,3.522037863731384277e-01,7.463754415512084961e-01,-2.721719909459352493e-03,3.697405457496643066e-01,7.237277030944824219e-01,-8.011634461581707001e-03,3.844323456287384033e-01,7.179642915725708008e-01,-1.143858302384614944e-02,3.957255184650421143e-01,7.185088396072387695e-01,-1.313458848744630814e-02,3.620600402355194092e-01,7.609744668006896973e-01,-7.771303877234458923e-03,3.893213570117950439e-01,7.439794540405273438e-01,-1.129872538149356842e-02,4.069065153598785400e-01,7.413030266761779785e-01,-1.355306524783372879e-02,4.186067581176757812e-01,7.445468902587890625e-01,-1.481090299785137177e-02,3.671906292438507080e-01,7.793497443199157715e-01,-1.297870464622974396e-02,3.965975344181060791e-01,7.698863148689270020e-01,-1.651559025049209595e-02,4.137069880962371826e-01,7.698961496353149414e-01,-1.880812831223011017e-02,4.251450002193450928e-01,7.717826962471008301e-01,-2.006522752344608307e-02,3.679269254207611084e-01,8.008912801742553711e-01,-1.799837127327919006e-02,3.919343054294586182e-01,7.994533181190490723e-01,-2.060896717011928558e-02,4.063746631145477295e-01,7.990921139717102051e-01,-2.055032737553119659e-02,4.171360433101654053e-01,7.988783717155456543e-01,-1.996101252734661102e-02,-1.000000000000000000e+00,-1.000000000000000000e+00,-1.000000000000000000e+00,-1.000000000000000000e+00,-1.000000000000000000e+00,-1.000000000000000000e+00,-1.000000000000000000e+00,-1.000000000000000000e+00,-1.000000000000000000e+00,-1.000000000000000000e+00,-1.000000000000000000e+00,-1.000000000000000000e+00,-1.000000000000000000e+00,-1.000000000000000000e+00,-1.000000000000000000e+00,-1.000000000000000000e+00,-1.000000000000000000e+00,-1.000000000000000000e+00,-1.000000000000000000e+00,-1.000000000000000000e+00,-1.000000000000000000e+00,-1.000000000000000000e+00,-1.000000000000000000e+00,-1.000000000000000000e+00,-1.000000000000000000e+00,-1.000000000000000000e+00,-1.000000000000000000e+00,-1.000000000000000000e+00,-1.000000000000000000e+00,-1.000000000000000000e+00,-1.000000000000000000e+00,-1.000000000000000000e+00,-1.000000000000000000e+00,-1.000000000000000000e+00,-1.000000000000000000e+00,-1.000000000000000000e+00,-1.000000000000000000e+00,-1.000000000000000000e+00,-1.000000000000000000e+00,-1.000000000000000000e+00,-1.000000000000000000e+00,-1.000000000000000000e+00,-1.000000000000000000e+00,-1.000000000000000000e+00,-1.000000000000000000e+00,-1.000000000000000000e+00,-1.000000000000000000e+00,-1.000000000000000000e+00,-1.000000000000000000e+00,-1.000000000000000000e+00,-1.000000000000000000e+00,-1.000000000000000000e+00,-1.000000000000000000e+00,-1.000000000000000000e+00,-1.000000000000000000e+00,-1.000000000000000000e+00,-1.000000000000000000e+00,-1.000000000000000000e+00,-1.000000000000000000e+00,-1.000000000000000000e+00,-1.000000000000000000e+00,-1.000000000000000000e+00,-1.000000000000000000e+00
3.157016634941101074e-01,7.988925576210021973e-01,1.234596567201151629e-07,3.255714774131774902e-01,7.700699567794799805e-01,2.229029312729835510e-03,3.392789065837860107e-01,7.538052797317504883e-01,8.747843094170093536e-04,3.531568944454193115e-01,7.503940463066101074e-01,-1.676049316301941872e-03,3.628907203674316406e-01,7.524633407592773438e-01,-4.452013410627841949e-03,3.525259792804718018e-01,7.462778091430664062e-01,-3.974861465394496918e-03,3.703387379646301270e-01,7.229405045509338379e-01,-1.024165935814380646e-02,3.851265013217926025e-01,7.165164351463317871e-01,-1.376355066895484924e-02,3.961286246776580811e-01,7.170869112014770508e-01,-1.526970881968736649e-02,3.619263768196105957e-01,7.606524229049682617e-01,-9.084513410925865173e-03,3.901264965534210205e-01,7.440557479858398438e-01,-1.386330928653478622e-02,4.080468416213989258e-01,7.414536476135253906e-01,-1.581861823797225952e-02,4.189588427543640137e-01,7.450461983680725098e-01,-1.631733775138854980e-02,3.672645986080169678e-01,7.797740697860717773e-01,-1.419977564364671707e-02,3.975638449192047119e-01,7.696666717529296875e-01,-1.844998449087142944e-02,4.146872460842132568e-01,7.695887684822082520e-01,-1.980395242571830750e-02,4.254023134708404541e-01,7.723087072372436523e-01,-2.002297900617122650e-02,3.688268661499023438e-01,8.022973537445068359e-01,-1.911758817732334137e-02,3.930444121360778809e-01,8.003566265106201172e-01,-2.200237847864627838e-02,4.074604511260986328e-01,7.992426753044128418e-01,-2.156353369355201721e-02,4.177024066448211670e-01,7.991546392440795898e-01,-2.044226229190826416e-02,-1.000000000000000000e+00,-1.000000000000000000e+00,-1.000000000000000000e+00,-1.000000000000000000e+00,-1.000000000000000000e+00,-1.000000000000000000e+00,-1.000000000000000000e+00,-1.000000000000000000e+00,-1.000000000000000000e+00,-1.000000000000000000e+00,-1.000000000000000000e+00,-1.000000000000000000e+00,-1.000000000000000000e+00,-1.000000000000000000e+00,-1.000000000000000000e+00,-1.000000000000000000e+00,-1.000000000000000000e+00,-1.000000000000000000e+00,-1.000000000000000000e+00,-1.000000000000000000e+00,-1.000000000000000000e+00,-1.000000000000000000e+00,-1.000000000000000000e+00,-1.000000000000000000e+00,-1.000000000000000000e+00,-1.000000000000000000e+00,-1.000000000000000000e+00,-1.000000000000000000e+00,-1.000000000000000000e+00,-1.000000000000000000e+00,-1.000000000000000000e+00,-1.000000000000000000e+00,-1.000000000000000000e+00,-1.000000000000000000e+00,-1.000000000000000000e+00,-1.000000000000000000e+00,-1.000000000000000000e+00,-1.000000000000000000e+00,-1.000000000000000000e+00,-1.000000000000000000e+00,-1.000000000000000000e+00,-1.000000000000000000e+00,-1.000000000000000000e+00,-1.000000000000000000e+00,-1.000000000000000000e+00,-1.000000000000000000e+00,-1.000000000000000000e+00,-1.000000000000000000e+00,-1.000000000000000000e+00,-1.000000000000000000e+00,-1.000000000000000000e+00,-1.000000000000000000e+00,-1.000000000000000000e+00,-1.000000000000000000e+00,-1.000000000000000000e+00,-1.000000000000000000e+00,-1.000000000000000000e+00,-1.000000000000000000e+00,-1.000000000000000000e+00,-1.000000000000000000e+00,-1.000000000000000000e+00,-1.000000000000000000e+00,-1.000000000000000000e+00
3.157016634941101074e-01,7.988925576210021973e-01,1.234596567201151629e-07,3.255714774131774902e-01,7.700699567794799805e-01,2.229029312729835510e-03,3.392789065837860107e-01,7.538052797317504883e-01,8.747843094170093536e-04,3.531568944454193115e-01,7.503940463066101074e-01,-1.676049316301941872e-03,3.628907203674316406e-01,7.524633407592773438e-01,-4.452013410627841949e-03,3.525259792804718018e-01,7.462778091430664062e-01,-3.974861465394496918e-03,3.703387379646301270e-01,7.229405045509338379e-01,-1.024165935814380646e-02,3.851265013217926025e-01,7.165164351463317871e-01,-1.376355066895484924e-02,3.961286246776580811e-01,7.170869112014770508e-01,-1.526970881968736649e-02,3.619263768196105957e-01,7.606524229049682617e-01,-9.084513410925865173e-03,3.901264965534210205e-01,7.440557479858398438e-01,-1.386330928653478622e-02,4.080468416213989258e-01,7.414536476135253906e-01,-1.581861823797225952e-02,4.189588427543640137e-01,7.450461983680725098e-01,-1.631733775138854980e-02,3.672645986080169678e-01,7.797740697860717773e-01,-1.419977564364671707e-02,3.975638449192047119e-01,7.696666717529296875e-01,-1.844998449087142944e-02,4.146872460842132568e-01,7.695887684822082520e-01,-1.980395242571830750e-02,4.254023134708404541e-01,7.723087072372436523e-01,-2.002297900617122650e-02,3.688268661499023438e-01,8.022973537445068359e-01,-1.911758817732334137e-02,3.930444121360778809e-01,8.003566265106201172e-01,-2.200237847864627838e-02,4.074604511260986328e-01,7.992426753044128418e-01,-2.156353369355201721e-02,4.177024066448211670e-01,7.991546392440795898e-01,-2.044226229190826416e-02,-1.000000000000000000e+00,-1.000000000000000000e+00,-1.000000000000000000e+00,-1.000000000000000000e+00,-1.000000000000000000e+00,-1.000000000000000000e+00,-1.000000000000000000e+00,-1.000000000000000000e+00,-1.000000000000000000e+00,-1.000000000000000000e+00,-1.000000000000000000e+00,-1.000000000000000000e+00,-1.000000000000000000e+00,-1.000000000000000000e+00,-1.000000000000000000e+00,-1.000000000000000000e+00,-1.000000000000000000e+00,-1.000000000000000000e+00,-1.000000000000000000e+00,-1.000000000000000000e+00,-1.000000000000000000e+00,-1.000000000000000000e+00,-1.000000000000000000e+00,-1.000000000000000000e+00,-1.000000000000000000e+00,-1.000000000000000000e+00,-1.000000000000000000e+00,-1.000000000000000000e+00,-1.000000000000000000e+00,-1.000000000000000000e+00,-1.000000000000000000e+00,-1.000000000000000000e+00,-1.000000000000000000e+00,-1.000000000000000000e+00,-1.000000000000000000e+00,-1.000000000000000000e+00,-1.000000000000000000e+00,-1.000000000000000000e+00,-1.000000000000000000e+00,-1.000000000000000000e+00,-1.000000000000000000e+00,-1.000000000000000000e+00,-1.000000000000000000e+00,-1.000000000000000000e+00,-1.000000000000000000e+00,-1.000000000000000000e+00,-1.000000000000000000e+00,-1.000000000000000000e+00,-1.000000000000000000e+00,-1.000000000000000000e+00,-1.000000000000000000e+00,-1.000000000000000000e+00,-1.000000000000000000e+00,-1.000000000000000000e+00,-1.000000000000000000e+00,-1.000000000000000000e+00,-1.000000000000000000e+00,-1.000000000000000000e+00,-1.000000000000000000e+00,-1.000000000000000000e+00,-1.000000000000000000e+00,-1.000000000000000000e+00,-1.000000000000000000e+00
3.155004978179931641e-01,7.942775487899780273e-01,1.174650279267552833e-07,3.256982564926147461e-01,7.643297314643859863e-01,6.942684762179851532e-03,3.412684798240661621e-01,7.494061589241027832e-01,8.219521492719650269e-03,3.566336333751678467e-01,7.463367581367492676e-01,8.027270436286926270e-03,3.680782020092010498e-01,7.470191717147827148e-01,7.306215353310108185e-03,3.506248891353607178e-01,7.442522048950195312e-01,-2.927319612354040146e-03,3.718619942665100098e-01,7.193694114685058594e-01,-7.832731120288372040e-03,3.874915242195129395e-01,7.130953073501586914e-01,-9.066610597074031830e-03,3.991980850696563721e-01,7.135923504829406738e-01,-8.690196089446544647e-03,3.589972555637359619e-01,7.593871355056762695e-01,-9.111275896430015564e-03,3.906673789024353027e-01,7.415861487388610840e-01,-1.355079561471939087e-02,4.088650941848754883e-01,7.392020225524902344e-01,-1.442344207316637039e-02,4.201660752296447754e-01,7.422588467597961426e-01,-1.372919417917728424e-02,3.642293214797973633e-01,7.781241536140441895e-01,-1.455062348395586014e-02,3.970108330249786377e-01,7.676724195480346680e-01,-1.884697191417217255e-02,4.155363440513610840e-01,7.678716778755187988e-01,-2.008155174553394318e-02,4.281713366508483887e-01,7.697258591651916504e-01,-1.982455328106880188e-02,3.657098114490509033e-01,7.994099259376525879e-01,-1.903279125690460205e-02,3.923648893833160400e-01,7.965415716171264648e-01,-2.166328020393848419e-02,4.070021510124206543e-01,7.961196303367614746e-01,-2.073205262422561646e-02,4.178947508335113525e-01,7.955843210220336914e-01,-1.904036477208137512e-02,-1.000000000000000000e+00,-1.000000000000000000e+00,-1.000000000000000000e+00,-1.000000000000000000e+00,-1.000000000000000000e+00,-1.000000000000000000e+00,-1.000000000000000000e+00,-1.000000000000000000e+00,-1.000000000000000000e+00,-1.000000000000000000e+00,-1.000000000000000000e+00,-1.000000000000000000e+00,-1.000000000000000000e+00,-1.000000000000000000e+00,-1.000000000000000000e+00,-1.000000000000000000e+00,-1.000000000000000000e+00,-1.000000000000000000e+00,-1.000000000000000000e+00,-1.000000000000000000e+00,-1.000000000000000000e+00,-1.000000000000000000e+00,-1.000000000000000000e+00,-1.000000000000000000e+00,-1.000000000000000000e+00,-1.000000000000000000e+00,-1.000000000000000000e+00,-1.000000000000000000e+00,-1.000000000000000000e+00,-1.000000000000000000e+00,-1.000000000000000000e+00,-1.000000000000000000e+00,-1.000000000000000000e+00,-1.000000000000000000e+00,-1.000000000000000000e+00,-1.000000000000000000e+00,-1.000000000000000000e+00,-1.000000000000000000e+00,-1.000000000000000000e+00,-1.000000000000000000e+00,-1.000000000000000000e+00,-1.000000000000000000e+00,-1.000000000000000000e+00,-1.000000000000000000e+00,-1.000000000000000000e+00,-1.000000000000000000e+00,-1.000000000000000000e+00,-1.000000000000000000e+00,-1.000000000000000000e+00,-1.000000000000000000e+00,-1.000000000000000000e+00,-1.000000000000000000e+00,-1.000000000000000000e+00,-1.000000000000000000e+00,-1.000000000000000000e+00,-1.000000000000000000e+00,-1.000000000000000000e+00,-1.000000000000000000e+00,-1.000000000000000000e+00,-1.000000000000000000e+00,-1.000000000000000000e+00,-1.000000000000000000e+00,-1.000000000000000000e+00
3.139075338840484619e-01,7.957183718681335449e-01,1.062281711483592517e-07,3.237454295158386230e-01,7.648769021034240723e-01,6.433461792767047882e-03,3.388169407844543457e-01,7.502803802490234375e-01,7.668196223676204681e-03,3.540568649768829346e-01,7.474723458290100098e-01,7.635670714080333710e-03,3.654164373874664307e-01,7.489691972732543945e-01,7.159781642258167267e-03,3.505322933197021484e-01,7.437011599540710449e-01,-3.243919927626848221e-03,3.702864050865173340e-01,7.181459069252014160e-01,-9.186475537717342377e-03,3.862149417400360107e-01,7.122465372085571289e-01,-1.137971971184015274e-02,3.979949951171875000e-01,7.135163545608520508e-01,-1.148794405162334442e-02,3.590354919433593750e-01,7.594218850135803223e-01,-9.115745313465595245e-03,3.901066482067108154e-01,7.420139312744140625e-01,-1.432173606008291245e-02,4.088048040866851807e-01,7.395801544189453125e-01,-1.545231975615024567e-02,4.204538464546203613e-01,7.422033548355102539e-01,-1.476440578699111938e-02,3.641481101512908936e-01,7.784498333930969238e-01,-1.438247598707675934e-02,3.961225450038909912e-01,7.677976489067077637e-01,-1.935647055506706238e-02,4.147170782089233398e-01,7.680931687355041504e-01,-2.051855064928531647e-02,4.273726642131805420e-01,7.698550224304199219e-01,-1.994757726788520813e-02,3.653231263160705566e-01,8.001056313514709473e-01,-1.878236792981624603e-02,3.921429216861724854e-01,7.961298823356628418e-01,-2.209901250898838043e-02,4.064288735389709473e-01,7.956207394599914551e-01,-2.121710777282714844e-02,4.169364869594573975e-01,7.951897978782653809e-01,-1.931163109838962555e-02,-1.000000000000000000e+00,-1.000000000000000000e+00,-1.000000000000000000e+00,-1.000000000000000000e+00,-1.000000000000000000e+00,-1.000000000000000000e+00,-1.000000000000000000e+00,-1.000000000000000000e+00,-1.000000000000000000e+00,-1.000000000000000000e+00,-1.000000000000000000e+00,-1.000000000000000000e+00,-1.000000000000000000e+00,-1.000000000000000000e+00,-1.000000000000000000e+00,-1.000000000000000000e+00,-1.000000000000000000e+00,-1.000000000000000000e+00,-1.000000000000000000e+00,-1.000000000000000000e+00,-1.000000000000000000e+00,-1.000000000000000000e+00,-1.000000000000000000e+00,-1.000000000000000000e+00,-1.000000000000000000e+00,-1.000000000000000000e+00,-1.000000000000000000e+00,-1.000000000000000000e+00,-1.000000000000000000e+00,-1.000000000000000000e+00,-1.000000000000000000e+00,-1.000000000000000000e+00,-1.000000000000000000e+00,-1.000000000000000000e+00,-1.000000000000000000e+00,-1.000000000000000000e+00,-1.000000000000000000e+00,-1.000000000000000000e+00,-1.000000000000000000e+00,-1.000000000000000000e+00,-1.000000000000000000e+00,-1.000000000000000000e+00,-1.000000000000000000e+00,-1.000000000000000000e+00,-1.000000000000000000e+00,-1.000000000000000000e+00,-1.000000000000000000e+00,-1.000000000000000000e+00,-1.000000000000000000e+00,-1.000000000000000000e+00,-1.000000000000000000e+00,-1.000000000000000000e+00,-1.000000000000000000e+00,-1.000000000000000000e+00,-1.000000000000000000e+00,-1.000000000000000000e+00,-1.000000000000000000e+00,-1.000000000000000000e+00,-1.000000000000000000e+00,-1.000000000000000000e+00,-1.000000000000000000e+00,-1.000000000000000000e+00,-1.000000000000000000e+00
3.139075338840484619e-01,7.957183718681335449e-01,1.062281711483592517e-07,3.237454295158386230e-01,7.648769021034240723e-01,6.433461792767047882e-03,3.388169407844543457e-01,7.502803802490234375e-01,7.668196223676204681e-03,3.540568649768829346e-01,7.474723458290100098e-01,7.635670714080333710e-03,3.654164373874664307e-01,7.489691972732543945e-01,7.159781642258167267e-03,3.505322933197021484e-01,7.437011599540710449e-01,-3.243919927626848221e-03,3.702864050865173340e-01,7.181459069252014160e-01,-9.186475537717342377e-03,3.862149417400360107e-01,7.122465372085571289e-01,-1.137971971184015274e-02,3.979949951171875000e-01,7.135163545608520508e-01,-1.148794405162334442e-02,3.590354919433593750e-01,7.594218850135803223e-01,-9.115745313465595245e-03,3.901066482067108154e-01,7.420139312744140625e-01,-1.432173606008291245e-02,4.088048040866851807e-01,7.395801544189453125e-01,-1.545231975615024567e-02,4.204538464546203613e-01,7.422033548355102539e-01,-1.476440578699111938e-02,3.641481101512908936e-01,7.784498333930969238e-01,-1.438247598707675934e-02,3.961225450038909912e-01,7.677976489067077637e-01,-1.935647055506706238e-02,4.147170782089233398e-01,7.680931687355041504e-01,-2.051855064928531647e-02,4.273726642131805420e-01,7.698550224304199219e-01,-1.994757726788520813e-02,3.653231263160705566e-01,8.001056313514709473e-01,-1.878236792981624603e-02,3.921429216861724854e-01,7.961298823356628418e-01,-2.209901250898838043e-02,4.064288735389709473e-01,7.956207394599914551e-01,-2.121710777282714844e-02,4.169364869594573975e-01,7.951897978782653809e-01,-1.931163109838962555e-02,-1.000000000000000000e+00,-1.000000000000000000e+00,-1.000000000000000000e+00,-1.000000000000000000e+00,-1.000000000000000000e+00,-1.000000000000000000e+00,-1.000000000000000000e+00,-1.000000000000000000e+00,-1.000000000000000000e+00,-1.000000000000000000e+00,-1.000000000000000000e+00,-1.000000000000000000e+00,-1.000000000000000000e+00,-1.000000000000000000e+00,-1.000000000000000000e+00,-1.000000000000000000e+00,-1.000000000000000000e+00,-1.000000000000000000e+00,-1.000000000000000000e+00,-1.000000000000000000e+00,-1.000000000000000000e+00,-1.000000000000000000e+00,-1.000000000000000000e+00,-1.000000000000000000e+00,-1.000000000000000000e+00,-1.000000000000000000e+00,-1.000000000000000000e+00,-1.000000000000000000e+00,-1.000000000000000000e+00,-1.000000000000000000e+00,-1.000000000000000000e+00,-1.000000000000000000e+00,-1.000000000000000000e+00,-1.000000000000000000e+00,-1.000000000000000000e+00,-1.000000000000000000e+00,-1.000000000000000000e+00,-1.000000000000000000e+00,-1.000000000000000000e+00,-1.000000000000000000e+00,-1.000000000000000000e+00,-1.000000000000000000e+00,-1.000000000000000000e+00,-1.000000000000000000e+00,-1.000000000000000000e+00,-1.000000000000000000e+00,-1.000000000000000000e+00,-1.000000000000000000e+00,-1.000000000000000000e+00,-1.000000000000000000e+00,-1.000000000000000000e+00,-1.000000000000000000e+00,-1.000000000000000000e+00,-1.000000000000000000e+00,-1.000000000000000000e+00,-1.000000000000000000e+00,-1.000000000000000000e+00,-1.000000000000000000e+00,-1.000000000000000000e+00,-1.000000000000000000e+00,-1.000000000000000000e+00,-1.000000000000000000e+00,-1.000000000000000000e+00
3.126956522464752197e-01,7.948333621025085449e-01,1.033840177910860803e-07,3.237568140029907227e-01,7.638688087463378906e-01,6.818577647209167480e-03,3.394247889518737793e-01,7.495095133781433105e-01,8.105579763650894165e-03,3.548334240913391113e-01,7.468677759170532227e-01,8.071060292422771454e-03,3.664769828319549561e-01,7.489297389984130859e-01,7.581250742077827454e-03,3.499391078948974609e-01,7.434620261192321777e-01,-2.618242520838975906e-03,3.696632981300354004e-01,7.190047502517700195e-01,-8.144692517817020416e-03,3.852006793022155762e-01,7.129645347595214844e-01,-1.023937668651342392e-02,3.968637585639953613e-01,7.136518955230712891e-01,-1.036669407039880753e-02,3.585534989833831787e-01,7.592007517814636230e-01,-8.474590256810188293e-03,3.895804882049560547e-01,7.421287298202514648e-01,-1.294744759798049927e-02,4.083198010921478271e-01,7.401554584503173828e-01,-1.380467228591442108e-02,4.197417199611663818e-01,7.433824539184570312e-01,-1.306487061083316803e-02,3.638052046298980713e-01,7.784681320190429688e-01,-1.363611500710248947e-02,3.958998620510101318e-01,7.688881754875183105e-01,-1.778768002986907959e-02,4.139007925987243652e-01,7.698137164115905762e-01,-1.837005093693733215e-02,4.256263375282287598e-01,7.721591591835021973e-01,-1.755743473768234253e-02,3.650374412536621094e-01,8.001928329467773438e-01,-1.792724803090095520e-02,3.914255201816558838e-01,7.968165278434753418e-01,-2.040128037333488464e-02,4.055452346801757812e-01,7.966240644454956055e-01,-1.896024681627750397e-02,4.158574640750885010e-01,7.965887784957885742e-01,-1.674374192953109741e-02,-1.000000000000000000e+00,-1.000000000000000000e+00,-1.000000000000000000e+00,-1.000000000000000000e+00,-1.000000000000000000e+00,-1.000000000000000000e+00,-1.000000000000000000e+00,-1.000000000000000000e+00,-1.000000000000000000e+00,-1.000000000000000000e+00,-1.000000000000000000e+00,-1.000000000000000000e+00,-1.000000000000000000e+00,-1.000000000000000000e+00,-1.000000000000000000e+00,-1.000000000000000000e+00,-1.000000000000000000e+00,-1.000000000000000000e+00,-1.000000000000000000e+00,-1.000000000000000000e+00,-1.000000000000000000e+00,-1.000000000000000000e+00,-1.000000000000000000e+00,-1.000000000000000000e+00,-1.000000000000000000e+00,-1.000000000000000000e+00,-1.000000000000000000e+00,-1.000000000000000000e+00,-1.000000000000000000e+00,-1.000000000000000000e+00,-1.000000000000000000e+00,-1.000000000000000000e+00,-1.000000000000000000e+00,-1.000000000000000000e+00,-1.000000000000000000e+00,-1.000000000000000000e+00,-1.000000000000000000e+00,-1.000000000000000000e+00,-1.000000000000000000e+00,-1.000000000000000000e+00,-1.000000000000000000e+00,-1.000000000000000000e+00,-1.000000000000000000e+00,-1.000000000000000000e+00,-1.000000000000000000e+00,-1.000000000000000000e+00,-1.000000000000000000e+00,-1.000000000000000000e+00,-1.000000000000000000e+00,-1.000000000000000000e+00,-1.000000000000000000e+00,-1.000000000000000000e+00,-1.000000000000000000e+00,-1.000000000000000000e+00,-1.000000000000000000e+00,-1.000000000000000000e+00,-1.000000000000000000e+00,-1.000000000000000000e+00,-1.000000000000000000e+00,-1.000000000000000000e+00,-1.000000000000000000e+00,-1.000000000000000000e+00,-1.000000000000000000e+00
3.126956522464752197e-01,7.948333621025085449e-01,1.033840177910860803e-07,3.237568140029907227e-01,7.638688087463378906e-01,6.818577647209167480e-03,3.394247889518737793e-01,7.495095133781433105e-01,8.105579763650894165e-03,3.548334240913391113e-01,7.468677759170532227e-01,8.071060292422771454e-03,3.664769828319549561e-01,7.489297389984130859e-01,7.581250742077827454e-03,3.499391078948974609e-01,7.434620261192321777e-01,-2.618242520838975906e-03,3.696632981300354004e-01,7.190047502517700195e-01,-8.144692517817020416e-03,3.852006793022155762e-01,7.129645347595214844e-01,-1.023937668651342392e-02,3.968637585639953613e-01,7.136518955230712891e-01,-1.036669407039880753e-02,3.585534989833831787e-01,7.592007517814636230e-01,-8.474590256810188293e-03,3.895804882049560547e-01,7.421287298202514648e-01,-1.294744759798049927e-02,4.083198010921478271e-01,7.401554584503173828e-01,-1.380467228591442108e-02,4.197417199611663818e-01,7.433824539184570312e-01,-1.306487061083316803e-02,3.638052046298980713e-01,7.784681320190429688e-01,-1.363611500710248947e-02,3.958998620510101318e-01,7.688881754875183105e-01,-1.778768002986907959e-02,4.139007925987243652e-01,7.698137164115905762e-01,-1.837005093693733215e-02,4.256263375282287598e-01,7.721591591835021973e-01,-1.755743473768234253e-02,3.650374412536621094e-01,8.001928329467773438e-01,-1.792724803090095520e-02,3.914255201816558838e-01,7.968165278434753418e-01,-2.040128037333488464e-02,4.055452346801757812e-01,7.966240644454956055e-01,-1.896024681627750397e-02,4.158574640750885010e-01,7.965887784957885742e-01,-1.674374192953109741e-02,-1.000000000000000000e+00,-1.000000000000000000e+00,-1.000000000000000000e+00,-1.000000000000000000e+00,-1.000000000000000000e+00,-1.000000000000000000e+00,-1.000000000000000000e+00,-1.000000000000000000e+00,-1.000000000000000000e+00,-1.000000000000000000e+00,-1.000000000000000000e+00,-1.000000000000000000e+00,-1.000000000000000000e+00,-1.000000000000000000e+00,-1.000000000000000000e+00,-1.000000000000000000e+00,-1.000000000000000000e+00,-1.000000000000000000e+00,-1.000000000000000000e+00,-1.000000000000000000e+00,-1.000000000000000000e+00,-1.000000000000000000e+00,-1.000000000000000000e+00,-1.000000000000000000e+00,-1.000000000000000000e+00,-1.000000000000000000e+00,-1.000000000000000000e+00,-1.000000000000000000e+00,-1.000000000000000000e+00,-1.000000000000000000e+00,-1.000000000000000000e+00,-1.000000000000000000e+00,-1.000000000000000000e+00,-1.000000000000000000e+00,-1.000000000000000000e+00,-1.000000000000000000e+00,-1.000000000000000000e+00,-1.000000000000000000e+00,-1.000000000000000000e+00,-1.000000000000000000e+00,-1.000000000000000000e+00,-1.000000000000000000e+00,-1.000000000000000000e+00,-1.000000000000000000e+00,-1.000000000000000000e+00,-1.000000000000000000e+00,-1.000000000000000000e+00,-1.000000000000000000e+00,-1.000000000000000000e+00,-1.000000000000000000e+00,-1.000000000000000000e+00,-1.000000000000000000e+00,-1.000000000000000000e+00,-1.000000000000000000e+00,-1.000000000000000000e+00,-1.000000000000000000e+00,-1.000000000000000000e+00,-1.000000000000000000e+00,-1.000000000000000000e+00,-1.000000000000000000e+00,-1.000000000000000000e+00,-1.000000000000000000e+00,-1.000000000000000000e+00
3.101654350757598877e-01,7.967965602874755859e-01,8.993220745878716116e-08,3.200835287570953369e-01,7.652812004089355469e-01,7.035453803837299347e-03,3.351408839225769043e-01,7.510178089141845703e-01,8.724791929125785828e-03,3.498164415359497070e-01,7.496914863586425781e-01,9.002109058201313019e-03,3.606362342834472656e-01,7.529028654098510742e-01,8.820717222988605499e-03,3.475160598754882812e-01,7.442098259925842285e-01,-1.799321151338517666e-03,3.668834567070007324e-01,7.193386554718017578e-01,-7.396057713776826859e-03,3.828281462192535400e-01,7.138568758964538574e-01,-9.657584130764007568e-03,3.943167030811309814e-01,7.154868841171264648e-01,-9.883620776236057281e-03,3.565559983253479004e-01,7.602250576019287109e-01,-7.843555882573127747e-03,3.874567449092864990e-01,7.431070804595947266e-01,-1.264549139887094498e-02,4.060914814472198486e-01,7.418841123580932617e-01,-1.392814330756664276e-02,4.172880649566650391e-01,7.458899021148681641e-01,-1.342132408171892166e-02,3.619743585586547852e-01,7.795849442481994629e-01,-1.329121738672256470e-02,3.937347531318664551e-01,7.692322134971618652e-01,-1.782053336501121521e-02,4.118448495864868164e-01,7.715889215469360352e-01,-1.907734945416450500e-02,4.237161278724670410e-01,7.754021883010864258e-01,-1.866784691810607910e-02,3.634547591209411621e-01,8.014780879020690918e-01,-1.784448884427547455e-02,3.896954059600830078e-01,7.971506118774414062e-01,-2.106364816427230835e-02,4.039212465286254883e-01,7.972107529640197754e-01,-2.043638937175273895e-02,4.143452942371368408e-01,7.976467609405517578e-01,-1.874675229191780090e-02,-1.000000000000000000e+00,-1.000000000000000000e+00,-1.000000000000000000e+00,-1.000000000000000000e+00,-1.000000000000000000e+00,-1.000000000000000000e+00,-1.000000000000000000e+00,-1.000000000000000000e+00,-1.000000000000000000e+00,-1.000000000000000000e+00,-1.000000000000000000e+00,-1.000000000000000000e+00,-1.000000000000000000e+00,-1.000000000000000000e+00,-1.000000000000000000e+00,-1.000000000000000000e+00,-1.000000000000000000e+00,-1.000000000000000000e+00,-1.000000000000000000e+00,-1.000000000000000000e+00,-1.000000000000000000e+00,-1.000000000000000000e+00,-1.000000000000000000e+00,-1.000000000000000000e+00,-1.000000000000000000e+00,-1.000000000000000000e+00,-1.000000000000000000e+00,-1.000000000000000000e+00,-1.000000000000000000e+00,-1.000000000000000000e+00,-1.000000000000000000e+00,-1.000000000000000000e+00,-1.000000000000000000e+00,-1.000000000000000000e+00,-1.000000000000000000e+00,-1.000000000000000000e+00,-1.000000000000000000e+00,-1.000000000000000000e+00,-1.000000000000000000e+00,-1.000000000000000000e+00,-1.000000000000000000e+00,-1.000000000000000000e+00,-1.000000000000000000e+00,-1.000000000000000000e+00,-1.000000000000000000e+00,-1.000000000000000000e+00,-1.000000000000000000e+00,-1.000000000000000000e+00,-1.000000000000000000e+00,-1.000000000000000000e+00,-1.000000000000000000e+00,-1.000000000000000000e+00,-1.000000000000000000e+00,-1.000000000000000000e+00,-1.000000000000000000e+00,-1.000000000000000000e+00,-1.000000000000000000e+00,-1.000000000000000000e+00,-1.000000000000000000e+00,-1.000000000000000000e+00,-1.000000000000000000e+00,-1.000000000000000000e+00,-1.000000000000000000e+00
3.104583024978637695e-01,7.956026196479797363e-01,9.359225572325158282e-08,3.217010796070098877e-01,7.650721669197082520e-01,7.856294512748718262e-03,3.370406031608581543e-01,7.507345080375671387e-01,9.815111756324768066e-03,3.522351384162902832e-01,7.473205327987670898e-01,1.012083049863576889e-02,3.636972010135650635e-01,7.483330965042114258e-01,9.959932416677474976e-03,3.470848798751831055e-01,7.450464367866516113e-01,-7.863127393648028374e-04,3.673366904258728027e-01,7.198581695556640625e-01,-5.378506146371364594e-03,3.829356133937835693e-01,7.143665552139282227e-01,-6.689077243208885193e-03,3.943496346473693848e-01,7.156956195831298828e-01,-6.364992819726467133e-03,3.560833036899566650e-01,7.602079510688781738e-01,-7.062092889100313187e-03,3.868833184242248535e-01,7.424154281616210938e-01,-1.106711011379957199e-02,4.051608443260192871e-01,7.414061427116394043e-01,-1.170182600617408752e-02,4.160118699073791504e-01,7.456721663475036621e-01,-1.079052966088056564e-02,3.616195619106292725e-01,7.791861891746520996e-01,-1.262697111815214157e-02,3.934099972248077393e-01,7.691064476966857910e-01,-1.617835648357868195e-02,4.111251533031463623e-01,7.708495259284973145e-01,-1.671005971729755402e-02,4.227522611618041992e-01,7.738917469978332520e-01,-1.603743061423301697e-02,3.630031645298004150e-01,8.008593916893005371e-01,-1.727294735610485077e-02,3.887236118316650391e-01,7.981337904930114746e-01,-1.933879405260086060e-02,4.029077291488647461e-01,7.983151674270629883e-01,-1.805697008967399597e-02,4.131532311439514160e-01,7.983571887016296387e-01,-1.609552837908267975e-02,-1.000000000000000000e+00,-1.000000000000000000e+00,-1.000000000000000000e+00,-1.000000000000000000e+00,-1.000000000000000000e+00,-1.000000000000000000e+00,-1.000000000000000000e+00,-1.000000000000000000e+00,-1.000000000000000000e+00,-1.000000000000000000e+00,-1.000000000000000000e+00,-1.000000000000000000e+00,-1.000000000000000000e+00,-1.000000000000000000e+00,-1.000000000000000000e+00,-1.000000000000000000e+00,-1.000000000000000000e+00,-1.000000000000000000e+00,-1.000000000000000000e+00,-1.000000000000000000e+00,-1.000000000000000000e+00,-1.000000000000000000e+00,-1.000000000000000000e+00,-1.000000000000000000e+00,-1.000000000000000000e+00,-1.000000000000000000e+00,-1.000000000000000000e+00,-1.000000000000000000e+00,-1.000000000000000000e+00,-1.000000000000000000e+00,-1.000000000000000000e+00,-1.000000000000000000e+00,-1.000000000000000000e+00,-1.000000000000000000e+00,-1.000000000000000000e+00,-1.000000000000000000e+00,-1.000000000000000000e+00,-1.000000000000000000e+00,-1.000000000000000000e+00,-1.000000000000000000e+00,-1.000000000000000000e+00,-1.000000000000000000e+00,-1.000000000000000000e+00,-1.000000000000000000e+00,-1.000000000000000000e+00,-1.000000000000000000e+00,-1.000000000000000000e+00,-1.000000000000000000e+00,-1.000000000000000000e+00,-1.000000000000000000e+00,-1.000000000000000000e+00,-1.000000000000000000e+00,-1.000000000000000000e+00,-1.000000000000000000e+00,-1.000000000000000000e+00,-1.000000000000000000e+00,-1.000000000000000000e+00,-1.000000000000000000e+00,-1.000000000000000000e+00,-1.000000000000000000e+00,-1.000000000000000000e+00,-1.000000000000000000e+00,-1.000000000000000000e+00
3.099322319030761719e-01,7.993639111518859863e-01,9.347308349560989882e-08,3.200406432151794434e-01,7.679114341735839844e-01,7.392064668238162994e-03,3.347188234329223633e-01,7.520209550857543945e-01,8.952820673584938049e-03,3.492024838924407959e-01,7.470746636390686035e-01,8.972718380391597748e-03,3.604035377502441406e-01,7.476916909217834473e-01,8.671933785080909729e-03,3.461242914199829102e-01,7.449579238891601562e-01,-1.970604062080383301e-03,3.652744591236114502e-01,7.195349931716918945e-01,-7.820118218660354614e-03,3.812421560287475586e-01,7.148208618164062500e-01,-1.013855263590812683e-02,3.926087319850921631e-01,7.174572348594665527e-01,-1.028187945485115051e-02,3.548397123813629150e-01,7.604566812515258789e-01,-8.152878843247890472e-03,3.852300345897674561e-01,7.425395846366882324e-01,-1.322743855416774750e-02,4.036976099014282227e-01,7.425345182418823242e-01,-1.435866020619869232e-02,4.141025841236114502e-01,7.479918003082275391e-01,-1.356974989175796509e-02,3.603502810001373291e-01,7.799291610717773438e-01,-1.366945635527372360e-02,3.916874229907989502e-01,7.695941329002380371e-01,-1.797556877136230469e-02,4.092662632465362549e-01,7.729221582412719727e-01,-1.861926168203353882e-02,4.201195836067199707e-01,7.774876952171325684e-01,-1.772713288664817810e-02,3.620161116123199463e-01,8.019567131996154785e-01,-1.829801127314567566e-02,3.878537714481353760e-01,7.985908985137939453e-01,-2.098363451659679413e-02,4.018443822860717773e-01,7.993955612182617188e-01,-1.989102549850940704e-02,4.116886258125305176e-01,8.005788326263427734e-01,-1.779803074896335602e-02,-1.000000000000000000e+00,-1.000000000000000000e+00,-1.000000000000000000e+00,-1.000000000000000000e+00,-1.000000000000000000e+00,-1.000000000000000000e+00,-1.000000000000000000e+00,-1.000000000000000000e+00,-1.000000000000000000e+00,-1.000000000000000000e+00,-1.000000000000000000e+00,-1.000000000000000000e+00,-1.000000000000000000e+00,-1.000000000000000000e+00,-1.000000000000000000e+00,-1.000000000000000000e+00,-1.000000000000000000e+00,-1.000000000000000000e+00,-1.000000000000000000e+00,-1.000000000000000000e+00,-1.000000000000000000e+00,-1.000000000000000000e+00,-1.000000000000000000e+00,-1.000000000000000000e+00,-1.000000000000000000e+00,-1.000000000000000000e+00,-1.000000000000000000e+00,-1.000000000000000000e+00,-1.000000000000000000e+00,-1.000000000000000000e+00,-1.000000000000000000e+00,-1.000000000000000000e+00,-1.000000000000000000e+00,-1.000000000000000000e+00,-1.000000000000000000e+00,-1.000000000000000000e+00,-1.000000000000000000e+00,-1.000000000000000000e+00,-1.000000000000000000e+00,-1.000000000000000000e+00,-1.000000000000000000e+00,-1.000000000000000000e+00,-1.000000000000000000e+00,-1.000000000000000000e+00,-1.000000000000000000e+00,-1.000000000000000000e+00,-1.000000000000000000e+00,-1.000000000000000000e+00,-1.000000000000000000e+00,-1.000000000000000000e+00,-1.000000000000000000e+00,-1.000000000000000000e+00,-1.000000000000000000e+00,-1.000000000000000000e+00,-1.000000000000000000e+00,-1.000000000000000000e+00,-1.000000000000000000e+00,-1.000000000000000000e+00,-1.000000000000000000e+00,-1.000000000000000000e+00,-1.000000000000000000e+00,-1.000000000000000000e+00,-1.000000000000000000e+00
3.099322319030761719e-01,7.993639111518859863e-01,9.347308349560989882e-08,3.200406432151794434e-01,7.679114341735839844e-01,7.392064668238162994e-03,3.347188234329223633e-01,7.520209550857543945e-01,8.952820673584938049e-03,3.492024838924407959e-01,7.470746636390686035e-01,8.972718380391597748e-03,3.604035377502441406e-01,7.476916909217834473e-01,8.671933785080909729e-03,3.461242914199829102e-01,7.449579238891601562e-01,-1.970604062080383301e-03,3.652744591236114502e-01,7.195349931716918945e-01,-7.820118218660354614e-03,3.812421560287475586e-01,7.148208618164062500e-01,-1.013855263590812683e-02,3.926087319850921631e-01,7.174572348594665527e-01,-1.028187945485115051e-02,3.548397123813629150e-01,7.604566812515258789e-01,-8.152878843247890472e-03,3.852300345897674561e-01,7.425395846366882324e-01,-1.322743855416774750e-02,4.036976099014282227e-01,7.425345182418823242e-01,-1.435866020619869232e-02,4.141025841236114502e-01,7.479918003082275391e-01,-1.356974989175796509e-02,3.603502810001373291e-01,7.799291610717773438e-01,-1.366945635527372360e-02,3.916874229907989502e-01,7.695941329002380371e-01,-1.797556877136230469e-02,4.092662632465362549e-01,7.729221582412719727e-01,-1.861926168203353882e-02,4.201195836067199707e-01,7.774876952171325684e-01,-1.772713288664817810e-02,3.620161116123199463e-01,8.019567131996154785e-01,-1.829801127314567566e-02,3.878537714481353760e-01,7.985908985137939453e-01,-2.098363451659679413e-02,4.018443822860717773e-01,7.993955612182617188e-01,-1.989102549850940704e-02,4.116886258125305176e-01,8.005788326263427734e-01,-1.779803074896335602e-02,-1.000000000000000000e+00,-1.000000000000000000e+00,-1.000000000000000000e+00,-1.000000000000000000e+00,-1.000000000000000000e+00,-1.000000000000000000e+00,-1.000000000000000000e+00,-1.000000000000000000e+00,-1.000000000000000000e+00,-1.000000000000000000e+00,-1.000000000000000000e+00,-1.000000000000000000e+00,-1.000000000000000000e+00,-1.000000000000000000e+00,-1.000000000000000000e+00,-1.000000000000000000e+00,-1.000000000000000000e+00,-1.000000000000000000e+00,-1.000000000000000000e+00,-1.000000000000000000e+00,-1.000000000000000000e+00,-1.000000000000000000e+00,-1.000000000000000000e+00,-1.000000000000000000e+00,-1.000000000000000000e+00,-1.000000000000000000e+00,-1.000000000000000000e+00,-1.000000000000000000e+00,-1.000000000000000000e+00,-1.000000000000000000e+00,-1.000000000000000000e+00,-1.000000000000000000e+00,-1.000000000000000000e+00,-1.000000000000000000e+00,-1.000000000000000000e+00,-1.000000000000000000e+00,-1.000000000000000000e+00,-1.000000000000000000e+00,-1.000000000000000000e+00,-1.000000000000000000e+00,-1.000000000000000000e+00,-1.000000000000000000e+00,-1.000000000000000000e+00,-1.000000000000000000e+00,-1.000000000000000000e+00,-1.000000000000000000e+00,-1.000000000000000000e+00,-1.000000000000000000e+00,-1.000000000000000000e+00,-1.000000000000000000e+00,-1.000000000000000000e+00,-1.000000000000000000e+00,-1.000000000000000000e+00,-1.000000000000000000e+00,-1.000000000000000000e+00,-1.000000000000000000e+00,-1.000000000000000000e+00,-1.000000000000000000e+00,-1.000000000000000000e+00,-1.000000000000000000e+00,-1.000000000000000000e+00,-1.000000000000000000e+00,-1.000000000000000000e+00
3.067836165428161621e-01,7.990459799766540527e-01,1.354307812562183244e-07,3.090860545635223389e-01,7.696955204010009766e-01,4.885021131485700607e-03,3.155784606933593750e-01,7.512322664260864258e-01,4.513423424214124680e-03,3.208832144737243652e-01,7.405235767364501953e-01,2.828367985785007477e-03,3.244444131851196289e-01,7.325868010520935059e-01,4.833748389501124620e-04,3.455556035041809082e-01,7.457143664360046387e-01,-2.720049349591135979e-03,3.642456531524658203e-01,7.199305295944213867e-01,-7.762898690998554230e-03,3.795276284217834473e-01,7.154052853584289551e-01,-1.053428277373313904e-02,3.907868266105651855e-01,7.173169255256652832e-01,-1.140470802783966064e-02,3.548370599746704102e-01,7.611365318298339844e-01,-8.346457034349441528e-03,3.848207890987396240e-01,7.436386942863464355e-01,-1.217118278145790100e-02,4.023128151893615723e-01,7.437260150909423828e-01,-1.372674107551574707e-02,4.123356044292449951e-01,7.489144206047058105e-01,-1.379538048058748245e-02,3.600812256336212158e-01,7.801192998886108398e-01,-1.359686348587274551e-02,3.911572694778442383e-01,7.698496580123901367e-01,-1.681165769696235657e-02,4.082537591457366943e-01,7.729081511497497559e-01,-1.800009794533252716e-02,4.191497564315795898e-01,7.767232060432434082e-01,-1.807259023189544678e-02,3.607367575168609619e-01,8.018314838409423828e-01,-1.828778721392154694e-02,3.872495293617248535e-01,7.997625470161437988e-01,-2.061417885124683380e-02,4.008070826530456543e-01,8.013129830360412598e-01,-1.961841993033885956e-02,4.103636145591735840e-01,8.027496933937072754e-01,-1.786142215132713318e-02,-1.000000000000000000e+00,-1.000000000000000000e+00,-1.000000000000000000e+00,-1.000000000000000000e+00,-1.000000000000000000e+00,-1.000000000000000000e+00,-1.000000000000000000e+00,-1.000000000000000000e+00,-1.000000000000000000e+00,-1.000000000000000000e+00,-1.000000000000000000e+00,-1.000000000000000000e+00,-1.000000000000000000e+00,-1.000000000000000000e+00,-1.000000000000000000e+00,-1.000000000000000000e+00,-1.000000000000000000e+00,-1.000000000000000000e+00,-1.000000000000000000e+00,-1.000000000000000000e+00,-1.000000000000000000e+00,-1.000000000000000000e+00,-1.000000000000000000e+00,-1.000000000000000000e+00,-1.000000000000000000e+00,-1.000000000000000000e+00,-1.000000000000000000e+00,-1.000000000000000000e+00,-1.000000000000000000e+00,-1.000000000000000000e+00,-1.000000000000000000e+00,-1.000000000000000000e+00,-1.000000000000000000e+00,-1.000000000000000000e+00,-1.000000000000000000e+00,-1.000000000000000000e+00,-1.000000000000000000e+00,-1.000000000000000000e+00,-1.000000000000000000e+00,-1.000000000000000000e+00,-1.000000000000000000e+00,-1.000000000000000000e+00,-1.000000000000000000e+00,-1.000000000000000000e+00,-1.000000000000000000e+00,-1.000000000000000000e+00,-1.000000000000000000e+00,-1.000000000000000000e+00,-1.000000000000000000e+00,-1.000000000000000000e+00,-1.000000000000000000e+00,-1.000000000000000000e+00,-1.000000000000000000e+00,-1.000000000000000000e+00,-1.000000000000000000e+00,-1.000000000000000000e+00,-1.000000000000000000e+00,-1.000000000000000000e+00,-1.000000000000000000e+00,-1.000000000000000000e+00,-1.000000000000000000e+00,-1.000000000000000000e+00,-1.000000000000000000e+00
3.059625625610351562e-01,8.001841306686401367e-01,1.383823189371469198e-07,3.083670139312744141e-01,7.697899341583251953e-01,4.161056131124496460e-03,3.138609826564788818e-01,7.500099539756774902e-01,3.062002826482057571e-03,3.170664310455322266e-01,7.386428713798522949e-01,4.303417226765304804e-04,3.187062740325927734e-01,7.314341664314270020e-01,-3.188269445672631264e-03,3.442622125148773193e-01,7.464033365249633789e-01,-2.705173799768090248e-03,3.641455471515655518e-01,7.208920121192932129e-01,-7.181026972830295563e-03,3.792934417724609375e-01,7.154486775398254395e-01,-9.965558536350727081e-03,3.910019993782043457e-01,7.159213423728942871e-01,-1.125324517488479614e-02,3.540191650390625000e-01,7.613720297813415527e-01,-8.516211062669754028e-03,3.841908276081085205e-01,7.443594336509704590e-01,-1.123516634106636047e-02,4.017111361026763916e-01,7.434834837913513184e-01,-1.305914483964443207e-02,4.124405980110168457e-01,7.479452490806579590e-01,-1.396444533020257950e-02,3.593647480010986328e-01,7.806548476219177246e-01,-1.403368264436721802e-02,3.903710842132568359e-01,7.714217305183410645e-01,-1.660375669598579407e-02,4.078625440597534180e-01,7.733973264694213867e-01,-1.854645460844039917e-02,4.196091592311859131e-01,7.765268683433532715e-01,-1.971238479018211365e-02,3.600696921348571777e-01,8.026603460311889648e-01,-1.908326894044876099e-02,3.864299356937408447e-01,8.009976148605346680e-01,-2.115642838180065155e-02,4.005584716796875000e-01,8.023918867111206055e-01,-2.040340565145015717e-02,4.109040796756744385e-01,8.036091327667236328e-01,-1.930223591625690460e-02,-1.000000000000000000e+00,-1.000000000000000000e+00,-1.000000000000000000e+00,-1.000000000000000000e+00,-1.000000000000000000e+00,-1.000000000000000000e+00,-1.000000000000000000e+00,-1.000000000000000000e+00,-1.000000000000000000e+00,-1.000000000000000000e+00,-1.000000000000000000e+00,-1.000000000000000000e+00,-1.000000000000000000e+00,-1.000000000000000000e+00,-1.000000000000000000e+00,-1.000000000000000000e+00,-1.000000000000000000e+00,-1.000000000000000000e+00,-1.000000000000000000e+00,-1.000000000000000000e+00,-1.000000000000000000e+00,-1.000000000000000000e+00,-1.000000000000000000e+00,-1.000000000000000000e+00,-1.000000000000000000e+00,-1.000000000000000000e+00,-1.000000000000000000e+00,-1.000000000000000000e+00,-1.000000000000000000e+00,-1.000000000000000000e+00,-1.000000000000000000e+00,-1.000000000000000000e+00,-1.000000000000000000e+00,-1.000000000000000000e+00,-1.000000000000000000e+00,-1.000000000000000000e+00,-1.000000000000000000e+00,-1.000000000000000000e+00,-1.000000000000000000e+00,-1.000000000000000000e+00,-1.000000000000000000e+00,-1.000000000000000000e+00,-1.000000000000000000e+00,-1.000000000000000000e+00,-1.000000000000000000e+00,-1.000000000000000000e+00,-1.000000000000000000e+00,-1.000000000000000000e+00,-1.000000000000000000e+00,-1.000000000000000000e+00,-1.000000000000000000e+00,-1.000000000000000000e+00,-1.000000000000000000e+00,-1.000000000000000000e+00,-1.000000000000000000e+00,-1.000000000000000000e+00,-1.000000000000000000e+00,-1.000000000000000000e+00,-1.000000000000000000e+00,-1.000000000000000000e+00,-1.000000000000000000e+00,-1.000000000000000000e+00,-1.000000000000000000e+00
3.059625625610351562e-01,8.001841306686401367e-01,1.383823189371469198e-07,3.083670139312744141e-01,7.697899341583251953e-01,4.161056131124496460e-03,3.138609826564788818e-01,7.500099539756774902e-01,3.062002826482057571e-03,3.170664310455322266e-01,7.386428713798522949e-01,4.303417226765304804e-04,3.187062740325927734e-01,7.314341664314270020e-01,-3.188269445672631264e-03,3.442622125148773193e-01,7.464033365249633789e-01,-2.705173799768090248e-03,3.641455471515655518e-01,7.208920121192932129e-01,-7.181026972830295563e-03,3.792934417724609375e-01,7.154486775398254395e-01,-9.965558536350727081e-03,3.910019993782043457e-01,7.159213423728942871e-01,-1.125324517488479614e-02,3.540191650390625000e-01,7.613720297813415527e-01,-8.516211062669754028e-03,3.841908276081085205e-01,7.443594336509704590e-01,-1.123516634106636047e-02,4.017111361026763916e-01,7.434834837913513184e-01,-1.305914483964443207e-02,4.124405980110168457e-01,7.479452490806579590e-01,-1.396444533020257950e-02,3.593647480010986328e-01,7.806548476219177246e-01,-1.403368264436721802e-02,3.903710842132568359e-01,7.714217305183410645e-01,-1.660375669598579407e-02,4.078625440597534180e-01,7.733973264694213867e-01,-1.854645460844039917e-02,4.196091592311859131e-01,7.765268683433532715e-01,-1.971238479018211365e-02,3.600696921348571777e-01,8.026603460311889648e-01,-1.908326894044876099e-02,3.864299356937408447e-01,8.009976148605346680e-01,-2.115642838180065155e-02,4.005584716796875000e-01,8.023918867111206055e-01,-2.040340565145015717e-02,4.109040796756744385e-01,8.036091327667236328e-01,-1.930223591625690460e-02,-1.000000000000000000e+00,-1.000000000000000000e+00,-1.000000000000000000e+00,-1.000000000000000000e+00,-1.000000000000000000e+00,-1.000000000000000000e+00,-1.000000000000000000e+00,-1.000000000000000000e+00,-1.000000000000000000e+00,-1.000000000000000000e+00,-1.000000000000000000e+00,-1.000000000000000000e+00,-1.000000000000000000e+00,-1.000000000000000000e+00,-1.000000000000000000e+00,-1.000000000000000000e+00,-1.000000000000000000e+00,-1.000000000000000000e+00,-1.000000000000000000e+00,-1.000000000000000000e+00,-1.000000000000000000e+00,-1.000000000000000000e+00,-1.000000000000000000e+00,-1.000000000000000000e+00,-1.000000000000000000e+00,-1.000000000000000000e+00,-1.000000000000000000e+00,-1.000000000000000000e+00,-1.000000000000000000e+00,-1.000000000000000000e+00,-1.000000000000000000e+00,-1.000000000000000000e+00,-1.000000000000000000e+00,-1.000000000000000000e+00,-1.000000000000000000e+00,-1.000000000000000000e+00,-1.000000000000000000e+00,-1.000000000000000000e+00,-1.000000000000000000e+00,-1.000000000000000000e+00,-1.000000000000000000e+00,-1.000000000000000000e+00,-1.000000000000000000e+00,-1.000000000000000000e+00,-1.000000000000000000e+00,-1.000000000000000000e+00,-1.000000000000000000e+00,-1.000000000000000000e+00,-1.000000000000000000e+00,-1.000000000000000000e+00,-1.000000000000000000e+00,-1.000000000000000000e+00,-1.000000000000000000e+00,-1.000000000000000000e+00,-1.000000000000000000e+00,-1.000000000000000000e+00,-1.000000000000000000e+00,-1.000000000000000000e+00,-1.000000000000000000e+00,-1.000000000000000000e+00,-1.000000000000000000e+00,-1.000000000000000000e+00,-1.000000000000000000e+00
3.050282001495361328e-01,7.993975877761840820e-01,1.119805119742522947e-07,3.099296092987060547e-01,7.687984704971313477e-01,7.240504957735538483e-03,3.173514902591705322e-01,7.509582042694091797e-01,8.715498261153697968e-03,3.214861154556274414e-01,7.435504794120788574e-01,8.365571498870849609e-03,3.239552080631256104e-01,7.403848767280578613e-01,6.990781985223293304e-03,3.434103429317474365e-01,7.467708587646484375e-01,4.444086225703358650e-04,3.630034625530242920e-01,7.215077877044677734e-01,-2.314889803528785706e-03,3.781958222389221191e-01,7.156494855880737305e-01,-3.410166827961802483e-03,3.894236087799072266e-01,7.156270146369934082e-01,-3.568975022062659264e-03,3.533772528171539307e-01,7.616540789604187012e-01,-5.843089427798986435e-03,3.835623860359191895e-01,7.450727224349975586e-01,-7.775496691465377808e-03,4.004982113838195801e-01,7.459483146667480469e-01,-8.708979934453964233e-03,4.102610051631927490e-01,7.517319917678833008e-01,-8.687350898981094360e-03,3.586491346359252930e-01,7.812753319740295410e-01,-1.152776740491390228e-02,3.890022337436676025e-01,7.731671333312988281e-01,-1.384211890399456024e-02,4.059100151062011719e-01,7.770470976829528809e-01,-1.581070385873317719e-02,4.170125722885131836e-01,7.813397645950317383e-01,-1.672965660691261292e-02,3.589949607849121094e-01,8.035075664520263672e-01,-1.632983423769474030e-02,3.846138715744018555e-01,8.040981888771057129e-01,-1.842054352164268494e-02,3.980755209922790527e-01,8.069666624069213867e-01,-1.799144595861434937e-02,4.075410962104797363e-01,8.092625737190246582e-01,-1.696192845702171326e-02,-1.000000000000000000e+00,-1.000000000000000000e+00,-1.000000000000000000e+00,-1.000000000000000000e+00,-1.000000000000000000e+00,-1.000000000000000000e+00,-1.000000000000000000e+00,-1.000000000000000000e+00,-1.000000000000000000e+00,-1.000000000000000000e+00,-1.000000000000000000e+00,-1.000000000000000000e+00,-1.000000000000000000e+00,-1.000000000000000000e+00,-1.000000000000000000e+00,-1.000000000000000000e+00,-1.000000000000000000e+00,-1.000000000000000000e+00,-1.000000000000000000e+00,-1.000000000000000000e+00,-1.000000000000000000e+00,-1.000000000000000000e+00,-1.000000000000000000e+00,-1.000000000000000000e+00,-1.000000000000000000e+00,-1.000000000000000000e+00,-1.000000000000000000e+00,-1.000000000000000000e+00,-1.000000000000000000e+00,-1.000000000000000000e+00,-1.000000000000000000e+00,-1.000000000000000000e+00,-1.000000000000000000e+00,-1.000000000000000000e+00,-1.000000000000000000e+00,-1.000000000000000000e+00,-1.000000000000000000e+00,-1.000000000000000000e+00,-1.000000000000000000e+00,-1.000000000000000000e+00,-1.000000000000000000e+00,-1.000000000000000000e+00,-1.000000000000000000e+00,-1.000000000000000000e+00,-1.000000000000000000e+00,-1.000000000000000000e+00,-1.000000000000000000e+00,-1.000000000000000000e+00,-1.000000000000000000e+00,-1.000000000000000000e+00,-1.000000000000000000e+00,-1.000000000000000000e+00,-1.000000000000000000e+00,-1.000000000000000000e+00,-1.000000000000000000e+00,-1.000000000000000000e+00,-1.000000000000000000e+00,-1.000000000000000000e+00,-1.000000000000000000e+00,-1.000000000000000000e+00,-1.000000000000000000e+00,-1.000000000000000000e+00,-1.000000000000000000e+00
3.042065203189849854e-01,7.992172837257385254e-01,1.036229093642759835e-07,3.107218146324157715e-01,7.674110531806945801e-01,7.052502594888210297e-03,3.199884891510009766e-01,7.511801719665527344e-01,8.563001640141010284e-03,3.280029594898223877e-01,7.458105087280273438e-01,8.471368812024593353e-03,3.344173431396484375e-01,7.440718412399291992e-01,7.715542335063219070e-03,3.426494300365447998e-01,7.464868426322937012e-01,-8.904072456061840057e-04,3.607508242130279541e-01,7.201162576675415039e-01,-5.746224895119667053e-03,3.764065504074096680e-01,7.156999111175537109e-01,-7.932875305414199829e-03,3.879624903202056885e-01,7.182392477989196777e-01,-8.351258002221584320e-03,3.521736264228820801e-01,7.623764276504516602e-01,-7.016239222139120102e-03,3.815839588642120361e-01,7.444079518318176270e-01,-1.139561180025339127e-02,3.992310762405395508e-01,7.456442117691040039e-01,-1.266887318342924118e-02,4.092400372028350830e-01,7.521306872367858887e-01,-1.220618747174739838e-02,3.572686910629272461e-01,7.820391654968261719e-01,-1.262315735220909119e-02,3.871603012084960938e-01,7.730129361152648926e-01,-1.685526408255100250e-02,4.045115411281585693e-01,7.771756649017333984e-01,-1.840899512171745300e-02,4.157326221466064453e-01,7.820029854774475098e-01,-1.834255084395408630e-02,3.577796816825866699e-01,8.040751814842224121e-01,-1.735892891883850098e-02,3.828533887863159180e-01,8.045524954795837402e-01,-2.090621553361415863e-02,3.966406285762786865e-01,8.072975873947143555e-01,-2.074774727225303650e-02,4.063782691955566406e-01,8.099876046180725098e-01,-1.934652589261531830e-02,-1.000000000000000000e+00,-1.000000000000000000e+00,-1.000000000000000000e+00,-1.000000000000000000e+00,-1.000000000000000000e+00,-1.000000000000000000e+00,-1.000000000000000000e+00,-1.000000000000000000e+00,-1.000000000000000000e+00,-1.000000000000000000e+00,-1.000000000000000000e+00,-1.000000000000000000e+00,-1.000000000000000000e+00,-1.000000000000000000e+00,-1.000000000000000000e+00,-1.000000000000000000e+00,-1.000000000000000000e+00,-1.000000000000000000e+00,-1.000000000000000000e+00,-1.000000000000000000e+00,-1.000000000000000000e+00,-1.000000000000000000e+00,-1.000000000000000000e+00,-1.000000000000000000e+00,-1.000000000000000000e+00,-1.000000000000000000e+00,-1.000000000000000000e+00,-1.000000000000000000e+00,-1.000000000000000000e+00,-1.000000000000000000e+00,-1.000000000000000000e+00,-1.000000000000000000e+00,-1.000000000000000000e+00,-1.000000000000000000e+00,-1.000000000000000000e+00,-1.000000000000000000e+00,-1.000000000000000000e+00,-1.000000000000000000e+00,-1.000000000000000000e+00,-1.000000000000000000e+00,-1.000000000000000000e+00,-1.000000000000000000e+00,-1.000000000000000000e+00,-1.000000000000000000e+00,-1.000000000000000000e+00,-1.000000000000000000e+00,-1.000000000000000000e+00,-1.000000000000000000e+00,-1.000000000000000000e+00,-1.000000000000000000e+00,-1.000000000000000000e+00,-1.000000000000000000e+00,-1.000000000000000000e+00,-1.000000000000000000e+00,-1.000000000000000000e+00,-1.000000000000000000e+00,-1.000000000000000000e+00,-1.000000000000000000e+00,-1.000000000000000000e+00,-1.000000000000000000e+00,-1.000000000000000000e+00,-1.000000000000000000e+00,-1.000000000000000000e+00
3.040669858455657959e-01,7.978999614715576172e-01,7.854590222677870770e-08,3.149228692054748535e-01,7.664148211479187012e-01,9.907067753374576569e-03,3.289328813552856445e-01,7.519348263740539551e-01,1.314563304185867310e-02,3.415116667747497559e-01,7.496295571327209473e-01,1.435398124158382416e-02,3.511921465396881104e-01,7.520529627799987793e-01,1.528121717274188995e-02,3.418626189231872559e-01,7.464735507965087891e-01,1.201085280627012253e-03,3.606785237789154053e-01,7.196159958839416504e-01,-3.231482580304145813e-03,3.762389421463012695e-01,7.155573964118957520e-01,-4.372393712401390076e-03,3.864811658859252930e-01,7.191743850708007812e-01,-3.774482756853103638e-03,3.505918681621551514e-01,7.617541551589965820e-01,-5.676326807588338852e-03,3.802888691425323486e-01,7.431366443634033203e-01,-9.861066937446594238e-03,3.977359235286712646e-01,7.448154091835021973e-01,-1.043242961168289185e-02,4.068108201026916504e-01,7.517885565757751465e-01,-9.228550828993320465e-03,3.557975292205810547e-01,7.809611558914184570e-01,-1.175114326179027557e-02,3.873679339885711670e-01,7.711365818977355957e-01,-1.520053017884492874e-02,4.037517011165618896e-01,7.771598696708679199e-01,-1.527167111635208130e-02,4.138139486312866211e-01,7.837799191474914551e-01,-1.407124102115631104e-02,3.570455312728881836e-01,8.031983375549316406e-01,-1.676077209413051605e-02,3.825899064540863037e-01,8.029558062553405762e-01,-1.943677291274070740e-02,3.959224522113800049e-01,8.065679669380187988e-01,-1.855764165520668030e-02,4.050404727458953857e-01,8.101091384887695312e-01,-1.651008613407611847e-02,-1.000000000000000000e+00,-1.000000000000000000e+00,-1.000000000000000000e+00,-1.000000000000000000e+00,-1.000000000000000000e+00,-1.000000000000000000e+00,-1.000000000000000000e+00,-1.000000000000000000e+00,-1.000000000000000000e+00,-1.000000000000000000e+00,-1.000000000000000000e+00,-1.000000000000000000e+00,-1.000000000000000000e+00,-1.000000000000000000e+00,-1.000000000000000000e+00,-1.000000000000000000e+00,-1.000000000000000000e+00,-1.000000000000000000e+00,-1.000000000000000000e+00,-1.000000000000000000e+00,-1.000000000000000000e+00,-1.000000000000000000e+00,-1.000000000000000000e+00,-1.000000000000000000e+00,-1.000000000000000000e+00,-1.000000000000000000e+00,-1.000000000000000000e+00,-1.000000000000000000e+00,-1.000000000000000000e+00,-1.000000000000000000e+00,-1.000000000000000000e+00,-1.000000000000000000e+00,-1.000000000000000000e+00,-1.000000000000000000e+00,-1.000000000000000000e+00,-1.000000000000000000e+00,-1.000000000000000000e+00,-1.000000000000000000e+00,-1.000000000000000000e+00,-1.000000000000000000e+00,-1.000000000000000000e+00,-1.000000000000000000e+00,-1.000000000000000000e+00,-1.000000000000000000e+00,-1.000000000000000000e+00,-1.000000000000000000e+00,-1.000000000000000000e+00,-1.000000000000000000e+00,-1.000000000000000000e+00,-1.000000000000000000e+00,-1.000000000000000000e+00,-1.000000000000000000e+00,-1.000000000000000000e+00,-1.000000000000000000e+00,-1.000000000000000000e+00,-1.000000000000000000e+00,-1.000000000000000000e+00,-1.000000000000000000e+00,-1.000000000000000000e+00,-1.000000000000000000e+00,-1.000000000000000000e+00,-1.000000000000000000e+00,-1.000000000000000000e+00
3.040669858455657959e-01,7.978999614715576172e-01,7.854590222677870770e-08,3.149228692054748535e-01,7.664148211479187012e-01,9.907067753374576569e-03,3.289328813552856445e-01,7.519348263740539551e-01,1.314563304185867310e-02,3.415116667747497559e-01,7.496295571327209473e-01,1.435398124158382416e-02,3.511921465396881104e-01,7.520529627799987793e-01,1.528121717274188995e-02,3.418626189231872559e-01,7.464735507965087891e-01,1.201085280627012253e-03,3.606785237789154053e-01,7.196159958839416504e-01,-3.231482580304145813e-03,3.762389421463012695e-01,7.155573964118957520e-01,-4.372393712401390076e-03,3.864811658859252930e-01,7.191743850708007812e-01,-3.774482756853103638e-03,3.505918681621551514e-01,7.617541551589965820e-01,-5.676326807588338852e-03,3.802888691425323486e-01,7.431366443634033203e-01,-9.861066937446594238e-03,3.977359235286712646e-01,7.448154091835021973e-01,-1.043242961168289185e-02,4.068108201026916504e-01,7.517885565757751465e-01,-9.228550828993320465e-03,3.557975292205810547e-01,7.809611558914184570e-01,-1.175114326179027557e-02,3.873679339885711670e-01,7.711365818977355957e-01,-1.520053017884492874e-02,4.037517011165618896e-01,7.771598696708679199e-01,-1.527167111635208130e-02,4.138139486312866211e-01,7.837799191474914551e-01,-1.407124102115631104e-02,3.570455312728881836e-01,8.031983375549316406e-01,-1.676077209413051605e-02,3.825899064540863037e-01,8.029558062553405762e-01,-1.943677291274070740e-02,3.959224522113800049e-01,8.065679669380187988e-01,-1.855764165520668030e-02,4.050404727458953857e-01,8.101091384887695312e-01,-1.651008613407611847e-02,-1.000000000000000000e+00,-1.000000000000000000e+00,-1.000000000000000000e+00,-1.000000000000000000e+00,-1.000000000000000000e+00,-1.000000000000000000e+00,-1.000000000000000000e+00,-1.000000000000000000e+00,-1.000000000000000000e+00,-1.000000000000000000e+00,-1.000000000000000000e+00,-1.000000000000000000e+00,-1.000000000000000000e+00,-1.000000000000000000e+00,-1.000000000000000000e+00,-1.000000000000000000e+00,-1.000000000000000000e+00,-1.000000000000000000e+00,-1.000000000000000000e+00,-1.000000000000000000e+00,-1.000000000000000000e+00,-1.000000000000000000e+00,-1.000000000000000000e+00,-1.000000000000000000e+00,-1.000000000000000000e+00,-1.000000000000000000e+00,-1.000000000000000000e+00,-1.000000000000000000e+00,-1.000000000000000000e+00,-1.000000000000000000e+00,-1.000000000000000000e+00,-1.000000000000000000e+00,-1.000000000000000000e+00,-1.000000000000000000e+00,-1.000000000000000000e+00,-1.000000000000000000e+00,-1.000000000000000000e+00,-1.000000000000000000e+00,-1.000000000000000000e+00,-1.000000000000000000e+00,-1.000000000000000000e+00,-1.000000000000000000e+00,-1.000000000000000000e+00,-1.000000000000000000e+00,-1.000000000000000000e+00,-1.000000000000000000e+00,-1.000000000000000000e+00,-1.000000000000000000e+00,-1.000000000000000000e+00,-1.000000000000000000e+00,-1.000000000000000000e+00,-1.000000000000000000e+00,-1.000000000000000000e+00,-1.000000000000000000e+00,-1.000000000000000000e+00,-1.000000000000000000e+00,-1.000000000000000000e+00,-1.000000000000000000e+00,-1.000000000000000000e+00,-1.000000000000000000e+00,-1.000000000000000000e+00,-1.000000000000000000e+00,-1.000000000000000000e+00
3.040669858455657959e-01,7.978999614715576172e-01,7.854590222677870770e-08,3.149228692054748535e-01,7.664148211479187012e-01,9.907067753374576569e-03,3.289328813552856445e-01,7.519348263740539551e-01,1.314563304185867310e-02,3.415116667747497559e-01,7.496295571327209473e-01,1.435398124158382416e-02,3.511921465396881104e-01,7.520529627799987793e-01,1.528121717274188995e-02,3.418626189231872559e-01,7.464735507965087891e-01,1.201085280627012253e-03,3.606785237789154053e-01,7.196159958839416504e-01,-3.231482580304145813e-03,3.762389421463012695e-01,7.155573964118957520e-01,-4.372393712401390076e-03,3.864811658859252930e-01,7.191743850708007812e-01,-3.774482756853103638e-03,3.505918681621551514e-01,7.617541551589965820e-01,-5.676326807588338852e-03,3.802888691425323486e-01,7.431366443634033203e-01,-9.861066937446594238e-03,3.977359235286712646e-01,7.448154091835021973e-01,-1.043242961168289185e-02,4.068108201026916504e-01,7.517885565757751465e-01,-9.228550828993320465e-03,3.557975292205810547e-01,7.809611558914184570e-01,-1.175114326179027557e-02,3.873679339885711670e-01,7.711365818977355957e-01,-1.520053017884492874e-02,4.037517011165618896e-01,7.771598696708679199e-01,-1.527167111635208130e-02,4.138139486312866211e-01,7.837799191474914551e-01,-1.407124102115631104e-02,3.570455312728881836e-01,8.031983375549316406e-01,-1.676077209413051605e-02,3.825899064540863037e-01,8.029558062553405762e-01,-1.943677291274070740e-02,3.959224522113800049e-01,8.065679669380187988e-01,-1.855764165520668030e-02,4.050404727458953857e-01,8.101091384887695312e-01,-1.651008613407611847e-02,-1.000000000000000000e+00,-1.000000000000000000e+00,-1.000000000000000000e+00,-1.000000000000000000e+00,-1.000000000000000000e+00,-1.000000000000000000e+00,-1.000000000000000000e+00,-1.000000000000000000e+00,-1.000000000000000000e+00,-1.000000000000000000e+00,-1.000000000000000000e+00,-1.000000000000000000e+00,-1.000000000000000000e+00,-1.000000000000000000e+00,-1.000000000000000000e+00,-1.000000000000000000e+00,-1.000000000000000000e+00,-1.000000000000000000e+00,-1.000000000000000000e+00,-1.000000000000000000e+00,-1.000000000000000000e+00,-1.000000000000000000e+00,-1.000000000000000000e+00,-1.000000000000000000e+00,-1.000000000000000000e+00,-1.000000000000000000e+00,-1.000000000000000000e+00,-1.000000000000000000e+00,-1.000000000000000000e+00,-1.000000000000000000e+00,-1.000000000000000000e+00,-1.000000000000000000e+00,-1.000000000000000000e+00,-1.000000000000000000e+00,-1.000000000000000000e+00,-1.000000000000000000e+00,-1.000000000000000000e+00,-1.000000000000000000e+00,-1.000000000000000000e+00,-1.000000000000000000e+00,-1.000000000000000000e+00,-1.000000000000000000e+00,-1.000000000000000000e+00,-1.000000000000000000e+00,-1.000000000000000000e+00,-1.000000000000000000e+00,-1.000000000000000000e+00,-1.000000000000000000e+00,-1.000000000000000000e+00,-1.000000000000000000e+00,-1.000000000000000000e+00,-1.000000000000000000e+00,-1.000000000000000000e+00,-1.000000000000000000e+00,-1.000000000000000000e+00,-1.000000000000000000e+00,-1.000000000000000000e+00,-1.000000000000000000e+00,-1.000000000000000000e+00,-1.000000000000000000e+00,-1.000000000000000000e+00,-1.000000000000000000e+00,-1.000000000000000000e+00
3.015059530735015869e-01,7.969832420349121094e-01,7.315303918176141451e-08,3.114541471004486084e-01,7.654287219047546387e-01,1.056949980556964874e-02,3.256247937679290771e-01,7.510907649993896484e-01,1.466983370482921600e-02,3.385693132877349854e-01,7.480303645133972168e-01,1.673439517617225647e-02,3.485085368156433105e-01,7.493885755538940430e-01,1.867508143186569214e-02,3.408923447132110596e-01,7.457703948020935059e-01,3.503551008179783821e-03,3.593495786190032959e-01,7.185292243957519531e-01,4.213668944430537522e-05,3.748706579208374023e-01,7.145529985427856445e-01,-3.523427585605531931e-04,3.850746154785156250e-01,7.185714840888977051e-01,7.765192422084510326e-04,3.500970602035522461e-01,7.614688277244567871e-01,-3.247866174206137657e-03,3.789861202239990234e-01,7.427070140838623047e-01,-6.552374456077814102e-03,3.962567746639251709e-01,7.441529631614685059e-01,-6.527252029627561569e-03,4.050285220146179199e-01,7.512137889862060547e-01,-4.804412834346294403e-03,3.553023636341094971e-01,7.805937528610229492e-01,-9.256666526198387146e-03,3.859645724296569824e-01,7.703579664230346680e-01,-1.199946179986000061e-02,4.023535251617431641e-01,7.761784195899963379e-01,-1.148403063416481018e-02,4.124688506126403809e-01,7.830352187156677246e-01,-9.837745688855648041e-03,3.563102185726165771e-01,8.024962544441223145e-01,-1.420176308602094650e-02,3.814446926116943359e-01,8.021160960197448730e-01,-1.672790944576263428e-02,3.948168158531188965e-01,8.059183359146118164e-01,-1.583121530711650848e-02,4.038706421852111816e-01,8.099734783172607422e-01,-1.359816640615463257e-02,-1.000000000000000000e+00,-1.000000000000000000e+00,-1.000000000000000000e+00,-1.000000000000000000e+00,-1.000000000000000000e+00,-1.000000000000000000e+00,-1.000000000000000000e+00,-1.000000000000000000e+00,-1.000000000000000000e+00,-1.000000000000000000e+00,-1.000000000000000000e+00,-1.000000000000000000e+00,-1.000000000000000000e+00,-1.000000000000000000e+00,-1.000000000000000000e+00,-1.000000000000000000e+00,-1.000000000000000000e+00,-1.000000000000000000e+00,-1.000000000000000000e+00,-1.000000000000000000e+00,-1.000000000000000000e+00,-1.000000000000000000e+00,-1.000000000000000000e+00,-1.000000000000000000e+00,-1.000000000000000000e+00,-1.000000000000000000e+00,-1.000000000000000000e+00,-1.000000000000000000e+00,-1.000000000000000000e+00,-1.000000000000000000e+00,-1.000000000000000000e+00,-1.000000000000000000e+00,-1.000000000000000000e+00,-1.000000000000000000e+00,-1.000000000000000000e+00,-1.000000000000000000e+00,-1.000000000000000000e+00,-1.000000000000000000e+00,-1.000000000000000000e+00,-1.000000000000000000e+00,-1.000000000000000000e+00,-1.000000000000000000e+00,-1.000000000000000000e+00,-1.000000000000000000e+00,-1.000000000000000000e+00,-1.000000000000000000e+00,-1.000000000000000000e+00,-1.000000000000000000e+00,-1.000000000000000000e+00,-1.000000000000000000e+00,-1.000000000000000000e+00,-1.000000000000000000e+00,-1.000000000000000000e+00,-1.000000000000000000e+00,-1.000000000000000000e+00,-1.000000000000000000e+00,-1.000000000000000000e+00,-1.000000000000000000e+00,-1.000000000000000000e+00,-1.000000000000000000e+00,-1.000000000000000000e+00,-1.000000000000000000e+00,-1.000000000000000000e+00
2.946156561374664307e-01,7.936540246009826660e-01,9.437236059284259682e-08,3.001112937927246094e-01,7.640522718429565430e-01,8.114249445497989655e-03,3.099581897258758545e-01,7.487878799438476562e-01,1.033015456050634384e-02,3.190513849258422852e-01,7.444759011268615723e-01,1.069073937833309174e-02,3.271386325359344482e-01,7.446821331977844238e-01,1.055329851806163788e-02,3.354739844799041748e-01,7.450990676879882812e-01,1.592556247487664223e-03,3.548320233821868896e-01,7.180847525596618652e-01,-1.729951123706996441e-03,3.704664707183837891e-01,7.144939899444580078e-01,-2.213690895587205887e-03,3.814212083816528320e-01,7.179913520812988281e-01,-1.454739016480743885e-03,3.455353379249572754e-01,7.607586979866027832e-01,-4.951570648699998856e-03,3.750431239604949951e-01,7.425648570060729980e-01,-8.225078694522380829e-03,3.921655118465423584e-01,7.452322840690612793e-01,-8.333005011081695557e-03,4.012216031551361084e-01,7.533776164054870605e-01,-6.840867921710014343e-03,3.504355549812316895e-01,7.800879478454589844e-01,-1.103737484663724899e-02,3.804386258125305176e-01,7.710195779800415039e-01,-1.435149274766445160e-02,3.977826237678527832e-01,7.766721248626708984e-01,-1.490535307675600052e-02,4.088611304759979248e-01,7.828003168106079102e-01,-1.409327238798141479e-02,3.503751754760742188e-01,8.021972179412841797e-01,-1.623814739286899567e-02,3.754118084907531738e-01,8.027065992355346680e-01,-1.936295442283153534e-02,3.889746367931365967e-01,8.067361116409301758e-01,-1.891362853348255157e-02,3.979074954986572266e-01,8.106157779693603516e-01,-1.711766794323921204e-02,-1.000000000000000000e+00,-1.000000000000000000e+00,-1.000000000000000000e+00,-1.000000000000000000e+00,-1.000000000000000000e+00,-1.000000000000000000e+00,-1.000000000000000000e+00,-1.000000000000000000e+00,-1.000000000000000000e+00,-1.000000000000000000e+00,-1.000000000000000000e+00,-1.000000000000000000e+00,-1.000000000000000000e+00,-1.000000000000000000e+00,-1.000000000000000000e+00,-1.000000000000000000e+00,-1.000000000000000000e+00,-1.000000000000000000e+00,-1.000000000000000000e+00,-1.000000000000000000e+00,-1.000000000000000000e+00,-1.000000000000000000e+00,-1.000000000000000000e+00,-1.000000000000000000e+00,-1.000000000000000000e+00,-1.000000000000000000e+00,-1.000000000000000000e+00,-1.000000000000000000e+00,-1.000000000000000000e+00,-1.000000000000000000e+00,-1.000000000000000000e+00,-1.000000000000000000e+00,-1.000000000000000000e+00,-1.000000000000000000e+00,-1.000000000000000000e+00,-1.000000000000000000e+00,-1.000000000000000000e+00,-1.000000000000000000e+00,-1.000000000000000000e+00,-1.000000000000000000e+00,-1.000000000000000000e+00,-1.000000000000000000e+00,-1.000000000000000000e+00,-1.000000000000000000e+00,-1.000000000000000000e+00,-1.000000000000000000e+00,-1.000000000000000000e+00,-1.000000000000000000e+00,-1.000000000000000000e+00,-1.000000000000000000e+00,-1.000000000000000000e+00,-1.000000000000000000e+00,-1.000000000000000000e+00,-1.000000000000000000e+00,-1.000000000000000000e+00,-1.000000000000000000e+00,-1.000000000000000000e+00,-1.000000000000000000e+00,-1.000000000000000000e+00,-1.000000000000000000e+00,-1.000000000000000000e+00,-1.000000000000000000e+00,-1.000000000000000000e+00
2.946156561374664307e-01,7.936540246009826660e-01,9.437236059284259682e-08,3.001112937927246094e-01,7.640522718429565430e-01,8.114249445497989655e-03,3.099581897258758545e-01,7.487878799438476562e-01,1.033015456050634384e-02,3.190513849258422852e-01,7.444759011268615723e-01,1.069073937833309174e-02,3.271386325359344482e-01,7.446821331977844238e-01,1.055329851806163788e-02,3.354739844799041748e-01,7.450990676879882812e-01,1.592556247487664223e-03,3.548320233821868896e-01,7.180847525596618652e-01,-1.729951123706996441e-03,3.704664707183837891e-01,7.144939899444580078e-01,-2.213690895587205887e-03,3.814212083816528320e-01,7.179913520812988281e-01,-1.454739016480743885e-03,3.455353379249572754e-01,7.607586979866027832e-01,-4.951570648699998856e-03,3.750431239604949951e-01,7.425648570060729980e-01,-8.225078694522380829e-03,3.921655118465423584e-01,7.452322840690612793e-01,-8.333005011081695557e-03,4.012216031551361084e-01,7.533776164054870605e-01,-6.840867921710014343e-03,3.504355549812316895e-01,7.800879478454589844e-01,-1.103737484663724899e-02,3.804386258125305176e-01,7.710195779800415039e-01,-1.435149274766445160e-02,3.977826237678527832e-01,7.766721248626708984e-01,-1.490535307675600052e-02,4.088611304759979248e-01,7.828003168106079102e-01,-1.409327238798141479e-02,3.503751754760742188e-01,8.021972179412841797e-01,-1.623814739286899567e-02,3.754118084907531738e-01,8.027065992355346680e-01,-1.936295442283153534e-02,3.889746367931365967e-01,8.067361116409301758e-01,-1.891362853348255157e-02,3.979074954986572266e-01,8.106157779693603516e-01,-1.711766794323921204e-02,-1.000000000000000000e+00,-1.000000000000000000e+00,-1.000000000000000000e+00,-1.000000000000000000e+00,-1.000000000000000000e+00,-1.000000000000000000e+00,-1.000000000000000000e+00,-1.000000000000000000e+00,-1.000000000000000000e+00,-1.000000000000000000e+00,-1.000000000000000000e+00,-1.000000000000000000e+00,-1.000000000000000000e+00,-1.000000000000000000e+00,-1.000000000000000000e+00,-1.000000000000000000e+00,-1.000000000000000000e+00,-1.000000000000000000e+00,-1.000000000000000000e+00,-1.000000000000000000e+00,-1.000000000000000000e+00,-1.000000000000000000e+00,-1.000000000000000000e+00,-1.000000000000000000e+00,-1.000000000000000000e+00,-1.000000000000000000e+00,-1.000000000000000000e+00,-1.000000000000000000e+00,-1.000000000000000000e+00,-1.000000000000000000e+00,-1.000000000000000000e+00,-1.000000000000000000e+00,-1.000000000000000000e+00,-1.000000000000000000e+00,-1.000000000000000000e+00,-1.000000000000000000e+00,-1.000000000000000000e+00,-1.000000000000000000e+00,-1.000000000000000000e+00,-1.000000000000000000e+00,-1.000000000000000000e+00,-1.000000000000000000e+00,-1.000000000000000000e+00,-1.000000000000000000e+00,-1.000000000000000000e+00,-1.000000000000000000e+00,-1.000000000000000000e+00,-1.000000000000000000e+00,-1.000000000000000000e+00,-1.000000000000000000e+00,-1.000000000000000000e+00,-1.000000000000000000e+00,-1.000000000000000000e+00,-1.000000000000000000e+00,-1.000000000000000000e+00,-1.000000000000000000e+00,-1.000000000000000000e+00,-1.000000000000000000e+00,-1.000000000000000000e+00,-1.000000000000000000e+00,-1.000000000000000000e+00,-1.000000000000000000e+00,-1.000000000000000000e+00
2.950101494789123535e-01,7.957725524902343750e-01,1.046475048838146904e-07,2.976126372814178467e-01,7.661216855049133301e-01,8.610437624156475067e-03,3.028928637504577637e-01,7.454301714897155762e-01,1.081679947674274445e-02,3.051363527774810791e-01,7.315795421600341797e-01,1.101964525878429413e-02,3.060640096664428711e-01,7.219879031181335449e-01,1.030309312045574188e-02,3.352451324462890625e-01,7.449111938476562500e-01,2.864418784156441689e-03,3.545288741588592529e-01,7.180530428886413574e-01,3.282657417003065348e-04,3.693111836910247803e-01,7.142933607101440430e-01,-7.543028914369642735e-04,3.803849518299102783e-01,7.167618870735168457e-01,-8.092436473816633224e-04,3.444138467311859131e-01,7.600405812263488770e-01,-3.655959619209170341e-03,3.737941086292266846e-01,7.432797551155090332e-01,-5.163142923265695572e-03,3.902531564235687256e-01,7.466403841972351074e-01,-5.933512467890977859e-03,3.996757268905639648e-01,7.549759149551391602e-01,-5.807303823530673981e-03,3.488896191120147705e-01,7.796964645385742188e-01,-9.661118499934673309e-03,3.788102865219116211e-01,7.703371644020080566e-01,-1.155647728592157364e-02,3.953807055950164795e-01,7.769345641136169434e-01,-1.369964890182018280e-02,4.067537784576416016e-01,7.834843397140502930e-01,-1.479543745517730713e-02,3.484313786029815674e-01,8.015055060386657715e-01,-1.466994918882846832e-02,3.733186125755310059e-01,8.033152222633361816e-01,-1.660474203526973724e-02,3.865665793418884277e-01,8.085045218467712402e-01,-1.666089892387390137e-02,3.961548805236816406e-01,8.131428956985473633e-01,-1.598002389073371887e-02,-1.000000000000000000e+00,-1.000000000000000000e+00,-1.000000000000000000e+00,-1.000000000000000000e+00,-1.000000000000000000e+00,-1.000000000000000000e+00,-1.000000000000000000e+00,-1.000000000000000000e+00,-1.000000000000000000e+00,-1.000000000000000000e+00,-1.000000000000000000e+00,-1.000000000000000000e+00,-1.000000000000000000e+00,-1.000000000000000000e+00,-1.000000000000000000e+00,-1.000000000000000000e+00,-1.000000000000000000e+00,-1.000000000000000000e+00,-1.000000000000000000e+00,-1.000000000000000000e+00,-1.000000000000000000e+00,-1.000000000000000000e+00,-1.000000000000000000e+00,-1.000000000000000000e+00,-1.000000000000000000e+00,-1.000000000000000000e+00,-1.000000000000000000e+00,-1.000000000000000000e+00,-1.000000000000000000e+00,-1.000000000000000000e+00,-1.000000000000000000e+00,-1.000000000000000000e+00,-1.000000000000000000e+00,-1.000000000000000000e+00,-1.000000000000000000e+00,-1.000000000000000000e+00,-1.000000000000000000e+00,-1.000000000000000000e+00,-1.000000000000000000e+00,-1.000000000000000000e+00,-1.000000000000000000e+00,-1.000000000000000000e+00,-1.000000000000000000e+00,-1.000000000000000000e+00,-1.000000000000000000e+00,-1.000000000000000000e+00,-1.000000000000000000e+00,-1.000000000000000000e+00,-1.000000000000000000e+00,-1.000000000000000000e+00,-1.000000000000000000e+00,-1.000000000000000000e+00,-1.000000000000000000e+00,-1.000000000000000000e+00,-1.000000000000000000e+00,-1.000000000000000000e+00,-1.000000000000000000e+00,-1.000000000000000000e+00,-1.000000000000000000e+00,-1.000000000000000000e+00,-1.000000000000000000e+00,-1.000000000000000000e+00,-1.000000000000000000e+00
2.950101494789123535e-01,7.957725524902343750e-01,1.046475048838146904e-07,2.976126372814178467e-01,7.661216855049133301e-01,8.610437624156475067e-03,3.028928637504577637e-01,7.454301714897155762e-01,1.081679947674274445e-02,3.051363527774810791e-01,7.315795421600341797e-01,1.101964525878429413e-02,3.060640096664428711e-01,7.219879031181335449e-01,1.030309312045574188e-02,3.352451324462890625e-01,7.449111938476562500e-01,2.864418784156441689e-03,3.545288741588592529e-01,7.180530428886413574e-01,3.282657417003065348e-04,3.693111836910247803e-01,7.142933607101440430e-01,-7.543028914369642735e-04,3.803849518299102783e-01,7.167618870735168457e-01,-8.092436473816633224e-04,3.444138467311859131e-01,7.600405812263488770e-01,-3.655959619209170341e-03,3.737941086292266846e-01,7.432797551155090332e-01,-5.163142923265695572e-03,3.902531564235687256e-01,7.466403841972351074e-01,-5.933512467890977859e-03,3.996757268905639648e-01,7.549759149551391602e-01,-5.807303823530673981e-03,3.488896191120147705e-01,7.796964645385742188e-01,-9.661118499934673309e-03,3.788102865219116211e-01,7.703371644020080566e-01,-1.155647728592157364e-02,3.953807055950164795e-01,7.769345641136169434e-01,-1.369964890182018280e-02,4.067537784576416016e-01,7.834843397140502930e-01,-1.479543745517730713e-02,3.484313786029815674e-01,8.015055060386657715e-01,-1.466994918882846832e-02,3.733186125755310059e-01,8.033152222633361816e-01,-1.660474203526973724e-02,3.865665793418884277e-01,8.085045218467712402e-01,-1.666089892387390137e-02,3.961548805236816406e-01,8.131428956985473633e-01,-1.598002389073371887e-02,-1.000000000000000000e+00,-1.000000000000000000e+00,-1.000000000000000000e+00,-1.000000000000000000e+00,-1.000000000000000000e+00,-1.000000000000000000e+00,-1.000000000000000000e+00,-1.000000000000000000e+00,-1.000000000000000000e+00,-1.000000000000000000e+00,-1.000000000000000000e+00,-1.000000000000000000e+00,-1.000000000000000000e+00,-1.000000000000000000e+00,-1.000000000000000000e+00,-1.000000000000000000e+00,-1.000000000000000000e+00,-1.000000000000000000e+00,-1.000000000000000000e+00,-1.000000000000000000e+00,-1.000000000000000000e+00,-1.000000000000000000e+00,-1.000000000000000000e+00,-1.000000000000000000e+00,-1.000000000000000000e+00,-1.000000000000000000e+00,-1.000000000000000000e+00,-1.000000000000000000e+00,-1.000000000000000000e+00,-1.000000000000000000e+00,-1.000000000000000000e+00,-1.000000000000000000e+00,-1.000000000000000000e+00,-1.000000000000000000e+00,-1.000000000000000000e+00,-1.000000000000000000e+00,-1.000000000000000000e+00,-1.000000000000000000e+00,-1.000000000000000000e+00,-1.000000000000000000e+00,-1.000000000000000000e+00,-1.000000000000000000e+00,-1.000000000000000000e+00,-1.000000000000000000e+00,-1.000000000000000000e+00,-1.000000000000000000e+00,-1.000000000000000000e+00,-1.000000000000000000e+00,-1.000000000000000000e+00,-1.000000000000000000e+00,-1.000000000000000000e+00,-1.000000000000000000e+00,-1.000000000000000000e+00,-1.000000000000000000e+00,-1.000000000000000000e+00,-1.000000000000000000e+00,-1.000000000000000000e+00,-1.000000000000000000e+00,-1.000000000000000000e+00,-1.000000000000000000e+00,-1.000000000000000000e+00,-1.000000000000000000e+00,-1.000000000000000000e+00
2.907228469848632812e-01,7.953695058822631836e-01,1.350286424894875381e-07,2.950676977634429932e-01,7.659597992897033691e-01,4.713280592113733292e-03,3.017112612724304199e-01,7.467737197875976562e-01,3.912101965397596359e-03,3.047973215579986572e-01,7.361159324645996094e-01,1.565761514939367771e-03,3.067466616630554199e-01,7.295489907264709473e-01,-1.678007189184427261e-03,3.321888446807861328e-01,7.463805675506591797e-01,-3.676305990666151047e-03,3.529678583145141602e-01,7.205536365509033203e-01,-8.783080615103244781e-03,3.687940239906311035e-01,7.166215181350708008e-01,-1.142892148345708847e-02,3.800965249538421631e-01,7.189834117889404297e-01,-1.240927819162607193e-02,3.410606980323791504e-01,7.613768577575683594e-01,-9.526213631033897400e-03,3.716524541378021240e-01,7.460241913795471191e-01,-1.379400398582220078e-02,3.886524438858032227e-01,7.491111755371093750e-01,-1.572659611701965332e-02,3.983972370624542236e-01,7.573791742324829102e-01,-1.604749821126461029e-02,3.452282547950744629e-01,7.809242606163024902e-01,-1.497847307473421097e-02,3.751346170902252197e-01,7.742276787757873535e-01,-1.925999112427234650e-02,3.926374018192291260e-01,7.798284888267517090e-01,-2.192985825240612030e-02,4.044706821441650391e-01,7.862424850463867188e-01,-2.301316149532794952e-02,3.447037935256958008e-01,8.031364083290100098e-01,-1.976801268756389618e-02,3.697158098220825195e-01,8.075020313262939453e-01,-2.359263412654399872e-02,3.834750950336456299e-01,8.134014606475830078e-01,-2.396983094513416290e-02,3.934994339942932129e-01,8.187580108642578125e-01,-2.317173220217227936e-02,-1.000000000000000000e+00,-1.000000000000000000e+00,-1.000000000000000000e+00,-1.000000000000000000e+00,-1.000000000000000000e+00,-1.000000000000000000e+00,-1.000000000000000000e+00,-1.000000000000000000e+00,-1.000000000000000000e+00,-1.000000000000000000e+00,-1.000000000000000000e+00,-1.000000000000000000e+00,-1.000000000000000000e+00,-1.000000000000000000e+00,-1.000000000000000000e+00,-1.000000000000000000e+00,-1.000000000000000000e+00,-1.000000000000000000e+00,-1.000000000000000000e+00,-1.000000000000000000e+00,-1.000000000000000000e+00,-1.000000000000000000e+00,-1.000000000000000000e+00,-1.000000000000000000e+00,-1.000000000000000000e+00,-1.000000000000000000e+00,-1.000000000000000000e+00,-1.000000000000000000e+00,-1.000000000000000000e+00,-1.000000000000000000e+00,-1.000000000000000000e+00,-1.000000000000000000e+00,-1.000000000000000000e+00,-1.000000000000000000e+00,-1.000000000000000000e+00,-1.000000000000000000e+00,-1.000000000000000000e+00,-1.000000000000000000e+00,-1.000000000000000000e+00,-1.000000000000000000e+00,-1.000000000000000000e+00,-1.000000000000000000e+00,-1.000000000000000000e+00,-1.000000000000000000e+00,-1.000000000000000000e+00,-1.000000000000000000e+00,-1.000000000000000000e+00,-1.000000000000000000e+00,-1.000000000000000000e+00,-1.000000000000000000e+00,-1.000000000000000000e+00,-1.000000000000000000e+00,-1.000000000000000000e+00,-1.000000000000000000e+00,-1.000000000000000000e+00,-1.000000000000000000e+00,-1.000000000000000000e+00,-1.000000000000000000e+00,-1.000000000000000000e+00,-1.000000000000000000e+00,-1.000000000000000000e+00,-1.000000000000000000e+00,-1.000000000000000000e+00
2.907228469848632812e-01,7.953695058822631836e-01,1.350286424894875381e-07,2.950676977634429932e-01,7.659597992897033691e-01,4.713280592113733292e-03,3.017112612724304199e-01,7.467737197875976562e-01,3.912101965397596359e-03,3.047973215579986572e-01,7.361159324645996094e-01,1.565761514939367771e-03,3.067466616630554199e-01,7.295489907264709473e-01,-1.678007189184427261e-03,3.321888446807861328e-01,7.463805675506591797e-01,-3.676305990666151047e-03,3.529678583145141602e-01,7.205536365509033203e-01,-8.783080615103244781e-03,3.687940239906311035e-01,7.166215181350708008e-01,-1.142892148345708847e-02,3.800965249538421631e-01,7.189834117889404297e-01,-1.240927819162607193e-02,3.410606980323791504e-01,7.613768577575683594e-01,-9.526213631033897400e-03,3.716524541378021240e-01,7.460241913795471191e-01,-1.379400398582220078e-02,3.886524438858032227e-01,7.491111755371093750e-01,-1.572659611701965332e-02,3.983972370624542236e-01,7.573791742324829102e-01,-1.604749821126461029e-02,3.452282547950744629e-01,7.809242606163024902e-01,-1.497847307473421097e-02,3.751346170902252197e-01,7.742276787757873535e-01,-1.925999112427234650e-02,3.926374018192291260e-01,7.798284888267517090e-01,-2.192985825240612030e-02,4.044706821441650391e-01,7.862424850463867188e-01,-2.301316149532794952e-02,3.447037935256958008e-01,8.031364083290100098e-01,-1.976801268756389618e-02,3.697158098220825195e-01,8.075020313262939453e-01,-2.359263412654399872e-02,3.834750950336456299e-01,8.134014606475830078e-01,-2.396983094513416290e-02,3.934994339942932129e-01,8.187580108642578125e-01,-2.317173220217227936e-02,-1.000000000000000000e+00,-1.000000000000000000e+00,-1.000000000000000000e+00,-1.000000000000000000e+00,-1.000000000000000000e+00,-1.000000000000000000e+00,-1.000000000000000000e+00,-1.000000000000000000e+00,-1.000000000000000000e+00,-1.000000000000000000e+00,-1.000000000000000000e+00,-1.000000000000000000e+00,-1.000000000000000000e+00,-1.000000000000000000e+00,-1.000000000000000000e+00,-1.000000000000000000e+00,-1.000000000000000000e+00,-1.000000000000000000e+00,-1.000000000000000000e+00,-1.000000000000000000e+00,-1.000000000000000000e+00,-1.000000000000000000e+00,-1.000000000000000000e+00,-1.000000000000000000e+00,-1.000000000000000000e+00,-1.000000000000000000e+00,-1.000000000000000000e+00,-1.000000000000000000e+00,-1.000000000000000000e+00,-1.000000000000000000e+00,-1.000000000000000000e+00,-1.000000000000000000e+00,-1.000000000000000000e+00,-1.000000000000000000e+00,-1.000000000000000000e+00,-1.000000000000000000e+00,-1.000000000000000000e+00,-1.000000000000000000e+00,-1.000000000000000000e+00,-1.000000000000000000e+00,-1.000000000000000000e+00,-1.000000000000000000e+00,-1.000000000000000000e+00,-1.000000000000000000e+00,-1.000000000000000000e+00,-1.000000000000000000e+00,-1.000000000000000000e+00,-1.000000000000000000e+00,-1.000000000000000000e+00,-1.000000000000000000e+00,-1.000000000000000000e+00,-1.000000000000000000e+00,-1.000000000000000000e+00,-1.000000000000000000e+00,-1.000000000000000000e+00,-1.000000000000000000e+00,-1.000000000000000000e+00,-1.000000000000000000e+00,-1.000000000000000000e+00,-1.000000000000000000e+00,-1.000000000000000000e+00,-1.000000000000000000e+00,-1.000000000000000000e+00
2.907879352569580078e-01,7.959662079811096191e-01,1.297265583843909553e-07,2.957830429077148438e-01,7.670604586601257324e-01,5.507352761924266815e-03,3.015666902065277100e-01,7.480237483978271484e-01,5.190154537558555603e-03,3.037148714065551758e-01,7.386938333511352539e-01,3.308404702693223953e-03,3.051920533180236816e-01,7.347617745399475098e-01,5.353027954697608948e-04,3.314040899276733398e-01,7.475314736366271973e-01,-3.200049279257655144e-03,3.515411615371704102e-01,7.222746610641479492e-01,-7.960271090269088745e-03,3.668448328971862793e-01,7.176891565322875977e-01,-1.047753822058439255e-02,3.783177137374877930e-01,7.194644808769226074e-01,-1.158265117555856705e-02,3.399875462055206299e-01,7.622445225715637207e-01,-9.222690016031265259e-03,3.705819547176361084e-01,7.457039952278137207e-01,-1.293143443763256073e-02,3.877016007900238037e-01,7.477726936340332031e-01,-1.475061569362878799e-02,3.978520035743713379e-01,7.551412582397460938e-01,-1.538309827446937561e-02,3.441202342510223389e-01,7.814152240753173828e-01,-1.476726960390806198e-02,3.750826120376586914e-01,7.748464941978454590e-01,-1.871681027114391327e-02,3.921082019805908203e-01,7.806088924407958984e-01,-2.145267836749553680e-02,4.034071564674377441e-01,7.870372533798217773e-01,-2.283940836787223816e-02,3.435582220554351807e-01,8.033372163772583008e-01,-1.957624964416027069e-02,3.685581684112548828e-01,8.086045384407043457e-01,-2.335141971707344055e-02,3.818921148777008057e-01,8.146955370903015137e-01,-2.404551208019256592e-02,3.916819095611572266e-01,8.197862505912780762e-01,-2.372823096811771393e-02,-1.000000000000000000e+00,-1.000000000000000000e+00,-1.000000000000000000e+00,-1.000000000000000000e+00,-1.000000000000000000e+00,-1.000000000000000000e+00,-1.000000000000000000e+00,-1.000000000000000000e+00,-1.000000000000000000e+00,-1.000000000000000000e+00,-1.000000000000000000e+00,-1.000000000000000000e+00,-1.000000000000000000e+00,-1.000000000000000000e+00,-1.000000000000000000e+00,-1.000000000000000000e+00,-1.000000000000000000e+00,-1.000000000000000000e+00,-1.000000000000000000e+00,-1.000000000000000000e+00,-1.000000000000000000e+00,-1.000000000000000000e+00,-1.000000000000000000e+00,-1.000000000000000000e+00,-1.000000000000000000e+00,-1.000000000000000000e+00,-1.000000000000000000e+00,-1.000000000000000000e+00,-1.000000000000000000e+00,-1.000000000000000000e+00,-1.000000000000000000e+00,-1.000000000000000000e+00,-1.000000000000000000e+00,-1.000000000000000000e+00,-1.000000000000000000e+00,-1.000000000000000000e+00,-1.000000000000000000e+00,-1.000000000000000000e+00,-1.000000000000000000e+00,-1.000000000000000000e+00,-1.000000000000000000e+00,-1.000000000000000000e+00,-1.000000000000000000e+00,-1.000000000000000000e+00,-1.000000000000000000e+00,-1.000000000000000000e+00,-1.000000000000000000e+00,-1.000000000000000000e+00,-1.000000000000000000e+00,-1.000000000000000000e+00,-1.000000000000000000e+00,-1.000000000000000000e+00,-1.000000000000000000e+00,-1.000000000000000000e+00,-1.000000000000000000e+00,-1.000000000000000000e+00,-1.000000000000000000e+00,-1.000000000000000000e+00,-1.000000000000000000e+00,-1.000000000000000000e+00,-1.000000000000000000e+00,-1.000000000000000000e+00,-1.000000000000000000e+00
2.907879352569580078e-01,7.959662079811096191e-01,1.297265583843909553e-07,2.957830429077148438e-01,7.670604586601257324e-01,5.507352761924266815e-03,3.015666902065277100e-01,7.480237483978271484e-01,5.190154537558555603e-03,3.037148714065551758e-01,7.386938333511352539e-01,3.308404702693223953e-03,3.051920533180236816e-01,7.347617745399475098e-01,5.353027954697608948e-04,3.314040899276733398e-01,7.475314736366271973e-01,-3.200049279257655144e-03,3.515411615371704102e-01,7.222746610641479492e-01,-7.960271090269088745e-03,3.668448328971862793e-01,7.176891565322875977e-01,-1.047753822058439255e-02,3.783177137374877930e-01,7.194644808769226074e-01,-1.158265117555856705e-02,3.399875462055206299e-01,7.622445225715637207e-01,-9.222690016031265259e-03,3.705819547176361084e-01,7.457039952278137207e-01,-1.293143443763256073e-02,3.877016007900238037e-01,7.477726936340332031e-01,-1.475061569362878799e-02,3.978520035743713379e-01,7.551412582397460938e-01,-1.538309827446937561e-02,3.441202342510223389e-01,7.814152240753173828e-01,-1.476726960390806198e-02,3.750826120376586914e-01,7.748464941978454590e-01,-1.871681027114391327e-02,3.921082019805908203e-01,7.806088924407958984e-01,-2.145267836749553680e-02,4.034071564674377441e-01,7.870372533798217773e-01,-2.283940836787223816e-02,3.435582220554351807e-01,8.033372163772583008e-01,-1.957624964416027069e-02,3.685581684112548828e-01,8.086045384407043457e-01,-2.335141971707344055e-02,3.818921148777008057e-01,8.146955370903015137e-01,-2.404551208019256592e-02,3.916819095611572266e-01,8.197862505912780762e-01,-2.372823096811771393e-02,-1.000000000000000000e+00,-1.000000000000000000e+00,-1.000000000000000000e+00,-1.000000000000000000e+00,-1.000000000000000000e+00,-1.000000000000000000e+00,-1.000000000000000000e+00,-1.000000000000000000e+00,-1.000000000000000000e+00,-1.000000000000000000e+00,-1.000000000000000000e+00,-1.000000000000000000e+00,-1.000000000000000000e+00,-1.000000000000000000e+00,-1.000000000000000000e+00,-1.000000000000000000e+00,-1.000000000000000000e+00,-1.000000000000000000e+00,-1.000000000000000000e+00,-1.000000000000000000e+00,-1.000000000000000000e+00,-1.000000000000000000e+00,-1.000000000000000000e+00,-1.000000000000000000e+00,-1.000000000000000000e+00,-1.000000000000000000e+00,-1.000000000000000000e+00,-1.000000000000000000e+00,-1.000000000000000000e+00,-1.000000000000000000e+00,-1.000000000000000000e+00,-1.000000000000000000e+00,-1.000000000000000000e+00,-1.000000000000000000e+00,-1.000000000000000000e+00,-1.000000000000000000e+00,-1.000000000000000000e+00,-1.000000000000000000e+00,-1.000000000000000000e+00,-1.000000000000000000e+00,-1.000000000000000000e+00,-1.000000000000000000e+00,-1.000000000000000000e+00,-1.000000000000000000e+00,-1.000000000000000000e+00,-1.000000000000000000e+00,-1.000000000000000000e+00,-1.000000000000000000e+00,-1.000000000000000000e+00,-1.000000000000000000e+00,-1.000000000000000000e+00,-1.000000000000000000e+00,-1.000000000000000000e+00,-1.000000000000000000e+00,-1.000000000000000000e+00,-1.000000000000000000e+00,-1.000000000000000000e+00,-1.000000000000000000e+00,-1.000000000000000000e+00,-1.000000000000000000e+00,-1.000000000000000000e+00,-1.000000000000000000e+00,-1.000000000000000000e+00
2.902999520301818848e-01,7.965575456619262695e-01,1.379938652235068730e-07,2.968080341815948486e-01,7.679018974304199219e-01,5.879819858819246292e-03,3.031353354454040527e-01,7.498171925544738770e-01,4.910111892968416214e-03,3.054825067520141602e-01,7.412201762199401855e-01,2.335074590519070625e-03,3.077377378940582275e-01,7.379342913627624512e-01,-1.057836459949612617e-03,3.320424556732177734e-01,7.476273775100708008e-01,-4.617273341864347458e-03,3.517929613590240479e-01,7.220495343208312988e-01,-1.031309552490711212e-02,3.671000301837921143e-01,7.178105711936950684e-01,-1.349313464015722275e-02,3.785918951034545898e-01,7.199383974075317383e-01,-1.497279200702905655e-02,3.396696150302886963e-01,7.628639936447143555e-01,-1.114036794751882553e-02,3.707103729248046875e-01,7.482782602310180664e-01,-1.573827490210533142e-02,3.878471255302429199e-01,7.513381838798522949e-01,-1.790121383965015411e-02,3.979820609092712402e-01,7.590607404708862305e-01,-1.869704201817512512e-02,3.431712687015533447e-01,7.824882268905639648e-01,-1.704908907413482666e-02,3.746533393859863281e-01,7.771300077438354492e-01,-2.148685231804847717e-02,3.914661407470703125e-01,7.839716076850891113e-01,-2.380052953958511353e-02,4.026720821857452393e-01,7.909697890281677246e-01,-2.481495775282382965e-02,3.425244092941284180e-01,8.048912286758422852e-01,-2.217661775648593903e-02,3.681951463222503662e-01,8.102499246597290039e-01,-2.610865607857704163e-02,3.811874687671661377e-01,8.169604539871215820e-01,-2.630526758730411530e-02,3.907935023307800293e-01,8.224810361862182617e-01,-2.552478760480880737e-02,-1.000000000000000000e+00,-1.000000000000000000e+00,-1.000000000000000000e+00,-1.000000000000000000e+00,-1.000000000000000000e+00,-1.000000000000000000e+00,-1.000000000000000000e+00,-1.000000000000000000e+00,-1.000000000000000000e+00,-1.000000000000000000e+00,-1.000000000000000000e+00,-1.000000000000000000e+00,-1.000000000000000000e+00,-1.000000000000000000e+00,-1.000000000000000000e+00,-1.000000000000000000e+00,-1.000000000000000000e+00,-1.000000000000000000e+00,-1.000000000000000000e+00,-1.000000000000000000e+00,-1.000000000000000000e+00,-1.000000000000000000e+00,-1.000000000000000000e+00,-1.000000000000000000e+00,-1.000000000000000000e+00,-1.000000000000000000e+00,-1.000000000000000000e+00,-1.000000000000000000e+00,-1.000000000000000000e+00,-1.000000000000000000e+00,-1.000000000000000000e+00,-1.000000000000000000e+00,-1.000000000000000000e+00,-1.000000000000000000e+00,-1.000000000000000000e+00,-1.000000000000000000e+00,-1.000000000000000000e+00,-1.000000000000000000e+00,-1.000000000000000000e+00,-1.000000000000000000e+00,-1.000000000000000000e+00,-1.000000000000000000e+00,-1.000000000000000000e+00,-1.000000000000000000e+00,-1.000000000000000000e+00,-1.000000000000000000e+00,-1.000000000000000000e+00,-1.000000000000000000e+00,-1.000000000000000000e+00,-1.000000000000000000e+00,-1.000000000000000000e+00,-1.000000000000000000e+00,-1.000000000000000000e+00,-1.000000000000000000e+00,-1.000000000000000000e+00,-1.000000000000000000e+00,-1.000000000000000000e+00,-1.000000000000000000e+00,-1.000000000000000000e+00,-1.000000000000000000e+00,-1.000000000000000000e+00,-1.000000000000000000e+00,-1.000000000000000000e+00
2.902999520301818848e-01,7.965575456619262695e-01,1.379938652235068730e-07,2.968080341815948486e-01,7.679018974304199219e-01,5.879819858819246292e-03,3.031353354454040527e-01,7.498171925544738770e-01,4.910111892968416214e-03,3.054825067520141602e-01,7.412201762199401855e-01,2.335074590519070625e-03,3.077377378940582275e-01,7.379342913627624512e-01,-1.057836459949612617e-03,3.320424556732177734e-01,7.476273775100708008e-01,-4.617273341864347458e-03,3.517929613590240479e-01,7.220495343208312988e-01,-1.031309552490711212e-02,3.671000301837921143e-01,7.178105711936950684e-01,-1.349313464015722275e-02,3.785918951034545898e-01,7.199383974075317383e-01,-1.497279200702905655e-02,3.396696150302886963e-01,7.628639936447143555e-01,-1.114036794751882553e-02,3.707103729248046875e-01,7.482782602310180664e-01,-1.573827490210533142e-02,3.878471255302429199e-01,7.513381838798522949e-01,-1.790121383965015411e-02,3.979820609092712402e-01,7.590607404708862305e-01,-1.869704201817512512e-02,3.431712687015533447e-01,7.824882268905639648e-01,-1.704908907413482666e-02,3.746533393859863281e-01,7.771300077438354492e-01,-2.148685231804847717e-02,3.914661407470703125e-01,7.839716076850891113e-01,-2.380052953958511353e-02,4.026720821857452393e-01,7.909697890281677246e-01,-2.481495775282382965e-02,3.425244092941284180e-01,8.048912286758422852e-01,-2.217661775648593903e-02,3.681951463222503662e-01,8.102499246597290039e-01,-2.610865607857704163e-02,3.811874687671661377e-01,8.169604539871215820e-01,-2.630526758730411530e-02,3.907935023307800293e-01,8.224810361862182617e-01,-2.552478760480880737e-02,-1.000000000000000000e+00,-1.000000000000000000e+00,-1.000000000000000000e+00,-1.000000000000000000e+00,-1.000000000000000000e+00,-1.000000000000000000e+00,-1.000000000000000000e+00,-1.000000000000000000e+00,-1.000000000000000000e+00,-1.000000000000000000e+00,-1.000000000000000000e+00,-1.000000000000000000e+00,-1.000000000000000000e+00,-1.000000000000000000e+00,-1.000000000000000000e+00,-1.000000000000000000e+00,-1.000000000000000000e+00,-1.000000000000000000e+00,-1.000000000000000000e+00,-1.000000000000000000e+00,-1.000000000000000000e+00,-1.000000000000000000e+00,-1.000000000000000000e+00,-1.000000000000000000e+00,-1.000000000000000000e+00,-1.000000000000000000e+00,-1.000000000000000000e+00,-1.000000000000000000e+00,-1.000000000000000000e+00,-1.000000000000000000e+00,-1.000000000000000000e+00,-1.000000000000000000e+00,-1.000000000000000000e+00,-1.000000000000000000e+00,-1.000000000000000000e+00,-1.000000000000000000e+00,-1.000000000000000000e+00,-1.000000000000000000e+00,-1.000000000000000000e+00,-1.000000000000000000e+00,-1.000000000000000000e+00,-1.000000000000000000e+00,-1.000000000000000000e+00,-1.000000000000000000e+00,-1.000000000000000000e+00,-1.000000000000000000e+00,-1.000000000000000000e+00,-1.000000000000000000e+00,-1.000000000000000000e+00,-1.000000000000000000e+00,-1.000000000000000000e+00,-1.000000000000000000e+00,-1.000000000000000000e+00,-1.000000000000000000e+00,-1.000000000000000000e+00,-1.000000000000000000e+00,-1.000000000000000000e+00,-1.000000000000000000e+00,-1.000000000000000000e+00,-1.000000000000000000e+00,-1.000000000000000000e+00,-1.000000000000000000e+00,-1.000000000000000000e+00
2.899412810802459717e-01,7.953536510467529297e-01,1.470987029961179360e-07,2.967807054519653320e-01,7.668672204017639160e-01,5.530741065740585327e-03,3.032082915306091309e-01,7.495682835578918457e-01,4.756938666105270386e-03,3.056152760982513428e-01,7.424132823944091797e-01,2.250388264656066895e-03,3.075841069221496582e-01,7.397692203521728516e-01,-1.061260118149220943e-03,3.323695063591003418e-01,7.486764788627624512e-01,-2.646339358761906624e-03,3.519364893436431885e-01,7.235543727874755859e-01,-7.766347844153642654e-03,3.669919371604919434e-01,7.193267345428466797e-01,-1.071570254862308502e-02,3.783423006534576416e-01,7.216436266899108887e-01,-1.218874845653772354e-02,3.408265709877014160e-01,7.637352347373962402e-01,-9.149725548923015594e-03,3.712441325187683105e-01,7.487094402313232422e-01,-1.355833746492862701e-02,3.885858058929443359e-01,7.519165277481079102e-01,-1.590082421898841858e-02,3.987497091293334961e-01,7.599758505821228027e-01,-1.680940389633178711e-02,3.445803225040435791e-01,7.830231189727783203e-01,-1.523634325712919235e-02,3.754774034023284912e-01,7.775072455406188965e-01,-1.964374817907810211e-02,3.922734260559082031e-01,7.850481271743774414e-01,-2.233291789889335632e-02,4.033319056034088135e-01,7.926498055458068848e-01,-2.360494062304496765e-02,3.436108529567718506e-01,8.051564693450927734e-01,-2.064745128154754639e-02,3.684411942958831787e-01,8.113899827003479004e-01,-2.453382499516010284e-02,3.817413747310638428e-01,8.177448511123657227e-01,-2.512930706143379211e-02,3.916063904762268066e-01,8.229421377182006836e-01,-2.472745254635810852e-02,-1.000000000000000000e+00,-1.000000000000000000e+00,-1.000000000000000000e+00,-1.000000000000000000e+00,-1.000000000000000000e+00,-1.000000000000000000e+00,-1.000000000000000000e+00,-1.000000000000000000e+00,-1.000000000000000000e+00,-1.000000000000000000e+00,-1.000000000000000000e+00,-1.000000000000000000e+00,-1.000000000000000000e+00,-1.000000000000000000e+00,-1.000000000000000000e+00,-1.000000000000000000e+00,-1.000000000000000000e+00,-1.000000000000000000e+00,-1.000000000000000000e+00,-1.000000000000000000e+00,-1.000000000000000000e+00,-1.000000000000000000e+00,-1.000000000000000000e+00,-1.000000000000000000e+00,-1.000000000000000000e+00,-1.000000000000000000e+00,-1.000000000000000000e+00,-1.000000000000000000e+00,-1.000000000000000000e+00,-1.000000000000000000e+00,-1.000000000000000000e+00,-1.000000000000000000e+00,-1.000000000000000000e+00,-1.000000000000000000e+00,-1.000000000000000000e+00,-1.000000000000000000e+00,-1.000000000000000000e+00,-1.000000000000000000e+00,-1.000000000000000000e+00,-1.000000000000000000e+00,-1.000000000000000000e+00,-1.000000000000000000e+00,-1.000000000000000000e+00,-1.000000000000000000e+00,-1.000000000000000000e+00,-1.000000000000000000e+00,-1.000000000000000000e+00,-1.000000000000000000e+00,-1.000000000000000000e+00,-1.000000000000000000e+00,-1.000000000000000000e+00,-1.000000000000000000e+00,-1.000000000000000000e+00,-1.000000000000000000e+00,-1.000000000000000000e+00,-1.000000000000000000e+00,-1.000000000000000000e+00,-1.000000000000000000e+00,-1.000000000000000000e+00,-1.000000000000000000e+00,-1.000000000000000000e+00,-1.000000000000000000e+00,-1.000000000000000000e+00
2.899412810802459717e-01,7.953536510467529297e-01,1.470987029961179360e-07,2.967807054519653320e-01,7.668672204017639160e-01,5.530741065740585327e-03,3.032082915306091309e-01,7.495682835578918457e-01,4.756938666105270386e-03,3.056152760982513428e-01,7.424132823944091797e-01,2.250388264656066895e-03,3.075841069221496582e-01,7.397692203521728516e-01,-1.061260118149220943e-03,3.323695063591003418e-01,7.486764788627624512e-01,-2.646339358761906624e-03,3.519364893436431885e-01,7.235543727874755859e-01,-7.766347844153642654e-03,3.669919371604919434e-01,7.193267345428466797e-01,-1.071570254862308502e-02,3.783423006534576416e-01,7.216436266899108887e-01,-1.218874845653772354e-02,3.408265709877014160e-01,7.637352347373962402e-01,-9.149725548923015594e-03,3.712441325187683105e-01,7.487094402313232422e-01,-1.355833746492862701e-02,3.885858058929443359e-01,7.519165277481079102e-01,-1.590082421898841858e-02,3.987497091293334961e-01,7.599758505821228027e-01,-1.680940389633178711e-02,3.445803225040435791e-01,7.830231189727783203e-01,-1.523634325712919235e-02,3.754774034023284912e-01,7.775072455406188965e-01,-1.964374817907810211e-02,3.922734260559082031e-01,7.850481271743774414e-01,-2.233291789889335632e-02,4.033319056034088135e-01,7.926498055458068848e-01,-2.360494062304496765e-02,3.436108529567718506e-01,8.051564693450927734e-01,-2.064745128154754639e-02,3.684411942958831787e-01,8.113899827003479004e-01,-2.453382499516010284e-02,3.817413747310638428e-01,8.177448511123657227e-01,-2.512930706143379211e-02,3.916063904762268066e-01,8.229421377182006836e-01,-2.472745254635810852e-02,-1.000000000000000000e+00,-1.000000000000000000e+00,-1.000000000000000000e+00,-1.000000000000000000e+00,-1.000000000000000000e+00,-1.000000000000000000e+00,-1.000000000000000000e+00,-1.000000000000000000e+00,-1.000000000000000000e+00,-1.000000000000000000e+00,-1.000000000000000000e+00,-1.000000000000000000e+00,-1.000000000000000000e+00,-1.000000000000000000e+00,-1.000000000000000000e+00,-1.000000000000000000e+00,-1.000000000000000000e+00,-1.000000000000000000e+00,-1.000000000000000000e+00,-1.000000000000000000e+00,-1.000000000000000000e+00,-1.000000000000000000e+00,-1.000000000000000000e+00,-1.000000000000000000e+00,-1.000000000000000000e+00,-1.000000000000000000e+00,-1.000000000000000000e+00,-1.000000000000000000e+00,-1.000000000000000000e+00,-1.000000000000000000e+00,-1.000000000000000000e+00,-1.000000000000000000e+00,-1.000000000000000000e+00,-1.000000000000000000e+00,-1.000000000000000000e+00,-1.000000000000000000e+00,-1.000000000000000000e+00,-1.000000000000000000e+00,-1.000000000000000000e+00,-1.000000000000000000e+00,-1.000000000000000000e+00,-1.000000000000000000e+00,-1.000000000000000000e+00,-1.000000000000000000e+00,-1.000000000000000000e+00,-1.000000000000000000e+00,-1.000000000000000000e+00,-1.000000000000000000e+00,-1.000000000000000000e+00,-1.000000000000000000e+00,-1.000000000000000000e+00,-1.000000000000000000e+00,-1.000000000000000000e+00,-1.000000000000000000e+00,-1.000000000000000000e+00,-1.000000000000000000e+00,-1.000000000000000000e+00,-1.000000000000000000e+00,-1.000000000000000000e+00,-1.000000000000000000e+00,-1.000000000000000000e+00,-1.000000000000000000e+00,-1.000000000000000000e+00
2.906683087348937988e-01,7.966202497482299805e-01,1.337872106432769215e-07,2.984272837638854980e-01,7.674756050109863281e-01,6.436717230826616287e-03,3.059484362602233887e-01,7.478567361831665039e-01,6.404621526598930359e-03,3.092025220394134521e-01,7.374807000160217285e-01,4.557351116091012955e-03,3.110406696796417236e-01,7.320183515548706055e-01,1.862772856839001179e-03,3.341751992702484131e-01,7.486589550971984863e-01,-1.937309512868523598e-03,3.538714945316314697e-01,7.237291932106018066e-01,-6.755811162292957306e-03,3.688962459564208984e-01,7.201073765754699707e-01,-9.304545819759368896e-03,3.801001310348510742e-01,7.229537963867187500e-01,-1.037393789738416672e-02,3.422217071056365967e-01,7.642160654067993164e-01,-8.622143417596817017e-03,3.724072873592376709e-01,7.492685914039611816e-01,-1.302522141486406326e-02,3.897792100906372070e-01,7.519263625144958496e-01,-1.495112292468547821e-02,3.997867107391357422e-01,7.596709728240966797e-01,-1.540968660265207291e-02,3.456874191761016846e-01,7.842267155647277832e-01,-1.478837337344884872e-02,3.771418929100036621e-01,7.791693806648254395e-01,-1.903240382671356201e-02,3.937200307846069336e-01,7.863139510154724121e-01,-2.117420732975006104e-02,4.045752882957458496e-01,7.932932376861572266e-01,-2.187729068100452423e-02,3.442587256431579590e-01,8.068278431892395020e-01,-2.017111703753471375e-02,3.702280223369598389e-01,8.118374347686767578e-01,-2.335995435714721680e-02,3.835209608078002930e-01,8.172821402549743652e-01,-2.312923781573772430e-02,3.932346105575561523e-01,8.219817280769348145e-01,-2.205475978553295135e-02,-1.000000000000000000e+00,-1.000000000000000000e+00,-1.000000000000000000e+00,-1.000000000000000000e+00,-1.000000000000000000e+00,-1.000000000000000000e+00,-1.000000000000000000e+00,-1.000000000000000000e+00,-1.000000000000000000e+00,-1.000000000000000000e+00,-1.000000000000000000e+00,-1.000000000000000000e+00,-1.000000000000000000e+00,-1.000000000000000000e+00,-1.000000000000000000e+00,-1.000000000000000000e+00,-1.000000000000000000e+00,-1.000000000000000000e+00,-1.000000000000000000e+00,-1.000000000000000000e+00,-1.000000000000000000e+00,-1.000000000000000000e+00,-1.000000000000000000e+00,-1.000000000000000000e+00,-1.000000000000000000e+00,-1.000000000000000000e+00,-1.000000000000000000e+00,-1.000000000000000000e+00,-1.000000000000000000e+00,-1.000000000000000000e+00,-1.000000000000000000e+00,-1.000000000000000000e+00,-1.000000000000000000e+00,-1.000000000000000000e+00,-1.000000000000000000e+00,-1.000000000000000000e+00,-1.000000000000000000e+00,-1.000000000000000000e+00,-1.000000000000000000e+00,-1.000000000000000000e+00,-1.000000000000000000e+00,-1.000000000000000000e+00,-1.000000000000000000e+00,-1.000000000000000000e+00,-1.000000000000000000e+00,-1.000000000000000000e+00,-1.000000000000000000e+00,-1.000000000000000000e+00,-1.000000000000000000e+00,-1.000000000000000000e+00,-1.000000000000000000e+00,-1.000000000000000000e+00,-1.000000000000000000e+00,-1.000000000000000000e+00,-1.000000000000000000e+00,-1.000000000000000000e+00,-1.000000000000000000e+00,-1.000000000000000000e+00,-1.000000000000000000e+00,-1.000000000000000000e+00,-1.000000000000000000e+00,-1.000000000000000000e+00,-1.000000000000000000e+00
2.906683087348937988e-01,7.966202497482299805e-01,1.337872106432769215e-07,2.984272837638854980e-01,7.674756050109863281e-01,6.436717230826616287e-03,3.059484362602233887e-01,7.478567361831665039e-01,6.404621526598930359e-03,3.092025220394134521e-01,7.374807000160217285e-01,4.557351116091012955e-03,3.110406696796417236e-01,7.320183515548706055e-01,1.862772856839001179e-03,3.341751992702484131e-01,7.486589550971984863e-01,-1.937309512868523598e-03,3.538714945316314697e-01,7.237291932106018066e-01,-6.755811162292957306e-03,3.688962459564208984e-01,7.201073765754699707e-01,-9.304545819759368896e-03,3.801001310348510742e-01,7.229537963867187500e-01,-1.037393789738416672e-02,3.422217071056365967e-01,7.642160654067993164e-01,-8.622143417596817017e-03,3.724072873592376709e-01,7.492685914039611816e-01,-1.302522141486406326e-02,3.897792100906372070e-01,7.519263625144958496e-01,-1.495112292468547821e-02,3.997867107391357422e-01,7.596709728240966797e-01,-1.540968660265207291e-02,3.456874191761016846e-01,7.842267155647277832e-01,-1.478837337344884872e-02,3.771418929100036621e-01,7.791693806648254395e-01,-1.903240382671356201e-02,3.937200307846069336e-01,7.863139510154724121e-01,-2.117420732975006104e-02,4.045752882957458496e-01,7.932932376861572266e-01,-2.187729068100452423e-02,3.442587256431579590e-01,8.068278431892395020e-01,-2.017111703753471375e-02,3.702280223369598389e-01,8.118374347686767578e-01,-2.335995435714721680e-02,3.835209608078002930e-01,8.172821402549743652e-01,-2.312923781573772430e-02,3.932346105575561523e-01,8.219817280769348145e-01,-2.205475978553295135e-02,-1.000000000000000000e+00,-1.000000000000000000e+00,-1.000000000000000000e+00,-1.000000000000000000e+00,-1.000000000000000000e+00,-1.000000000000000000e+00,-1.000000000000000000e+00,-1.000000000000000000e+00,-1.000000000000000000e+00,-1.000000000000000000e+00,-1.000000000000000000e+00,-1.000000000000000000e+00,-1.000000000000000000e+00,-1.000000000000000000e+00,-1.000000000000000000e+00,-1.000000000000000000e+00,-1.000000000000000000e+00,-1.000000000000000000e+00,-1.000000000000000000e+00,-1.000000000000000000e+00,-1.000000000000000000e+00,-1.000000000000000000e+00,-1.000000000000000000e+00,-1.000000000000000000e+00,-1.000000000000000000e+00,-1.000000000000000000e+00,-1.000000000000000000e+00,-1.000000000000000000e+00,-1.000000000000000000e+00,-1.000000000000000000e+00,-1.000000000000000000e+00,-1.000000000000000000e+00,-1.000000000000000000e+00,-1.000000000000000000e+00,-1.000000000000000000e+00,-1.000000000000000000e+00,-1.000000000000000000e+00,-1.000000000000000000e+00,-1.000000000000000000e+00,-1.000000000000000000e+00,-1.000000000000000000e+00,-1.000000000000000000e+00,-1.000000000000000000e+00,-1.000000000000000000e+00,-1.000000000000000000e+00,-1.000000000000000000e+00,-1.000000000000000000e+00,-1.000000000000000000e+00,-1.000000000000000000e+00,-1.000000000000000000e+00,-1.000000000000000000e+00,-1.000000000000000000e+00,-1.000000000000000000e+00,-1.000000000000000000e+00,-1.000000000000000000e+00,-1.000000000000000000e+00,-1.000000000000000000e+00,-1.000000000000000000e+00,-1.000000000000000000e+00,-1.000000000000000000e+00,-1.000000000000000000e+00,-1.000000000000000000e+00,-1.000000000000000000e+00
2.948466837406158447e-01,7.983166575431823730e-01,1.580917654564473196e-07,3.017927408218383789e-01,7.705613970756530762e-01,3.275962080806493759e-03,3.085422515869140625e-01,7.481484413146972656e-01,4.962330567650496960e-04,3.117640614509582520e-01,7.311668395996093750e-01,-3.435830119997262955e-03,3.121272027492523193e-01,7.181649804115295410e-01,-8.197875693440437317e-03,3.367842733860015869e-01,7.528974413871765137e-01,-8.519032038748264313e-03,3.575487136840820312e-01,7.258701920509338379e-01,-1.463266927748918533e-02,3.725231885910034180e-01,7.211977243423461914e-01,-1.707221940159797668e-02,3.834643065929412842e-01,7.228785157203674316e-01,-1.780766807496547699e-02,3.444609045982360840e-01,7.675181627273559570e-01,-1.433200575411319733e-02,3.759108781814575195e-01,7.510897517204284668e-01,-2.044943533837795258e-02,3.932065963745117188e-01,7.540085315704345703e-01,-2.202163450419902802e-02,4.018980562686920166e-01,7.626492381095886230e-01,-2.184282243251800537e-02,3.477055430412292480e-01,7.870814800262451172e-01,-1.962856762111186981e-02,3.797493875026702881e-01,7.822680473327636719e-01,-2.493180148303508759e-02,3.972015976905822754e-01,7.893046736717224121e-01,-2.686713077127933502e-02,4.079365432262420654e-01,7.968997359275817871e-01,-2.725803293287754059e-02,3.462588787078857422e-01,8.091111183166503906e-01,-2.428478747606277466e-02,3.721914291381835938e-01,8.143387436866760254e-01,-2.791636623442173004e-02,3.857399523258209229e-01,8.202511668205261230e-01,-2.764572948217391968e-02,3.953920006752014160e-01,8.257840871810913086e-01,-2.649008855223655701e-02,-1.000000000000000000e+00,-1.000000000000000000e+00,-1.000000000000000000e+00,-1.000000000000000000e+00,-1.000000000000000000e+00,-1.000000000000000000e+00,-1.000000000000000000e+00,-1.000000000000000000e+00,-1.000000000000000000e+00,-1.000000000000000000e+00,-1.000000000000000000e+00,-1.000000000000000000e+00,-1.000000000000000000e+00,-1.000000000000000000e+00,-1.000000000000000000e+00,-1.000000000000000000e+00,-1.000000000000000000e+00,-1.000000000000000000e+00,-1.000000000000000000e+00,-1.000000000000000000e+00,-1.000000000000000000e+00,-1.000000000000000000e+00,-1.000000000000000000e+00,-1.000000000000000000e+00,-1.000000000000000000e+00,-1.000000000000000000e+00,-1.000000000000000000e+00,-1.000000000000000000e+00,-1.000000000000000000e+00,-1.000000000000000000e+00,-1.000000000000000000e+00,-1.000000000000000000e+00,-1.000000000000000000e+00,-1.000000000000000000e+00,-1.000000000000000000e+00,-1.000000000000000000e+00,-1.000000000000000000e+00,-1.000000000000000000e+00,-1.000000000000000000e+00,-1.000000000000000000e+00,-1.000000000000000000e+00,-1.000000000000000000e+00,-1.000000000000000000e+00,-1.000000000000000000e+00,-1.000000000000000000e+00,-1.000000000000000000e+00,-1.000000000000000000e+00,-1.000000000000000000e+00,-1.000000000000000000e+00,-1.000000000000000000e+00,-1.000000000000000000e+00,-1.000000000000000000e+00,-1.000000000000000000e+00,-1.000000000000000000e+00,-1.000000000000000000e+00,-1.000000000000000000e+00,-1.000000000000000000e+00,-1.000000000000000000e+00,-1.000000000000000000e+00,-1.000000000000000000e+00,-1.000000000000000000e+00,-1.000000000000000000e+00,-1.000000000000000000e+00
2.948466837406158447e-01,7.983166575431823730e-01,1.580917654564473196e-07,3.017927408218383789e-01,7.705613970756530762e-01,3.275962080806493759e-03,3.085422515869140625e-01,7.481484413146972656e-01,4.962330567650496960e-04,3.117640614509582520e-01,7.311668395996093750e-01,-3.435830119997262955e-03,3.121272027492523193e-01,7.181649804115295410e-01,-8.197875693440437317e-03,3.367842733860015869e-01,7.528974413871765137e-01,-8.519032038748264313e-03,3.575487136840820312e-01,7.258701920509338379e-01,-1.463266927748918533e-02,3.725231885910034180e-01,7.211977243423461914e-01,-1.707221940159797668e-02,3.834643065929412842e-01,7.228785157203674316e-01,-1.780766807496547699e-02,3.444609045982360840e-01,7.675181627273559570e-01,-1.433200575411319733e-02,3.759108781814575195e-01,7.510897517204284668e-01,-2.044943533837795258e-02,3.932065963745117188e-01,7.540085315704345703e-01,-2.202163450419902802e-02,4.018980562686920166e-01,7.626492381095886230e-01,-2.184282243251800537e-02,3.477055430412292480e-01,7.870814800262451172e-01,-1.962856762111186981e-02,3.797493875026702881e-01,7.822680473327636719e-01,-2.493180148303508759e-02,3.972015976905822754e-01,7.893046736717224121e-01,-2.686713077127933502e-02,4.079365432262420654e-01,7.968997359275817871e-01,-2.725803293287754059e-02,3.462588787078857422e-01,8.091111183166503906e-01,-2.428478747606277466e-02,3.721914291381835938e-01,8.143387436866760254e-01,-2.791636623442173004e-02,3.857399523258209229e-01,8.202511668205261230e-01,-2.764572948217391968e-02,3.953920006752014160e-01,8.257840871810913086e-01,-2.649008855223655701e-02,-1.000000000000000000e+00,-1.000000000000000000e+00,-1.000000000000000000e+00,-1.000000000000000000e+00,-1.000000000000000000e+00,-1.000000000000000000e+00,-1.000000000000000000e+00,-1.000000000000000000e+00,-1.000000000000000000e+00,-1.000000000000000000e+00,-1.000000000000000000e+00,-1.000000000000000000e+00,-1.000000000000000000e+00,-1.000000000000000000e+00,-1.000000000000000000e+00,-1.000000000000000000e+00,-1.000000000000000000e+00,-1.000000000000000000e+00,-1.000000000000000000e+00,-1.000000000000000000e+00,-1.000000000000000000e+00,-1.000000000000000000e+00,-1.000000000000000000e+00,-1.000000000000000000e+00,-1.000000000000000000e+00,-1.000000000000000000e+00,-1.000000000000000000e+00,-1.000000000000000000e+00,-1.000000000000000000e+00,-1.000000000000000000e+00,-1.000000000000000000e+00,-1.000000000000000000e+00,-1.000000000000000000e+00,-1.000000000000000000e+00,-1.000000000000000000e+00,-1.000000000000000000e+00,-1.000000000000000000e+00,-1.000000000000000000e+00,-1.000000000000000000e+00,-1.000000000000000000e+00,-1.000000000000000000e+00,-1.000000000000000000e+00,-1.000000000000000000e+00,-1.000000000000000000e+00,-1.000000000000000000e+00,-1.000000000000000000e+00,-1.000000000000000000e+00,-1.000000000000000000e+00,-1.000000000000000000e+00,-1.000000000000000000e+00,-1.000000000000000000e+00,-1.000000000000000000e+00,-1.000000000000000000e+00,-1.000000000000000000e+00,-1.000000000000000000e+00,-1.000000000000000000e+00,-1.000000000000000000e+00,-1.000000000000000000e+00,-1.000000000000000000e+00,-1.000000000000000000e+00,-1.000000000000000000e+00,-1.000000000000000000e+00,-1.000000000000000000e+00
2.954865097999572754e-01,7.984135746955871582e-01,1.374772722328998498e-07,3.028471469879150391e-01,7.704018950462341309e-01,4.596722312271595001e-03,3.090827465057373047e-01,7.511290311813354492e-01,2.485435921698808670e-03,3.120748996734619141e-01,7.382718920707702637e-01,-1.090304343961179256e-03,3.143867254257202148e-01,7.295242547988891602e-01,-5.452359560877084732e-03,3.380151093006134033e-01,7.510119080543518066e-01,-6.588549818843603134e-03,3.583775758743286133e-01,7.253813743591308594e-01,-1.303731091320514679e-02,3.734501302242279053e-01,7.215842008590698242e-01,-1.648093760013580322e-02,3.845963180065155029e-01,7.239493131637573242e-01,-1.800222322344779968e-02,3.454060256481170654e-01,7.665320634841918945e-01,-1.299603842198848724e-02,3.761631548404693604e-01,7.520940303802490234e-01,-1.841817609965801239e-02,3.933049142360687256e-01,7.547460794448852539e-01,-2.067219652235507965e-02,4.029569625854492188e-01,7.622312307357788086e-01,-2.145439572632312775e-02,3.483474254608154297e-01,7.866281867027282715e-01,-1.890116930007934570e-02,3.795811831951141357e-01,7.825205922126770020e-01,-2.382215857505798340e-02,3.967457115650177002e-01,7.898352146148681641e-01,-2.603569999337196350e-02,4.079594016075134277e-01,7.973483800888061523e-01,-2.694405429065227509e-02,3.470779657363891602e-01,8.092297315597534180e-01,-2.411132305860519409e-02,3.727152645587921143e-01,8.146907687187194824e-01,-2.797329053282737732e-02,3.858498036861419678e-01,8.211660385131835938e-01,-2.795862965285778046e-02,3.956446349620819092e-01,8.266754150390625000e-01,-2.708035521209239960e-02,-1.000000000000000000e+00,-1.000000000000000000e+00,-1.000000000000000000e+00,-1.000000000000000000e+00,-1.000000000000000000e+00,-1.000000000000000000e+00,-1.000000000000000000e+00,-1.000000000000000000e+00,-1.000000000000000000e+00,-1.000000000000000000e+00,-1.000000000000000000e+00,-1.000000000000000000e+00,-1.000000000000000000e+00,-1.000000000000000000e+00,-1.000000000000000000e+00,-1.000000000000000000e+00,-1.000000000000000000e+00,-1.000000000000000000e+00,-1.000000000000000000e+00,-1.000000000000000000e+00,-1.000000000000000000e+00,-1.000000000000000000e+00,-1.000000000000000000e+00,-1.000000000000000000e+00,-1.000000000000000000e+00,-1.000000000000000000e+00,-1.000000000000000000e+00,-1.000000000000000000e+00,-1.000000000000000000e+00,-1.000000000000000000e+00,-1.000000000000000000e+00,-1.000000000000000000e+00,-1.000000000000000000e+00,-1.000000000000000000e+00,-1.000000000000000000e+00,-1.000000000000000000e+00,-1.000000000000000000e+00,-1.000000000000000000e+00,-1.000000000000000000e+00,-1.000000000000000000e+00,-1.000000000000000000e+00,-1.000000000000000000e+00,-1.000000000000000000e+00,-1.000000000000000000e+00,-1.000000000000000000e+00,-1.000000000000000000e+00,-1.000000000000000000e+00,-1.000000000000000000e+00,-1.000000000000000000e+00,-1.000000000000000000e+00,-1.000000000000000000e+00,-1.000000000000000000e+00,-1.000000000000000000e+00,-1.000000000000000000e+00,-1.000000000000000000e+00,-1.000000000000000000e+00,-1.000000000000000000e+00,-1.000000000000000000e+00,-1.000000000000000000e+00,-1.000000000000000000e+00,-1.000000000000000000e+00,-1.000000000000000000e+00,-1.000000000000000000e+00
2.954865097999572754e-01,7.984135746955871582e-01,1.374772722328998498e-07,3.028471469879150391e-01,7.704018950462341309e-01,4.596722312271595001e-03,3.090827465057373047e-01,7.511290311813354492e-01,2.485435921698808670e-03,3.120748996734619141e-01,7.382718920707702637e-01,-1.090304343961179256e-03,3.143867254257202148e-01,7.295242547988891602e-01,-5.452359560877084732e-03,3.380151093006134033e-01,7.510119080543518066e-01,-6.588549818843603134e-03,3.583775758743286133e-01,7.253813743591308594e-01,-1.303731091320514679e-02,3.734501302242279053e-01,7.215842008590698242e-01,-1.648093760013580322e-02,3.845963180065155029e-01,7.239493131637573242e-01,-1.800222322344779968e-02,3.454060256481170654e-01,7.665320634841918945e-01,-1.299603842198848724e-02,3.761631548404693604e-01,7.520940303802490234e-01,-1.841817609965801239e-02,3.933049142360687256e-01,7.547460794448852539e-01,-2.067219652235507965e-02,4.029569625854492188e-01,7.622312307357788086e-01,-2.145439572632312775e-02,3.483474254608154297e-01,7.866281867027282715e-01,-1.890116930007934570e-02,3.795811831951141357e-01,7.825205922126770020e-01,-2.382215857505798340e-02,3.967457115650177002e-01,7.898352146148681641e-01,-2.603569999337196350e-02,4.079594016075134277e-01,7.973483800888061523e-01,-2.694405429065227509e-02,3.470779657363891602e-01,8.092297315597534180e-01,-2.411132305860519409e-02,3.727152645587921143e-01,8.146907687187194824e-01,-2.797329053282737732e-02,3.858498036861419678e-01,8.211660385131835938e-01,-2.795862965285778046e-02,3.956446349620819092e-01,8.266754150390625000e-01,-2.708035521209239960e-02,-1.000000000000000000e+00,-1.000000000000000000e+00,-1.000000000000000000e+00,-1.000000000000000000e+00,-1.000000000000000000e+00,-1.000000000000000000e+00,-1.000000000000000000e+00,-1.000000000000000000e+00,-1.000000000000000000e+00,-1.000000000000000000e+00,-1.000000000000000000e+00,-1.000000000000000000e+00,-1.000000000000000000e+00,-1.000000000000000000e+00,-1.000000000000000000e+00,-1.000000000000000000e+00,-1.000000000000000000e+00,-1.000000000000000000e+00,-1.000000000000000000e+00,-1.000000000000000000e+00,-1.000000000000000000e+00,-1.000000000000000000e+00,-1.000000000000000000e+00,-1.000000000000000000e+00,-1.000000000000000000e+00,-1.000000000000000000e+00,-1.000000000000000000e+00,-1.000000000000000000e+00,-1.000000000000000000e+00,-1.000000000000000000e+00,-1.000000000000000000e+00,-1.000000000000000000e+00,-1.000000000000000000e+00,-1.000000000000000000e+00,-1.000000000000000000e+00,-1.000000000000000000e+00,-1.000000000000000000e+00,-1.000000000000000000e+00,-1.000000000000000000e+00,-1.000000000000000000e+00,-1.000000000000000000e+00,-1.000000000000000000e+00,-1.000000000000000000e+00,-1.000000000000000000e+00,-1.000000000000000000e+00,-1.000000000000000000e+00,-1.000000000000000000e+00,-1.000000000000000000e+00,-1.000000000000000000e+00,-1.000000000000000000e+00,-1.000000000000000000e+00,-1.000000000000000000e+00,-1.000000000000000000e+00,-1.000000000000000000e+00,-1.000000000000000000e+00,-1.000000000000000000e+00,-1.000000000000000000e+00,-1.000000000000000000e+00,-1.000000000000000000e+00,-1.000000000000000000e+00,-1.000000000000000000e+00,-1.000000000000000000e+00,-1.000000000000000000e+00
2.981342077255249023e-01,8.010713458061218262e-01,1.703071177416859427e-07,3.061175346374511719e-01,7.729084491729736328e-01,4.711853340268135071e-03,3.133369684219360352e-01,7.498620152473449707e-01,2.319038379937410355e-03,3.158270716667175293e-01,7.337338328361511230e-01,-1.493980642408132553e-03,3.166832327842712402e-01,7.216562032699584961e-01,-6.171835120767354965e-03,3.409134149551391602e-01,7.540529370307922363e-01,-8.913202211260795593e-03,3.618861138820648193e-01,7.278583645820617676e-01,-1.559692714363336563e-02,3.775704503059387207e-01,7.232256531715393066e-01,-1.881607621908187866e-02,3.891460299491882324e-01,7.243948578834533691e-01,-2.015059441328048706e-02,3.473527729511260986e-01,7.693636417388916016e-01,-1.545319613069295883e-02,3.801545798778533936e-01,7.568367719650268555e-01,-2.167502045631408691e-02,3.978072106838226318e-01,7.625370621681213379e-01,-2.387530170381069183e-02,4.068711102008819580e-01,7.724621891975402832e-01,-2.425843849778175354e-02,3.499667644500732422e-01,7.894571423530578613e-01,-2.119047939777374268e-02,3.829918503761291504e-01,7.865831255912780762e-01,-2.626958489418029785e-02,3.995306491851806641e-01,7.963936328887939453e-01,-2.787948399782180786e-02,4.094553291797637939e-01,8.054047822952270508e-01,-2.814205363392829895e-02,3.487274348735809326e-01,8.119029998779296875e-01,-2.618621103465557098e-02,3.749729990959167480e-01,8.185777068138122559e-01,-3.005602397024631500e-02,3.877671658992767334e-01,8.266717791557312012e-01,-2.965511009097099304e-02,3.968115448951721191e-01,8.333249092102050781e-01,-2.824349887669086456e-02,-1.000000000000000000e+00,-1.000000000000000000e+00,-1.000000000000000000e+00,-1.000000000000000000e+00,-1.000000000000000000e+00,-1.000000000000000000e+00,-1.000000000000000000e+00,-1.000000000000000000e+00,-1.000000000000000000e+00,-1.000000000000000000e+00,-1.000000000000000000e+00,-1.000000000000000000e+00,-1.000000000000000000e+00,-1.000000000000000000e+00,-1.000000000000000000e+00,-1.000000000000000000e+00,-1.000000000000000000e+00,-1.000000000000000000e+00,-1.000000000000000000e+00,-1.000000000000000000e+00,-1.000000000000000000e+00,-1.000000000000000000e+00,-1.000000000000000000e+00,-1.000000000000000000e+00,-1.000000000000000000e+00,-1.000000000000000000e+00,-1.000000000000000000e+00,-1.000000000000000000e+00,-1.000000000000000000e+00,-1.000000000000000000e+00,-1.000000000000000000e+00,-1.000000000000000000e+00,-1.000000000000000000e+00,-1.000000000000000000e+00,-1.000000000000000000e+00,-1.000000000000000000e+00,-1.000000000000000000e+00,-1.000000000000000000e+00,-1.000000000000000000e+00,-1.000000000000000000e+00,-1.000000000000000000e+00,-1.000000000000000000e+00,-1.000000000000000000e+00,-1.000000000000000000e+00,-1.000000000000000000e+00,-1.000000000000000000e+00,-1.000000000000000000e+00,-1.000000000000000000e+00,-1.000000000000000000e+00,-1.000000000000000000e+00,-1.000000000000000000e+00,-1.000000000000000000e+00,-1.000000000000000000e+00,-1.000000000000000000e+00,-1.000000000000000000e+00,-1.000000000000000000e+00,-1.000000000000000000e+00,-1.000000000000000000e+00,-1.000000000000000000e+00,-1.000000000000000000e+00,-1.000000000000000000e+00,-1.000000000000000000e+00,-1.000000000000000000e+00
2.981342077255249023e-01,8.010713458061218262e-01,1.703071177416859427e-07,3.061175346374511719e-01,7.729084491729736328e-01,4.711853340268135071e-03,3.133369684219360352e-01,7.498620152473449707e-01,2.319038379937410355e-03,3.158270716667175293e-01,7.337338328361511230e-01,-1.493980642408132553e-03,3.166832327842712402e-01,7.216562032699584961e-01,-6.171835120767354965e-03,3.409134149551391602e-01,7.540529370307922363e-01,-8.913202211260795593e-03,3.618861138820648193e-01,7.278583645820617676e-01,-1.559692714363336563e-02,3.775704503059387207e-01,7.232256531715393066e-01,-1.881607621908187866e-02,3.891460299491882324e-01,7.243948578834533691e-01,-2.015059441328048706e-02,3.473527729511260986e-01,7.693636417388916016e-01,-1.545319613069295883e-02,3.801545798778533936e-01,7.568367719650268555e-01,-2.167502045631408691e-02,3.978072106838226318e-01,7.625370621681213379e-01,-2.387530170381069183e-02,4.068711102008819580e-01,7.724621891975402832e-01,-2.425843849778175354e-02,3.499667644500732422e-01,7.894571423530578613e-01,-2.119047939777374268e-02,3.829918503761291504e-01,7.865831255912780762e-01,-2.626958489418029785e-02,3.995306491851806641e-01,7.963936328887939453e-01,-2.787948399782180786e-02,4.094553291797637939e-01,8.054047822952270508e-01,-2.814205363392829895e-02,3.487274348735809326e-01,8.119029998779296875e-01,-2.618621103465557098e-02,3.749729990959167480e-01,8.185777068138122559e-01,-3.005602397024631500e-02,3.877671658992767334e-01,8.266717791557312012e-01,-2.965511009097099304e-02,3.968115448951721191e-01,8.333249092102050781e-01,-2.824349887669086456e-02,-1.000000000000000000e+00,-1.000000000000000000e+00,-1.000000000000000000e+00,-1.000000000000000000e+00,-1.000000000000000000e+00,-1.000000000000000000e+00,-1.000000000000000000e+00,-1.000000000000000000e+00,-1.000000000000000000e+00,-1.000000000000000000e+00,-1.000000000000000000e+00,-1.000000000000000000e+00,-1.000000000000000000e+00,-1.000000000000000000e+00,-1.000000000000000000e+00,-1.000000000000000000e+00,-1.000000000000000000e+00,-1.000000000000000000e+00,-1.000000000000000000e+00,-1.000000000000000000e+00,-1.000000000000000000e+00,-1.000000000000000000e+00,-1.000000000000000000e+00,-1.000000000000000000e+00,-1.000000000000000000e+00,-1.000000000000000000e+00,-1.000000000000000000e+00,-1.000000000000000000e+00,-1.000000000000000000e+00,-1.000000000000000000e+00,-1.000000000000000000e+00,-1.000000000000000000e+00,-1.000000000000000000e+00,-1.000000000000000000e+00,-1.000000000000000000e+00,-1.000000000000000000e+00,-1.000000000000000000e+00,-1.000000000000000000e+00,-1.000000000000000000e+00,-1.000000000000000000e+00,-1.000000000000000000e+00,-1.000000000000000000e+00,-1.000000000000000000e+00,-1.000000000000000000e+00,-1.000000000000000000e+00,-1.000000000000000000e+00,-1.000000000000000000e+00,-1.000000000000000000e+00,-1.000000000000000000e+00,-1.000000000000000000e+00,-1.000000000000000000e+00,-1.000000000000000000e+00,-1.000000000000000000e+00,-1.000000000000000000e+00,-1.000000000000000000e+00,-1.000000000000000000e+00,-1.000000000000000000e+00,-1.000000000000000000e+00,-1.000000000000000000e+00,-1.000000000000000000e+00,-1.000000000000000000e+00,-1.000000000000000000e+00,-1.000000000000000000e+00
2.997086048126220703e-01,8.014571666717529297e-01,1.623567271735737449e-07,3.077027201652526855e-01,7.739396095275878906e-01,5.089687649160623550e-03,3.152430951595306396e-01,7.527220845222473145e-01,3.106823656708002090e-03,3.181433677673339844e-01,7.388308048248291016e-01,-5.031368345953524113e-04,3.178568780422210693e-01,7.277013659477233887e-01,-5.072385538369417191e-03,3.431358337402343750e-01,7.550200819969177246e-01,-7.303974125534296036e-03,3.635063767433166504e-01,7.289161086082458496e-01,-1.406959071755409241e-02,3.790315985679626465e-01,7.248274087905883789e-01,-1.779137738049030304e-02,3.905097842216491699e-01,7.268724441528320312e-01,-1.946442015469074249e-02,3.491383194923400879e-01,7.703034877777099609e-01,-1.411150768399238586e-02,3.812291920185089111e-01,7.591493725776672363e-01,-2.027004212141036987e-02,3.990068435668945312e-01,7.650820016860961914e-01,-2.280642651021480560e-02,4.086222350597381592e-01,7.751123905181884766e-01,-2.346224151551723480e-02,3.512291908264160156e-01,7.903335094451904297e-01,-2.025792002677917480e-02,3.841444849967956543e-01,7.888863086700439453e-01,-2.564765326678752899e-02,4.007151424884796143e-01,7.991397380828857422e-01,-2.779557369649410248e-02,4.108665585517883301e-01,8.084008097648620605e-01,-2.839590422809123993e-02,3.495901525020599365e-01,8.124416470527648926e-01,-2.565897814929485321e-02,3.753279447555541992e-01,8.204039335250854492e-01,-2.996461838483810425e-02,3.883595466613769531e-01,8.286133408546447754e-01,-2.998230978846549988e-02,3.979415893554687500e-01,8.351575136184692383e-01,-2.889633737504482269e-02,-1.000000000000000000e+00,-1.000000000000000000e+00,-1.000000000000000000e+00,-1.000000000000000000e+00,-1.000000000000000000e+00,-1.000000000000000000e+00,-1.000000000000000000e+00,-1.000000000000000000e+00,-1.000000000000000000e+00,-1.000000000000000000e+00,-1.000000000000000000e+00,-1.000000000000000000e+00,-1.000000000000000000e+00,-1.000000000000000000e+00,-1.000000000000000000e+00,-1.000000000000000000e+00,-1.000000000000000000e+00,-1.000000000000000000e+00,-1.000000000000000000e+00,-1.000000000000000000e+00,-1.000000000000000000e+00,-1.000000000000000000e+00,-1.000000000000000000e+00,-1.000000000000000000e+00,-1.000000000000000000e+00,-1.000000000000000000e+00,-1.000000000000000000e+00,-1.000000000000000000e+00,-1.000000000000000000e+00,-1.000000000000000000e+00,-1.000000000000000000e+00,-1.000000000000000000e+00,-1.000000000000000000e+00,-1.000000000000000000e+00,-1.000000000000000000e+00,-1.000000000000000000e+00,-1.000000000000000000e+00,-1.000000000000000000e+00,-1.000000000000000000e+00,-1.000000000000000000e+00,-1.000000000000000000e+00,-1.000000000000000000e+00,-1.000000000000000000e+00,-1.000000000000000000e+00,-1.000000000000000000e+00,-1.000000000000000000e+00,-1.000000000000000000e+00,-1.000000000000000000e+00,-1.000000000000000000e+00,-1.000000000000000000e+00,-1.000000000000000000e+00,-1.000000000000000000e+00,-1.000000000000000000e+00,-1.000000000000000000e+00,-1.000000000000000000e+00,-1.000000000000000000e+00,-1.000000000000000000e+00,-1.000000000000000000e+00,-1.000000000000000000e+00,-1.000000000000000000e+00,-1.000000000000000000e+00,-1.000000000000000000e+00,-1.000000000000000000e+00
2.997086048126220703e-01,8.014571666717529297e-01,1.623567271735737449e-07,3.077027201652526855e-01,7.739396095275878906e-01,5.089687649160623550e-03,3.152430951595306396e-01,7.527220845222473145e-01,3.106823656708002090e-03,3.181433677673339844e-01,7.388308048248291016e-01,-5.031368345953524113e-04,3.178568780422210693e-01,7.277013659477233887e-01,-5.072385538369417191e-03,3.431358337402343750e-01,7.550200819969177246e-01,-7.303974125534296036e-03,3.635063767433166504e-01,7.289161086082458496e-01,-1.406959071755409241e-02,3.790315985679626465e-01,7.248274087905883789e-01,-1.779137738049030304e-02,3.905097842216491699e-01,7.268724441528320312e-01,-1.946442015469074249e-02,3.491383194923400879e-01,7.703034877777099609e-01,-1.411150768399238586e-02,3.812291920185089111e-01,7.591493725776672363e-01,-2.027004212141036987e-02,3.990068435668945312e-01,7.650820016860961914e-01,-2.280642651021480560e-02,4.086222350597381592e-01,7.751123905181884766e-01,-2.346224151551723480e-02,3.512291908264160156e-01,7.903335094451904297e-01,-2.025792002677917480e-02,3.841444849967956543e-01,7.888863086700439453e-01,-2.564765326678752899e-02,4.007151424884796143e-01,7.991397380828857422e-01,-2.779557369649410248e-02,4.108665585517883301e-01,8.084008097648620605e-01,-2.839590422809123993e-02,3.495901525020599365e-01,8.124416470527648926e-01,-2.565897814929485321e-02,3.753279447555541992e-01,8.204039335250854492e-01,-2.996461838483810425e-02,3.883595466613769531e-01,8.286133408546447754e-01,-2.998230978846549988e-02,3.979415893554687500e-01,8.351575136184692383e-01,-2.889633737504482269e-02,-1.000000000000000000e+00,-1.000000000000000000e+00,-1.000000000000000000e+00,-1.000000000000000000e+00,-1.000000000000000000e+00,-1.000000000000000000e+00,-1.000000000000000000e+00,-1.000000000000000000e+00,-1.000000000000000000e+00,-1.000000000000000000e+00,-1.000000000000000000e+00,-1.000000000000000000e+00,-1.000000000000000000e+00,-1.000000000000000000e+00,-1.000000000000000000e+00,-1.000000000000000000e+00,-1.000000000000000000e+00,-1.000000000000000000e+00,-1.000000000000000000e+00,-1.000000000000000000e+00,-1.000000000000000000e+00,-1.000000000000000000e+00,-1.000000000000000000e+00,-1.000000000000000000e+00,-1.000000000000000000e+00,-1.000000000000000000e+00,-1.000000000000000000e+00,-1.000000000000000000e+00,-1.000000000000000000e+00,-1.000000000000000000e+00,-1.000000000000000000e+00,-1.000000000000000000e+00,-1.000000000000000000e+00,-1.000000000000000000e+00,-1.000000000000000000e+00,-1.000000000000000000e+00,-1.000000000000000000e+00,-1.000000000000000000e+00,-1.000000000000000000e+00,-1.000000000000000000e+00,-1.000000000000000000e+00,-1.000000000000000000e+00,-1.000000000000000000e+00,-1.000000000000000000e+00,-1.000000000000000000e+00,-1.000000000000000000e+00,-1.000000000000000000e+00,-1.000000000000000000e+00,-1.000000000000000000e+00,-1.000000000000000000e+00,-1.000000000000000000e+00,-1.000000000000000000e+00,-1.000000000000000000e+00,-1.000000000000000000e+00,-1.000000000000000000e+00,-1.000000000000000000e+00,-1.000000000000000000e+00,-1.000000000000000000e+00,-1.000000000000000000e+00,-1.000000000000000000e+00,-1.000000000000000000e+00,-1.000000000000000000e+00,-1.000000000000000000e+00
3.030151724815368652e-01,8.012858629226684570e-01,1.879522528724919539e-07,3.121117055416107178e-01,7.729786038398742676e-01,5.048483144491910934e-03,3.204896748065948486e-01,7.516095638275146484e-01,2.917741192504763603e-03,3.243697881698608398e-01,7.389519810676574707e-01,-5.998226697556674480e-04,3.269609212875366211e-01,7.308857440948486328e-01,-5.127941258251667023e-03,3.449204862117767334e-01,7.569102048873901367e-01,-9.985667653381824493e-03,3.669886589050292969e-01,7.303981781005859375e-01,-1.705903001129627228e-02,3.830631077289581299e-01,7.261484265327453613e-01,-2.046092413365840912e-02,3.954484462738037109e-01,7.278495430946350098e-01,-2.181521430611610413e-02,3.510480821132659912e-01,7.722040414810180664e-01,-1.649621687829494476e-02,3.860316574573516846e-01,7.626419067382812500e-01,-2.258683368563652039e-02,4.039752781391143799e-01,7.694002985954284668e-01,-2.479926124215126038e-02,4.141339063644409180e-01,7.793964743614196777e-01,-2.526074089109897614e-02,3.535065352916717529e-01,7.920326590538024902e-01,-2.207496576011180878e-02,3.874726891517639160e-01,7.925987839698791504e-01,-2.737686410546302795e-02,4.035837352275848389e-01,8.031982779502868652e-01,-2.953185699880123138e-02,4.135759770870208740e-01,8.124316930770874023e-01,-3.022252209484577179e-02,3.519969284534454346e-01,8.140282034873962402e-01,-2.682846039533615112e-02,3.779503107070922852e-01,8.238152861595153809e-01,-3.093843720853328705e-02,3.905502855777740479e-01,8.324573636054992676e-01,-3.079012036323547363e-02,4.001569449901580811e-01,8.388612270355224609e-01,-2.964768745005130768e-02,-1.000000000000000000e+00,-1.000000000000000000e+00,-1.000000000000000000e+00,-1.000000000000000000e+00,-1.000000000000000000e+00,-1.000000000000000000e+00,-1.000000000000000000e+00,-1.000000000000000000e+00,-1.000000000000000000e+00,-1.000000000000000000e+00,-1.000000000000000000e+00,-1.000000000000000000e+00,-1.000000000000000000e+00,-1.000000000000000000e+00,-1.000000000000000000e+00,-1.000000000000000000e+00,-1.000000000000000000e+00,-1.000000000000000000e+00,-1.000000000000000000e+00,-1.000000000000000000e+00,-1.000000000000000000e+00,-1.000000000000000000e+00,-1.000000000000000000e+00,-1.000000000000000000e+00,-1.000000000000000000e+00,-1.000000000000000000e+00,-1.000000000000000000e+00,-1.000000000000000000e+00,-1.000000000000000000e+00,-1.000000000000000000e+00,-1.000000000000000000e+00,-1.000000000000000000e+00,-1.000000000000000000e+00,-1.000000000000000000e+00,-1.000000000000000000e+00,-1.000000000000000000e+00,-1.000000000000000000e+00,-1.000000000000000000e+00,-1.000000000000000000e+00,-1.000000000000000000e+00,-1.000000000000000000e+00,-1.000000000000000000e+00,-1.000000000000000000e+00,-1.000000000000000000e+00,-1.000000000000000000e+00,-1.000000000000000000e+00,-1.000000000000000000e+00,-1.000000000000000000e+00,-1.000000000000000000e+00,-1.000000000000000000e+00,-1.000000000000000000e+00,-1.000000000000000000e+00,-1.000000000000000000e+00,-1.000000000000000000e+00,-1.000000000000000000e+00,-1.000000000000000000e+00,-1.000000000000000000e+00,-1.000000000000000000e+00,-1.000000000000000000e+00,-1.000000000000000000e+00,-1.000000000000000000e+00,-1.000000000000000000e+00,-1.000000000000000000e+00
3.030151724815368652e-01,8.012858629226684570e-01,1.879522528724919539e-07,3.121117055416107178e-01,7.729786038398742676e-01,5.048483144491910934e-03,3.204896748065948486e-01,7.516095638275146484e-01,2.917741192504763603e-03,3.243697881698608398e-01,7.389519810676574707e-01,-5.998226697556674480e-04,3.269609212875366211e-01,7.308857440948486328e-01,-5.127941258251667023e-03,3.449204862117767334e-01,7.569102048873901367e-01,-9.985667653381824493e-03,3.669886589050292969e-01,7.303981781005859375e-01,-1.705903001129627228e-02,3.830631077289581299e-01,7.261484265327453613e-01,-2.046092413365840912e-02,3.954484462738037109e-01,7.278495430946350098e-01,-2.181521430611610413e-02,3.510480821132659912e-01,7.722040414810180664e-01,-1.649621687829494476e-02,3.860316574573516846e-01,7.626419067382812500e-01,-2.258683368563652039e-02,4.039752781391143799e-01,7.694002985954284668e-01,-2.479926124215126038e-02,4.141339063644409180e-01,7.793964743614196777e-01,-2.526074089109897614e-02,3.535065352916717529e-01,7.920326590538024902e-01,-2.207496576011180878e-02,3.874726891517639160e-01,7.925987839698791504e-01,-2.737686410546302795e-02,4.035837352275848389e-01,8.031982779502868652e-01,-2.953185699880123138e-02,4.135759770870208740e-01,8.124316930770874023e-01,-3.022252209484577179e-02,3.519969284534454346e-01,8.140282034873962402e-01,-2.682846039533615112e-02,3.779503107070922852e-01,8.238152861595153809e-01,-3.093843720853328705e-02,3.905502855777740479e-01,8.324573636054992676e-01,-3.079012036323547363e-02,4.001569449901580811e-01,8.388612270355224609e-01,-2.964768745005130768e-02,-1.000000000000000000e+00,-1.000000000000000000e+00,-1.000000000000000000e+00,-1.000000000000000000e+00,-1.000000000000000000e+00,-1.000000000000000000e+00,-1.000000000000000000e+00,-1.000000000000000000e+00,-1.000000000000000000e+00,-1.000000000000000000e+00,-1.000000000000000000e+00,-1.000000000000000000e+00,-1.000000000000000000e+00,-1.000000000000000000e+00,-1.000000000000000000e+00,-1.000000000000000000e+00,-1.000000000000000000e+00,-1.000000000000000000e+00,-1.000000000000000000e+00,-1.000000000000000000e+00,-1.000000000000000000e+00,-1.000000000000000000e+00,-1.000000000000000000e+00,-1.000000000000000000e+00,-1.000000000000000000e+00,-1.000000000000000000e+00,-1.000000000000000000e+00,-1.000000000000000000e+00,-1.000000000000000000e+00,-1.000000000000000000e+00,-1.000000000000000000e+00,-1.000000000000000000e+00,-1.000000000000000000e+00,-1.000000000000000000e+00,-1.000000000000000000e+00,-1.000000000000000000e+00,-1.000000000000000000e+00,-1.000000000000000000e+00,-1.000000000000000000e+00,-1.000000000000000000e+00,-1.000000000000000000e+00,-1.000000000000000000e+00,-1.000000000000000000e+00,-1.000000000000000000e+00,-1.000000000000000000e+00,-1.000000000000000000e+00,-1.000000000000000000e+00,-1.000000000000000000e+00,-1.000000000000000000e+00,-1.000000000000000000e+00,-1.000000000000000000e+00,-1.000000000000000000e+00,-1.000000000000000000e+00,-1.000000000000000000e+00,-1.000000000000000000e+00,-1.000000000000000000e+00,-1.000000000000000000e+00,-1.000000000000000000e+00,-1.000000000000000000e+00,-1.000000000000000000e+00,-1.000000000000000000e+00,-1.000000000000000000e+00,-1.000000000000000000e+00
3.061540126800537109e-01,8.014626502990722656e-01,1.912830782657692907e-07,3.166431486606597900e-01,7.734205722808837891e-01,4.684831015765666962e-03,3.261661827564239502e-01,7.525085210800170898e-01,2.321014180779457092e-03,3.297592699527740479e-01,7.384819984436035156e-01,-1.322628813795745373e-03,3.308392167091369629e-01,7.280446887016296387e-01,-6.030607037246227264e-03,3.495430946350097656e-01,7.565744519233703613e-01,-1.071336399763822556e-02,3.712783753871917725e-01,7.315649390220642090e-01,-1.817952841520309448e-02,3.873681724071502686e-01,7.272048592567443848e-01,-2.193068340420722961e-02,3.996165394783020020e-01,7.284526228904724121e-01,-2.358887158334255219e-02,3.552789688110351562e-01,7.728327512741088867e-01,-1.733490638434886932e-02,3.900437355041503906e-01,7.643766403198242188e-01,-2.416184917092323303e-02,4.084006547927856445e-01,7.720143198966979980e-01,-2.688096836209297180e-02,4.187120199203491211e-01,7.827299237251281738e-01,-2.767326124012470245e-02,3.571002781391143799e-01,7.935249209403991699e-01,-2.300008572638034821e-02,3.910189270973205566e-01,7.952466011047363281e-01,-2.907641977071762085e-02,4.072705805301666260e-01,8.065764904022216797e-01,-3.148411959409713745e-02,4.173532426357269287e-01,8.159993290901184082e-01,-3.225373849272727966e-02,3.551933467388153076e-01,8.161618113517761230e-01,-2.780552394688129425e-02,3.811899721622467041e-01,8.260449767112731934e-01,-3.249637782573699951e-02,3.940005302429199219e-01,8.349403142929077148e-01,-3.254166245460510254e-02,4.038198590278625488e-01,8.414249420166015625e-01,-3.151244297623634338e-02,-1.000000000000000000e+00,-1.000000000000000000e+00,-1.000000000000000000e+00,-1.000000000000000000e+00,-1.000000000000000000e+00,-1.000000000000000000e+00,-1.000000000000000000e+00,-1.000000000000000000e+00,-1.000000000000000000e+00,-1.000000000000000000e+00,-1.000000000000000000e+00,-1.000000000000000000e+00,-1.000000000000000000e+00,-1.000000000000000000e+00,-1.000000000000000000e+00,-1.000000000000000000e+00,-1.000000000000000000e+00,-1.000000000000000000e+00,-1.000000000000000000e+00,-1.000000000000000000e+00,-1.000000000000000000e+00,-1.000000000000000000e+00,-1.000000000000000000e+00,-1.000000000000000000e+00,-1.000000000000000000e+00,-1.000000000000000000e+00,-1.000000000000000000e+00,-1.000000000000000000e+00,-1.000000000000000000e+00,-1.000000000000000000e+00,-1.000000000000000000e+00,-1.000000000000000000e+00,-1.000000000000000000e+00,-1.000000000000000000e+00,-1.000000000000000000e+00,-1.000000000000000000e+00,-1.000000000000000000e+00,-1.000000000000000000e+00,-1.000000000000000000e+00,-1.000000000000000000e+00,-1.000000000000000000e+00,-1.000000000000000000e+00,-1.000000000000000000e+00,-1.000000000000000000e+00,-1.000000000000000000e+00,-1.000000000000000000e+00,-1.000000000000000000e+00,-1.000000000000000000e+00,-1.000000000000000000e+00,-1.000000000000000000e+00,-1.000000000000000000e+00,-1.000000000000000000e+00,-1.000000000000000000e+00,-1.000000000000000000e+00,-1.000000000000000000e+00,-1.000000000000000000e+00,-1.000000000000000000e+00,-1.000000000000000000e+00,-1.000000000000000000e+00,-1.000000000000000000e+00,-1.000000000000000000e+00,-1.000000000000000000e+00,-1.000000000000000000e+00
3.061540126800537109e-01,8.014626502990722656e-01,1.912830782657692907e-07,3.166431486606597900e-01,7.734205722808837891e-01,4.684831015765666962e-03,3.261661827564239502e-01,7.525085210800170898e-01,2.321014180779457092e-03,3.297592699527740479e-01,7.384819984436035156e-01,-1.322628813795745373e-03,3.308392167091369629e-01,7.280446887016296387e-01,-6.030607037246227264e-03,3.495430946350097656e-01,7.565744519233703613e-01,-1.071336399763822556e-02,3.712783753871917725e-01,7.315649390220642090e-01,-1.817952841520309448e-02,3.873681724071502686e-01,7.272048592567443848e-01,-2.193068340420722961e-02,3.996165394783020020e-01,7.284526228904724121e-01,-2.358887158334255219e-02,3.552789688110351562e-01,7.728327512741088867e-01,-1.733490638434886932e-02,3.900437355041503906e-01,7.643766403198242188e-01,-2.416184917092323303e-02,4.084006547927856445e-01,7.720143198966979980e-01,-2.688096836209297180e-02,4.187120199203491211e-01,7.827299237251281738e-01,-2.767326124012470245e-02,3.571002781391143799e-01,7.935249209403991699e-01,-2.300008572638034821e-02,3.910189270973205566e-01,7.952466011047363281e-01,-2.907641977071762085e-02,4.072705805301666260e-01,8.065764904022216797e-01,-3.148411959409713745e-02,4.173532426357269287e-01,8.159993290901184082e-01,-3.225373849272727966e-02,3.551933467388153076e-01,8.161618113517761230e-01,-2.780552394688129425e-02,3.811899721622467041e-01,8.260449767112731934e-01,-3.249637782573699951e-02,3.940005302429199219e-01,8.349403142929077148e-01,-3.254166245460510254e-02,4.038198590278625488e-01,8.414249420166015625e-01,-3.151244297623634338e-02,-1.000000000000000000e+00,-1.000000000000000000e+00,-1.000000000000000000e+00,-1.000000000000000000e+00,-1.000000000000000000e+00,-1.000000000000000000e+00,-1.000000000000000000e+00,-1.000000000000000000e+00,-1.000000000000000000e+00,-1.000000000000000000e+00,-1.000000000000000000e+00,-1.000000000000000000e+00,-1.000000000000000000e+00,-1.000000000000000000e+00,-1.000000000000000000e+00,-1.000000000000000000e+00,-1.000000000000000000e+00,-1.000000000000000000e+00,-1.000000000000000000e+00,-1.000000000000000000e+00,-1.000000000000000000e+00,-1.000000000000000000e+00,-1.000000000000000000e+00,-1.000000000000000000e+00,-1.000000000000000000e+00,-1.000000000000000000e+00,-1.000000000000000000e+00,-1.000000000000000000e+00,-1.000000000000000000e+00,-1.000000000000000000e+00,-1.000000000000000000e+00,-1.000000000000000000e+00,-1.000000000000000000e+00,-1.000000000000000000e+00,-1.000000000000000000e+00,-1.000000000000000000e+00,-1.000000000000000000e+00,-1.000000000000000000e+00,-1.000000000000000000e+00,-1.000000000000000000e+00,-1.000000000000000000e+00,-1.000000000000000000e+00,-1.000000000000000000e+00,-1.000000000000000000e+00,-1.000000000000000000e+00,-1.000000000000000000e+00,-1.000000000000000000e+00,-1.000000000000000000e+00,-1.000000000000000000e+00,-1.000000000000000000e+00,-1.000000000000000000e+00,-1.000000000000000000e+00,-1.000000000000000000e+00,-1.000000000000000000e+00,-1.000000000000000000e+00,-1.000000000000000000e+00,-1.000000000000000000e+00,-1.000000000000000000e+00,-1.000000000000000000e+00,-1.000000000000000000e+00,-1.000000000000000000e+00,-1.000000000000000000e+00,-1.000000000000000000e+00
3.088586628437042236e-01,8.014834523200988770e-01,1.745089264204580104e-07,3.215231597423553467e-01,7.738648056983947754e-01,7.411328144371509552e-03,3.318886756896972656e-01,7.551362514495849609e-01,6.475446745753288269e-03,3.350656032562255859e-01,7.446350455284118652e-01,3.828038461506366730e-03,3.350275754928588867e-01,7.380948066711425781e-01,8.781158248893916607e-05,3.534914851188659668e-01,7.568350434303283691e-01,-8.030802011489868164e-03,3.748170435428619385e-01,7.320476174354553223e-01,-1.501216739416122437e-02,3.911489844322204590e-01,7.283869981765747070e-01,-1.874871738255023956e-02,4.034626185894012451e-01,7.307676076889038086e-01,-2.038528025150299072e-02,3.583313524723052979e-01,7.731359004974365234e-01,-1.542748790234327316e-02,3.927718997001647949e-01,7.658960819244384766e-01,-2.130251564085483551e-02,4.111369252204895020e-01,7.730300426483154297e-01,-2.385956235229969025e-02,4.216356873512268066e-01,7.833518385887145996e-01,-2.478537708520889282e-02,3.599701821804046631e-01,7.937450408935546875e-01,-2.167028747498989105e-02,3.942522704601287842e-01,7.967206835746765137e-01,-2.657597698271274567e-02,4.103918969631195068e-01,8.080144524574279785e-01,-2.873403020203113556e-02,4.206271767616271973e-01,8.175816535949707031e-01,-2.951177209615707397e-02,3.584758341312408447e-01,8.164517283439636230e-01,-2.686888538300991058e-02,3.852482736110687256e-01,8.268456459045410156e-01,-3.040731139481067657e-02,3.975418210029602051e-01,8.362551331520080566e-01,-2.999563887715339661e-02,4.069246053695678711e-01,8.433088064193725586e-01,-2.875388227403163910e-02,-1.000000000000000000e+00,-1.000000000000000000e+00,-1.000000000000000000e+00,-1.000000000000000000e+00,-1.000000000000000000e+00,-1.000000000000000000e+00,-1.000000000000000000e+00,-1.000000000000000000e+00,-1.000000000000000000e+00,-1.000000000000000000e+00,-1.000000000000000000e+00,-1.000000000000000000e+00,-1.000000000000000000e+00,-1.000000000000000000e+00,-1.000000000000000000e+00,-1.000000000000000000e+00,-1.000000000000000000e+00,-1.000000000000000000e+00,-1.000000000000000000e+00,-1.000000000000000000e+00,-1.000000000000000000e+00,-1.000000000000000000e+00,-1.000000000000000000e+00,-1.000000000000000000e+00,-1.000000000000000000e+00,-1.000000000000000000e+00,-1.000000000000000000e+00,-1.000000000000000000e+00,-1.000000000000000000e+00,-1.000000000000000000e+00,-1.000000000000000000e+00,-1.000000000000000000e+00,-1.000000000000000000e+00,-1.000000000000000000e+00,-1.000000000000000000e+00,-1.000000000000000000e+00,-1.000000000000000000e+00,-1.000000000000000000e+00,-1.000000000000000000e+00,-1.000000000000000000e+00,-1.000000000000000000e+00,-1.000000000000000000e+00,-1.000000000000000000e+00,-1.000000000000000000e+00,-1.000000000000000000e+00,-1.000000000000000000e+00,-1.000000000000000000e+00,-1.000000000000000000e+00,-1.000000000000000000e+00,-1.000000000000000000e+00,-1.000000000000000000e+00,-1.000000000000000000e+00,-1.000000000000000000e+00,-1.000000000000000000e+00,-1.000000000000000000e+00,-1.000000000000000000e+00,-1.000000000000000000e+00,-1.000000000000000000e+00,-1.000000000000000000e+00,-1.000000000000000000e+00,-1.000000000000000000e+00,-1.000000000000000000e+00,-1.000000000000000000e+00
3.088586628437042236e-01,8.014834523200988770e-01,1.745089264204580104e-07,3.215231597423553467e-01,7.738648056983947754e-01,7.411328144371509552e-03,3.318886756896972656e-01,7.551362514495849609e-01,6.475446745753288269e-03,3.350656032562255859e-01,7.446350455284118652e-01,3.828038461506366730e-03,3.350275754928588867e-01,7.380948066711425781e-01,8.781158248893916607e-05,3.534914851188659668e-01,7.568350434303283691e-01,-8.030802011489868164e-03,3.748170435428619385e-01,7.320476174354553223e-01,-1.501216739416122437e-02,3.911489844322204590e-01,7.283869981765747070e-01,-1.874871738255023956e-02,4.034626185894012451e-01,7.307676076889038086e-01,-2.038528025150299072e-02,3.583313524723052979e-01,7.731359004974365234e-01,-1.542748790234327316e-02,3.927718997001647949e-01,7.658960819244384766e-01,-2.130251564085483551e-02,4.111369252204895020e-01,7.730300426483154297e-01,-2.385956235229969025e-02,4.216356873512268066e-01,7.833518385887145996e-01,-2.478537708520889282e-02,3.599701821804046631e-01,7.937450408935546875e-01,-2.167028747498989105e-02,3.942522704601287842e-01,7.967206835746765137e-01,-2.657597698271274567e-02,4.103918969631195068e-01,8.080144524574279785e-01,-2.873403020203113556e-02,4.206271767616271973e-01,8.175816535949707031e-01,-2.951177209615707397e-02,3.584758341312408447e-01,8.164517283439636230e-01,-2.686888538300991058e-02,3.852482736110687256e-01,8.268456459045410156e-01,-3.040731139481067657e-02,3.975418210029602051e-01,8.362551331520080566e-01,-2.999563887715339661e-02,4.069246053695678711e-01,8.433088064193725586e-01,-2.875388227403163910e-02,-1.000000000000000000e+00,-1.000000000000000000e+00,-1.000000000000000000e+00,-1.000000000000000000e+00,-1.000000000000000000e+00,-1.000000000000000000e+00,-1.000000000000000000e+00,-1.000000000000000000e+00,-1.000000000000000000e+00,-1.000000000000000000e+00,-1.000000000000000000e+00,-1.000000000000000000e+00,-1.000000000000000000e+00,-1.000000000000000000e+00,-1.000000000000000000e+00,-1.000000000000000000e+00,-1.000000000000000000e+00,-1.000000000000000000e+00,-1.000000000000000000e+00,-1.000000000000000000e+00,-1.000000000000000000e+00,-1.000000000000000000e+00,-1.000000000000000000e+00,-1.000000000000000000e+00,-1.000000000000000000e+00,-1.000000000000000000e+00,-1.000000000000000000e+00,-1.000000000000000000e+00,-1.000000000000000000e+00,-1.000000000000000000e+00,-1.000000000000000000e+00,-1.000000000000000000e+00,-1.000000000000000000e+00,-1.000000000000000000e+00,-1.000000000000000000e+00,-1.000000000000000000e+00,-1.000000000000000000e+00,-1.000000000000000000e+00,-1.000000000000000000e+00,-1.000000000000000000e+00,-1.000000000000000000e+00,-1.000000000000000000e+00,-1.000000000000000000e+00,-1.000000000000000000e+00,-1.000000000000000000e+00,-1.000000000000000000e+00,-1.000000000000000000e+00,-1.000000000000000000e+00,-1.000000000000000000e+00,-1.000000000000000000e+00,-1.000000000000000000e+00,-1.000000000000000000e+00,-1.000000000000000000e+00,-1.000000000000000000e+00,-1.000000000000000000e+00,-1.000000000000000000e+00,-1.000000000000000000e+00,-1.000000000000000000e+00,-1.000000000000000000e+00,-1.000000000000000000e+00,-1.000000000000000000e+00,-1.000000000000000000e+00,-1.000000000000000000e+00
3.088586628437042236e-01,8.014834523200988770e-01,1.745089264204580104e-07,3.215231597423553467e-01,7.738648056983947754e-01,7.411328144371509552e-03,3.318886756896972656e-01,7.551362514495849609e-01,6.475446745753288269e-03,3.350656032562255859e-01,7.446350455284118652e-01,3.828038461506366730e-03,3.350275754928588867e-01,7.380948066711425781e-01,8.781158248893916607e-05,3.534914851188659668e-01,7.568350434303283691e-01,-8.030802011489868164e-03,3.748170435428619385e-01,7.320476174354553223e-01,-1.501216739416122437e-02,3.911489844322204590e-01,7.283869981765747070e-01,-1.874871738255023956e-02,4.034626185894012451e-01,7.307676076889038086e-01,-2.038528025150299072e-02,3.583313524723052979e-01,7.731359004974365234e-01,-1.542748790234327316e-02,3.927718997001647949e-01,7.658960819244384766e-01,-2.130251564085483551e-02,4.111369252204895020e-01,7.730300426483154297e-01,-2.385956235229969025e-02,4.216356873512268066e-01,7.833518385887145996e-01,-2.478537708520889282e-02,3.599701821804046631e-01,7.937450408935546875e-01,-2.167028747498989105e-02,3.942522704601287842e-01,7.967206835746765137e-01,-2.657597698271274567e-02,4.103918969631195068e-01,8.080144524574279785e-01,-2.873403020203113556e-02,4.206271767616271973e-01,8.175816535949707031e-01,-2.951177209615707397e-02,3.584758341312408447e-01,8.164517283439636230e-01,-2.686888538300991058e-02,3.852482736110687256e-01,8.268456459045410156e-01,-3.040731139481067657e-02,3.975418210029602051e-01,8.362551331520080566e-01,-2.999563887715339661e-02,4.069246053695678711e-01,8.433088064193725586e-01,-2.875388227403163910e-02,-1.000000000000000000e+00,-1.000000000000000000e+00,-1.000000000000000000e+00,-1.000000000000000000e+00,-1.000000000000000000e+00,-1.000000000000000000e+00,-1.000000000000000000e+00,-1.000000000000000000e+00,-1.000000000000000000e+00,-1.000000000000000000e+00,-1.000000000000000000e+00,-1.000000000000000000e+00,-1.000000000000000000e+00,-1.000000000000000000e+00,-1.000000000000000000e+00,-1.000000000000000000e+00,-1.000000000000000000e+00,-1.000000000000000000e+00,-1.000000000000000000e+00,-1.000000000000000000e+00,-1.000000000000000000e+00,-1.000000000000000000e+00,-1.000000000000000000e+00,-1.000000000000000000e+00,-1.000000000000000000e+00,-1.000000000000000000e+00,-1.000000000000000000e+00,-1.000000000000000000e+00,-1.000000000000000000e+00,-1.000000000000000000e+00,-1.000000000000000000e+00,-1.000000000000000000e+00,-1.000000000000000000e+00,-1.000000000000000000e+00,-1.000000000000000000e+00,-1.000000000000000000e+00,-1.000000000000000000e+00,-1.000000000000000000e+00,-1.000000000000000000e+00,-1.000000000000000000e+00,-1.000000000000000000e+00,-1.000000000000000000e+00,-1.000000000000000000e+00,-1.000000000000000000e+00,-1.000000000000000000e+00,-1.000000000000000000e+00,-1.000000000000000000e+00,-1.000000000000000000e+00,-1.000000000000000000e+00,-1.000000000000000000e+00,-1.000000000000000000e+00,-1.000000000000000000e+00,-1.000000000000000000e+00,-1.000000000000000000e+00,-1.000000000000000000e+00,-1.000000000000000000e+00,-1.000000000000000000e+00,-1.000000000000000000e+00,-1.000000000000000000e+00,-1.000000000000000000e+00,-1.000000000000000000e+00,-1.000000000000000000e+00,-1.000000000000000000e+00
3.170807361602783203e-01,8.014367818832397461e-01,2.005780004310508957e-07,3.273646235466003418e-01,7.737020254135131836e-01,5.372521467506885529e-03,3.363482058048248291e-01,7.535876631736755371e-01,3.160607768222689629e-03,3.401648998260498047e-01,7.417674064636230469e-01,-2.364699030295014381e-04,3.425900638103485107e-01,7.354128956794738770e-01,-4.565019160509109497e-03,3.583030402660369873e-01,7.580152153968811035e-01,-1.106686238199472427e-02,3.804510235786437988e-01,7.326500415802001953e-01,-1.867704838514328003e-02,3.967001140117645264e-01,7.280690670013427734e-01,-2.223093621432781219e-02,4.086339175701141357e-01,7.300356030464172363e-01,-2.352964133024215698e-02,3.637031912803649902e-01,7.743421196937561035e-01,-1.767081581056118011e-02,3.993678987026214600e-01,7.662610411643981934e-01,-2.471278607845306396e-02,4.180055260658264160e-01,7.732194066047668457e-01,-2.698748931288719177e-02,4.280726611614227295e-01,7.832811474800109863e-01,-2.729890309274196625e-02,3.656738400459289551e-01,7.946287393569946289e-01,-2.320514805614948273e-02,4.003086090087890625e-01,7.979375720024108887e-01,-2.933802269399166107e-02,4.176250100135803223e-01,8.086276650428771973e-01,-3.143688291311264038e-02,4.281933307647705078e-01,8.177095055580139160e-01,-3.176485002040863037e-02,3.639548122882843018e-01,8.172514438629150391e-01,-2.775184065103530884e-02,3.909531831741333008e-01,8.283117413520812988e-01,-3.194792568683624268e-02,4.036299586296081543e-01,8.370329737663269043e-01,-3.133594244718551636e-02,4.127254486083984375e-01,8.436014652252197266e-01,-2.972848713397979736e-02,-1.000000000000000000e+00,-1.000000000000000000e+00,-1.000000000000000000e+00,-1.000000000000000000e+00,-1.000000000000000000e+00,-1.000000000000000000e+00,-1.000000000000000000e+00,-1.000000000000000000e+00,-1.000000000000000000e+00,-1.000000000000000000e+00,-1.000000000000000000e+00,-1.000000000000000000e+00,-1.000000000000000000e+00,-1.000000000000000000e+00,-1.000000000000000000e+00,-1.000000000000000000e+00,-1.000000000000000000e+00,-1.000000000000000000e+00,-1.000000000000000000e+00,-1.000000000000000000e+00,-1.000000000000000000e+00,-1.000000000000000000e+00,-1.000000000000000000e+00,-1.000000000000000000e+00,-1.000000000000000000e+00,-1.000000000000000000e+00,-1.000000000000000000e+00,-1.000000000000000000e+00,-1.000000000000000000e+00,-1.000000000000000000e+00,-1.000000000000000000e+00,-1.000000000000000000e+00,-1.000000000000000000e+00,-1.000000000000000000e+00,-1.000000000000000000e+00,-1.000000000000000000e+00,-1.000000000000000000e+00,-1.000000000000000000e+00,-1.000000000000000000e+00,-1.000000000000000000e+00,-1.000000000000000000e+00,-1.000000000000000000e+00,-1.000000000000000000e+00,-1.000000000000000000e+00,-1.000000000000000000e+00,-1.000000000000000000e+00,-1.000000000000000000e+00,-1.000000000000000000e+00,-1.000000000000000000e+00,-1.000000000000000000e+00,-1.000000000000000000e+00,-1.000000000000000000e+00,-1.000000000000000000e+00,-1.000000000000000000e+00,-1.000000000000000000e+00,-1.000000000000000000e+00,-1.000000000000000000e+00,-1.000000000000000000e+00,-1.000000000000000000e+00,-1.000000000000000000e+00,-1.000000000000000000e+00,-1.000000000000000000e+00,-1.000000000000000000e+00
3.283072412014007568e-01,8.018844723701477051e-01,2.165833876688338933e-07,3.385989367961883545e-01,7.764236927032470703e-01,3.904022043570876122e-03,3.480933904647827148e-01,7.574760317802429199e-01,8.105353335849940777e-04,3.520417809486389160e-01,7.438172698020935059e-01,-3.239509416744112968e-03,3.525139689445495605e-01,7.339992523193359375e-01,-8.130726404488086700e-03,3.707996308803558350e-01,7.578183412551879883e-01,-1.173568982630968094e-02,3.918811678886413574e-01,7.323007583618164062e-01,-2.007998898625373840e-02,4.085081815719604492e-01,7.275303006172180176e-01,-2.453838847577571869e-02,4.207473099231719971e-01,7.294219136238098145e-01,-2.643423900008201599e-02,3.764104843139648438e-01,7.739129662513732910e-01,-1.785696670413017273e-02,4.104692637920379639e-01,7.674271464347839355e-01,-2.520148642361164093e-02,4.287290275096893311e-01,7.755197882652282715e-01,-2.778861485421657562e-02,4.383456707000732422e-01,7.856857776641845703e-01,-2.827022224664688110e-02,3.781900703907012939e-01,7.947630286216735840e-01,-2.313999086618423462e-02,4.114265441894531250e-01,7.978832721710205078e-01,-2.945072948932647705e-02,4.288536906242370605e-01,8.092382550239562988e-01,-3.161727264523506165e-02,4.398487210273742676e-01,8.186544179916381836e-01,-3.209658339619636536e-02,3.763965368270874023e-01,8.178505897521972656e-01,-2.761960960924625397e-02,4.020885825157165527e-01,8.287781476974487305e-01,-3.214432299137115479e-02,4.147672653198242188e-01,8.379657864570617676e-01,-3.186197951436042786e-02,4.239022135734558105e-01,8.450689911842346191e-01,-3.054141066968441010e-02,-1.000000000000000000e+00,-1.000000000000000000e+00,-1.000000000000000000e+00,-1.000000000000000000e+00,-1.000000000000000000e+00,-1.000000000000000000e+00,-1.000000000000000000e+00,-1.000000000000000000e+00,-1.000000000000000000e+00,-1.000000000000000000e+00,-1.000000000000000000e+00,-1.000000000000000000e+00,-1.000000000000000000e+00,-1.000000000000000000e+00,-1.000000000000000000e+00,-1.000000000000000000e+00,-1.000000000000000000e+00,-1.000000000000000000e+00,-1.000000000000000000e+00,-1.000000000000000000e+00,-1.000000000000000000e+00,-1.000000000000000000e+00,-1.000000000000000000e+00,-1.000000000000000000e+00,-1.000000000000000000e+00,-1.000000000000000000e+00,-1.000000000000000000e+00,-1.000000000000000000e+00,-1.000000000000000000e+00,-1.000000000000000000e+00,-1.000000000000000000e+00,-1.000000000000000000e+00,-1.000000000000000000e+00,-1.000000000000000000e+00,-1.000000000000000000e+00,-1.000000000000000000e+00,-1.000000000000000000e+00,-1.000000000000000000e+00,-1.000000000000000000e+00,-1.000000000000000000e+00,-1.000000000000000000e+00,-1.000000000000000000e+00,-1.000000000000000000e+00,-1.000000000000000000e+00,-1.000000000000000000e+00,-1.000000000000000000e+00,-1.000000000000000000e+00,-1.000000000000000000e+00,-1.000000000000000000e+00,-1.000000000000000000e+00,-1.000000000000000000e+00,-1.000000000000000000e+00,-1.000000000000000000e+00,-1.000000000000000000e+00,-1.000000000000000000e+00,-1.000000000000000000e+00,-1.000000000000000000e+00,-1.000000000000000000e+00,-1.000000000000000000e+00,-1.000000000000000000e+00,-1.000000000000000000e+00,-1.000000000000000000e+00,-1.000000000000000000e+00
3.283072412014007568e-01,8.018844723701477051e-01,2.165833876688338933e-07,3.385989367961883545e-01,7.764236927032470703e-01,3.904022043570876122e-03,3.480933904647827148e-01,7.574760317802429199e-01,8.105353335849940777e-04,3.520417809486389160e-01,7.438172698020935059e-01,-3.239509416744112968e-03,3.525139689445495605e-01,7.339992523193359375e-01,-8.130726404488086700e-03,3.707996308803558350e-01,7.578183412551879883e-01,-1.173568982630968094e-02,3.918811678886413574e-01,7.323007583618164062e-01,-2.007998898625373840e-02,4.085081815719604492e-01,7.275303006172180176e-01,-2.453838847577571869e-02,4.207473099231719971e-01,7.294219136238098145e-01,-2.643423900008201599e-02,3.764104843139648438e-01,7.739129662513732910e-01,-1.785696670413017273e-02,4.104692637920379639e-01,7.674271464347839355e-01,-2.520148642361164093e-02,4.287290275096893311e-01,7.755197882652282715e-01,-2.778861485421657562e-02,4.383456707000732422e-01,7.856857776641845703e-01,-2.827022224664688110e-02,3.781900703907012939e-01,7.947630286216735840e-01,-2.313999086618423462e-02,4.114265441894531250e-01,7.978832721710205078e-01,-2.945072948932647705e-02,4.288536906242370605e-01,8.092382550239562988e-01,-3.161727264523506165e-02,4.398487210273742676e-01,8.186544179916381836e-01,-3.209658339619636536e-02,3.763965368270874023e-01,8.178505897521972656e-01,-2.761960960924625397e-02,4.020885825157165527e-01,8.287781476974487305e-01,-3.214432299137115479e-02,4.147672653198242188e-01,8.379657864570617676e-01,-3.186197951436042786e-02,4.239022135734558105e-01,8.450689911842346191e-01,-3.054141066968441010e-02,-1.000000000000000000e+00,-1.000000000000000000e+00,-1.000000000000000000e+00,-1.000000000000000000e+00,-1.000000000000000000e+00,-1.000000000000000000e+00,-1.000000000000000000e+00,-1.000000000000000000e+00,-1.000000000000000000e+00,-1.000000000000000000e+00,-1.000000000000000000e+00,-1.000000000000000000e+00,-1.000000000000000000e+00,-1.000000000000000000e+00,-1.000000000000000000e+00,-1.000000000000000000e+00,-1.000000000000000000e+00,-1.000000000000000000e+00,-1.000000000000000000e+00,-1.000000000000000000e+00,-1.000000000000000000e+00,-1.000000000000000000e+00,-1.000000000000000000e+00,-1.000000000000000000e+00,-1.000000000000000000e+00,-1.000000000000000000e+00,-1.000000000000000000e+00,-1.000000000000000000e+00,-1.000000000000000000e+00,-1.000000000000000000e+00,-1.000000000000000000e+00,-1.000000000000000000e+00,-1.000000000000000000e+00,-1.000000000000000000e+00,-1.000000000000000000e+00,-1.000000000000000000e+00,-1.000000000000000000e+00,-1.000000000000000000e+00,-1.000000000000000000e+00,-1.000000000000000000e+00,-1.000000000000000000e+00,-1.000000000000000000e+00,-1.000000000000000000e+00,-1.000000000000000000e+00,-1.000000000000000000e+00,-1.000000000000000000e+00,-1.000000000000000000e+00,-1.000000000000000000e+00,-1.000000000000000000e+00,-1.000000000000000000e+00,-1.000000000000000000e+00,-1.000000000000000000e+00,-1.000000000000000000e+00,-1.000000000000000000e+00,-1.000000000000000000e+00,-1.000000000000000000e+00,-1.000000000000000000e+00,-1.000000000000000000e+00,-1.000000000000000000e+00,-1.000000000000000000e+00,-1.000000000000000000e+00,-1.000000000000000000e+00,-1.000000000000000000e+00
3.299528062343597412e-01,8.033559918403625488e-01,1.933739355308716767e-07,3.402915894985198975e-01,7.765111923217773438e-01,5.456317681819200516e-03,3.500335514545440674e-01,7.572968006134033203e-01,3.245689673349261284e-03,3.538538217544555664e-01,7.459044456481933594e-01,-2.231143153039738536e-04,3.546616733074188232e-01,7.396016716957092285e-01,-4.555450752377510071e-03,3.720318078994750977e-01,7.573150992393493652e-01,-1.110687106847763062e-02,3.924439847469329834e-01,7.317693233489990234e-01,-1.895485259592533112e-02,4.085881412029266357e-01,7.283123135566711426e-01,-2.301810123026371002e-02,4.203818142414093018e-01,7.315831184387207031e-01,-2.482339367270469666e-02,3.772211372852325439e-01,7.740364670753479004e-01,-1.769816875457763672e-02,4.118514358997344971e-01,7.687388062477111816e-01,-2.493008412420749664e-02,4.299332797527313232e-01,7.775563597679138184e-01,-2.755534090101718903e-02,4.397484064102172852e-01,7.888333797454833984e-01,-2.829134836792945862e-02,3.787862360477447510e-01,7.945164442062377930e-01,-2.321197465062141418e-02,4.130390882492065430e-01,7.983448505401611328e-01,-2.927669137716293335e-02,4.293503165245056152e-01,8.104903697967529297e-01,-3.106604330241680145e-02,4.392363131046295166e-01,8.204264640808105469e-01,-3.126854822039604187e-02,3.771078586578369141e-01,8.171644210815429688e-01,-2.779905498027801514e-02,4.041848480701446533e-01,8.280470371246337891e-01,-3.207748383283615112e-02,4.168583750724792480e-01,8.377463221549987793e-01,-3.160468116402626038e-02,4.262095391750335693e-01,8.448959589004516602e-01,-3.011558577418327332e-02,-1.000000000000000000e+00,-1.000000000000000000e+00,-1.000000000000000000e+00,-1.000000000000000000e+00,-1.000000000000000000e+00,-1.000000000000000000e+00,-1.000000000000000000e+00,-1.000000000000000000e+00,-1.000000000000000000e+00,-1.000000000000000000e+00,-1.000000000000000000e+00,-1.000000000000000000e+00,-1.000000000000000000e+00,-1.000000000000000000e+00,-1.000000000000000000e+00,-1.000000000000000000e+00,-1.000000000000000000e+00,-1.000000000000000000e+00,-1.000000000000000000e+00,-1.000000000000000000e+00,-1.000000000000000000e+00,-1.000000000000000000e+00,-1.000000000000000000e+00,-1.000000000000000000e+00,-1.000000000000000000e+00,-1.000000000000000000e+00,-1.000000000000000000e+00,-1.000000000000000000e+00,-1.000000000000000000e+00,-1.000000000000000000e+00,-1.000000000000000000e+00,-1.000000000000000000e+00,-1.000000000000000000e+00,-1.000000000000000000e+00,-1.000000000000000000e+00,-1.000000000000000000e+00,-1.000000000000000000e+00,-1.000000000000000000e+00,-1.000000000000000000e+00,-1.000000000000000000e+00,-1.000000000000000000e+00,-1.000000000000000000e+00,-1.000000000000000000e+00,-1.000000000000000000e+00,-1.000000000000000000e+00,-1.000000000000000000e+00,-1.000000000000000000e+00,-1.000000000000000000e+00,-1.000000000000000000e+00,-1.000000000000000000e+00,-1.000000000000000000e+00,-1.000000000000000000e+00,-1.000000000000000000e+00,-1.000000000000000000e+00,-1.000000000000000000e+00,-1.000000000000000000e+00,-1.000000000000000000e+00,-1.000000000000000000e+00,-1.000000000000000000e+00,-1.000000000000000000e+00,-1.000000000000000000e+00,-1.000000000000000000e+00,-1.000000000000000000e+00
3.385094106197357178e-01,8.049800395965576172e-01,1.821351673925164505e-07,3.532736003398895264e-01,7.769577503204345703e-01,4.856462124735116959e-03,3.699808120727539062e-01,7.613782286643981934e-01,2.714722882956266403e-03,3.864469230175018311e-01,7.592612504959106445e-01,-2.994897367898374796e-04,3.998984098434448242e-01,7.649301290512084961e-01,-3.667587414383888245e-03,3.781777620315551758e-01,7.597997188568115234e-01,-1.338483300060033798e-02,3.983981609344482422e-01,7.339148521423339844e-01,-2.291627973318099976e-02,4.153010845184326172e-01,7.296764254570007324e-01,-2.738165482878684998e-02,4.283859431743621826e-01,7.318822145462036133e-01,-2.910971641540527344e-02,3.826591968536376953e-01,7.758736014366149902e-01,-1.965768262743949890e-02,4.186777472496032715e-01,7.691336274147033691e-01,-2.834901399910449982e-02,4.378643035888671875e-01,7.784563899040222168e-01,-3.108217939734458923e-02,4.482743144035339355e-01,7.896201610565185547e-01,-3.147710859775543213e-02,3.844093680381774902e-01,7.973912358283996582e-01,-2.477515861392021179e-02,4.193724989891052246e-01,7.998844385147094727e-01,-3.273106738924980164e-02,4.361078143119812012e-01,8.129439353942871094e-01,-3.428645804524421692e-02,4.455900788307189941e-01,8.236377239227294922e-01,-3.381677344441413879e-02,3.837937414646148682e-01,8.210785388946533203e-01,-2.889314666390419006e-02,4.108859002590179443e-01,8.298349380493164062e-01,-3.460396453738212585e-02,4.236196577548980713e-01,8.389950394630432129e-01,-3.420939296483993530e-02,4.327900111675262451e-01,8.458428382873535156e-01,-3.241783380508422852e-02,-1.000000000000000000e+00,-1.000000000000000000e+00,-1.000000000000000000e+00,-1.000000000000000000e+00,-1.000000000000000000e+00,-1.000000000000000000e+00,-1.000000000000000000e+00,-1.000000000000000000e+00,-1.000000000000000000e+00,-1.000000000000000000e+00,-1.000000000000000000e+00,-1.000000000000000000e+00,-1.000000000000000000e+00,-1.000000000000000000e+00,-1.000000000000000000e+00,-1.000000000000000000e+00,-1.000000000000000000e+00,-1.000000000000000000e+00,-1.000000000000000000e+00,-1.000000000000000000e+00,-1.000000000000000000e+00,-1.000000000000000000e+00,-1.000000000000000000e+00,-1.000000000000000000e+00,-1.000000000000000000e+00,-1.000000000000000000e+00,-1.000000000000000000e+00,-1.000000000000000000e+00,-1.000000000000000000e+00,-1.000000000000000000e+00,-1.000000000000000000e+00,-1.000000000000000000e+00,-1.000000000000000000e+00,-1.000000000000000000e+00,-1.000000000000000000e+00,-1.000000000000000000e+00,-1.000000000000000000e+00,-1.000000000000000000e+00,-1.000000000000000000e+00,-1.000000000000000000e+00,-1.000000000000000000e+00,-1.000000000000000000e+00,-1.000000000000000000e+00,-1.000000000000000000e+00,-1.000000000000000000e+00,-1.000000000000000000e+00,-1.000000000000000000e+00,-1.000000000000000000e+00,-1.000000000000000000e+00,-1.000000000000000000e+00,-1.000000000000000000e+00,-1.000000000000000000e+00,-1.000000000000000000e+00,-1.000000000000000000e+00,-1.000000000000000000e+00,-1.000000000000000000e+00,-1.000000000000000000e+00,-1.000000000000000000e+00,-1.000000000000000000e+00,-1.000000000000000000e+00,-1.000000000000000000e+00,-1.000000000000000000e+00,-1.000000000000000000e+00
3.385094106197357178e-01,8.049800395965576172e-01,1.821351673925164505e-07,3.532736003398895264e-01,7.769577503204345703e-01,4.856462124735116959e-03,3.699808120727539062e-01,7.613782286643981934e-01,2.714722882956266403e-03,3.864469230175018311e-01,7.592612504959106445e-01,-2.994897367898374796e-04,3.998984098434448242e-01,7.649301290512084961e-01,-3.667587414383888245e-03,3.781777620315551758e-01,7.597997188568115234e-01,-1.338483300060033798e-02,3.983981609344482422e-01,7.339148521423339844e-01,-2.291627973318099976e-02,4.153010845184326172e-01,7.296764254570007324e-01,-2.738165482878684998e-02,4.283859431743621826e-01,7.318822145462036133e-01,-2.910971641540527344e-02,3.826591968536376953e-01,7.758736014366149902e-01,-1.965768262743949890e-02,4.186777472496032715e-01,7.691336274147033691e-01,-2.834901399910449982e-02,4.378643035888671875e-01,7.784563899040222168e-01,-3.108217939734458923e-02,4.482743144035339355e-01,7.896201610565185547e-01,-3.147710859775543213e-02,3.844093680381774902e-01,7.973912358283996582e-01,-2.477515861392021179e-02,4.193724989891052246e-01,7.998844385147094727e-01,-3.273106738924980164e-02,4.361078143119812012e-01,8.129439353942871094e-01,-3.428645804524421692e-02,4.455900788307189941e-01,8.236377239227294922e-01,-3.381677344441413879e-02,3.837937414646148682e-01,8.210785388946533203e-01,-2.889314666390419006e-02,4.108859002590179443e-01,8.298349380493164062e-01,-3.460396453738212585e-02,4.236196577548980713e-01,8.389950394630432129e-01,-3.420939296483993530e-02,4.327900111675262451e-01,8.458428382873535156e-01,-3.241783380508422852e-02,-1.000000000000000000e+00,-1.000000000000000000e+00,-1.000000000000000000e+00,-1.000000000000000000e+00,-1.000000000000000000e+00,-1.000000000000000000e+00,-1.000000000000000000e+00,-1.000000000000000000e+00,-1.000000000000000000e+00,-1.000000000000000000e+00,-1.000000000000000000e+00,-1.000000000000000000e+00,-1.000000000000000000e+00,-1.000000000000000000e+00,-1.000000000000000000e+00,-1.000000000000000000e+00,-1.000000000000000000e+00,-1.000000000000000000e+00,-1.000000000000000000e+00,-1.000000000000000000e+00,-1.000000000000000000e+00,-1.000000000000000000e+00,-1.000000000000000000e+00,-1.000000000000000000e+00,-1.000000000000000000e+00,-1.000000000000000000e+00,-1.000000000000000000e+00,-1.000000000000000000e+00,-1.000000000000000000e+00,-1.000000000000000000e+00,-1.000000000000000000e+00,-1.000000000000000000e+00,-1.000000000000000000e+00,-1.000000000000000000e+00,-1.000000000000000000e+00,-1.000000000000000000e+00,-1.000000000000000000e+00,-1.000000000000000000e+00,-1.000000000000000000e+00,-1.000000000000000000e+00,-1.000000000000000000e+00,-1.000000000000000000e+00,-1.000000000000000000e+00,-1.000000000000000000e+00,-1.000000000000000000e+00,-1.000000000000000000e+00,-1.000000000000000000e+00,-1.000000000000000000e+00,-1.000000000000000000e+00,-1.000000000000000000e+00,-1.000000000000000000e+00,-1.000000000000000000e+00,-1.000000000000000000e+00,-1.000000000000000000e+00,-1.000000000000000000e+00,-1.000000000000000000e+00,-1.000000000000000000e+00,-1.000000000000000000e+00,-1.000000000000000000e+00,-1.000000000000000000e+00,-1.000000000000000000e+00,-1.000000000000000000e+00,-1.000000000000000000e+00
3.395945727825164795e-01,8.050031661987304688e-01,1.962509514896737528e-07,3.545404076576232910e-01,7.760476469993591309e-01,4.471956286579370499e-03,3.724009990692138672e-01,7.629094123840332031e-01,2.839619759470224380e-03,3.891445696353912354e-01,7.639615535736083984e-01,4.421346238814294338e-04,4.017863571643829346e-01,7.724699378013610840e-01,-1.952367485500872135e-03,3.815204501152038574e-01,7.593485116958618164e-01,-1.238633040338754654e-02,4.016925990581512451e-01,7.339872121810913086e-01,-2.217225544154644012e-02,4.195542931556701660e-01,7.315772175788879395e-01,-2.688353136181831360e-02,4.323798418045043945e-01,7.367058992385864258e-01,-2.871482633054256439e-02,3.855624198913574219e-01,7.765191197395324707e-01,-1.838736608624458313e-02,4.209037125110626221e-01,7.699050903320312500e-01,-2.846389636397361755e-02,4.407861828804016113e-01,7.786721587181091309e-01,-3.193285688757896423e-02,4.510155022144317627e-01,7.904964089393615723e-01,-3.245961293578147888e-02,3.867751955986022949e-01,7.976846098899841309e-01,-2.339479885995388031e-02,4.221791028976440430e-01,8.017070293426513672e-01,-3.183710575103759766e-02,4.396197795867919922e-01,8.144664764404296875e-01,-3.275973349809646606e-02,4.496397078037261963e-01,8.247156739234924316e-01,-3.144498914480209351e-02,3.857819139957427979e-01,8.207079768180847168e-01,-2.755811437964439392e-02,4.140470921993255615e-01,8.303504586219787598e-01,-3.329550102353096008e-02,4.270775020122528076e-01,8.391046524047851562e-01,-3.263192623853683472e-02,4.362364709377288818e-01,8.451080322265625000e-01,-3.033667616546154022e-02,-1.000000000000000000e+00,-1.000000000000000000e+00,-1.000000000000000000e+00,-1.000000000000000000e+00,-1.000000000000000000e+00,-1.000000000000000000e+00,-1.000000000000000000e+00,-1.000000000000000000e+00,-1.000000000000000000e+00,-1.000000000000000000e+00,-1.000000000000000000e+00,-1.000000000000000000e+00,-1.000000000000000000e+00,-1.000000000000000000e+00,-1.000000000000000000e+00,-1.000000000000000000e+00,-1.000000000000000000e+00,-1.000000000000000000e+00,-1.000000000000000000e+00,-1.000000000000000000e+00,-1.000000000000000000e+00,-1.000000000000000000e+00,-1.000000000000000000e+00,-1.000000000000000000e+00,-1.000000000000000000e+00,-1.000000000000000000e+00,-1.000000000000000000e+00,-1.000000000000000000e+00,-1.000000000000000000e+00,-1.000000000000000000e+00,-1.000000000000000000e+00,-1.000000000000000000e+00,-1.000000000000000000e+00,-1.000000000000000000e+00,-1.000000000000000000e+00,-1.000000000000000000e+00,-1.000000000000000000e+00,-1.000000000000000000e+00,-1.000000000000000000e+00,-1.000000000000000000e+00,-1.000000000000000000e+00,-1.000000000000000000e+00,-1.000000000000000000e+00,-1.000000000000000000e+00,-1.000000000000000000e+00,-1.000000000000000000e+00,-1.000000000000000000e+00,-1.000000000000000000e+00,-1.000000000000000000e+00,-1.000000000000000000e+00,-1.000000000000000000e+00,-1.000000000000000000e+00,-1.000000000000000000e+00,-1.000000000000000000e+00,-1.000000000000000000e+00,-1.000000000000000000e+00,-1.000000000000000000e+00,-1.000000000000000000e+00,-1.000000000000000000e+00,-1.000000000000000000e+00,-1.000000000000000000e+00,-1.000000000000000000e+00,-1.000000000000000000e+00
3.408692181110382080e-01,8.013361096382141113e-01,1.763874735161152785e-07,3.575314283370971680e-01,7.742546200752258301e-01,6.508321501314640045e-03,3.761207163333892822e-01,7.634530663490295410e-01,6.483967415988445282e-03,3.924801647663116455e-01,7.658154964447021484e-01,5.271669477224349976e-03,4.044665694236755371e-01,7.731422781944274902e-01,3.839978249743580818e-03,3.847842812538146973e-01,7.590734362602233887e-01,-8.600078523159027100e-03,4.052470326423645020e-01,7.350205183029174805e-01,-1.723640784621238708e-02,4.225598871707916260e-01,7.319281101226806641e-01,-2.142846398055553436e-02,4.353107213973999023e-01,7.360698580741882324e-01,-2.297545596957206726e-02,3.886120617389678955e-01,7.758432030677795410e-01,-1.518057566136121750e-02,4.234840869903564453e-01,7.697947025299072266e-01,-2.389689534902572632e-02,4.433755874633789062e-01,7.785221338272094727e-01,-2.688938006758689880e-02,4.541226029396057129e-01,7.902306318283081055e-01,-2.725143730640411377e-02,3.894580304622650146e-01,7.967571020126342773e-01,-2.076625823974609375e-02,4.246309101581573486e-01,8.022626042366027832e-01,-2.846797183156013489e-02,4.416710138320922852e-01,8.153131008148193359e-01,-2.960779517889022827e-02,4.516752362251281738e-01,8.259832859039306641e-01,-2.852889150381088257e-02,3.878873884677886963e-01,8.199457526206970215e-01,-2.533456496894359589e-02,4.161301553249359131e-01,8.301525712013244629e-01,-3.054510056972503662e-02,4.292105436325073242e-01,8.389696478843688965e-01,-2.989184670150279999e-02,4.387268126010894775e-01,8.452396392822265625e-01,-2.773345448076725006e-02,-1.000000000000000000e+00,-1.000000000000000000e+00,-1.000000000000000000e+00,-1.000000000000000000e+00,-1.000000000000000000e+00,-1.000000000000000000e+00,-1.000000000000000000e+00,-1.000000000000000000e+00,-1.000000000000000000e+00,-1.000000000000000000e+00,-1.000000000000000000e+00,-1.000000000000000000e+00,-1.000000000000000000e+00,-1.000000000000000000e+00,-1.000000000000000000e+00,-1.000000000000000000e+00,-1.000000000000000000e+00,-1.000000000000000000e+00,-1.000000000000000000e+00,-1.000000000000000000e+00,-1.000000000000000000e+00,-1.000000000000000000e+00,-1.000000000000000000e+00,-1.000000000000000000e+00,-1.000000000000000000e+00,-1.000000000000000000e+00,-1.000000000000000000e+00,-1.000000000000000000e+00,-1.000000000000000000e+00,-1.000000000000000000e+00,-1.000000000000000000e+00,-1.000000000000000000e+00,-1.000000000000000000e+00,-1.000000000000000000e+00,-1.000000000000000000e+00,-1.000000000000000000e+00,-1.000000000000000000e+00,-1.000000000000000000e+00,-1.000000000000000000e+00,-1.000000000000000000e+00,-1.000000000000000000e+00,-1.000000000000000000e+00,-1.000000000000000000e+00,-1.000000000000000000e+00,-1.000000000000000000e+00,-1.000000000000000000e+00,-1.000000000000000000e+00,-1.000000000000000000e+00,-1.000000000000000000e+00,-1.000000000000000000e+00,-1.000000000000000000e+00,-1.000000000000000000e+00,-1.000000000000000000e+00,-1.000000000000000000e+00,-1.000000000000000000e+00,-1.000000000000000000e+00,-1.000000000000000000e+00,-1.000000000000000000e+00,-1.000000000000000000e+00,-1.000000000000000000e+00,-1.000000000000000000e+00,-1.000000000000000000e+00,-1.000000000000000000e+00
3.492892682552337646e-01,8.081321120262145996e-01,1.792704154013335938e-07,3.655488193035125732e-01,7.795196175575256348e-01,4.348122980445623398e-03,3.836406171321868896e-01,7.658756971359252930e-01,2.052403055131435394e-03,4.019043445587158203e-01,7.650286555290222168e-01,-6.899475120007991791e-04,4.165406525135040283e-01,7.705935239791870117e-01,-3.484342247247695923e-03,3.898772597312927246e-01,7.600360512733459473e-01,-1.426585577428340912e-02,4.108985662460327148e-01,7.347744703292846680e-01,-2.531036548316478729e-02,4.287538528442382812e-01,7.319993376731872559e-01,-3.110404685139656067e-02,4.422256052494049072e-01,7.361744642257690430e-01,-3.356646746397018433e-02,3.928044438362121582e-01,7.762976884841918945e-01,-2.022813074290752411e-02,4.291017949581146240e-01,7.712367177009582520e-01,-3.020394220948219299e-02,4.492194056510925293e-01,7.803847193717956543e-01,-3.361834585666656494e-02,4.605077803134918213e-01,7.911559939384460449e-01,-3.466526418924331665e-02,3.937583267688751221e-01,7.977187633514404297e-01,-2.518062666058540344e-02,4.296177625656127930e-01,8.036761879920959473e-01,-3.376703336834907532e-02,4.469960033893585205e-01,8.164477944374084473e-01,-3.529403358697891235e-02,4.572070538997650146e-01,8.266600966453552246e-01,-3.486404567956924438e-02,3.931075334548950195e-01,8.215731382369995117e-01,-2.918065711855888367e-02,4.221407771110534668e-01,8.305286169052124023e-01,-3.468955308198928833e-02,4.356406033039093018e-01,8.385055661201477051e-01,-3.417094424366950989e-02,4.458464980125427246e-01,8.439991474151611328e-01,-3.252616897225379944e-02,-1.000000000000000000e+00,-1.000000000000000000e+00,-1.000000000000000000e+00,-1.000000000000000000e+00,-1.000000000000000000e+00,-1.000000000000000000e+00,-1.000000000000000000e+00,-1.000000000000000000e+00,-1.000000000000000000e+00,-1.000000000000000000e+00,-1.000000000000000000e+00,-1.000000000000000000e+00,-1.000000000000000000e+00,-1.000000000000000000e+00,-1.000000000000000000e+00,-1.000000000000000000e+00,-1.000000000000000000e+00,-1.000000000000000000e+00,-1.000000000000000000e+00,-1.000000000000000000e+00,-1.000000000000000000e+00,-1.000000000000000000e+00,-1.000000000000000000e+00,-1.000000000000000000e+00,-1.000000000000000000e+00,-1.000000000000000000e+00,-1.000000000000000000e+00,-1.000000000000000000e+00,-1.000000000000000000e+00,-1.000000000000000000e+00,-1.000000000000000000e+00,-1.000000000000000000e+00,-1.000000000000000000e+00,-1.000000000000000000e+00,-1.000000000000000000e+00,-1.000000000000000000e+00,-1.000000000000000000e+00,-1.000000000000000000e+00,-1.000000000000000000e+00,-1.000000000000000000e+00,-1.000000000000000000e+00,-1.000000000000000000e+00,-1.000000000000000000e+00,-1.000000000000000000e+00,-1.000000000000000000e+00,-1.000000000000000000e+00,-1.000000000000000000e+00,-1.000000000000000000e+00,-1.000000000000000000e+00,-1.000000000000000000e+00,-1.000000000000000000e+00,-1.000000000000000000e+00,-1.000000000000000000e+00,-1.000000000000000000e+00,-1.000000000000000000e+00,-1.000000000000000000e+00,-1.000000000000000000e+00,-1.000000000000000000e+00,-1.000000000000000000e+00,-1.000000000000000000e+00,-1.000000000000000000e+00,-1.000000000000000000e+00,-1.000000000000000000e+00
3.492892682552337646e-01,8.081321120262145996e-01,1.792704154013335938e-07,3.655488193035125732e-01,7.795196175575256348e-01,4.348122980445623398e-03,3.836406171321868896e-01,7.658756971359252930e-01,2.052403055131435394e-03,4.019043445587158203e-01,7.650286555290222168e-01,-6.899475120007991791e-04,4.165406525135040283e-01,7.705935239791870117e-01,-3.484342247247695923e-03,3.898772597312927246e-01,7.600360512733459473e-01,-1.426585577428340912e-02,4.108985662460327148e-01,7.347744703292846680e-01,-2.531036548316478729e-02,4.287538528442382812e-01,7.319993376731872559e-01,-3.110404685139656067e-02,4.422256052494049072e-01,7.361744642257690430e-01,-3.356646746397018433e-02,3.928044438362121582e-01,7.762976884841918945e-01,-2.022813074290752411e-02,4.291017949581146240e-01,7.712367177009582520e-01,-3.020394220948219299e-02,4.492194056510925293e-01,7.803847193717956543e-01,-3.361834585666656494e-02,4.605077803134918213e-01,7.911559939384460449e-01,-3.466526418924331665e-02,3.937583267688751221e-01,7.977187633514404297e-01,-2.518062666058540344e-02,4.296177625656127930e-01,8.036761879920959473e-01,-3.376703336834907532e-02,4.469960033893585205e-01,8.164477944374084473e-01,-3.529403358697891235e-02,4.572070538997650146e-01,8.266600966453552246e-01,-3.486404567956924438e-02,3.931075334548950195e-01,8.215731382369995117e-01,-2.918065711855888367e-02,4.221407771110534668e-01,8.305286169052124023e-01,-3.468955308198928833e-02,4.356406033039093018e-01,8.385055661201477051e-01,-3.417094424366950989e-02,4.458464980125427246e-01,8.439991474151611328e-01,-3.252616897225379944e-02,-1.000000000000000000e+00,-1.000000000000000000e+00,-1.000000000000000000e+00,-1.000000000000000000e+00,-1.000000000000000000e+00,-1.000000000000000000e+00,-1.000000000000000000e+00,-1.000000000000000000e+00,-1.000000000000000000e+00,-1.000000000000000000e+00,-1.000000000000000000e+00,-1.000000000000000000e+00,-1.000000000000000000e+00,-1.000000000000000000e+00,-1.000000000000000000e+00,-1.000000000000000000e+00,-1.000000000000000000e+00,-1.000000000000000000e+00,-1.000000000000000000e+00,-1.000000000000000000e+00,-1.000000000000000000e+00,-1.000000000000000000e+00,-1.000000000000000000e+00,-1.000000000000000000e+00,-1.000000000000000000e+00,-1.000000000000000000e+00,-1.000000000000000000e+00,-1.000000000000000000e+00,-1.000000000000000000e+00,-1.000000000000000000e+00,-1.000000000000000000e+00,-1.000000000000000000e+00,-1.000000000000000000e+00,-1.000000000000000000e+00,-1.000000000000000000e+00,-1.000000000000000000e+00,-1.000000000000000000e+00,-1.000000000000000000e+00,-1.000000000000000000e+00,-1.000000000000000000e+00,-1.000000000000000000e+00,-1.000000000000000000e+00,-1.000000000000000000e+00,-1.000000000000000000e+00,-1.000000000000000000e+00,-1.000000000000000000e+00,-1.000000000000000000e+00,-1.000000000000000000e+00,-1.000000000000000000e+00,-1.000000000000000000e+00,-1.000000000000000000e+00,-1.000000000000000000e+00,-1.000000000000000000e+00,-1.000000000000000000e+00,-1.000000000000000000e+00,-1.000000000000000000e+00,-1.000000000000000000e+00,-1.000000000000000000e+00,-1.000000000000000000e+00,-1.000000000000000000e+00,-1.000000000000000000e+00,-1.000000000000000000e+00,-1.000000000000000000e+00
3.489252626895904541e-01,8.039584755897521973e-01,1.989690190384862944e-07,3.655177354812622070e-01,7.750996947288513184e-01,5.553745198994874954e-03,3.848840594291687012e-01,7.636443376541137695e-01,4.191009327769279480e-03,4.026231765747070312e-01,7.654239535331726074e-01,2.141349250450730324e-03,4.157157838344573975e-01,7.727605700492858887e-01,-9.247178240912035108e-06,3.912383913993835449e-01,7.606417536735534668e-01,-1.361608225852251053e-02,4.117467701435089111e-01,7.354660034179687500e-01,-2.427500486373901367e-02,4.302783012390136719e-01,7.327595353126525879e-01,-2.947114221751689911e-02,4.437834918498992920e-01,7.371768951416015625e-01,-3.144589066505432129e-02,3.939861059188842773e-01,7.777191400527954102e-01,-2.004148624837398529e-02,4.306530058383941650e-01,7.730640769004821777e-01,-3.078957088291645050e-02,4.506816864013671875e-01,7.823260426521301270e-01,-3.406745195388793945e-02,4.607912898063659668e-01,7.932839393615722656e-01,-3.431987389922142029e-02,3.946310877799987793e-01,7.990737557411193848e-01,-2.527862787246704102e-02,4.315022826194763184e-01,8.039997816085815430e-01,-3.428295254707336426e-02,4.490509331226348877e-01,8.164775967597961426e-01,-3.427520021796226501e-02,4.589718878269195557e-01,8.256530761718750000e-01,-3.212222456932067871e-02,3.937367796897888184e-01,8.221356272697448730e-01,-2.951296418905258179e-02,4.235135316848754883e-01,8.310215473175048828e-01,-3.578514233231544495e-02,4.370515644550323486e-01,8.394697308540344238e-01,-3.463641181588172913e-02,4.466996788978576660e-01,8.447944521903991699e-01,-3.180972114205360413e-02,-1.000000000000000000e+00,-1.000000000000000000e+00,-1.000000000000000000e+00,-1.000000000000000000e+00,-1.000000000000000000e+00,-1.000000000000000000e+00,-1.000000000000000000e+00,-1.000000000000000000e+00,-1.000000000000000000e+00,-1.000000000000000000e+00,-1.000000000000000000e+00,-1.000000000000000000e+00,-1.000000000000000000e+00,-1.000000000000000000e+00,-1.000000000000000000e+00,-1.000000000000000000e+00,-1.000000000000000000e+00,-1.000000000000000000e+00,-1.000000000000000000e+00,-1.000000000000000000e+00,-1.000000000000000000e+00,-1.000000000000000000e+00,-1.000000000000000000e+00,-1.000000000000000000e+00,-1.000000000000000000e+00,-1.000000000000000000e+00,-1.000000000000000000e+00,-1.000000000000000000e+00,-1.000000000000000000e+00,-1.000000000000000000e+00,-1.000000000000000000e+00,-1.000000000000000000e+00,-1.000000000000000000e+00,-1.000000000000000000e+00,-1.000000000000000000e+00,-1.000000000000000000e+00,-1.000000000000000000e+00,-1.000000000000000000e+00,-1.000000000000000000e+00,-1.000000000000000000e+00,-1.000000000000000000e+00,-1.000000000000000000e+00,-1.000000000000000000e+00,-1.000000000000000000e+00,-1.000000000000000000e+00,-1.000000000000000000e+00,-1.000000000000000000e+00,-1.000000000000000000e+00,-1.000000000000000000e+00,-1.000000000000000000e+00,-1.000000000000000000e+00,-1.000000000000000000e+00,-1.000000000000000000e+00,-1.000000000000000000e+00,-1.000000000000000000e+00,-1.000000000000000000e+00,-1.000000000000000000e+00,-1.000000000000000000e+00,-1.000000000000000000e+00,-1.000000000000000000e+00,-1.000000000000000000e+00,-1.000000000000000000e+00,-1.000000000000000000e+00
3.552728891372680664e-01,7.993779778480529785e-01,1.917405398899063584e-07,3.734371066093444824e-01,7.713631987571716309e-01,5.375502631068229675e-03,3.927246332168579102e-01,7.620439529418945312e-01,3.733559278771281242e-03,4.101870059967041016e-01,7.662422657012939453e-01,1.566315419040620327e-03,4.233919382095336914e-01,7.765561342239379883e-01,-7.259873673319816589e-04,3.984052538871765137e-01,7.584110498428344727e-01,-1.387104671448469162e-02,4.196025431156158447e-01,7.364513874053955078e-01,-2.443115599453449249e-02,4.373853504657745361e-01,7.323288917541503906e-01,-2.994564361870288849e-02,4.507518410682678223e-01,7.342491149902343750e-01,-3.236788883805274963e-02,4.006714522838592529e-01,7.760108709335327148e-01,-1.994471624493598938e-02,4.370185732841491699e-01,7.740347385406494141e-01,-2.962878718972206116e-02,4.572968184947967529e-01,7.844032645225524902e-01,-3.285079821944236755e-02,4.681895673274993896e-01,7.955603599548339844e-01,-3.365331143140792847e-02,4.010005593299865723e-01,7.978481650352478027e-01,-2.480020374059677124e-02,4.368831217288970947e-01,8.062499761581420898e-01,-3.254027292132377625e-02,4.536514878273010254e-01,8.196752667427062988e-01,-3.288575634360313416e-02,4.635316133499145508e-01,8.297048211097717285e-01,-3.143696114420890808e-02,3.997156620025634766e-01,8.215373754501342773e-01,-2.867454290390014648e-02,4.294730722904205322e-01,8.310801982879638672e-01,-3.325076401233673096e-02,4.426063895225524902e-01,8.393891453742980957e-01,-3.169283643364906311e-02,4.524739980697631836e-01,8.451192378997802734e-01,-2.908845618367195129e-02,-1.000000000000000000e+00,-1.000000000000000000e+00,-1.000000000000000000e+00,-1.000000000000000000e+00,-1.000000000000000000e+00,-1.000000000000000000e+00,-1.000000000000000000e+00,-1.000000000000000000e+00,-1.000000000000000000e+00,-1.000000000000000000e+00,-1.000000000000000000e+00,-1.000000000000000000e+00,-1.000000000000000000e+00,-1.000000000000000000e+00,-1.000000000000000000e+00,-1.000000000000000000e+00,-1.000000000000000000e+00,-1.000000000000000000e+00,-1.000000000000000000e+00,-1.000000000000000000e+00,-1.000000000000000000e+00,-1.000000000000000000e+00,-1.000000000000000000e+00,-1.000000000000000000e+00,-1.000000000000000000e+00,-1.000000000000000000e+00,-1.000000000000000000e+00,-1.000000000000000000e+00,-1.000000000000000000e+00,-1.000000000000000000e+00,-1.000000000000000000e+00,-1.000000000000000000e+00,-1.000000000000000000e+00,-1.000000000000000000e+00,-1.000000000000000000e+00,-1.000000000000000000e+00,-1.000000000000000000e+00,-1.000000000000000000e+00,-1.000000000000000000e+00,-1.000000000000000000e+00,-1.000000000000000000e+00,-1.000000000000000000e+00,-1.000000000000000000e+00,-1.000000000000000000e+00,-1.000000000000000000e+00,-1.000000000000000000e+00,-1.000000000000000000e+00,-1.000000000000000000e+00,-1.000000000000000000e+00,-1.000000000000000000e+00,-1.000000000000000000e+00,-1.000000000000000000e+00,-1.000000000000000000e+00,-1.000000000000000000e+00,-1.000000000000000000e+00,-1.000000000000000000e+00,-1.000000000000000000e+00,-1.000000000000000000e+00,-1.000000000000000000e+00,-1.000000000000000000e+00,-1.000000000000000000e+00,-1.000000000000000000e+00,-1.000000000000000000e+00
3.553581237792968750e-01,7.995877265930175781e-01,1.801212192731327377e-07,3.726306855678558350e-01,7.729875445365905762e-01,5.077776964753866196e-03,3.906234800815582275e-01,7.621846199035644531e-01,3.527834312990307808e-03,4.067568182945251465e-01,7.633135318756103516e-01,1.197685603983700275e-03,4.187986254692077637e-01,7.704692482948303223e-01,-1.457080594263970852e-03,3.986656963825225830e-01,7.586479783058166504e-01,-1.331377867609262466e-02,4.188358187675476074e-01,7.351627349853515625e-01,-2.425780333578586578e-02,4.366157650947570801e-01,7.316104173660278320e-01,-3.017558157444000244e-02,4.504823684692382812e-01,7.350552082061767578e-01,-3.275898844003677368e-02,4.010673165321350098e-01,7.755659222602844238e-01,-1.958108320832252502e-02,4.359699785709381104e-01,7.734404206275939941e-01,-2.945882081985473633e-02,4.566003382205963135e-01,7.833095788955688477e-01,-3.264309838414192200e-02,4.682809114456176758e-01,7.946757078170776367e-01,-3.331958875060081482e-02,4.011620283126831055e-01,7.974466681480407715e-01,-2.485944703221321106e-02,4.361020922660827637e-01,8.050687313079833984e-01,-3.341290354728698730e-02,4.536647200584411621e-01,8.182163834571838379e-01,-3.456626459956169128e-02,4.640505015850067139e-01,8.281300067901611328e-01,-3.353231027722358704e-02,3.994656205177307129e-01,8.205888271331787109e-01,-2.922324091196060181e-02,4.285380840301513672e-01,8.306845426559448242e-01,-3.499561548233032227e-02,4.419806897640228271e-01,8.390686511993408203e-01,-3.429115191102027893e-02,4.521254897117614746e-01,8.449460268020629883e-01,-3.213176131248474121e-02,-1.000000000000000000e+00,-1.000000000000000000e+00,-1.000000000000000000e+00,-1.000000000000000000e+00,-1.000000000000000000e+00,-1.000000000000000000e+00,-1.000000000000000000e+00,-1.000000000000000000e+00,-1.000000000000000000e+00,-1.000000000000000000e+00,-1.000000000000000000e+00,-1.000000000000000000e+00,-1.000000000000000000e+00,-1.000000000000000000e+00,-1.000000000000000000e+00,-1.000000000000000000e+00,-1.000000000000000000e+00,-1.000000000000000000e+00,-1.000000000000000000e+00,-1.000000000000000000e+00,-1.000000000000000000e+00,-1.000000000000000000e+00,-1.000000000000000000e+00,-1.000000000000000000e+00,-1.000000000000000000e+00,-1.000000000000000000e+00,-1.000000000000000000e+00,-1.000000000000000000e+00,-1.000000000000000000e+00,-1.000000000000000000e+00,-1.000000000000000000e+00,-1.000000000000000000e+00,-1.000000000000000000e+00,-1.000000000000000000e+00,-1.000000000000000000e+00,-1.000000000000000000e+00,-1.000000000000000000e+00,-1.000000000000000000e+00,-1.000000000000000000e+00,-1.000000000000000000e+00,-1.000000000000000000e+00,-1.000000000000000000e+00,-1.000000000000000000e+00,-1.000000000000000000e+00,-1.000000000000000000e+00,-1.000000000000000000e+00,-1.000000000000000000e+00,-1.000000000000000000e+00,-1.000000000000000000e+00,-1.000000000000000000e+00,-1.000000000000000000e+00,-1.000000000000000000e+00,-1.000000000000000000e+00,-1.000000000000000000e+00,-1.000000000000000000e+00,-1.000000000000000000e+00,-1.000000000000000000e+00,-1.000000000000000000e+00,-1.000000000000000000e+00,-1.000000000000000000e+00,-1.000000000000000000e+00,-1.000000000000000000e+00,-1.000000000000000000e+00
3.553581237792968750e-01,7.995877265930175781e-01,1.801212192731327377e-07,3.726306855678558350e-01,7.729875445365905762e-01,5.077776964753866196e-03,3.906234800815582275e-01,7.621846199035644531e-01,3.527834312990307808e-03,4.067568182945251465e-01,7.633135318756103516e-01,1.197685603983700275e-03,4.187986254692077637e-01,7.704692482948303223e-01,-1.457080594263970852e-03,3.986656963825225830e-01,7.586479783058166504e-01,-1.331377867609262466e-02,4.188358187675476074e-01,7.351627349853515625e-01,-2.425780333578586578e-02,4.366157650947570801e-01,7.316104173660278320e-01,-3.017558157444000244e-02,4.504823684692382812e-01,7.350552082061767578e-01,-3.275898844003677368e-02,4.010673165321350098e-01,7.755659222602844238e-01,-1.958108320832252502e-02,4.359699785709381104e-01,7.734404206275939941e-01,-2.945882081985473633e-02,4.566003382205963135e-01,7.833095788955688477e-01,-3.264309838414192200e-02,4.682809114456176758e-01,7.946757078170776367e-01,-3.331958875060081482e-02,4.011620283126831055e-01,7.974466681480407715e-01,-2.485944703221321106e-02,4.361020922660827637e-01,8.050687313079833984e-01,-3.341290354728698730e-02,4.536647200584411621e-01,8.182163834571838379e-01,-3.456626459956169128e-02,4.640505015850067139e-01,8.281300067901611328e-01,-3.353231027722358704e-02,3.994656205177307129e-01,8.205888271331787109e-01,-2.922324091196060181e-02,4.285380840301513672e-01,8.306845426559448242e-01,-3.499561548233032227e-02,4.419806897640228271e-01,8.390686511993408203e-01,-3.429115191102027893e-02,4.521254897117614746e-01,8.449460268020629883e-01,-3.213176131248474121e-02,-1.000000000000000000e+00,-1.000000000000000000e+00,-1.000000000000000000e+00,-1.000000000000000000e+00,-1.000000000000000000e+00,-1.000000000000000000e+00,-1.000000000000000000e+00,-1.000000000000000000e+00,-1.000000000000000000e+00,-1.000000000000000000e+00,-1.000000000000000000e+00,-1.000000000000000000e+00,-1.000000000000000000e+00,-1.000000000000000000e+00,-1.000000000000000000e+00,-1.000000000000000000e+00,-1.000000000000000000e+00,-1.000000000000000000e+00,-1.000000000000000000e+00,-1.000000000000000000e+00,-1.000000000000000000e+00,-1.000000000000000000e+00,-1.000000000000000000e+00,-1.000000000000000000e+00,-1.000000000000000000e+00,-1.000000000000000000e+00,-1.000000000000000000e+00,-1.000000000000000000e+00,-1.000000000000000000e+00,-1.000000000000000000e+00,-1.000000000000000000e+00,-1.000000000000000000e+00,-1.000000000000000000e+00,-1.000000000000000000e+00,-1.000000000000000000e+00,-1.000000000000000000e+00,-1.000000000000000000e+00,-1.000000000000000000e+00,-1.000000000000000000e+00,-1.000000000000000000e+00,-1.000000000000000000e+00,-1.000000000000000000e+00,-1.000000000000000000e+00,-1.000000000000000000e+00,-1.000000000000000000e+00,-1.000000000000000000e+00,-1.000000000000000000e+00,-1.000000000000000000e+00,-1.000000000000000000e+00,-1.000000000000000000e+00,-1.000000000000000000e+00,-1.000000000000000000e+00,-1.000000000000000000e+00,-1.000000000000000000e+00,-1.000000000000000000e+00,-1.000000000000000000e+00,-1.000000000000000000e+00,-1.000000000000000000e+00,-1.000000000000000000e+00,-1.000000000000000000e+00,-1.000000000000000000e+00,-1.000000000000000000e+00,-1.000000000000000000e+00
3.582644462585449219e-01,7.989703416824340820e-01,1.801960394232082763e-07,3.770447075366973877e-01,7.725992798805236816e-01,5.482857115566730499e-03,3.972173035144805908e-01,7.645123004913330078e-01,4.679951351135969162e-03,4.146420657634735107e-01,7.692072987556457520e-01,3.260753815993666649e-03,4.273425638675689697e-01,7.784034609794616699e-01,1.782064908184111118e-03,4.014834463596343994e-01,7.579542994499206543e-01,-1.209786161780357361e-02,4.220978021621704102e-01,7.351929545402526855e-01,-2.274501882493495941e-02,4.401451647281646729e-01,7.320119142532348633e-01,-2.853048592805862427e-02,4.538516998291015625e-01,7.356732487678527832e-01,-3.103447705507278442e-02,4.032177925109863281e-01,7.747779488563537598e-01,-1.810727827250957489e-02,4.386375248432159424e-01,7.728275060653686523e-01,-2.786197885870933533e-02,4.592032730579376221e-01,7.832757830619812012e-01,-3.148249536752700806e-02,4.706148803234100342e-01,7.946402430534362793e-01,-3.248807415366172791e-02,4.032315909862518311e-01,7.963899374008178711e-01,-2.305698767304420471e-02,4.386940300464630127e-01,8.053507804870605469e-01,-3.134399652481079102e-02,4.559459686279296875e-01,8.196848630905151367e-01,-3.244761377573013306e-02,4.662673473358154297e-01,8.302627205848693848e-01,-3.136057406663894653e-02,4.019548594951629639e-01,8.197112679481506348e-01,-2.701747789978981018e-02,4.311977326869964600e-01,8.307015895843505859e-01,-3.271126002073287964e-02,4.445952773094177246e-01,8.396776318550109863e-01,-3.216560184955596924e-02,4.547843635082244873e-01,8.456847071647644043e-01,-3.011395409703254700e-02,-1.000000000000000000e+00,-1.000000000000000000e+00,-1.000000000000000000e+00,-1.000000000000000000e+00,-1.000000000000000000e+00,-1.000000000000000000e+00,-1.000000000000000000e+00,-1.000000000000000000e+00,-1.000000000000000000e+00,-1.000000000000000000e+00,-1.000000000000000000e+00,-1.000000000000000000e+00,-1.000000000000000000e+00,-1.000000000000000000e+00,-1.000000000000000000e+00,-1.000000000000000000e+00,-1.000000000000000000e+00,-1.000000000000000000e+00,-1.000000000000000000e+00,-1.000000000000000000e+00,-1.000000000000000000e+00,-1.000000000000000000e+00,-1.000000000000000000e+00,-1.000000000000000000e+00,-1.000000000000000000e+00,-1.000000000000000000e+00,-1.000000000000000000e+00,-1.000000000000000000e+00,-1.000000000000000000e+00,-1.000000000000000000e+00,-1.000000000000000000e+00,-1.000000000000000000e+00,-1.000000000000000000e+00,-1.000000000000000000e+00,-1.000000000000000000e+00,-1.000000000000000000e+00,-1.000000000000000000e+00,-1.000000000000000000e+00,-1.000000000000000000e+00,-1.000000000000000000e+00,-1.000000000000000000e+00,-1.000000000000000000e+00,-1.000000000000000000e+00,-1.000000000000000000e+00,-1.000000000000000000e+00,-1.000000000000000000e+00,-1.000000000000000000e+00,-1.000000000000000000e+00,-1.000000000000000000e+00,-1.000000000000000000e+00,-1.000000000000000000e+00,-1.000000000000000000e+00,-1.000000000000000000e+00,-1.000000000000000000e+00,-1.000000000000000000e+00,-1.000000000000000000e+00,-1.000000000000000000e+00,-1.000000000000000000e+00,-1.000000000000000000e+00,-1.000000000000000000e+00,-1.000000000000000000e+00,-1.000000000000000000e+00,-1.000000000000000000e+00
3.621971309185028076e-01,7.975189685821533203e-01,1.889827956347289728e-07,3.817316889762878418e-01,7.711359262466430664e-01,5.603199824690818787e-03,4.024514853954315186e-01,7.639067769050598145e-01,4.726008046418428421e-03,4.200466871261596680e-01,7.692751288414001465e-01,3.260126570239663124e-03,4.328020811080932617e-01,7.779725790023803711e-01,1.834848779253661633e-03,4.070167243480682373e-01,7.567054033279418945e-01,-1.218814589083194733e-02,4.273048639297485352e-01,7.341594099998474121e-01,-2.209905534982681274e-02,4.448273479938507080e-01,7.308369278907775879e-01,-2.709394693374633789e-02,4.578470289707183838e-01,7.341544628143310547e-01,-2.911355346441268921e-02,4.084414243698120117e-01,7.738912701606750488e-01,-1.828053407371044159e-02,4.433644711971282959e-01,7.719018459320068359e-01,-2.803395316004753113e-02,4.638744592666625977e-01,7.827815413475036621e-01,-3.145837783813476562e-02,4.749789237976074219e-01,7.949762344360351562e-01,-3.224659711122512817e-02,4.081460237503051758e-01,7.954093813896179199e-01,-2.321639657020568848e-02,4.435297548770904541e-01,8.046346306800842285e-01,-3.138722851872444153e-02,4.603258073329925537e-01,8.190168142318725586e-01,-3.207654878497123718e-02,4.702685177326202393e-01,8.299873471260070801e-01,-3.063387423753738403e-02,4.065369963645935059e-01,8.188332915306091309e-01,-2.712955325841903687e-02,4.358552694320678711e-01,8.298690319061279297e-01,-3.227320685982704163e-02,4.489842355251312256e-01,8.388528227806091309e-01,-3.123184852302074432e-02,4.588363766670227051e-01,8.449863195419311523e-01,-2.882117219269275665e-02,-1.000000000000000000e+00,-1.000000000000000000e+00,-1.000000000000000000e+00,-1.000000000000000000e+00,-1.000000000000000000e+00,-1.000000000000000000e+00,-1.000000000000000000e+00,-1.000000000000000000e+00,-1.000000000000000000e+00,-1.000000000000000000e+00,-1.000000000000000000e+00,-1.000000000000000000e+00,-1.000000000000000000e+00,-1.000000000000000000e+00,-1.000000000000000000e+00,-1.000000000000000000e+00,-1.000000000000000000e+00,-1.000000000000000000e+00,-1.000000000000000000e+00,-1.000000000000000000e+00,-1.000000000000000000e+00,-1.000000000000000000e+00,-1.000000000000000000e+00,-1.000000000000000000e+00,-1.000000000000000000e+00,-1.000000000000000000e+00,-1.000000000000000000e+00,-1.000000000000000000e+00,-1.000000000000000000e+00,-1.000000000000000000e+00,-1.000000000000000000e+00,-1.000000000000000000e+00,-1.000000000000000000e+00,-1.000000000000000000e+00,-1.000000000000000000e+00,-1.000000000000000000e+00,-1.000000000000000000e+00,-1.000000000000000000e+00,-1.000000000000000000e+00,-1.000000000000000000e+00,-1.000000000000000000e+00,-1.000000000000000000e+00,-1.000000000000000000e+00,-1.000000000000000000e+00,-1.000000000000000000e+00,-1.000000000000000000e+00,-1.000000000000000000e+00,-1.000000000000000000e+00,-1.000000000000000000e+00,-1.000000000000000000e+00,-1.000000000000000000e+00,-1.000000000000000000e+00,-1.000000000000000000e+00,-1.000000000000000000e+00,-1.000000000000000000e+00,-1.000000000000000000e+00,-1.000000000000000000e+00,-1.000000000000000000e+00,-1.000000000000000000e+00,-1.000000000000000000e+00,-1.000000000000000000e+00,-1.000000000000000000e+00,-1.000000000000000000e+00
3.621971309185028076e-01,7.975189685821533203e-01,1.889827956347289728e-07,3.817316889762878418e-01,7.711359262466430664e-01,5.603199824690818787e-03,4.024514853954315186e-01,7.639067769050598145e-01,4.726008046418428421e-03,4.200466871261596680e-01,7.692751288414001465e-01,3.260126570239663124e-03,4.328020811080932617e-01,7.779725790023803711e-01,1.834848779253661633e-03,4.070167243480682373e-01,7.567054033279418945e-01,-1.218814589083194733e-02,4.273048639297485352e-01,7.341594099998474121e-01,-2.209905534982681274e-02,4.448273479938507080e-01,7.308369278907775879e-01,-2.709394693374633789e-02,4.578470289707183838e-01,7.341544628143310547e-01,-2.911355346441268921e-02,4.084414243698120117e-01,7.738912701606750488e-01,-1.828053407371044159e-02,4.433644711971282959e-01,7.719018459320068359e-01,-2.803395316004753113e-02,4.638744592666625977e-01,7.827815413475036621e-01,-3.145837783813476562e-02,4.749789237976074219e-01,7.949762344360351562e-01,-3.224659711122512817e-02,4.081460237503051758e-01,7.954093813896179199e-01,-2.321639657020568848e-02,4.435297548770904541e-01,8.046346306800842285e-01,-3.138722851872444153e-02,4.603258073329925537e-01,8.190168142318725586e-01,-3.207654878497123718e-02,4.702685177326202393e-01,8.299873471260070801e-01,-3.063387423753738403e-02,4.065369963645935059e-01,8.188332915306091309e-01,-2.712955325841903687e-02,4.358552694320678711e-01,8.298690319061279297e-01,-3.227320685982704163e-02,4.489842355251312256e-01,8.388528227806091309e-01,-3.123184852302074432e-02,4.588363766670227051e-01,8.449863195419311523e-01,-2.882117219269275665e-02,-1.000000000000000000e+00,-1.000000000000000000e+00,-1.000000000000000000e+00,-1.000000000000000000e+00,-1.000000000000000000e+00,-1.000000000000000000e+00,-1.000000000000000000e+00,-1.000000000000000000e+00,-1.000000000000000000e+00,-1.000000000000000000e+00,-1.000000000000000000e+00,-1.000000000000000000e+00,-1.000000000000000000e+00,-1.000000000000000000e+00,-1.000000000000000000e+00,-1.000000000000000000e+00,-1.000000000000000000e+00,-1.000000000000000000e+00,-1.000000000000000000e+00,-1.000000000000000000e+00,-1.000000000000000000e+00,-1.000000000000000000e+00,-1.000000000000000000e+00,-1.000000000000000000e+00,-1.000000000000000000e+00,-1.000000000000000000e+00,-1.000000000000000000e+00,-1.000000000000000000e+00,-1.000000000000000000e+00,-1.000000000000000000e+00,-1.000000000000000000e+00,-1.000000000000000000e+00,-1.000000000000000000e+00,-1.000000000000000000e+00,-1.000000000000000000e+00,-1.000000000000000000e+00,-1.000000000000000000e+00,-1.000000000000000000e+00,-1.000000000000000000e+00,-1.000000000000000000e+00,-1.000000000000000000e+00,-1.000000000000000000e+00,-1.000000000000000000e+00,-1.000000000000000000e+00,-1.000000000000000000e+00,-1.000000000000000000e+00,-1.000000000000000000e+00,-1.000000000000000000e+00,-1.000000000000000000e+00,-1.000000000000000000e+00,-1.000000000000000000e+00,-1.000000000000000000e+00,-1.000000000000000000e+00,-1.000000000000000000e+00,-1.000000000000000000e+00,-1.000000000000000000e+00,-1.000000000000000000e+00,-1.000000000000000000e+00,-1.000000000000000000e+00,-1.000000000000000000e+00,-1.000000000000000000e+00,-1.000000000000000000e+00,-1.000000000000000000e+00
3.670101165771484375e-01,8.002797961235046387e-01,1.925926227386298706e-07,3.857537508010864258e-01,7.738031148910522461e-01,5.144337192177772522e-03,4.053159356117248535e-01,7.640743255615234375e-01,3.295326372608542442e-03,4.232449531555175781e-01,7.672462463378906250e-01,8.109931368380784988e-04,4.369306862354278564e-01,7.754663825035095215e-01,-1.693691010586917400e-03,4.097827374935150146e-01,7.570251822471618652e-01,-1.422552112489938736e-02,4.297782182693481445e-01,7.330458164215087891e-01,-2.566097304224967957e-02,4.476645588874816895e-01,7.304280996322631836e-01,-3.181424364447593689e-02,4.612106680870056152e-01,7.345883250236511230e-01,-3.451719880104064941e-02,4.107294380664825439e-01,7.727569937705993652e-01,-2.060197293758392334e-02,4.463322758674621582e-01,7.707061767578125000e-01,-3.139562904834747314e-02,4.668535590171813965e-01,7.824608087539672852e-01,-3.515936806797981262e-02,4.777882099151611328e-01,7.952156066894531250e-01,-3.617154806852340698e-02,4.103588163852691650e-01,7.942339777946472168e-01,-2.585472911596298218e-02,4.465260803699493408e-01,8.031077980995178223e-01,-3.488078340888023376e-02,4.635125398635864258e-01,8.182518482208251953e-01,-3.571446985006332397e-02,4.732363820075988770e-01,8.294091224670410156e-01,-3.438877686858177185e-02,4.089753031730651855e-01,8.177656531333923340e-01,-3.014115616679191589e-02,4.384830594062805176e-01,8.293018937110900879e-01,-3.601469844579696655e-02,4.520030021667480469e-01,8.387082219123840332e-01,-3.521410003304481506e-02,4.622613489627838135e-01,8.449221253395080566e-01,-3.298629447817802429e-02,-1.000000000000000000e+00,-1.000000000000000000e+00,-1.000000000000000000e+00,-1.000000000000000000e+00,-1.000000000000000000e+00,-1.000000000000000000e+00,-1.000000000000000000e+00,-1.000000000000000000e+00,-1.000000000000000000e+00,-1.000000000000000000e+00,-1.000000000000000000e+00,-1.000000000000000000e+00,-1.000000000000000000e+00,-1.000000000000000000e+00,-1.000000000000000000e+00,-1.000000000000000000e+00,-1.000000000000000000e+00,-1.000000000000000000e+00,-1.000000000000000000e+00,-1.000000000000000000e+00,-1.000000000000000000e+00,-1.000000000000000000e+00,-1.000000000000000000e+00,-1.000000000000000000e+00,-1.000000000000000000e+00,-1.000000000000000000e+00,-1.000000000000000000e+00,-1.000000000000000000e+00,-1.000000000000000000e+00,-1.000000000000000000e+00,-1.000000000000000000e+00,-1.000000000000000000e+00,-1.000000000000000000e+00,-1.000000000000000000e+00,-1.000000000000000000e+00,-1.000000000000000000e+00,-1.000000000000000000e+00,-1.000000000000000000e+00,-1.000000000000000000e+00,-1.000000000000000000e+00,-1.000000000000000000e+00,-1.000000000000000000e+00,-1.000000000000000000e+00,-1.000000000000000000e+00,-1.000000000000000000e+00,-1.000000000000000000e+00,-1.000000000000000000e+00,-1.000000000000000000e+00,-1.000000000000000000e+00,-1.000000000000000000e+00,-1.000000000000000000e+00,-1.000000000000000000e+00,-1.000000000000000000e+00,-1.000000000000000000e+00,-1.000000000000000000e+00,-1.000000000000000000e+00,-1.000000000000000000e+00,-1.000000000000000000e+00,-1.000000000000000000e+00,-1.000000000000000000e+00,-1.000000000000000000e+00,-1.000000000000000000e+00,-1.000000000000000000e+00
3.718689680099487305e-01,7.976156473159790039e-01,2.114392287921873503e-07,3.896329402923583984e-01,7.702680230140686035e-01,4.875384736806154251e-03,4.089412689208984375e-01,7.600433230400085449e-01,2.880376996472477913e-03,4.260708689689636230e-01,7.632211446762084961e-01,2.462243428453803062e-04,4.389154016971588135e-01,7.727481126785278320e-01,-2.443833742290735245e-03,4.158620238304138184e-01,7.551506161689758301e-01,-1.385101489722728729e-02,4.345619380474090576e-01,7.338347434997558594e-01,-2.453826740384101868e-02,4.514348804950714111e-01,7.301067709922790527e-01,-3.017713874578475952e-02,4.641958177089691162e-01,7.325571775436401367e-01,-3.276495262980461121e-02,4.172072112560272217e-01,7.717170715332031250e-01,-2.015904337167739868e-02,4.519671797752380371e-01,7.703821063041687012e-01,-3.097488917410373688e-02,4.721358120441436768e-01,7.813951969146728516e-01,-3.495009243488311768e-02,4.833259582519531250e-01,7.936209440231323242e-01,-3.602559119462966919e-02,4.166510701179504395e-01,7.932296991348266602e-01,-2.531348355114459991e-02,4.516151249408721924e-01,8.025802373886108398e-01,-3.466111421585083008e-02,4.685038030147552490e-01,8.177384138107299805e-01,-3.576032072305679321e-02,4.784384071826934814e-01,8.290153741836547852e-01,-3.443660587072372437e-02,4.148842096328735352e-01,8.164998888969421387e-01,-2.945628762245178223e-02,4.437914788722991943e-01,8.288611769676208496e-01,-3.566668927669525146e-02,4.567891955375671387e-01,8.388676643371582031e-01,-3.501664847135543823e-02,4.665364027023315430e-01,8.457270264625549316e-01,-3.275055065751075745e-02,-1.000000000000000000e+00,-1.000000000000000000e+00,-1.000000000000000000e+00,-1.000000000000000000e+00,-1.000000000000000000e+00,-1.000000000000000000e+00,-1.000000000000000000e+00,-1.000000000000000000e+00,-1.000000000000000000e+00,-1.000000000000000000e+00,-1.000000000000000000e+00,-1.000000000000000000e+00,-1.000000000000000000e+00,-1.000000000000000000e+00,-1.000000000000000000e+00,-1.000000000000000000e+00,-1.000000000000000000e+00,-1.000000000000000000e+00,-1.000000000000000000e+00,-1.000000000000000000e+00,-1.000000000000000000e+00,-1.000000000000000000e+00,-1.000000000000000000e+00,-1.000000000000000000e+00,-1.000000000000000000e+00,-1.000000000000000000e+00,-1.000000000000000000e+00,-1.000000000000000000e+00,-1.000000000000000000e+00,-1.000000000000000000e+00,-1.000000000000000000e+00,-1.000000000000000000e+00,-1.000000000000000000e+00,-1.000000000000000000e+00,-1.000000000000000000e+00,-1.000000000000000000e+00,-1.000000000000000000e+00,-1.000000000000000000e+00,-1.000000000000000000e+00,-1.000000000000000000e+00,-1.000000000000000000e+00,-1.000000000000000000e+00,-1.000000000000000000e+00,-1.000000000000000000e+00,-1.000000000000000000e+00,-1.000000000000000000e+00,-1.000000000000000000e+00,-1.000000000000000000e+00,-1.000000000000000000e+00,-1.000000000000000000e+00,-1.000000000000000000e+00,-1.000000000000000000e+00,-1.000000000000000000e+00,-1.000000000000000000e+00,-1.000000000000000000e+00,-1.000000000000000000e+00,-1.000000000000000000e+00,-1.000000000000000000e+00,-1.000000000000000000e+00,-1.000000000000000000e+00,-1.000000000000000000e+00,-1.000000000000000000e+00,-1.000000000000000000e+00
3.718689680099487305e-01,7.976156473159790039e-01,2.114392287921873503e-07,3.896329402923583984e-01,7.702680230140686035e-01,4.875384736806154251e-03,4.089412689208984375e-01,7.600433230400085449e-01,2.880376996472477913e-03,4.260708689689636230e-01,7.632211446762084961e-01,2.462243428453803062e-04,4.389154016971588135e-01,7.727481126785278320e-01,-2.443833742290735245e-03,4.158620238304138184e-01,7.551506161689758301e-01,-1.385101489722728729e-02,4.345619380474090576e-01,7.338347434997558594e-01,-2.453826740384101868e-02,4.514348804950714111e-01,7.301067709922790527e-01,-3.017713874578475952e-02,4.641958177089691162e-01,7.325571775436401367e-01,-3.276495262980461121e-02,4.172072112560272217e-01,7.717170715332031250e-01,-2.015904337167739868e-02,4.519671797752380371e-01,7.703821063041687012e-01,-3.097488917410373688e-02,4.721358120441436768e-01,7.813951969146728516e-01,-3.495009243488311768e-02,4.833259582519531250e-01,7.936209440231323242e-01,-3.602559119462966919e-02,4.166510701179504395e-01,7.932296991348266602e-01,-2.531348355114459991e-02,4.516151249408721924e-01,8.025802373886108398e-01,-3.466111421585083008e-02,4.685038030147552490e-01,8.177384138107299805e-01,-3.576032072305679321e-02,4.784384071826934814e-01,8.290153741836547852e-01,-3.443660587072372437e-02,4.148842096328735352e-01,8.164998888969421387e-01,-2.945628762245178223e-02,4.437914788722991943e-01,8.288611769676208496e-01,-3.566668927669525146e-02,4.567891955375671387e-01,8.388676643371582031e-01,-3.501664847135543823e-02,4.665364027023315430e-01,8.457270264625549316e-01,-3.275055065751075745e-02,-1.000000000000000000e+00,-1.000000000000000000e+00,-1.000000000000000000e+00,-1.000000000000000000e+00,-1.000000000000000000e+00,-1.000000000000000000e+00,-1.000000000000000000e+00,-1.000000000000000000e+00,-1.000000000000000000e+00,-1.000000000000000000e+00,-1.000000000000000000e+00,-1.000000000000000000e+00,-1.000000000000000000e+00,-1.000000000000000000e+00,-1.000000000000000000e+00,-1.000000000000000000e+00,-1.000000000000000000e+00,-1.000000000000000000e+00,-1.000000000000000000e+00,-1.000000000000000000e+00,-1.000000000000000000e+00,-1.000000000000000000e+00,-1.000000000000000000e+00,-1.000000000000000000e+00,-1.000000000000000000e+00,-1.000000000000000000e+00,-1.000000000000000000e+00,-1.000000000000000000e+00,-1.000000000000000000e+00,-1.000000000000000000e+00,-1.000000000000000000e+00,-1.000000000000000000e+00,-1.000000000000000000e+00,-1.000000000000000000e+00,-1.000000000000000000e+00,-1.000000000000000000e+00,-1.000000000000000000e+00,-1.000000000000000000e+00,-1.000000000000000000e+00,-1.000000000000000000e+00,-1.000000000000000000e+00,-1.000000000000000000e+00,-1.000000000000000000e+00,-1.000000000000000000e+00,-1.000000000000000000e+00,-1.000000000000000000e+00,-1.000000000000000000e+00,-1.000000000000000000e+00,-1.000000000000000000e+00,-1.000000000000000000e+00,-1.000000000000000000e+00,-1.000000000000000000e+00,-1.000000000000000000e+00,-1.000000000000000000e+00,-1.000000000000000000e+00,-1.000000000000000000e+00,-1.000000000000000000e+00,-1.000000000000000000e+00,-1.000000000000000000e+00,-1.000000000000000000e+00,-1.000000000000000000e+00,-1.000000000000000000e+00,-1.000000000000000000e+00
3.786614239215850830e-01,7.966206669807434082e-01,1.984515307640322135e-07,3.961890041828155518e-01,7.700644731521606445e-01,5.944713484495878220e-03,4.151087701320648193e-01,7.606704235076904297e-01,4.443098790943622589e-03,4.320684671401977539e-01,7.640045285224914551e-01,2.295043319463729858e-03,4.447135925292968750e-01,7.739031910896301270e-01,1.352337276330217719e-04,4.213172197341918945e-01,7.549491524696350098e-01,-1.445591263473033905e-02,4.417079091072082520e-01,7.313936352729797363e-01,-2.476048655807971954e-02,4.588970839977264404e-01,7.286319732666015625e-01,-2.932945452630519867e-02,4.710989296436309814e-01,7.326692342758178711e-01,-3.089869953691959381e-02,4.229713678359985352e-01,7.714504003524780273e-01,-2.085230685770511627e-02,4.586211442947387695e-01,7.701867818832397461e-01,-3.128142654895782471e-02,4.788699746131896973e-01,7.816997766494750977e-01,-3.418294340372085571e-02,4.891068637371063232e-01,7.945200800895690918e-01,-3.436751663684844971e-02,4.227152466773986816e-01,7.928013801574707031e-01,-2.589755319058895111e-02,4.587429761886596680e-01,8.023464083671569824e-01,-3.432175517082214355e-02,4.754265844821929932e-01,8.173641562461853027e-01,-3.411079943180084229e-02,4.849809706211090088e-01,8.287221193313598633e-01,-3.196191042661666870e-02,4.211969077587127686e-01,8.164350986480712891e-01,-2.985562011599540710e-02,4.504311382770538330e-01,8.281228542327880859e-01,-3.552292287349700928e-02,4.636583626270294189e-01,8.376571536064147949e-01,-3.431535884737968445e-02,4.734663069248199463e-01,8.442456722259521484e-01,-3.157833591103553772e-02,-1.000000000000000000e+00,-1.000000000000000000e+00,-1.000000000000000000e+00,-1.000000000000000000e+00,-1.000000000000000000e+00,-1.000000000000000000e+00,-1.000000000000000000e+00,-1.000000000000000000e+00,-1.000000000000000000e+00,-1.000000000000000000e+00,-1.000000000000000000e+00,-1.000000000000000000e+00,-1.000000000000000000e+00,-1.000000000000000000e+00,-1.000000000000000000e+00,-1.000000000000000000e+00,-1.000000000000000000e+00,-1.000000000000000000e+00,-1.000000000000000000e+00,-1.000000000000000000e+00,-1.000000000000000000e+00,-1.000000000000000000e+00,-1.000000000000000000e+00,-1.000000000000000000e+00,-1.000000000000000000e+00,-1.000000000000000000e+00,-1.000000000000000000e+00,-1.000000000000000000e+00,-1.000000000000000000e+00,-1.000000000000000000e+00,-1.000000000000000000e+00,-1.000000000000000000e+00,-1.000000000000000000e+00,-1.000000000000000000e+00,-1.000000000000000000e+00,-1.000000000000000000e+00,-1.000000000000000000e+00,-1.000000000000000000e+00,-1.000000000000000000e+00,-1.000000000000000000e+00,-1.000000000000000000e+00,-1.000000000000000000e+00,-1.000000000000000000e+00,-1.000000000000000000e+00,-1.000000000000000000e+00,-1.000000000000000000e+00,-1.000000000000000000e+00,-1.000000000000000000e+00,-1.000000000000000000e+00,-1.000000000000000000e+00,-1.000000000000000000e+00,-1.000000000000000000e+00,-1.000000000000000000e+00,-1.000000000000000000e+00,-1.000000000000000000e+00,-1.000000000000000000e+00,-1.000000000000000000e+00,-1.000000000000000000e+00,-1.000000000000000000e+00,-1.000000000000000000e+00,-1.000000000000000000e+00,-1.000000000000000000e+00,-1.000000000000000000e+00
3.826721906661987305e-01,8.004317283630371094e-01,2.056158479035730124e-07,4.003829658031463623e-01,7.724605798721313477e-01,5.185616202652454376e-03,4.202066957950592041e-01,7.626909613609313965e-01,3.837329801172018051e-03,4.381811320781707764e-01,7.647178173065185547e-01,1.966655487194657326e-03,4.516614973545074463e-01,7.725878357887268066e-01,4.472145519685000181e-04,4.248246550559997559e-01,7.553970217704772949e-01,-1.481964066624641418e-02,4.444285035133361816e-01,7.298857569694519043e-01,-2.616467885673046112e-02,4.625751674175262451e-01,7.280945181846618652e-01,-3.124286234378814697e-02,4.753519296646118164e-01,7.334926128387451172e-01,-3.300887718796730042e-02,4.260913431644439697e-01,7.718117237091064453e-01,-2.107439748942852020e-02,4.619169831275939941e-01,7.684803605079650879e-01,-3.340830653905868530e-02,4.829543232917785645e-01,7.800822854042053223e-01,-3.730632737278938293e-02,4.931516945362091064e-01,7.935011386871337891e-01,-3.771476075053215027e-02,4.256725907325744629e-01,7.932490110397338867e-01,-2.608227543532848358e-02,4.616124629974365234e-01,8.016582131385803223e-01,-3.588369861245155334e-02,4.793035984039306641e-01,8.174678683280944824e-01,-3.549056500196456909e-02,4.895117282867431641e-01,8.288145065307617188e-01,-3.267893940210342407e-02,4.246773421764373779e-01,8.164544105529785156e-01,-3.011462464928627014e-02,4.540811777114868164e-01,8.280037641525268555e-01,-3.678631782531738281e-02,4.673599302768707275e-01,8.382975459098815918e-01,-3.570412099361419678e-02,4.767644405364990234e-01,8.447675704956054688e-01,-3.262419626116752625e-02,-1.000000000000000000e+00,-1.000000000000000000e+00,-1.000000000000000000e+00,-1.000000000000000000e+00,-1.000000000000000000e+00,-1.000000000000000000e+00,-1.000000000000000000e+00,-1.000000000000000000e+00,-1.000000000000000000e+00,-1.000000000000000000e+00,-1.000000000000000000e+00,-1.000000000000000000e+00,-1.000000000000000000e+00,-1.000000000000000000e+00,-1.000000000000000000e+00,-1.000000000000000000e+00,-1.000000000000000000e+00,-1.000000000000000000e+00,-1.000000000000000000e+00,-1.000000000000000000e+00,-1.000000000000000000e+00,-1.000000000000000000e+00,-1.000000000000000000e+00,-1.000000000000000000e+00,-1.000000000000000000e+00,-1.000000000000000000e+00,-1.000000000000000000e+00,-1.000000000000000000e+00,-1.000000000000000000e+00,-1.000000000000000000e+00,-1.000000000000000000e+00,-1.000000000000000000e+00,-1.000000000000000000e+00,-1.000000000000000000e+00,-1.000000000000000000e+00,-1.000000000000000000e+00,-1.000000000000000000e+00,-1.000000000000000000e+00,-1.000000000000000000e+00,-1.000000000000000000e+00,-1.000000000000000000e+00,-1.000000000000000000e+00,-1.000000000000000000e+00,-1.000000000000000000e+00,-1.000000000000000000e+00,-1.000000000000000000e+00,-1.000000000000000000e+00,-1.000000000000000000e+00,-1.000000000000000000e+00,-1.000000000000000000e+00,-1.000000000000000000e+00,-1.000000000000000000e+00,-1.000000000000000000e+00,-1.000000000000000000e+00,-1.000000000000000000e+00,-1.000000000000000000e+00,-1.000000000000000000e+00,-1.000000000000000000e+00,-1.000000000000000000e+00,-1.000000000000000000e+00,-1.000000000000000000e+00,-1.000000000000000000e+00,-1.000000000000000000e+00
3.826721906661987305e-01,8.004317283630371094e-01,2.056158479035730124e-07,4.003829658031463623e-01,7.724605798721313477e-01,5.185616202652454376e-03,4.202066957950592041e-01,7.626909613609313965e-01,3.837329801172018051e-03,4.381811320781707764e-01,7.647178173065185547e-01,1.966655487194657326e-03,4.516614973545074463e-01,7.725878357887268066e-01,4.472145519685000181e-04,4.248246550559997559e-01,7.553970217704772949e-01,-1.481964066624641418e-02,4.444285035133361816e-01,7.298857569694519043e-01,-2.616467885673046112e-02,4.625751674175262451e-01,7.280945181846618652e-01,-3.124286234378814697e-02,4.753519296646118164e-01,7.334926128387451172e-01,-3.300887718796730042e-02,4.260913431644439697e-01,7.718117237091064453e-01,-2.107439748942852020e-02,4.619169831275939941e-01,7.684803605079650879e-01,-3.340830653905868530e-02,4.829543232917785645e-01,7.800822854042053223e-01,-3.730632737278938293e-02,4.931516945362091064e-01,7.935011386871337891e-01,-3.771476075053215027e-02,4.256725907325744629e-01,7.932490110397338867e-01,-2.608227543532848358e-02,4.616124629974365234e-01,8.016582131385803223e-01,-3.588369861245155334e-02,4.793035984039306641e-01,8.174678683280944824e-01,-3.549056500196456909e-02,4.895117282867431641e-01,8.288145065307617188e-01,-3.267893940210342407e-02,4.246773421764373779e-01,8.164544105529785156e-01,-3.011462464928627014e-02,4.540811777114868164e-01,8.280037641525268555e-01,-3.678631782531738281e-02,4.673599302768707275e-01,8.382975459098815918e-01,-3.570412099361419678e-02,4.767644405364990234e-01,8.447675704956054688e-01,-3.262419626116752625e-02,-1.000000000000000000e+00,-1.000000000000000000e+00,-1.000000000000000000e+00,-1.000000000000000000e+00,-1.000000000000000000e+00,-1.000000000000000000e+00,-1.000000000000000000e+00,-1.000000000000000000e+00,-1.000000000000000000e+00,-1.000000000000000000e+00,-1.000000000000000000e+00,-1.000000000000000000e+00,-1.000000000000000000e+00,-1.000000000000000000e+00,-1.000000000000000000e+00,-1.000000000000000000e+00,-1.000000000000000000e+00,-1.000000000000000000e+00,-1.000000000000000000e+00,-1.000000000000000000e+00,-1.000000000000000000e+00,-1.000000000000000000e+00,-1.000000000000000000e+00,-1.000000000000000000e+00,-1.000000000000000000e+00,-1.000000000000000000e+00,-1.000000000000000000e+00,-1.000000000000000000e+00,-1.000000000000000000e+00,-1.000000000000000000e+00,-1.000000000000000000e+00,-1.000000000000000000e+00,-1.000000000000000000e+00,-1.000000000000000000e+00,-1.000000000000000000e+00,-1.000000000000000000e+00,-1.000000000000000000e+00,-1.000000000000000000e+00,-1.000000000000000000e+00,-1.000000000000000000e+00,-1.000000000000000000e+00,-1.000000000000000000e+00,-1.000000000000000000e+00,-1.000000000000000000e+00,-1.000000000000000000e+00,-1.000000000000000000e+00,-1.000000000000000000e+00,-1.000000000000000000e+00,-1.000000000000000000e+00,-1.000000000000000000e+00,-1.000000000000000000e+00,-1.000000000000000000e+00,-1.000000000000000000e+00,-1.000000000000000000e+00,-1.000000000000000000e+00,-1.000000000000000000e+00,-1.000000000000000000e+00,-1.000000000000000000e+00,-1.000000000000000000e+00,-1.000000000000000000e+00,-1.000000000000000000e+00,-1.000000000000000000e+00,-1.000000000000000000e+00
3.894612193107604980e-01,7.967758178710937500e-01,2.134404866183103877e-07,4.076474606990814209e-01,7.704768180847167969e-01,4.158203490078449249e-03,4.279375076293945312e-01,7.614830732345581055e-01,1.624724594876170158e-03,4.461413621902465820e-01,7.648811340332031250e-01,-1.234241295605897903e-03,4.602276682853698730e-01,7.746364474296569824e-01,-3.983016591519117355e-03,4.320497214794158936e-01,7.553694844245910645e-01,-1.657585613429546356e-02,4.512115120887756348e-01,7.324525117874145508e-01,-2.803821489214897156e-02,4.691112637519836426e-01,7.297300696372985840e-01,-3.350153565406799316e-02,4.821960926055908203e-01,7.332310080528259277e-01,-3.567264601588249207e-02,4.329247474670410156e-01,7.716476321220397949e-01,-2.268948033452033997e-02,4.690472185611724854e-01,7.700282335281372070e-01,-3.448934853076934814e-02,4.894351363182067871e-01,7.811425924301147461e-01,-3.828670084476470947e-02,4.996731877326965332e-01,7.932314872741699219e-01,-3.891908004879951477e-02,4.324474632740020752e-01,7.931169867515563965e-01,-2.756786160171031952e-02,4.684233069419860840e-01,8.032155036926269531e-01,-3.757408633828163147e-02,4.862617254257202148e-01,8.180198073387145996e-01,-3.814701363444328308e-02,4.964572191238403320e-01,8.286103606224060059e-01,-3.623872995376586914e-02,4.315008223056793213e-01,8.163944482803344727e-01,-3.144885227084159851e-02,4.605854153633117676e-01,8.292652368545532227e-01,-3.815980628132820129e-02,4.740334749221801758e-01,8.389624357223510742e-01,-3.740989789366722107e-02,4.837965369224548340e-01,8.451818823814392090e-01,-3.488748520612716675e-02,-1.000000000000000000e+00,-1.000000000000000000e+00,-1.000000000000000000e+00,-1.000000000000000000e+00,-1.000000000000000000e+00,-1.000000000000000000e+00,-1.000000000000000000e+00,-1.000000000000000000e+00,-1.000000000000000000e+00,-1.000000000000000000e+00,-1.000000000000000000e+00,-1.000000000000000000e+00,-1.000000000000000000e+00,-1.000000000000000000e+00,-1.000000000000000000e+00,-1.000000000000000000e+00,-1.000000000000000000e+00,-1.000000000000000000e+00,-1.000000000000000000e+00,-1.000000000000000000e+00,-1.000000000000000000e+00,-1.000000000000000000e+00,-1.000000000000000000e+00,-1.000000000000000000e+00,-1.000000000000000000e+00,-1.000000000000000000e+00,-1.000000000000000000e+00,-1.000000000000000000e+00,-1.000000000000000000e+00,-1.000000000000000000e+00,-1.000000000000000000e+00,-1.000000000000000000e+00,-1.000000000000000000e+00,-1.000000000000000000e+00,-1.000000000000000000e+00,-1.000000000000000000e+00,-1.000000000000000000e+00,-1.000000000000000000e+00,-1.000000000000000000e+00,-1.000000000000000000e+00,-1.000000000000000000e+00,-1.000000000000000000e+00,-1.000000000000000000e+00,-1.000000000000000000e+00,-1.000000000000000000e+00,-1.000000000000000000e+00,-1.000000000000000000e+00,-1.000000000000000000e+00,-1.000000000000000000e+00,-1.000000000000000000e+00,-1.000000000000000000e+00,-1.000000000000000000e+00,-1.000000000000000000e+00,-1.000000000000000000e+00,-1.000000000000000000e+00,-1.000000000000000000e+00,-1.000000000000000000e+00,-1.000000000000000000e+00,-1.000000000000000000e+00,-1.000000000000000000e+00,-1.000000000000000000e+00,-1.000000000000000000e+00,-1.000000000000000000e+00
3.950369656085968018e-01,8.008055090904235840e-01,2.045387219595795614e-07,4.127330183982849121e-01,7.728465199470520020e-01,5.216831807047128677e-03,4.328196942806243896e-01,7.634392380714416504e-01,4.076181445270776749e-03,4.507785737514495850e-01,7.670319080352783203e-01,2.368368674069643021e-03,4.639200568199157715e-01,7.765678763389587402e-01,1.046493765898048878e-03,4.382112622261047363e-01,7.559161186218261719e-01,-1.360407099127769470e-02,4.577558636665344238e-01,7.320774197578430176e-01,-2.407248318195343018e-02,4.756042361259460449e-01,7.302541732788085938e-01,-2.863038517534732819e-02,4.878727495670318604e-01,7.349235415458679199e-01,-3.010673262178897858e-02,4.394622743129730225e-01,7.728128433227539062e-01,-1.972811669111251831e-02,4.747555255889892578e-01,7.709143161773681641e-01,-3.104875050485134125e-02,4.953857064247131348e-01,7.822096943855285645e-01,-3.468456119298934937e-02,5.052592754364013672e-01,7.951532006263732910e-01,-3.500499948859214783e-02,4.389142096042633057e-01,7.943887114524841309e-01,-2.464873716235160828e-02,4.740016162395477295e-01,8.035089373588562012e-01,-3.377913311123847961e-02,4.912775754928588867e-01,8.189467787742614746e-01,-3.353312239050865173e-02,5.010971426963806152e-01,8.302742242813110352e-01,-3.089304268360137939e-02,4.378789365291595459e-01,8.177637457847595215e-01,-2.860040031373500824e-02,4.667399525642395020e-01,8.299645185470581055e-01,-3.486004471778869629e-02,4.796302318572998047e-01,8.403902053833007812e-01,-3.384652733802795410e-02,4.888001084327697754e-01,8.471744060516357422e-01,-3.085632994771003723e-02,-1.000000000000000000e+00,-1.000000000000000000e+00,-1.000000000000000000e+00,-1.000000000000000000e+00,-1.000000000000000000e+00,-1.000000000000000000e+00,-1.000000000000000000e+00,-1.000000000000000000e+00,-1.000000000000000000e+00,-1.000000000000000000e+00,-1.000000000000000000e+00,-1.000000000000000000e+00,-1.000000000000000000e+00,-1.000000000000000000e+00,-1.000000000000000000e+00,-1.000000000000000000e+00,-1.000000000000000000e+00,-1.000000000000000000e+00,-1.000000000000000000e+00,-1.000000000000000000e+00,-1.000000000000000000e+00,-1.000000000000000000e+00,-1.000000000000000000e+00,-1.000000000000000000e+00,-1.000000000000000000e+00,-1.000000000000000000e+00,-1.000000000000000000e+00,-1.000000000000000000e+00,-1.000000000000000000e+00,-1.000000000000000000e+00,-1.000000000000000000e+00,-1.000000000000000000e+00,-1.000000000000000000e+00,-1.000000000000000000e+00,-1.000000000000000000e+00,-1.000000000000000000e+00,-1.000000000000000000e+00,-1.000000000000000000e+00,-1.000000000000000000e+00,-1.000000000000000000e+00,-1.000000000000000000e+00,-1.000000000000000000e+00,-1.000000000000000000e+00,-1.000000000000000000e+00,-1.000000000000000000e+00,-1.000000000000000000e+00,-1.000000000000000000e+00,-1.000000000000000000e+00,-1.000000000000000000e+00,-1.000000000000000000e+00,-1.000000000000000000e+00,-1.000000000000000000e+00,-1.000000000000000000e+00,-1.000000000000000000e+00,-1.000000000000000000e+00,-1.000000000000000000e+00,-1.000000000000000000e+00,-1.000000000000000000e+00,-1.000000000000000000e+00,-1.000000000000000000e+00,-1.000000000000000000e+00,-1.000000000000000000e+00,-1.000000000000000000e+00
3.957731127738952637e-01,7.999352812767028809e-01,2.006950836630494450e-07,4.133799374103546143e-01,7.723441123962402344e-01,4.986784420907497406e-03,4.332795143127441406e-01,7.622267007827758789e-01,3.014729125425219536e-03,4.511792957782745361e-01,7.647930979728698730e-01,2.939258993137627840e-04,4.649730324745178223e-01,7.732596993446350098e-01,-2.310110488906502724e-03,4.389489591121673584e-01,7.558870911598205566e-01,-1.530601084232330322e-02,4.578515291213989258e-01,7.309682369232177734e-01,-2.704770117998123169e-02,4.758977890014648438e-01,7.300291061401367188e-01,-3.242755308747291565e-02,4.885904192924499512e-01,7.361977100372314453e-01,-3.424891829490661621e-02,4.399695694446563721e-01,7.725472450256347656e-01,-2.196084149181842804e-02,4.748419225215911865e-01,7.711977362632751465e-01,-3.452439233660697937e-02,4.949664771556854248e-01,7.830210328102111816e-01,-3.797790780663490295e-02,5.041806697845458984e-01,7.962572574615478516e-01,-3.778539225459098816e-02,4.390756487846374512e-01,7.946486473083496094e-01,-2.747037447988986969e-02,4.746789634227752686e-01,8.025312423706054688e-01,-3.818826749920845032e-02,4.921575486660003662e-01,8.178930282592773438e-01,-3.788452968001365662e-02,5.013332366943359375e-01,8.286765217781066895e-01,-3.483779728412628174e-02,4.377126097679138184e-01,8.181532621383666992e-01,-3.198136016726493835e-02,4.669823646545410156e-01,8.299205899238586426e-01,-3.974014893174171448e-02,4.804534614086151123e-01,8.403356075286865234e-01,-3.883638978004455566e-02,4.896188378334045410e-01,8.469011187553405762e-01,-3.559266403317451477e-02,-1.000000000000000000e+00,-1.000000000000000000e+00,-1.000000000000000000e+00,-1.000000000000000000e+00,-1.000000000000000000e+00,-1.000000000000000000e+00,-1.000000000000000000e+00,-1.000000000000000000e+00,-1.000000000000000000e+00,-1.000000000000000000e+00,-1.000000000000000000e+00,-1.000000000000000000e+00,-1.000000000000000000e+00,-1.000000000000000000e+00,-1.000000000000000000e+00,-1.000000000000000000e+00,-1.000000000000000000e+00,-1.000000000000000000e+00,-1.000000000000000000e+00,-1.000000000000000000e+00,-1.000000000000000000e+00,-1.000000000000000000e+00,-1.000000000000000000e+00,-1.000000000000000000e+00,-1.000000000000000000e+00,-1.000000000000000000e+00,-1.000000000000000000e+00,-1.000000000000000000e+00,-1.000000000000000000e+00,-1.000000000000000000e+00,-1.000000000000000000e+00,-1.000000000000000000e+00,-1.000000000000000000e+00,-1.000000000000000000e+00,-1.000000000000000000e+00,-1.000000000000000000e+00,-1.000000000000000000e+00,-1.000000000000000000e+00,-1.000000000000000000e+00,-1.000000000000000000e+00,-1.000000000000000000e+00,-1.000000000000000000e+00,-1.000000000000000000e+00,-1.000000000000000000e+00,-1.000000000000000000e+00,-1.000000000000000000e+00,-1.000000000000000000e+00,-1.000000000000000000e+00,-1.000000000000000000e+00,-1.000000000000000000e+00,-1.000000000000000000e+00,-1.000000000000000000e+00,-1.000000000000000000e+00,-1.000000000000000000e+00,-1.000000000000000000e+00,-1.000000000000000000e+00,-1.000000000000000000e+00,-1.000000000000000000e+00,-1.000000000000000000e+00,-1.000000000000000000e+00,-1.000000000000000000e+00,-1.000000000000000000e+00,-1.000000000000000000e+00
3.957731127738952637e-01,7.999352812767028809e-01,2.006950836630494450e-07,4.133799374103546143e-01,7.723441123962402344e-01,4.986784420907497406e-03,4.332795143127441406e-01,7.622267007827758789e-01,3.014729125425219536e-03,4.511792957782745361e-01,7.647930979728698730e-01,2.939258993137627840e-04,4.649730324745178223e-01,7.732596993446350098e-01,-2.310110488906502724e-03,4.389489591121673584e-01,7.558870911598205566e-01,-1.530601084232330322e-02,4.578515291213989258e-01,7.309682369232177734e-01,-2.704770117998123169e-02,4.758977890014648438e-01,7.300291061401367188e-01,-3.242755308747291565e-02,4.885904192924499512e-01,7.361977100372314453e-01,-3.424891829490661621e-02,4.399695694446563721e-01,7.725472450256347656e-01,-2.196084149181842804e-02,4.748419225215911865e-01,7.711977362632751465e-01,-3.452439233660697937e-02,4.949664771556854248e-01,7.830210328102111816e-01,-3.797790780663490295e-02,5.041806697845458984e-01,7.962572574615478516e-01,-3.778539225459098816e-02,4.390756487846374512e-01,7.946486473083496094e-01,-2.747037447988986969e-02,4.746789634227752686e-01,8.025312423706054688e-01,-3.818826749920845032e-02,4.921575486660003662e-01,8.178930282592773438e-01,-3.788452968001365662e-02,5.013332366943359375e-01,8.286765217781066895e-01,-3.483779728412628174e-02,4.377126097679138184e-01,8.181532621383666992e-01,-3.198136016726493835e-02,4.669823646545410156e-01,8.299205899238586426e-01,-3.974014893174171448e-02,4.804534614086151123e-01,8.403356075286865234e-01,-3.883638978004455566e-02,4.896188378334045410e-01,8.469011187553405762e-01,-3.559266403317451477e-02,-1.000000000000000000e+00,-1.000000000000000000e+00,-1.000000000000000000e+00,-1.000000000000000000e+00,-1.000000000000000000e+00,-1.000000000000000000e+00,-1.000000000000000000e+00,-1.000000000000000000e+00,-1.000000000000000000e+00,-1.000000000000000000e+00,-1.000000000000000000e+00,-1.000000000000000000e+00,-1.000000000000000000e+00,-1.000000000000000000e+00,-1.000000000000000000e+00,-1.000000000000000000e+00,-1.000000000000000000e+00,-1.000000000000000000e+00,-1.000000000000000000e+00,-1.000000000000000000e+00,-1.000000000000000000e+00,-1.000000000000000000e+00,-1.000000000000000000e+00,-1.000000000000000000e+00,-1.000000000000000000e+00,-1.000000000000000000e+00,-1.000000000000000000e+00,-1.000000000000000000e+00,-1.000000000000000000e+00,-1.000000000000000000e+00,-1.000000000000000000e+00,-1.000000000000000000e+00,-1.000000000000000000e+00,-1.000000000000000000e+00,-1.000000000000000000e+00,-1.000000000000000000e+00,-1.000000000000000000e+00,-1.000000000000000000e+00,-1.000000000000000000e+00,-1.000000000000000000e+00,-1.000000000000000000e+00,-1.000000000000000000e+00,-1.000000000000000000e+00,-1.000000000000000000e+00,-1.000000000000000000e+00,-1.000000000000000000e+00,-1.000000000000000000e+00,-1.000000000000000000e+00,-1.000000000000000000e+00,-1.000000000000000000e+00,-1.000000000000000000e+00,-1.000000000000000000e+00,-1.000000000000000000e+00,-1.000000000000000000e+00,-1.000000000000000000e+00,-1.000000000000000000e+00,-1.000000000000000000e+00,-1.000000000000000000e+00,-1.000000000000000000e+00,-1.000000000000000000e+00,-1.000000000000000000e+00,-1.000000000000000000e+00,-1.000000000000000000e+00
3.994732201099395752e-01,8.011052608489990234e-01,2.059206138937952346e-07,4.168565273284912109e-01,7.735983729362487793e-01,4.348092246800661087e-03,4.370360076427459717e-01,7.638651132583618164e-01,2.157154725864529610e-03,4.551565945148468018e-01,7.671606540679931641e-01,-4.850955738220363855e-04,4.688744544982910156e-01,7.761459946632385254e-01,-2.877601888030767441e-03,4.418219625949859619e-01,7.575767636299133301e-01,-1.593170128762722015e-02,4.606069922447204590e-01,7.328927516937255859e-01,-2.707704529166221619e-02,4.785966575145721436e-01,7.311350107192993164e-01,-3.211933001875877380e-02,4.910041689872741699e-01,7.357770204544067383e-01,-3.399909660220146179e-02,4.429058432579040527e-01,7.740885615348815918e-01,-2.210277877748012543e-02,4.786190986633300781e-01,7.722651958465576172e-01,-3.429689258337020874e-02,4.988154470920562744e-01,7.838044166564941406e-01,-3.849525749683380127e-02,5.084967017173767090e-01,7.965099811553955078e-01,-3.927436843514442444e-02,4.424183070659637451e-01,7.956511974334716797e-01,-2.702894248068332672e-02,4.779816567897796631e-01,8.048450946807861328e-01,-3.680777549743652344e-02,4.956574738025665283e-01,8.203293681144714355e-01,-3.727318719029426575e-02,5.057228803634643555e-01,8.312157392501831055e-01,-3.530875220894813538e-02,4.414688050746917725e-01,8.190065026283264160e-01,-3.099684976041316986e-02,4.702825248241424561e-01,8.311893343925476074e-01,-3.750094026327133179e-02,4.834124445915222168e-01,8.413128852844238281e-01,-3.676885738968849182e-02,4.927276372909545898e-01,8.474987745285034180e-01,-3.423003107309341431e-02,-1.000000000000000000e+00,-1.000000000000000000e+00,-1.000000000000000000e+00,-1.000000000000000000e+00,-1.000000000000000000e+00,-1.000000000000000000e+00,-1.000000000000000000e+00,-1.000000000000000000e+00,-1.000000000000000000e+00,-1.000000000000000000e+00,-1.000000000000000000e+00,-1.000000000000000000e+00,-1.000000000000000000e+00,-1.000000000000000000e+00,-1.000000000000000000e+00,-1.000000000000000000e+00,-1.000000000000000000e+00,-1.000000000000000000e+00,-1.000000000000000000e+00,-1.000000000000000000e+00,-1.000000000000000000e+00,-1.000000000000000000e+00,-1.000000000000000000e+00,-1.000000000000000000e+00,-1.000000000000000000e+00,-1.000000000000000000e+00,-1.000000000000000000e+00,-1.000000000000000000e+00,-1.000000000000000000e+00,-1.000000000000000000e+00,-1.000000000000000000e+00,-1.000000000000000000e+00,-1.000000000000000000e+00,-1.000000000000000000e+00,-1.000000000000000000e+00,-1.000000000000000000e+00,-1.000000000000000000e+00,-1.000000000000000000e+00,-1.000000000000000000e+00,-1.000000000000000000e+00,-1.000000000000000000e+00,-1.000000000000000000e+00,-1.000000000000000000e+00,-1.000000000000000000e+00,-1.000000000000000000e+00,-1.000000000000000000e+00,-1.000000000000000000e+00,-1.000000000000000000e+00,-1.000000000000000000e+00,-1.000000000000000000e+00,-1.000000000000000000e+00,-1.000000000000000000e+00,-1.000000000000000000e+00,-1.000000000000000000e+00,-1.000000000000000000e+00,-1.000000000000000000e+00,-1.000000000000000000e+00,-1.000000000000000000e+00,-1.000000000000000000e+00,-1.000000000000000000e+00,-1.000000000000000000e+00,-1.000000000000000000e+00,-1.000000000000000000e+00
3.994732201099395752e-01,8.011052608489990234e-01,2.059206138937952346e-07,4.168565273284912109e-01,7.735983729362487793e-01,4.348092246800661087e-03,4.370360076427459717e-01,7.638651132583618164e-01,2.157154725864529610e-03,4.551565945148468018e-01,7.671606540679931641e-01,-4.850955738220363855e-04,4.688744544982910156e-01,7.761459946632385254e-01,-2.877601888030767441e-03,4.418219625949859619e-01,7.575767636299133301e-01,-1.593170128762722015e-02,4.606069922447204590e-01,7.328927516937255859e-01,-2.707704529166221619e-02,4.785966575145721436e-01,7.311350107192993164e-01,-3.211933001875877380e-02,4.910041689872741699e-01,7.357770204544067383e-01,-3.399909660220146179e-02,4.429058432579040527e-01,7.740885615348815918e-01,-2.210277877748012543e-02,4.786190986633300781e-01,7.722651958465576172e-01,-3.429689258337020874e-02,4.988154470920562744e-01,7.838044166564941406e-01,-3.849525749683380127e-02,5.084967017173767090e-01,7.965099811553955078e-01,-3.927436843514442444e-02,4.424183070659637451e-01,7.956511974334716797e-01,-2.702894248068332672e-02,4.779816567897796631e-01,8.048450946807861328e-01,-3.680777549743652344e-02,4.956574738025665283e-01,8.203293681144714355e-01,-3.727318719029426575e-02,5.057228803634643555e-01,8.312157392501831055e-01,-3.530875220894813538e-02,4.414688050746917725e-01,8.190065026283264160e-01,-3.099684976041316986e-02,4.702825248241424561e-01,8.311893343925476074e-01,-3.750094026327133179e-02,4.834124445915222168e-01,8.413128852844238281e-01,-3.676885738968849182e-02,4.927276372909545898e-01,8.474987745285034180e-01,-3.423003107309341431e-02,-1.000000000000000000e+00,-1.000000000000000000e+00,-1.000000000000000000e+00,-1.000000000000000000e+00,-1.000000000000000000e+00,-1.000000000000000000e+00,-1.000000000000000000e+00,-1.000000000000000000e+00,-1.000000000000000000e+00,-1.000000000000000000e+00,-1.000000000000000000e+00,-1.000000000000000000e+00,-1.000000000000000000e+00,-1.000000000000000000e+00,-1.000000000000000000e+00,-1.000000000000000000e+00,-1.000000000000000000e+00,-1.000000000000000000e+00,-1.000000000000000000e+00,-1.000000000000000000e+00,-1.000000000000000000e+00,-1.000000000000000000e+00,-1.000000000000000000e+00,-1.000000000000000000e+00,-1.000000000000000000e+00,-1.000000000000000000e+00,-1.000000000000000000e+00,-1.000000000000000000e+00,-1.000000000000000000e+00,-1.000000000000000000e+00,-1.000000000000000000e+00,-1.000000000000000000e+00,-1.000000000000000000e+00,-1.000000000000000000e+00,-1.000000000000000000e+00,-1.000000000000000000e+00,-1.000000000000000000e+00,-1.000000000000000000e+00,-1.000000000000000000e+00,-1.000000000000000000e+00,-1.000000000000000000e+00,-1.000000000000000000e+00,-1.000000000000000000e+00,-1.000000000000000000e+00,-1.000000000000000000e+00,-1.000000000000000000e+00,-1.000000000000000000e+00,-1.000000000000000000e+00,-1.000000000000000000e+00,-1.000000000000000000e+00,-1.000000000000000000e+00,-1.000000000000000000e+00,-1.000000000000000000e+00,-1.000000000000000000e+00,-1.000000000000000000e+00,-1.000000000000000000e+00,-1.000000000000000000e+00,-1.000000000000000000e+00,-1.000000000000000000e+00,-1.000000000000000000e+00,-1.000000000000000000e+00,-1.000000000000000000e+00,-1.000000000000000000e+00
3.994732201099395752e-01,8.011052608489990234e-01,2.059206138937952346e-07,4.168565273284912109e-01,7.735983729362487793e-01,4.348092246800661087e-03,4.370360076427459717e-01,7.638651132583618164e-01,2.157154725864529610e-03,4.551565945148468018e-01,7.671606540679931641e-01,-4.850955738220363855e-04,4.688744544982910156e-01,7.761459946632385254e-01,-2.877601888030767441e-03,4.418219625949859619e-01,7.575767636299133301e-01,-1.593170128762722015e-02,4.606069922447204590e-01,7.328927516937255859e-01,-2.707704529166221619e-02,4.785966575145721436e-01,7.311350107192993164e-01,-3.211933001875877380e-02,4.910041689872741699e-01,7.357770204544067383e-01,-3.399909660220146179e-02,4.429058432579040527e-01,7.740885615348815918e-01,-2.210277877748012543e-02,4.786190986633300781e-01,7.722651958465576172e-01,-3.429689258337020874e-02,4.988154470920562744e-01,7.838044166564941406e-01,-3.849525749683380127e-02,5.084967017173767090e-01,7.965099811553955078e-01,-3.927436843514442444e-02,4.424183070659637451e-01,7.956511974334716797e-01,-2.702894248068332672e-02,4.779816567897796631e-01,8.048450946807861328e-01,-3.680777549743652344e-02,4.956574738025665283e-01,8.203293681144714355e-01,-3.727318719029426575e-02,5.057228803634643555e-01,8.312157392501831055e-01,-3.530875220894813538e-02,4.414688050746917725e-01,8.190065026283264160e-01,-3.099684976041316986e-02,4.702825248241424561e-01,8.311893343925476074e-01,-3.750094026327133179e-02,4.834124445915222168e-01,8.413128852844238281e-01,-3.676885738968849182e-02,4.927276372909545898e-01,8.474987745285034180e-01,-3.423003107309341431e-02,-1.000000000000000000e+00,-1.000000000000000000e+00,-1.000000000000000000e+00,-1.000000000000000000e+00,-1.000000000000000000e+00,-1.000000000000000000e+00,-1.000000000000000000e+00,-1.000000000000000000e+00,-1.000000000000000000e+00,-1.000000000000000000e+00,-1.000000000000000000e+00,-1.000000000000000000e+00,-1.000000000000000000e+00,-1.000000000000000000e+00,-1.000000000000000000e+00,-1.000000000000000000e+00,-1.000000000000000000e+00,-1.000000000000000000e+00,-1.000000000000000000e+00,-1.000000000000000000e+00,-1.000000000000000000e+00,-1.000000000000000000e+00,-1.000000000000000000e+00,-1.000000000000000000e+00,-1.000000000000000000e+00,-1.000000000000000000e+00,-1.000000000000000000e+00,-1.000000000000000000e+00,-1.000000000000000000e+00,-1.000000000000000000e+00,-1.000000000000000000e+00,-1.000000000000000000e+00,-1.000000000000000000e+00,-1.000000000000000000e+00,-1.000000000000000000e+00,-1.000000000000000000e+00,-1.000000000000000000e+00,-1.000000000000000000e+00,-1.000000000000000000e+00,-1.000000000000000000e+00,-1.000000000000000000e+00,-1.000000000000000000e+00,-1.000000000000000000e+00,-1.000000000000000000e+00,-1.000000000000000000e+00,-1.000000000000000000e+00,-1.000000000000000000e+00,-1.000000000000000000e+00,-1.000000000000000000e+00,-1.000000000000000000e+00,-1.000000000000000000e+00,-1.000000000000000000e+00,-1.000000000000000000e+00,-1.000000000000000000e+00,-1.000000000000000000e+00,-1.000000000000000000e+00,-1.000000000000000000e+00,-1.000000000000000000e+00,-1.000000000000000000e+00,-1.000000000000000000e+00,-1.000000000000000000e+00,-1.000000000000000000e+00,-1.000000000000000000e+00
4.015741348266601562e-01,7.977688908576965332e-01,1.884190936607410549e-07,4.209379553794860840e-01,7.726664543151855469e-01,6.245747208595275879e-03,4.412301480770111084e-01,7.657669186592102051e-01,5.306534469127655029e-03,4.585233926773071289e-01,7.699531912803649902e-01,3.375360742211341858e-03,4.714892506599426270e-01,7.783119082450866699e-01,1.507585984654724598e-03,4.454892575740814209e-01,7.586719989776611328e-01,-1.185735873878002167e-02,4.640699326992034912e-01,7.354885339736938477e-01,-2.240849472582340240e-02,4.816744029521942139e-01,7.337047457695007324e-01,-2.749753743410110474e-02,4.944126605987548828e-01,7.383166551589965820e-01,-2.942109294235706329e-02,4.466862976551055908e-01,7.750958800315856934e-01,-1.881366595625877380e-02,4.806498885154724121e-01,7.740161418914794922e-01,-3.042091056704521179e-02,5.000786781311035156e-01,7.862297296524047852e-01,-3.408665582537651062e-02,5.094388127326965332e-01,7.991268038749694824e-01,-3.423146903514862061e-02,4.459107518196105957e-01,7.969081997871398926e-01,-2.461803145706653595e-02,4.805550277233123779e-01,8.077852725982666016e-01,-3.439171239733695984e-02,4.979602098464965820e-01,8.234172463417053223e-01,-3.453429788351058960e-02,5.080594420433044434e-01,8.341870903968811035e-01,-3.201691061258316040e-02,4.441801607608795166e-01,8.208096623420715332e-01,-2.932661585509777069e-02,4.724376201629638672e-01,8.343636989593505859e-01,-3.564251959323883057e-02,4.856578707695007324e-01,8.444455265998840332e-01,-3.441095724701881409e-02,4.952771067619323730e-01,8.506925106048583984e-01,-3.132725134491920471e-02,6.812734603881835938e-01,7.088968753814697266e-01,3.996949882179023916e-09,6.870601177215576172e-01,7.350342869758605957e-01,-5.356868263334035873e-03,6.803383827209472656e-01,7.578180432319641113e-01,-6.982228718698024750e-03,6.690886616706848145e-01,7.741759419441223145e-01,-6.936804857105016708e-03,6.608271002769470215e-01,7.843218445777893066e-01,-6.538032088428735733e-03,6.737886071205139160e-01,7.548413872718811035e-01,-9.217956103384494781e-03,6.625782251358032227e-01,7.765186429023742676e-01,-1.001885626465082169e-02,6.568717360496520996e-01,7.885958552360534668e-01,-9.828556329011917114e-03,6.530474424362182617e-01,7.976821064949035645e-01,-9.594362229108810425e-03,6.658959388732910156e-01,7.452366352081298828e-01,-6.316539831459522247e-03,6.563717126846313477e-01,7.669990658760070801e-01,-6.291902158409357071e-03,6.523216366767883301e-01,7.795170545578002930e-01,-5.851459223777055740e-03,6.498551368713378906e-01,7.875158786773681641e-01,-6.168523803353309631e-03,6.597488522529602051e-01,7.354174256324768066e-01,-3.241680562496185303e-03,6.524130105972290039e-01,7.547326087951660156e-01,-3.311489010229706764e-03,6.496147513389587402e-01,7.663439512252807617e-01,-2.514899242669343948e-03,6.479524374008178711e-01,7.732267975807189941e-01,-2.533868420869112015e-03,6.560670733451843262e-01,7.271152734756469727e-01,-4.044297384098172188e-04,6.508971452713012695e-01,7.403618693351745605e-01,3.116559819318354130e-04,6.482847332954406738e-01,7.488778829574584961e-01,1.671248697675764561e-03,6.468259692192077637e-01,7.536441683769226074e-01,2.366749104112386703e-03
4.070616960525512695e-01,8.022013902664184570e-01,2.013846369663951918e-07,4.262132942676544189e-01,7.775696516036987305e-01,2.561466302722692490e-03,4.463553130626678467e-01,7.692908644676208496e-01,-1.097006839700043201e-03,4.647757411003112793e-01,7.732956409454345703e-01,-4.885438363999128342e-03,4.788627922534942627e-01,7.827752828598022461e-01,-8.336785249412059784e-03,4.486792683601379395e-01,7.621895670890808105e-01,-1.909204386174678802e-02,4.674370288848876953e-01,7.395335435867309570e-01,-3.183587640523910522e-02,4.850579798221588135e-01,7.384787201881408691e-01,-3.810513764619827271e-02,4.975710511207580566e-01,7.434718608856201172e-01,-4.090591520071029663e-02,4.484298825263977051e-01,7.782024741172790527e-01,-2.499241754412651062e-02,4.816124737262725830e-01,7.779704928398132324e-01,-3.868472203612327576e-02,5.016239881515502930e-01,7.909368872642517090e-01,-4.307797178626060486e-02,5.116871595382690430e-01,8.042199015617370605e-01,-4.415640980005264282e-02,4.469738900661468506e-01,7.998399138450622559e-01,-2.979981712996959686e-02,4.812015593051910400e-01,8.103882074356079102e-01,-4.092976450920104980e-02,4.984239041805267334e-01,8.268224000930786133e-01,-4.115929082036018372e-02,5.083640217781066895e-01,8.380820155143737793e-01,-3.903490677475929260e-02,4.454852640628814697e-01,8.235229849815368652e-01,-3.386829793453216553e-02,4.736860990524291992e-01,8.375410437583923340e-01,-4.130924120545387268e-02,4.873062968254089355e-01,8.484244346618652344e-01,-4.073181748390197754e-02,4.973406195640563965e-01,8.553053736686706543e-01,-3.838685527443885803e-02,6.906455755233764648e-01,7.134292125701904297e-01,8.702594556098119938e-08,6.920544505119323730e-01,7.381281256675720215e-01,-3.633650252595543861e-03,6.831974387168884277e-01,7.603232264518737793e-01,-3.640862647444009781e-03,6.714611649513244629e-01,7.750391364097595215e-01,-2.527967328205704689e-03,6.638933420181274414e-01,7.854098081588745117e-01,-1.005890546366572380e-03,6.818974018096923828e-01,7.545641064643859863e-01,-3.369190730154514313e-03,6.720870733261108398e-01,7.752822041511535645e-01,-2.176154404878616333e-03,6.675430536270141602e-01,7.876554727554321289e-01,-1.073054620064795017e-03,6.642284989356994629e-01,7.970582246780395508e-01,-4.712103109341114759e-04,6.778832674026489258e-01,7.443731427192687988e-01,-1.329202204942703247e-03,6.696120500564575195e-01,7.628116011619567871e-01,8.153236121870577335e-04,6.657875180244445801e-01,7.727644443511962891e-01,1.410393859259784222e-03,6.627972722053527832e-01,7.781316637992858887e-01,1.040737493894994259e-03,6.743249297142028809e-01,7.327877879142761230e-01,7.260543061420321465e-04,6.668629050254821777e-01,7.470636963844299316e-01,2.857996150851249695e-03,6.643345952033996582e-01,7.556405067443847656e-01,3.658716566860675812e-03,6.619139909744262695e-01,7.599269151687622070e-01,3.381483023986220360e-03,6.710628271102905273e-01,7.214835882186889648e-01,2.549967728555202484e-03,6.646576523780822754e-01,7.307116985321044922e-01,5.236113909631967545e-03,6.630543470382690430e-01,7.368574738502502441e-01,7.032575085759162903e-03,6.620740294456481934e-01,7.394960522651672363e-01,7.753264158964157104e-03
4.095082879066467285e-01,8.015591502189636230e-01,2.209736891245484003e-07,4.267455637454986572e-01,7.769010066986083984e-01,2.107128733769059181e-03,4.461796581745147705e-01,7.681654095649719238e-01,-1.809694105759263039e-03,4.640829563140869141e-01,7.717630863189697266e-01,-5.694159772247076035e-03,4.785275459289550781e-01,7.804133892059326172e-01,-9.533573873341083527e-03,4.489767551422119141e-01,7.626265287399291992e-01,-2.062835358083248138e-02,4.665648937225341797e-01,7.402764558792114258e-01,-3.343068063259124756e-02,4.840844571590423584e-01,7.392207980155944824e-01,-3.966725617647171021e-02,4.974828064441680908e-01,7.443015575408935547e-01,-4.247095063328742981e-02,4.488496482372283936e-01,7.782371640205383301e-01,-2.634886838495731354e-02,4.819362759590148926e-01,7.766865491867065430e-01,-3.992084041237831116e-02,5.018364191055297852e-01,7.900917530059814453e-01,-4.424108937382698059e-02,5.122131705284118652e-01,8.040317893028259277e-01,-4.524379223585128784e-02,4.476113617420196533e-01,7.999244332313537598e-01,-3.091744147241115570e-02,4.817522764205932617e-01,8.093240857124328613e-01,-4.269488155841827393e-02,4.989221394062042236e-01,8.260884284973144531e-01,-4.390262812376022339e-02,5.087670087814331055e-01,8.376684784889221191e-01,-4.237033426761627197e-02,4.458091259002685547e-01,8.230329155921936035e-01,-3.460450097918510437e-02,4.740546047687530518e-01,8.365775346755981445e-01,-4.297634959220886230e-02,4.873065650463104248e-01,8.481469154357910156e-01,-4.305255785584449768e-02,4.969925284385681152e-01,8.555763363838195801e-01,-4.112052544951438904e-02,6.932660937309265137e-01,7.183998823165893555e-01,1.382929468718430144e-07,6.847528219223022461e-01,7.343851923942565918e-01,-4.520357586443424225e-03,6.758990287780761719e-01,7.528890371322631836e-01,-6.691634189337491989e-03,6.684960722923278809e-01,7.680447101593017578e-01,-8.052982389926910400e-03,6.635611653327941895e-01,7.794988155364990234e-01,-9.029159322381019592e-03,6.806410551071166992e-01,7.547092437744140625e-01,-1.065558288246393204e-02,6.707251667976379395e-01,7.737287282943725586e-01,-1.516047399491071701e-02,6.655655503273010254e-01,7.866990566253662109e-01,-1.734016276895999908e-02,6.618822813034057617e-01,7.971690297126770020e-01,-1.854638941586017609e-02,6.843283772468566895e-01,7.512037754058837891e-01,-1.063988264650106430e-02,6.751482486724853516e-01,7.728403210639953613e-01,-1.503103878349065781e-02,6.688994169235229492e-01,7.871168851852416992e-01,-1.698036119341850281e-02,6.641333699226379395e-01,7.975949645042419434e-01,-1.813049241900444031e-02,6.868035793304443359e-01,7.438821792602539062e-01,-1.036886591464281082e-02,6.777752041816711426e-01,7.556592822074890137e-01,-1.492383796721696854e-02,6.744159460067749023e-01,7.546619176864624023e-01,-1.449660025537014008e-02,6.733461618423461914e-01,7.516414523124694824e-01,-1.315207500010728836e-02,6.878958344459533691e-01,7.343721389770507812e-01,-1.032239478081464767e-02,6.794512867927551270e-01,7.410777807235717773e-01,-1.307074725627899170e-02,6.758000254631042480e-01,7.407432198524475098e-01,-1.181214302778244019e-02,6.743032932281494141e-01,7.383608222007751465e-01,-1.017340458929538727e-02
4.105389714241027832e-01,7.984122633934020996e-01,2.078050016507404507e-07,4.280627667903900146e-01,7.739369869232177734e-01,2.638077596202492714e-03,4.484290778636932373e-01,7.663558125495910645e-01,8.865606650942936540e-05,4.661671817302703857e-01,7.707239985466003418e-01,-2.361424267292022705e-03,4.792162179946899414e-01,7.788116335868835449e-01,-4.844599869102239609e-03,4.513978064060211182e-01,7.607167363166809082e-01,-1.755498535931110382e-02,4.688690304756164551e-01,7.391639351844787598e-01,-2.841755934059619904e-02,4.857143759727478027e-01,7.382262349128723145e-01,-3.366988152265548706e-02,4.986071586608886719e-01,7.432648539543151855e-01,-3.593473881483078003e-02,4.518247842788696289e-01,7.777299880981445312e-01,-2.282078750431537628e-02,4.837515354156494141e-01,7.770051360130310059e-01,-3.393410518765449524e-02,5.030930638313293457e-01,7.892618775367736816e-01,-3.758767247200012207e-02,5.138043761253356934e-01,8.020510077476501465e-01,-3.849009051918983459e-02,4.505494534969329834e-01,7.997707128524780273e-01,-2.699149027466773987e-02,4.830092489719390869e-01,8.099923133850097656e-01,-3.732248768210411072e-02,5.000874996185302734e-01,8.251813054084777832e-01,-3.934034705162048340e-02,5.107507705688476562e-01,8.360930085182189941e-01,-3.866817802190780640e-02,4.484519660472869873e-01,8.228067755699157715e-01,-3.017320297658443451e-02,4.749975800514221191e-01,8.365593552589416504e-01,-3.805698826909065247e-02,4.880812168121337891e-01,8.471276760101318359e-01,-3.880806267261505127e-02,4.983199238777160645e-01,8.542204499244689941e-01,-3.753911331295967102e-02,7.004976868629455566e-01,7.228053808212280273e-01,1.626386421094139223e-07,6.872419118881225586e-01,7.309049367904663086e-01,-3.832226386293768883e-03,6.775879263877868652e-01,7.441675066947937012e-01,-6.521573755890130997e-03,6.725094318389892578e-01,7.573344111442565918e-01,-8.753100410103797913e-03,6.699011921882629395e-01,7.679229378700256348e-01,-1.082036551088094711e-02,6.809855103492736816e-01,7.541379928588867188e-01,-1.053694263100624084e-02,6.722291111946105957e-01,7.714978456497192383e-01,-1.662648469209671021e-02,6.670742034912109375e-01,7.829533219337463379e-01,-1.969957165420055389e-02,6.633118987083435059e-01,7.920556664466857910e-01,-2.115348167717456818e-02,6.891850829124450684e-01,7.561445832252502441e-01,-1.133410539478063583e-02,6.809262633323669434e-01,7.764179706573486328e-01,-1.750054955482482910e-02,6.741281151771545410e-01,7.892838716506958008e-01,-2.008603885769844055e-02,6.681165695190429688e-01,7.987863421440124512e-01,-2.106286212801933289e-02,6.961161494255065918e-01,7.534230947494506836e-01,-1.195370499044656754e-02,6.868687272071838379e-01,7.590811848640441895e-01,-1.844112388789653778e-02,6.820424795150756836e-01,7.542509436607360840e-01,-1.870766095817089081e-02,6.792999505996704102e-01,7.492424249649047852e-01,-1.720546185970306396e-02,7.012533545494079590e-01,7.470357418060302734e-01,-1.267122849822044373e-02,6.923675537109375000e-01,7.465139627456665039e-01,-1.672726124525070190e-02,6.871756911277770996e-01,7.421106100082397461e-01,-1.575527153909206390e-02,6.841525435447692871e-01,7.371583580970764160e-01,-1.388953719288110733e-02
4.115763008594512939e-01,7.966732382774353027e-01,2.100390474879532121e-07,4.286899864673614502e-01,7.727038860321044922e-01,1.291525433771312237e-03,4.484027028083801270e-01,7.643241286277770996e-01,-2.412150381132960320e-03,4.666359126567840576e-01,7.683903574943542480e-01,-5.707623902708292007e-03,4.807597994804382324e-01,7.777944803237915039e-01,-9.046162478625774384e-03,4.516311883926391602e-01,7.602391242980957031e-01,-2.123038098216056824e-02,4.697052836418151855e-01,7.373855113983154297e-01,-3.396434336900711060e-02,4.864694774150848389e-01,7.368073463439941406e-01,-4.019269347190856934e-02,4.995141029357910156e-01,7.426241040229797363e-01,-4.287039116024971008e-02,4.516014158725738525e-01,7.761832475662231445e-01,-2.618546038866043091e-02,4.843524694442749023e-01,7.750672698020935059e-01,-3.864204511046409607e-02,5.035751461982727051e-01,7.884696125984191895e-01,-4.220264032483100891e-02,5.140339732170104980e-01,8.022992610931396484e-01,-4.287073388695716858e-02,4.503004252910614014e-01,7.981914281845092773e-01,-3.012700378894805908e-02,4.833006560802459717e-01,8.087672591209411621e-01,-4.144147783517837524e-02,5.005142688751220703e-01,8.244884610176086426e-01,-4.329809918999671936e-02,5.111667513847351074e-01,8.356537222862243652e-01,-4.237949103116989136e-02,4.482956528663635254e-01,8.210383653640747070e-01,-3.320127725601196289e-02,4.756978154182434082e-01,8.358190655708312988e-01,-4.161480441689491272e-02,4.892967343330383301e-01,8.467267155647277832e-01,-4.232328385114669800e-02,5.000773668289184570e-01,8.539749383926391602e-01,-4.094921797513961792e-02,7.039576172828674316e-01,7.269915938377380371e-01,1.450208912956441054e-07,6.962203979492187500e-01,7.430433630943298340e-01,-4.187480546534061432e-03,6.854000687599182129e-01,7.604983448982238770e-01,-7.390184793621301651e-03,6.762165427207946777e-01,7.738607525825500488e-01,-1.007295865565538406e-02,6.696901917457580566e-01,7.846516370773315430e-01,-1.290973369032144547e-02,6.882663369178771973e-01,7.601032257080078125e-01,-1.352761965245008469e-02,6.790055632591247559e-01,7.761586904525756836e-01,-2.064589783549308777e-02,6.726392507553100586e-01,7.885922193527221680e-01,-2.465000003576278687e-02,6.680892109870910645e-01,7.991974949836730957e-01,-2.720110677182674408e-02,6.911363601684570312e-01,7.533456087112426758e-01,-1.564288511872291565e-02,6.823698878288269043e-01,7.732418179512023926e-01,-2.239762060344219208e-02,6.756547093391418457e-01,7.868528366088867188e-01,-2.566413953900337219e-02,6.698950529098510742e-01,7.984500527381896973e-01,-2.775132842361927032e-02,6.933320760726928711e-01,7.423142194747924805e-01,-1.753114350140094757e-02,6.834567189216613770e-01,7.507162094116210938e-01,-2.467453107237815857e-02,6.794242262840270996e-01,7.520706653594970703e-01,-2.559670619666576385e-02,6.767524480819702148e-01,7.538589239120483398e-01,-2.536445297300815582e-02,6.948627829551696777e-01,7.286790609359741211e-01,-1.951154693961143494e-02,6.860891580581665039e-01,7.292328476905822754e-01,-2.520640194416046143e-02,6.806747913360595703e-01,7.294504046440124512e-01,-2.535202354192733765e-02,6.766415238380432129e-01,7.302421331405639648e-01,-2.478653192520141602e-02
4.123212099075317383e-01,7.941352725028991699e-01,2.029707957262871787e-07,4.300438761711120605e-01,7.709293365478515625e-01,1.695546903647482395e-03,4.497597515583038330e-01,7.636457681655883789e-01,-1.730315387248992920e-03,4.675081670284271240e-01,7.683890461921691895e-01,-4.878862760961055756e-03,4.815714657306671143e-01,7.781269550323486328e-01,-8.097721263766288757e-03,4.529753327369689941e-01,7.593537569046020508e-01,-1.980087719857692719e-02,4.705017209053039551e-01,7.373196482658386230e-01,-3.205714374780654907e-02,4.872388839721679688e-01,7.364702224731445312e-01,-3.832099959254264832e-02,5.005775690078735352e-01,7.417696118354797363e-01,-4.114339873194694519e-02,4.527124166488647461e-01,7.751775979995727539e-01,-2.480444870889186859e-02,4.846634566783905029e-01,7.746083736419677734e-01,-3.673778474330902100e-02,5.035423636436462402e-01,7.876935601234436035e-01,-4.030478373169898987e-02,5.138019323348999023e-01,8.008679151535034180e-01,-4.105215519666671753e-02,4.512280821800231934e-01,7.971318960189819336e-01,-2.881734073162078857e-02,4.839506745338439941e-01,8.085941076278686523e-01,-3.969409689307212830e-02,5.014780759811401367e-01,8.243779540061950684e-01,-4.158896207809448242e-02,5.121927261352539062e-01,8.353134393692016602e-01,-4.075776413083076477e-02,4.491601288318634033e-01,8.199753165245056152e-01,-3.195569291710853577e-02,4.762424528598785400e-01,8.350553512573242188e-01,-4.005353897809982300e-02,4.899104237556457520e-01,8.461436629295349121e-01,-4.074033722281455994e-02,5.007373094558715820e-01,8.533855080604553223e-01,-3.939267247915267944e-02,7.028479576110839844e-01,7.269421815872192383e-01,1.338964210617632489e-07,6.880979537963867188e-01,7.291952371597290039e-01,-5.953167099505662918e-03,6.770206689834594727e-01,7.413944602012634277e-01,-8.774978108704090118e-03,6.715465784072875977e-01,7.571225762367248535e-01,-1.037527248263359070e-02,6.681644320487976074e-01,7.703603506088256836e-01,-1.186345890164375305e-02,6.825528740882873535e-01,7.519235014915466309e-01,-1.200183108448982239e-02,6.746212244033813477e-01,7.705657482147216797e-01,-1.734531670808792114e-02,6.699441075325012207e-01,7.833116054534912109e-01,-2.021701820194721222e-02,6.664189100265502930e-01,7.933812737464904785e-01,-2.170684933662414551e-02,6.911976337432861328e-01,7.577819824218750000e-01,-1.103084906935691833e-02,6.833011507987976074e-01,7.783595323562622070e-01,-1.628987863659858704e-02,6.773955821990966797e-01,7.911824584007263184e-01,-1.868933066725730896e-02,6.719494462013244629e-01,8.012077808380126953e-01,-1.985340379178524017e-02,6.988989114761352539e-01,7.602074742317199707e-01,-9.964804165065288544e-03,6.904360055923461914e-01,7.716689109802246094e-01,-1.497900579124689102e-02,6.848269701004028320e-01,7.748563289642333984e-01,-1.541486755013465881e-02,6.803215742111206055e-01,7.772417068481445312e-01,-1.475373376160860062e-02,7.052476406097412109e-01,7.597796320915222168e-01,-9.178494103252887726e-03,6.974699497222900391e-01,7.664608955383300781e-01,-1.251612510532140732e-02,6.922559738159179688e-01,7.667393684387207031e-01,-1.180190499871969223e-02,6.886135339736938477e-01,7.660469412803649902e-01,-1.048945356160402298e-02
4.127307534217834473e-01,7.935155630111694336e-01,2.028313730306763318e-07,4.304512143135070801e-01,7.706713676452636719e-01,1.352331135421991348e-03,4.500294029712677002e-01,7.635197043418884277e-01,-2.530305646359920502e-03,4.677455127239227295e-01,7.683882117271423340e-01,-6.067319773137569427e-03,4.816921651363372803e-01,7.784590125083923340e-01,-9.711266495287418365e-03,4.534170329570770264e-01,7.591530084609985352e-01,-2.091492712497711182e-02,4.712120294570922852e-01,7.369909882545471191e-01,-3.394725173711776733e-02,4.879205822944641113e-01,7.362514734268188477e-01,-4.081351310014724731e-02,5.012074112892150879e-01,7.416878938674926758e-01,-4.397507756948471069e-02,4.530344307422637939e-01,7.749199867248535156e-01,-2.587245218455791473e-02,4.853376746177673340e-01,7.751264572143554688e-01,-3.808570653200149536e-02,5.042608976364135742e-01,7.886289358139038086e-01,-4.172933846712112427e-02,5.146107673645019531e-01,8.019921183586120605e-01,-4.259685054421424866e-02,4.513980746269226074e-01,7.970446944236755371e-01,-2.986870706081390381e-02,4.841032028198242188e-01,8.085690140724182129e-01,-4.089948534965515137e-02,5.014554858207702637e-01,8.244853615760803223e-01,-4.278216138482093811e-02,5.121371746063232422e-01,8.355911970138549805e-01,-4.199805483222007751e-02,4.493718147277832031e-01,8.201618194580078125e-01,-3.302766755223274231e-02,4.764820635318756104e-01,8.350948691368103027e-01,-4.121549427509307861e-02,4.903179705142974854e-01,8.459576368331909180e-01,-4.189761728048324585e-02,5.014873147010803223e-01,8.531349897384643555e-01,-4.059481993317604065e-02,7.037742137908935547e-01,7.276268601417541504e-01,1.378311651478725253e-07,6.887353658676147461e-01,7.279785275459289551e-01,-6.498526316136121750e-03,6.780750155448913574e-01,7.388296127319335938e-01,-9.791502729058265686e-03,6.739875674247741699e-01,7.544895410537719727e-01,-1.187930162996053696e-02,6.714271903038024902e-01,7.675796747207641602e-01,-1.379888132214546204e-02,6.814725995063781738e-01,7.497590780258178711e-01,-1.272457465529441833e-02,6.737307906150817871e-01,7.692031264305114746e-01,-1.868568733334541321e-02,6.693705916404724121e-01,7.825016379356384277e-01,-2.166857197880744934e-02,6.659667491912841797e-01,7.926746010780334473e-01,-2.306424081325531006e-02,6.905316710472106934e-01,7.565391659736633301e-01,-1.170385815203189850e-02,6.834189891815185547e-01,7.779129743576049805e-01,-1.756779849529266357e-02,6.778056025505065918e-01,7.911156415939331055e-01,-1.993441395461559296e-02,6.721740961074829102e-01,8.015251755714416504e-01,-2.080227248370647430e-02,6.982614398002624512e-01,7.595835328102111816e-01,-1.068762503564357758e-02,6.896322369575500488e-01,7.701338529586791992e-01,-1.643569022417068481e-02,6.845272779464721680e-01,7.715294957160949707e-01,-1.694575883448123932e-02,6.804752349853515625e-01,7.724453806877136230e-01,-1.598171144723892212e-02,7.043414115905761719e-01,7.596080303192138672e-01,-9.992270730435848236e-03,6.960096955299377441e-01,7.655265331268310547e-01,-1.392505504190921783e-02,6.903775930404663086e-01,7.646075487136840820e-01,-1.335771195590496063e-02,6.864079833030700684e-01,7.629073262214660645e-01,-1.189376413822174072e-02
