-1.000000000000000000e+00,-1.000000000000000000e+00,-1.000000000000000000e+00,-1.000000000000000000e+00,-1.000000000000000000e+00,-1.000000000000000000e+00,-1.000000000000000000e+00,-1.000000000000000000e+00,-1.000000000000000000e+00,-1.000000000000000000e+00,-1.000000000000000000e+00,-1.000000000000000000e+00,-1.000000000000000000e+00,-1.000000000000000000e+00,-1.000000000000000000e+00,-1.000000000000000000e+00,-1.000000000000000000e+00,-1.000000000000000000e+00,-1.000000000000000000e+00,-1.000000000000000000e+00,-1.000000000000000000e+00,-1.000000000000000000e+00,-1.000000000000000000e+00,-1.000000000000000000e+00,-1.000000000000000000e+00,-1.000000000000000000e+00,-1.000000000000000000e+00,-1.000000000000000000e+00,-1.000000000000000000e+00,-1.000000000000000000e+00,-1.000000000000000000e+00,-1.000000000000000000e+00,-1.000000000000000000e+00,-1.000000000000000000e+00,-1.000000000000000000e+00,-1.000000000000000000e+00,-1.000000000000000000e+00,-1.000000000000000000e+00,-1.000000000000000000e+00,-1.000000000000000000e+00,-1.000000000000000000e+00,-1.000000000000000000e+00,-1.000000000000000000e+00,-1.000000000000000000e+00,-1.000000000000000000e+00,-1.000000000000000000e+00,-1.000000000000000000e+00,-1.000000000000000000e+00,-1.000000000000000000e+00,-1.000000000000000000e+00,-1.000000000000000000e+00,-1.000000000000000000e+00,-1.000000000000000000e+00,-1.000000000000000000e+00,-1.000000000000000000e+00,-1.000000000000000000e+00,-1.000000000000000000e+00,-1.000000000000000000e+00,-1.000000000000000000e+00,-1.000000000000000000e+00,-1.000000000000000000e+00,-1.000000000000000000e+00,-1.000000000000000000e+00,-1.000000000000000000e+00,-1.000000000000000000e+00,-1.000000000000000000e+00,-1.000000000000000000e+00,-1.000000000000000000e+00,-1.000000000000000000e+00,-1.000000000000000000e+00,-1.000000000000000000e+00,-1.000000000000000000e+00,-1.000000000000000000e+00,-1.000000000000000000e+00,-1.000000000000000000e+00,-1.000000000000000000e+00,-1.000000000000000000e+00,-1.000000000000000000e+00,-1.000000000000000000e+00,-1.000000000000000000e+00,-1.000000000000000000e+00,-1.000000000000000000e+00,-1.000000000000000000e+00,-1.000000000000000000e+00,-1.000000000000000000e+00,-1.000000000000000000e+00,-1.000000000000000000e+00,-1.000000000000000000e+00,-1.000000000000000000e+00,-1.000000000000000000e+00,-1.000000000000000000e+00,-1.000000000000000000e+00,-1.000000000000000000e+00,-1.000000000000000000e+00,-1.000000000000000000e+00,-1.000000000000000000e+00,-1.000000000000000000e+00,-1.000000000000000000e+00,-1.000000000000000000e+00,-1.000000000000000000e+00,-1.000000000000000000e+00,-1.000000000000000000e+00,-1.000000000000000000e+00,-1.000000000000000000e+00,-1.000000000000000000e+00,-1.000000000000000000e+00,-1.000000000000000000e+00,-1.000000000000000000e+00,-1.000000000000000000e+00,-1.000000000000000000e+00,-1.000000000000000000e+00,-1.000000000000000000e+00,-1.000000000000000000e+00,-1.000000000000000000e+00,-1.000000000000000000e+00,-1.000000000000000000e+00,-1.000000000000000000e+00,-1.000000000000000000e+00,-1.000000000000000000e+00,-1.000000000000000000e+00,-1.000000000000000000e+00,-1.000000000000000000e+00,-1.000000000000000000e+00,-1.000000000000000000e+00,-1.000000000000000000e+00,-1.000000000000000000e+00
-1.000000000000000000e+00,-1.000000000000000000e+00,-1.000000000000000000e+00,-1.000000000000000000e+00,-1.000000000000000000e+00,-1.000000000000000000e+00,-1.000000000000000000e+00,-1.000000000000000000e+00,-1.000000000000000000e+00,-1.000000000000000000e+00,-1.000000000000000000e+00,-1.000000000000000000e+00,-1.000000000000000000e+00,-1.000000000000000000e+00,-1.000000000000000000e+00,-1.000000000000000000e+00,-1.000000000000000000e+00,-1.000000000000000000e+00,-1.000000000000000000e+00,-1.000000000000000000e+00,-1.000000000000000000e+00,-1.000000000000000000e+00,-1.000000000000000000e+00,-1.000000000000000000e+00,-1.000000000000000000e+00,-1.000000000000000000e+00,-1.000000000000000000e+00,-1.000000000000000000e+00,-1.000000000000000000e+00,-1.000000000000000000e+00,-1.000000000000000000e+00,-1.000000000000000000e+00,-1.000000000000000000e+00,-1.000000000000000000e+00,-1.000000000000000000e+00,-1.000000000000000000e+00,-1.000000000000000000e+00,-1.000000000000000000e+00,-1.000000000000000000e+00,-1.000000000000000000e+00,-1.000000000000000000e+00,-1.000000000000000000e+00,-1.000000000000000000e+00,-1.000000000000000000e+00,-1.000000000000000000e+00,-1.000000000000000000e+00,-1.000000000000000000e+00,-1.000000000000000000e+00,-1.000000000000000000e+00,-1.000000000000000000e+00,-1.000000000000000000e+00,-1.000000000000000000e+00,-1.000000000000000000e+00,-1.000000000000000000e+00,-1.000000000000000000e+00,-1.000000000000000000e+00,-1.000000000000000000e+00,-1.000000000000000000e+00,-1.000000000000000000e+00,-1.000000000000000000e+00,-1.000000000000000000e+00,-1.000000000000000000e+00,-1.000000000000000000e+00,-1.000000000000000000e+00,-1.000000000000000000e+00,-1.000000000000000000e+00,-1.000000000000000000e+00,-1.000000000000000000e+00,-1.000000000000000000e+00,-1.000000000000000000e+00,-1.000000000000000000e+00,-1.000000000000000000e+00,-1.000000000000000000e+00,-1.000000000000000000e+00,-1.000000000000000000e+00,-1.000000000000000000e+00,-1.000000000000000000e+00,-1.000000000000000000e+00,-1.000000000000000000e+00,-1.000000000000000000e+00,-1.000000000000000000e+00,-1.000000000000000000e+00,-1.000000000000000000e+00,-1.000000000000000000e+00,-1.000000000000000000e+00,-1.000000000000000000e+00,-1.000000000000000000e+00,-1.000000000000000000e+00,-1.000000000000000000e+00,-1.000000000000000000e+00,-1.000000000000000000e+00,-1.000000000000000000e+00,-1.000000000000000000e+00,-1.000000000000000000e+00,-1.000000000000000000e+00,-1.000000000000000000e+00,-1.000000000000000000e+00,-1.000000000000000000e+00,-1.000000000000000000e+00,-1.000000000000000000e+00,-1.000000000000000000e+00,-1.000000000000000000e+00,-1.000000000000000000e+00,-1.000000000000000000e+00,-1.000000000000000000e+00,-1.000000000000000000e+00,-1.000000000000000000e+00,-1.000000000000000000e+00,-1.000000000000000000e+00,-1.000000000000000000e+00,-1.000000000000000000e+00,-1.000000000000000000e+00,-1.000000000000000000e+00,-1.000000000000000000e+00,-1.000000000000000000e+00,-1.000000000000000000e+00,-1.000000000000000000e+00,-1.000000000000000000e+00,-1.000000000000000000e+00,-1.000000000000000000e+00,-1.000000000000000000e+00,-1.000000000000000000e+00,-1.000000000000000000e+00,-1.000000000000000000e+00,-1.000000000000000000e+00,-1.000000000000000000e+00
3.871027529239654541e-01,6.599751710891723633e-01,1.375373130940715782e-07,3.511654436588287354e-01,6.912710070610046387e-01,8.609412238001823425e-03,3.362545371055603027e-01,7.415872812271118164e-01,8.735748007893562317e-03,3.346236944198608398e-01,7.834647297859191895e-01,8.481934666633605957e-03,3.370749056339263916e-01,8.158254623413085938e-01,7.444371003657579422e-03,3.438639342784881592e-01,7.644331455230712891e-01,-1.558661926537752151e-02,3.383601307868957520e-01,8.386030197143554688e-01,-1.875479891896247864e-02,3.341856002807617188e-01,8.653358817100524902e-01,-1.507442351430654526e-02,3.309167623519897461e-01,8.762340545654296875e-01,-1.031751278787851334e-02,3.722841739654541016e-01,7.709349989891052246e-01,-2.064952068030834198e-02,3.692776858806610107e-01,8.528999686241149902e-01,-2.222584187984466553e-02,3.631641268730163574e-01,8.600020408630371094e-01,-1.302279252558946609e-02,3.592209517955780029e-01,8.482755422592163086e-01,-4.779452458024024963e-03,3.982181549072265625e-01,7.688212990760803223e-01,-2.333233319222927094e-02,3.957064747810363770e-01,8.392446041107177734e-01,-2.243449166417121887e-02,3.876059651374816895e-01,8.363586664199829102e-01,-9.798166342079639435e-03,3.825260996818542480e-01,8.198519349098205566e-01,2.719045442063361406e-04,4.204604625701904297e-01,7.592900991439819336e-01,-2.493612654507160187e-02,4.180686771869659424e-01,8.159765005111694336e-01,-2.208048664033412933e-02,4.093995690345764160e-01,8.169918060302734375e-01,-1.139800529927015305e-02,4.026147127151489258e-01,8.055332899093627930e-01,-1.918236026540398598e-03,-1.000000000000000000e+00,-1.000000000000000000e+00,-1.000000000000000000e+00,-1.000000000000000000e+00,-1.000000000000000000e+00,-1.000000000000000000e+00,-1.000000000000000000e+00,-1.000000000000000000e+00,-1.000000000000000000e+00,-1.000000000000000000e+00,-1.000000000000000000e+00,-1.000000000000000000e+00,-1.000000000000000000e+00,-1.000000000000000000e+00,-1.000000000000000000e+00,-1.000000000000000000e+00,-1.000000000000000000e+00,-1.000000000000000000e+00,-1.000000000000000000e+00,-1.000000000000000000e+00,-1.000000000000000000e+00,-1.000000000000000000e+00,-1.000000000000000000e+00,-1.000000000000000000e+00,-1.000000000000000000e+00,-1.000000000000000000e+00,-1.000000000000000000e+00,-1.000000000000000000e+00,-1.000000000000000000e+00,-1.000000000000000000e+00,-1.000000000000000000e+00,-1.000000000000000000e+00,-1.000000000000000000e+00,-1.000000000000000000e+00,-1.000000000000000000e+00,-1.000000000000000000e+00,-1.000000000000000000e+00,-1.000000000000000000e+00,-1.000000000000000000e+00,-1.000000000000000000e+00,-1.000000000000000000e+00,-1.000000000000000000e+00,-1.000000000000000000e+00,-1.000000000000000000e+00,-1.000000000000000000e+00,-1.000000000000000000e+00,-1.000000000000000000e+00,-1.000000000000000000e+00,-1.000000000000000000e+00,-1.000000000000000000e+00,-1.000000000000000000e+00,-1.000000000000000000e+00,-1.000000000000000000e+00,-1.000000000000000000e+00,-1.000000000000000000e+00,-1.000000000000000000e+00,-1.000000000000000000e+00,-1.000000000000000000e+00,-1.000000000000000000e+00,-1.000000000000000000e+00,-1.000000000000000000e+00,-1.000000000000000000e+00,-1.000000000000000000e+00
3.871027529239654541e-01,6.599751710891723633e-01,1.375373130940715782e-07,3.511654436588287354e-01,6.912710070610046387e-01,8.609412238001823425e-03,3.362545371055603027e-01,7.415872812271118164e-01,8.735748007893562317e-03,3.346236944198608398e-01,7.834647297859191895e-01,8.481934666633605957e-03,3.370749056339263916e-01,8.158254623413085938e-01,7.444371003657579422e-03,3.438639342784881592e-01,7.644331455230712891e-01,-1.558661926537752151e-02,3.383601307868957520e-01,8.386030197143554688e-01,-1.875479891896247864e-02,3.341856002807617188e-01,8.653358817100524902e-01,-1.507442351430654526e-02,3.309167623519897461e-01,8.762340545654296875e-01,-1.031751278787851334e-02,3.722841739654541016e-01,7.709349989891052246e-01,-2.064952068030834198e-02,3.692776858806610107e-01,8.528999686241149902e-01,-2.222584187984466553e-02,3.631641268730163574e-01,8.600020408630371094e-01,-1.302279252558946609e-02,3.592209517955780029e-01,8.482755422592163086e-01,-4.779452458024024963e-03,3.982181549072265625e-01,7.688212990760803223e-01,-2.333233319222927094e-02,3.957064747810363770e-01,8.392446041107177734e-01,-2.243449166417121887e-02,3.876059651374816895e-01,8.363586664199829102e-01,-9.798166342079639435e-03,3.825260996818542480e-01,8.198519349098205566e-01,2.719045442063361406e-04,4.204604625701904297e-01,7.592900991439819336e-01,-2.493612654507160187e-02,4.180686771869659424e-01,8.159765005111694336e-01,-2.208048664033412933e-02,4.093995690345764160e-01,8.169918060302734375e-01,-1.139800529927015305e-02,4.026147127151489258e-01,8.055332899093627930e-01,-1.918236026540398598e-03,-1.000000000000000000e+00,-1.000000000000000000e+00,-1.000000000000000000e+00,-1.000000000000000000e+00,-1.000000000000000000e+00,-1.000000000000000000e+00,-1.000000000000000000e+00,-1.000000000000000000e+00,-1.000000000000000000e+00,-1.000000000000000000e+00,-1.000000000000000000e+00,-1.000000000000000000e+00,-1.000000000000000000e+00,-1.000000000000000000e+00,-1.000000000000000000e+00,-1.000000000000000000e+00,-1.000000000000000000e+00,-1.000000000000000000e+00,-1.000000000000000000e+00,-1.000000000000000000e+00,-1.000000000000000000e+00,-1.000000000000000000e+00,-1.000000000000000000e+00,-1.000000000000000000e+00,-1.000000000000000000e+00,-1.000000000000000000e+00,-1.000000000000000000e+00,-1.000000000000000000e+00,-1.000000000000000000e+00,-1.000000000000000000e+00,-1.000000000000000000e+00,-1.000000000000000000e+00,-1.000000000000000000e+00,-1.000000000000000000e+00,-1.000000000000000000e+00,-1.000000000000000000e+00,-1.000000000000000000e+00,-1.000000000000000000e+00,-1.000000000000000000e+00,-1.000000000000000000e+00,-1.000000000000000000e+00,-1.000000000000000000e+00,-1.000000000000000000e+00,-1.000000000000000000e+00,-1.000000000000000000e+00,-1.000000000000000000e+00,-1.000000000000000000e+00,-1.000000000000000000e+00,-1.000000000000000000e+00,-1.000000000000000000e+00,-1.000000000000000000e+00,-1.000000000000000000e+00,-1.000000000000000000e+00,-1.000000000000000000e+00,-1.000000000000000000e+00,-1.000000000000000000e+00,-1.000000000000000000e+00,-1.000000000000000000e+00,-1.000000000000000000e+00,-1.000000000000000000e+00,-1.000000000000000000e+00,-1.000000000000000000e+00,-1.000000000000000000e+00
4.040249288082122803e-01,6.584993600845336914e-01,6.816152620103821391e-08,3.642937541007995605e-01,6.903377771377563477e-01,1.814899034798145294e-02,3.494469225406646729e-01,7.375435233116149902e-01,2.374760434031486511e-02,3.484255075454711914e-01,7.807632088661193848e-01,2.809006161987781525e-02,3.528599441051483154e-01,8.131207227706909180e-01,3.194734081625938416e-02,3.578669428825378418e-01,7.661257386207580566e-01,-8.507709950208663940e-03,3.521903753280639648e-01,8.423663377761840820e-01,-6.892241071909666061e-03,3.485907912254333496e-01,8.658845424652099609e-01,1.692002406343817711e-03,3.467024564743041992e-01,8.744531273841857910e-01,1.024705916643142700e-02,3.870197832584381104e-01,7.704060673713684082e-01,-1.501374877989292145e-02,3.825539946556091309e-01,8.513562679290771484e-01,-1.364003214985132217e-02,3.742337822914123535e-01,8.559564352035522461e-01,-8.793866145424544811e-04,3.700518906116485596e-01,8.456758260726928711e-01,1.033493503928184509e-02,4.128911495208740234e-01,7.672450542449951172e-01,-1.788751222193241119e-02,4.079023897647857666e-01,8.398470878601074219e-01,-1.246743090450763702e-02,3.978862464427947998e-01,8.368571400642395020e-01,3.779949387535452843e-03,3.943348824977874756e-01,8.222476243972778320e-01,1.589488796889781952e-02,4.341211915016174316e-01,7.577310800552368164e-01,-1.862055435776710510e-02,4.301999509334564209e-01,8.181338906288146973e-01,-8.920411579310894012e-03,4.196404516696929932e-01,8.198930025100708008e-01,6.911596748977899551e-03,4.150387942790985107e-01,8.087397217750549316e-01,1.956986077129840851e-02,-1.000000000000000000e+00,-1.000000000000000000e+00,-1.000000000000000000e+00,-1.000000000000000000e+00,-1.000000000000000000e+00,-1.000000000000000000e+00,-1.000000000000000000e+00,-1.000000000000000000e+00,-1.000000000000000000e+00,-1.000000000000000000e+00,-1.000000000000000000e+00,-1.000000000000000000e+00,-1.000000000000000000e+00,-1.000000000000000000e+00,-1.000000000000000000e+00,-1.000000000000000000e+00,-1.000000000000000000e+00,-1.000000000000000000e+00,-1.000000000000000000e+00,-1.000000000000000000e+00,-1.000000000000000000e+00,-1.000000000000000000e+00,-1.000000000000000000e+00,-1.000000000000000000e+00,-1.000000000000000000e+00,-1.000000000000000000e+00,-1.000000000000000000e+00,-1.000000000000000000e+00,-1.000000000000000000e+00,-1.000000000000000000e+00,-1.000000000000000000e+00,-1.000000000000000000e+00,-1.000000000000000000e+00,-1.000000000000000000e+00,-1.000000000000000000e+00,-1.000000000000000000e+00,-1.000000000000000000e+00,-1.000000000000000000e+00,-1.000000000000000000e+00,-1.000000000000000000e+00,-1.000000000000000000e+00,-1.000000000000000000e+00,-1.000000000000000000e+00,-1.000000000000000000e+00,-1.000000000000000000e+00,-1.000000000000000000e+00,-1.000000000000000000e+00,-1.000000000000000000e+00,-1.000000000000000000e+00,-1.000000000000000000e+00,-1.000000000000000000e+00,-1.000000000000000000e+00,-1.000000000000000000e+00,-1.000000000000000000e+00,-1.000000000000000000e+00,-1.000000000000000000e+00,-1.000000000000000000e+00,-1.000000000000000000e+00,-1.000000000000000000e+00,-1.000000000000000000e+00,-1.000000000000000000e+00,-1.000000000000000000e+00,-1.000000000000000000e+00
4.235042333602905273e-01,6.539769172668457031e-01,1.231164645787430345e-07,3.825241625308990479e-01,6.851648092269897461e-01,8.289841935038566589e-03,3.654849827289581299e-01,7.325674891471862793e-01,9.940107353031635284e-03,3.637041151523590088e-01,7.782889604568481445e-01,1.168912369757890701e-02,3.696593642234802246e-01,8.100452423095703125e-01,1.326331216841936111e-02,3.804115951061248779e-01,7.604417800903320312e-01,-1.254300959408283234e-02,3.753586113452911377e-01,8.311871290206909180e-01,-1.327803544700145721e-02,3.705662786960601807e-01,8.579058647155761719e-01,-8.655955083668231964e-03,3.673739433288574219e-01,8.721961379051208496e-01,-3.581563243642449379e-03,4.093694686889648438e-01,7.663365602493286133e-01,-1.584517396986484528e-02,4.049167633056640625e-01,8.438404798507690430e-01,-1.513203047215938568e-02,3.949658572673797607e-01,8.573783636093139648e-01,-6.883900612592697144e-03,3.886880278587341309e-01,8.542190194129943848e-01,-5.409956884250277653e-06,4.337259232997894287e-01,7.643891572952270508e-01,-1.663300022482872009e-02,4.285816252231597900e-01,8.341541886329650879e-01,-1.296407822519540787e-02,4.162105619907379150e-01,8.393926024436950684e-01,-2.610075753182172775e-03,4.094214439392089844e-01,8.297931551933288574e-01,4.650429356843233109e-03,4.525839090347290039e-01,7.569234371185302734e-01,-1.628310419619083405e-02,4.492261707782745361e-01,8.133748173713684082e-01,-9.857075288891792297e-03,4.377869665622711182e-01,8.195453286170959473e-01,9.462676243856549263e-04,4.308893084526062012e-01,8.120273351669311523e-01,9.421338327229022980e-03,-1.000000000000000000e+00,-1.000000000000000000e+00,-1.000000000000000000e+00,-1.000000000000000000e+00,-1.000000000000000000e+00,-1.000000000000000000e+00,-1.000000000000000000e+00,-1.000000000000000000e+00,-1.000000000000000000e+00,-1.000000000000000000e+00,-1.000000000000000000e+00,-1.000000000000000000e+00,-1.000000000000000000e+00,-1.000000000000000000e+00,-1.000000000000000000e+00,-1.000000000000000000e+00,-1.000000000000000000e+00,-1.000000000000000000e+00,-1.000000000000000000e+00,-1.000000000000000000e+00,-1.000000000000000000e+00,-1.000000000000000000e+00,-1.000000000000000000e+00,-1.000000000000000000e+00,-1.000000000000000000e+00,-1.000000000000000000e+00,-1.000000000000000000e+00,-1.000000000000000000e+00,-1.000000000000000000e+00,-1.000000000000000000e+00,-1.000000000000000000e+00,-1.000000000000000000e+00,-1.000000000000000000e+00,-1.000000000000000000e+00,-1.000000000000000000e+00,-1.000000000000000000e+00,-1.000000000000000000e+00,-1.000000000000000000e+00,-1.000000000000000000e+00,-1.000000000000000000e+00,-1.000000000000000000e+00,-1.000000000000000000e+00,-1.000000000000000000e+00,-1.000000000000000000e+00,-1.000000000000000000e+00,-1.000000000000000000e+00,-1.000000000000000000e+00,-1.000000000000000000e+00,-1.000000000000000000e+00,-1.000000000000000000e+00,-1.000000000000000000e+00,-1.000000000000000000e+00,-1.000000000000000000e+00,-1.000000000000000000e+00,-1.000000000000000000e+00,-1.000000000000000000e+00,-1.000000000000000000e+00,-1.000000000000000000e+00,-1.000000000000000000e+00,-1.000000000000000000e+00,-1.000000000000000000e+00,-1.000000000000000000e+00,-1.000000000000000000e+00
4.318867325782775879e-01,6.544153094291687012e-01,1.672760561177710770e-07,3.921924531459808350e-01,6.860576272010803223e-01,8.937666192650794983e-03,3.772136867046356201e-01,7.327073216438293457e-01,1.111828815191984177e-02,3.747676312923431396e-01,7.763067483901977539e-01,1.321939844638109207e-02,3.786278069019317627e-01,8.090574145317077637e-01,1.520120259374380112e-02,3.929322957992553711e-01,7.624703049659729004e-01,-9.850653819739818573e-03,3.862555027008056641e-01,8.322253227233886719e-01,-9.260742925107479095e-03,3.795858025550842285e-01,8.585942387580871582e-01,-3.729536198079586029e-03,3.744141459465026855e-01,8.715952634811401367e-01,2.128281863406300545e-03,4.216307997703552246e-01,7.665793299674987793e-01,-1.262214500457048416e-02,4.162291884422302246e-01,8.415852785110473633e-01,-1.067044679075479507e-02,4.051507711410522461e-01,8.537071943283081055e-01,-1.115245162509381771e-03,3.973448276519775391e-01,8.502020239830017090e-01,7.045670412480831146e-03,4.449950158596038818e-01,7.625603675842285156e-01,-1.300089899450540543e-02,4.398962259292602539e-01,8.324197530746459961e-01,-8.181205019354820251e-03,4.266977310180664062e-01,8.386434912681579590e-01,3.249788889661431313e-03,4.186832010746002197e-01,8.308004736900329590e-01,1.133983209729194641e-02,4.620561301708221436e-01,7.536602616310119629e-01,-1.223631482571363449e-02,4.584009647369384766e-01,8.092174530029296875e-01,-5.019643343985080719e-03,4.455742537975311279e-01,8.158898949623107910e-01,6.473372690379619598e-03,4.373115599155426025e-01,8.090180158615112305e-01,1.563772931694984436e-02,-1.000000000000000000e+00,-1.000000000000000000e+00,-1.000000000000000000e+00,-1.000000000000000000e+00,-1.000000000000000000e+00,-1.000000000000000000e+00,-1.000000000000000000e+00,-1.000000000000000000e+00,-1.000000000000000000e+00,-1.000000000000000000e+00,-1.000000000000000000e+00,-1.000000000000000000e+00,-1.000000000000000000e+00,-1.000000000000000000e+00,-1.000000000000000000e+00,-1.000000000000000000e+00,-1.000000000000000000e+00,-1.000000000000000000e+00,-1.000000000000000000e+00,-1.000000000000000000e+00,-1.000000000000000000e+00,-1.000000000000000000e+00,-1.000000000000000000e+00,-1.000000000000000000e+00,-1.000000000000000000e+00,-1.000000000000000000e+00,-1.000000000000000000e+00,-1.000000000000000000e+00,-1.000000000000000000e+00,-1.000000000000000000e+00,-1.000000000000000000e+00,-1.000000000000000000e+00,-1.000000000000000000e+00,-1.000000000000000000e+00,-1.000000000000000000e+00,-1.000000000000000000e+00,-1.000000000000000000e+00,-1.000000000000000000e+00,-1.000000000000000000e+00,-1.000000000000000000e+00,-1.000000000000000000e+00,-1.000000000000000000e+00,-1.000000000000000000e+00,-1.000000000000000000e+00,-1.000000000000000000e+00,-1.000000000000000000e+00,-1.000000000000000000e+00,-1.000000000000000000e+00,-1.000000000000000000e+00,-1.000000000000000000e+00,-1.000000000000000000e+00,-1.000000000000000000e+00,-1.000000000000000000e+00,-1.000000000000000000e+00,-1.000000000000000000e+00,-1.000000000000000000e+00,-1.000000000000000000e+00,-1.000000000000000000e+00,-1.000000000000000000e+00,-1.000000000000000000e+00,-1.000000000000000000e+00,-1.000000000000000000e+00,-1.000000000000000000e+00
4.318867325782775879e-01,6.544153094291687012e-01,1.672760561177710770e-07,3.921924531459808350e-01,6.860576272010803223e-01,8.937666192650794983e-03,3.772136867046356201e-01,7.327073216438293457e-01,1.111828815191984177e-02,3.747676312923431396e-01,7.763067483901977539e-01,1.321939844638109207e-02,3.786278069019317627e-01,8.090574145317077637e-01,1.520120259374380112e-02,3.929322957992553711e-01,7.624703049659729004e-01,-9.850653819739818573e-03,3.862555027008056641e-01,8.322253227233886719e-01,-9.260742925107479095e-03,3.795858025550842285e-01,8.585942387580871582e-01,-3.729536198079586029e-03,3.744141459465026855e-01,8.715952634811401367e-01,2.128281863406300545e-03,4.216307997703552246e-01,7.665793299674987793e-01,-1.262214500457048416e-02,4.162291884422302246e-01,8.415852785110473633e-01,-1.067044679075479507e-02,4.051507711410522461e-01,8.537071943283081055e-01,-1.115245162509381771e-03,3.973448276519775391e-01,8.502020239830017090e-01,7.045670412480831146e-03,4.449950158596038818e-01,7.625603675842285156e-01,-1.300089899450540543e-02,4.398962259292602539e-01,8.324197530746459961e-01,-8.181205019354820251e-03,4.266977310180664062e-01,8.386434912681579590e-01,3.249788889661431313e-03,4.186832010746002197e-01,8.308004736900329590e-01,1.133983209729194641e-02,4.620561301708221436e-01,7.536602616310119629e-01,-1.223631482571363449e-02,4.584009647369384766e-01,8.092174530029296875e-01,-5.019643343985080719e-03,4.455742537975311279e-01,8.158898949623107910e-01,6.473372690379619598e-03,4.373115599155426025e-01,8.090180158615112305e-01,1.563772931694984436e-02,-1.000000000000000000e+00,-1.000000000000000000e+00,-1.000000000000000000e+00,-1.000000000000000000e+00,-1.000000000000000000e+00,-1.000000000000000000e+00,-1.000000000000000000e+00,-1.000000000000000000e+00,-1.000000000000000000e+00,-1.000000000000000000e+00,-1.000000000000000000e+00,-1.000000000000000000e+00,-1.000000000000000000e+00,-1.000000000000000000e+00,-1.000000000000000000e+00,-1.000000000000000000e+00,-1.000000000000000000e+00,-1.000000000000000000e+00,-1.000000000000000000e+00,-1.000000000000000000e+00,-1.000000000000000000e+00,-1.000000000000000000e+00,-1.000000000000000000e+00,-1.000000000000000000e+00,-1.000000000000000000e+00,-1.000000000000000000e+00,-1.000000000000000000e+00,-1.000000000000000000e+00,-1.000000000000000000e+00,-1.000000000000000000e+00,-1.000000000000000000e+00,-1.000000000000000000e+00,-1.000000000000000000e+00,-1.000000000000000000e+00,-1.000000000000000000e+00,-1.000000000000000000e+00,-1.000000000000000000e+00,-1.000000000000000000e+00,-1.000000000000000000e+00,-1.000000000000000000e+00,-1.000000000000000000e+00,-1.000000000000000000e+00,-1.000000000000000000e+00,-1.000000000000000000e+00,-1.000000000000000000e+00,-1.000000000000000000e+00,-1.000000000000000000e+00,-1.000000000000000000e+00,-1.000000000000000000e+00,-1.000000000000000000e+00,-1.000000000000000000e+00,-1.000000000000000000e+00,-1.000000000000000000e+00,-1.000000000000000000e+00,-1.000000000000000000e+00,-1.000000000000000000e+00,-1.000000000000000000e+00,-1.000000000000000000e+00,-1.000000000000000000e+00,-1.000000000000000000e+00,-1.000000000000000000e+00,-1.000000000000000000e+00,-1.000000000000000000e+00
4.368634819984436035e-01,6.562872529029846191e-01,1.677837815350358142e-07,3.966305255889892578e-01,6.881522536277770996e-01,9.261181578040122986e-03,3.829323649406433105e-01,7.356456518173217773e-01,1.147608086466789246e-02,3.822063803672790527e-01,7.795658111572265625e-01,1.375991571694612503e-02,3.850822150707244873e-01,8.117893934249877930e-01,1.587724313139915466e-02,3.967478275299072266e-01,7.595099806785583496e-01,-1.211321167647838593e-02,3.910352885723114014e-01,8.303384780883789062e-01,-1.178978756070137024e-02,3.854026198387145996e-01,8.589089512825012207e-01,-5.972092971205711365e-03,3.809816539287567139e-01,8.747076392173767090e-01,-1.203074134537018836e-05,4.256202578544616699e-01,7.636703252792358398e-01,-1.507275830954313278e-02,4.192717373371124268e-01,8.402220606803894043e-01,-1.437968388199806213e-02,4.091835618019104004e-01,8.548516631126403809e-01,-5.360205192118883133e-03,4.022307991981506348e-01,8.538600206375122070e-01,2.773004816845059395e-03,4.489596486091613770e-01,7.620560526847839355e-01,-1.528515387326478958e-02,4.430761337280273438e-01,8.326724767684936523e-01,-1.095936261117458344e-02,4.300141334533691406e-01,8.387870192527770996e-01,4.251062055118381977e-04,4.223615527153015137e-01,8.311902880668640137e-01,8.644925430417060852e-03,4.662068188190460205e-01,7.557676434516906738e-01,-1.432446949183940887e-02,4.610644876956939697e-01,8.118349313735961914e-01,-7.508008740842342377e-03,4.485353529453277588e-01,8.186151385307312012e-01,3.861832665279507637e-03,4.408611357212066650e-01,8.125381469726562500e-01,1.305572409182786942e-02,-1.000000000000000000e+00,-1.000000000000000000e+00,-1.000000000000000000e+00,-1.000000000000000000e+00,-1.000000000000000000e+00,-1.000000000000000000e+00,-1.000000000000000000e+00,-1.000000000000000000e+00,-1.000000000000000000e+00,-1.000000000000000000e+00,-1.000000000000000000e+00,-1.000000000000000000e+00,-1.000000000000000000e+00,-1.000000000000000000e+00,-1.000000000000000000e+00,-1.000000000000000000e+00,-1.000000000000000000e+00,-1.000000000000000000e+00,-1.000000000000000000e+00,-1.000000000000000000e+00,-1.000000000000000000e+00,-1.000000000000000000e+00,-1.000000000000000000e+00,-1.000000000000000000e+00,-1.000000000000000000e+00,-1.000000000000000000e+00,-1.000000000000000000e+00,-1.000000000000000000e+00,-1.000000000000000000e+00,-1.000000000000000000e+00,-1.000000000000000000e+00,-1.000000000000000000e+00,-1.000000000000000000e+00,-1.000000000000000000e+00,-1.000000000000000000e+00,-1.000000000000000000e+00,-1.000000000000000000e+00,-1.000000000000000000e+00,-1.000000000000000000e+00,-1.000000000000000000e+00,-1.000000000000000000e+00,-1.000000000000000000e+00,-1.000000000000000000e+00,-1.000000000000000000e+00,-1.000000000000000000e+00,-1.000000000000000000e+00,-1.000000000000000000e+00,-1.000000000000000000e+00,-1.000000000000000000e+00,-1.000000000000000000e+00,-1.000000000000000000e+00,-1.000000000000000000e+00,-1.000000000000000000e+00,-1.000000000000000000e+00,-1.000000000000000000e+00,-1.000000000000000000e+00,-1.000000000000000000e+00,-1.000000000000000000e+00,-1.000000000000000000e+00,-1.000000000000000000e+00,-1.000000000000000000e+00,-1.000000000000000000e+00,-1.000000000000000000e+00
4.556710124015808105e-01,6.546041369438171387e-01,1.987704649764054921e-07,4.159907400608062744e-01,6.851333379745483398e-01,2.823940943926572800e-03,4.004825949668884277e-01,7.304981946945190430e-01,2.398589858785271645e-03,3.995652794837951660e-01,7.769458889961242676e-01,3.314747009426355362e-03,4.009951353073120117e-01,8.102622628211975098e-01,4.508520942181348801e-03,4.222796261310577393e-01,7.552724480628967285e-01,-1.556571759283542633e-02,4.141343533992767334e-01,8.207066655158996582e-01,-1.667219772934913635e-02,4.062348306179046631e-01,8.463620543479919434e-01,-1.236913539469242096e-02,4.005924761295318604e-01,8.614305257797241211e-01,-7.552338764071464539e-03,4.494913816452026367e-01,7.592570185661315918e-01,-1.584635302424430847e-02,4.416015446186065674e-01,8.335843086242675781e-01,-1.630635745823383331e-02,4.277063906192779541e-01,8.494718074798583984e-01,-8.788481354713439941e-03,4.177599847316741943e-01,8.492921590805053711e-01,-1.894973334856331348e-03,4.710712134838104248e-01,7.565823197364807129e-01,-1.407373696565628052e-02,4.649970531463623047e-01,8.250615596771240234e-01,-1.224761456251144409e-02,4.492375850677490234e-01,8.352496623992919922e-01,-3.401891794055700302e-03,4.386992454528808594e-01,8.309793472290039062e-01,3.408866468816995621e-03,4.861445128917694092e-01,7.494906187057495117e-01,-1.155326515436172485e-02,4.813888669013977051e-01,8.051837086677551270e-01,-7.537344004958868027e-03,4.680227935314178467e-01,8.140940666198730469e-01,1.248570741154253483e-03,4.586207270622253418e-01,8.090602159500122070e-01,8.794799447059631348e-03,-1.000000000000000000e+00,-1.000000000000000000e+00,-1.000000000000000000e+00,-1.000000000000000000e+00,-1.000000000000000000e+00,-1.000000000000000000e+00,-1.000000000000000000e+00,-1.000000000000000000e+00,-1.000000000000000000e+00,-1.000000000000000000e+00,-1.000000000000000000e+00,-1.000000000000000000e+00,-1.000000000000000000e+00,-1.000000000000000000e+00,-1.000000000000000000e+00,-1.000000000000000000e+00,-1.000000000000000000e+00,-1.000000000000000000e+00,-1.000000000000000000e+00,-1.000000000000000000e+00,-1.000000000000000000e+00,-1.000000000000000000e+00,-1.000000000000000000e+00,-1.000000000000000000e+00,-1.000000000000000000e+00,-1.000000000000000000e+00,-1.000000000000000000e+00,-1.000000000000000000e+00,-1.000000000000000000e+00,-1.000000000000000000e+00,-1.000000000000000000e+00,-1.000000000000000000e+00,-1.000000000000000000e+00,-1.000000000000000000e+00,-1.000000000000000000e+00,-1.000000000000000000e+00,-1.000000000000000000e+00,-1.000000000000000000e+00,-1.000000000000000000e+00,-1.000000000000000000e+00,-1.000000000000000000e+00,-1.000000000000000000e+00,-1.000000000000000000e+00,-1.000000000000000000e+00,-1.000000000000000000e+00,-1.000000000000000000e+00,-1.000000000000000000e+00,-1.000000000000000000e+00,-1.000000000000000000e+00,-1.000000000000000000e+00,-1.000000000000000000e+00,-1.000000000000000000e+00,-1.000000000000000000e+00,-1.000000000000000000e+00,-1.000000000000000000e+00,-1.000000000000000000e+00,-1.000000000000000000e+00,-1.000000000000000000e+00,-1.000000000000000000e+00,-1.000000000000000000e+00,-1.000000000000000000e+00,-1.000000000000000000e+00,-1.000000000000000000e+00
4.596884250640869141e-01,6.540942192077636719e-01,2.217325771880496177e-07,4.212029874324798584e-01,6.844234466552734375e-01,6.161334458738565445e-04,4.072284996509552002e-01,7.303592562675476074e-01,1.085193343897117302e-05,4.055885970592498779e-01,7.768319249153137207e-01,8.759032352827489376e-04,4.069031178951263428e-01,8.110215663909912109e-01,2.096100477501749992e-03,4.293973445892333984e-01,7.571059465408325195e-01,-1.387631613761186600e-02,4.193688035011291504e-01,8.201094865798950195e-01,-1.404173206537961960e-02,4.117360115051269531e-01,8.455784916877746582e-01,-9.719804860651493073e-03,4.060695767402648926e-01,8.606176972389221191e-01,-5.269986577332019806e-03,4.564659297466278076e-01,7.605152130126953125e-01,-1.307666860520839691e-02,4.468935728073120117e-01,8.318979144096374512e-01,-1.246193982660770416e-02,4.328932762145996094e-01,8.462213277816772461e-01,-5.430357065051794052e-03,4.226569533348083496e-01,8.448108434677124023e-01,8.430199231952428818e-04,4.769405424594879150e-01,7.571272850036621094e-01,-1.066715084016323090e-02,4.701952040195465088e-01,8.245850205421447754e-01,-8.262791670858860016e-03,4.541837573051452637e-01,8.345245718955993652e-01,-7.907581166364252567e-04,4.434122145175933838e-01,8.300402760505676270e-01,4.611511249095201492e-03,4.905565977096557617e-01,7.507380247116088867e-01,-7.808327209204435349e-03,4.857113361358642578e-01,8.046798110008239746e-01,-4.321159794926643372e-03,4.721697866916656494e-01,8.145860433578491211e-01,2.948413603007793427e-03,4.622222483158111572e-01,8.113402724266052246e-01,9.076463989913463593e-03,-1.000000000000000000e+00,-1.000000000000000000e+00,-1.000000000000000000e+00,-1.000000000000000000e+00,-1.000000000000000000e+00,-1.000000000000000000e+00,-1.000000000000000000e+00,-1.000000000000000000e+00,-1.000000000000000000e+00,-1.000000000000000000e+00,-1.000000000000000000e+00,-1.000000000000000000e+00,-1.000000000000000000e+00,-1.000000000000000000e+00,-1.000000000000000000e+00,-1.000000000000000000e+00,-1.000000000000000000e+00,-1.000000000000000000e+00,-1.000000000000000000e+00,-1.000000000000000000e+00,-1.000000000000000000e+00,-1.000000000000000000e+00,-1.000000000000000000e+00,-1.000000000000000000e+00,-1.000000000000000000e+00,-1.000000000000000000e+00,-1.000000000000000000e+00,-1.000000000000000000e+00,-1.000000000000000000e+00,-1.000000000000000000e+00,-1.000000000000000000e+00,-1.000000000000000000e+00,-1.000000000000000000e+00,-1.000000000000000000e+00,-1.000000000000000000e+00,-1.000000000000000000e+00,-1.000000000000000000e+00,-1.000000000000000000e+00,-1.000000000000000000e+00,-1.000000000000000000e+00,-1.000000000000000000e+00,-1.000000000000000000e+00,-1.000000000000000000e+00,-1.000000000000000000e+00,-1.000000000000000000e+00,-1.000000000000000000e+00,-1.000000000000000000e+00,-1.000000000000000000e+00,-1.000000000000000000e+00,-1.000000000000000000e+00,-1.000000000000000000e+00,-1.000000000000000000e+00,-1.000000000000000000e+00,-1.000000000000000000e+00,-1.000000000000000000e+00,-1.000000000000000000e+00,-1.000000000000000000e+00,-1.000000000000000000e+00,-1.000000000000000000e+00,-1.000000000000000000e+00,-1.000000000000000000e+00,-1.000000000000000000e+00,-1.000000000000000000e+00
4.596884250640869141e-01,6.540942192077636719e-01,2.217325771880496177e-07,4.212029874324798584e-01,6.844234466552734375e-01,6.161334458738565445e-04,4.072284996509552002e-01,7.303592562675476074e-01,1.085193343897117302e-05,4.055885970592498779e-01,7.768319249153137207e-01,8.759032352827489376e-04,4.069031178951263428e-01,8.110215663909912109e-01,2.096100477501749992e-03,4.293973445892333984e-01,7.571059465408325195e-01,-1.387631613761186600e-02,4.193688035011291504e-01,8.201094865798950195e-01,-1.404173206537961960e-02,4.117360115051269531e-01,8.455784916877746582e-01,-9.719804860651493073e-03,4.060695767402648926e-01,8.606176972389221191e-01,-5.269986577332019806e-03,4.564659297466278076e-01,7.605152130126953125e-01,-1.307666860520839691e-02,4.468935728073120117e-01,8.318979144096374512e-01,-1.246193982660770416e-02,4.328932762145996094e-01,8.462213277816772461e-01,-5.430357065051794052e-03,4.226569533348083496e-01,8.448108434677124023e-01,8.430199231952428818e-04,4.769405424594879150e-01,7.571272850036621094e-01,-1.066715084016323090e-02,4.701952040195465088e-01,8.245850205421447754e-01,-8.262791670858860016e-03,4.541837573051452637e-01,8.345245718955993652e-01,-7.907581166364252567e-04,4.434122145175933838e-01,8.300402760505676270e-01,4.611511249095201492e-03,4.905565977096557617e-01,7.507380247116088867e-01,-7.808327209204435349e-03,4.857113361358642578e-01,8.046798110008239746e-01,-4.321159794926643372e-03,4.721697866916656494e-01,8.145860433578491211e-01,2.948413603007793427e-03,4.622222483158111572e-01,8.113402724266052246e-01,9.076463989913463593e-03,-1.000000000000000000e+00,-1.000000000000000000e+00,-1.000000000000000000e+00,-1.000000000000000000e+00,-1.000000000000000000e+00,-1.000000000000000000e+00,-1.000000000000000000e+00,-1.000000000000000000e+00,-1.000000000000000000e+00,-1.000000000000000000e+00,-1.000000000000000000e+00,-1.000000000000000000e+00,-1.000000000000000000e+00,-1.000000000000000000e+00,-1.000000000000000000e+00,-1.000000000000000000e+00,-1.000000000000000000e+00,-1.000000000000000000e+00,-1.000000000000000000e+00,-1.000000000000000000e+00,-1.000000000000000000e+00,-1.000000000000000000e+00,-1.000000000000000000e+00,-1.000000000000000000e+00,-1.000000000000000000e+00,-1.000000000000000000e+00,-1.000000000000000000e+00,-1.000000000000000000e+00,-1.000000000000000000e+00,-1.000000000000000000e+00,-1.000000000000000000e+00,-1.000000000000000000e+00,-1.000000000000000000e+00,-1.000000000000000000e+00,-1.000000000000000000e+00,-1.000000000000000000e+00,-1.000000000000000000e+00,-1.000000000000000000e+00,-1.000000000000000000e+00,-1.000000000000000000e+00,-1.000000000000000000e+00,-1.000000000000000000e+00,-1.000000000000000000e+00,-1.000000000000000000e+00,-1.000000000000000000e+00,-1.000000000000000000e+00,-1.000000000000000000e+00,-1.000000000000000000e+00,-1.000000000000000000e+00,-1.000000000000000000e+00,-1.000000000000000000e+00,-1.000000000000000000e+00,-1.000000000000000000e+00,-1.000000000000000000e+00,-1.000000000000000000e+00,-1.000000000000000000e+00,-1.000000000000000000e+00,-1.000000000000000000e+00,-1.000000000000000000e+00,-1.000000000000000000e+00,-1.000000000000000000e+00,-1.000000000000000000e+00,-1.000000000000000000e+00
4.600665271282196045e-01,6.540678739547729492e-01,2.084719312733795960e-07,4.211170077323913574e-01,6.834632158279418945e-01,1.141713000833988190e-03,4.045171737670898438e-01,7.297329306602478027e-01,3.368376201251521707e-05,4.028064012527465820e-01,7.768424749374389648e-01,2.632257819641381502e-04,4.065873026847839355e-01,8.096043467521667480e-01,5.614665569737553596e-04,4.286989271640777588e-01,7.546849846839904785e-01,-1.624454371631145477e-02,4.193593859672546387e-01,8.181675672531127930e-01,-1.787521876394748688e-02,4.116282761096954346e-01,8.444561958312988281e-01,-1.439047977328300476e-02,4.056735932826995850e-01,8.608318567276000977e-01,-1.066595595329999924e-02,4.560120701789855957e-01,7.584074139595031738e-01,-1.660834811627864838e-02,4.457111656665802002e-01,8.305826187133789062e-01,-1.749552972614765167e-02,4.321307539939880371e-01,8.450556397438049316e-01,-1.106283813714981079e-02,4.225437343120574951e-01,8.443529605865478516e-01,-5.246181041002273560e-03,4.767088592052459717e-01,7.560086250305175781e-01,-1.516633108258247375e-02,4.691193401813507080e-01,8.237856030464172363e-01,-1.401678752154111862e-02,4.538798034191131592e-01,8.361929655075073242e-01,-6.452649831771850586e-03,4.435233175754547119e-01,8.337054848670959473e-01,-1.075875712558627129e-03,4.907091856002807617e-01,7.500259280204772949e-01,-1.322785392403602600e-02,4.855379462242126465e-01,8.044464588165283203e-01,-1.113025099039077759e-02,4.721398949623107910e-01,8.163650035858154297e-01,-4.084341228008270264e-03,4.624792337417602539e-01,8.151644468307495117e-01,1.893691718578338623e-03,-1.000000000000000000e+00,-1.000000000000000000e+00,-1.000000000000000000e+00,-1.000000000000000000e+00,-1.000000000000000000e+00,-1.000000000000000000e+00,-1.000000000000000000e+00,-1.000000000000000000e+00,-1.000000000000000000e+00,-1.000000000000000000e+00,-1.000000000000000000e+00,-1.000000000000000000e+00,-1.000000000000000000e+00,-1.000000000000000000e+00,-1.000000000000000000e+00,-1.000000000000000000e+00,-1.000000000000000000e+00,-1.000000000000000000e+00,-1.000000000000000000e+00,-1.000000000000000000e+00,-1.000000000000000000e+00,-1.000000000000000000e+00,-1.000000000000000000e+00,-1.000000000000000000e+00,-1.000000000000000000e+00,-1.000000000000000000e+00,-1.000000000000000000e+00,-1.000000000000000000e+00,-1.000000000000000000e+00,-1.000000000000000000e+00,-1.000000000000000000e+00,-1.000000000000000000e+00,-1.000000000000000000e+00,-1.000000000000000000e+00,-1.000000000000000000e+00,-1.000000000000000000e+00,-1.000000000000000000e+00,-1.000000000000000000e+00,-1.000000000000000000e+00,-1.000000000000000000e+00,-1.000000000000000000e+00,-1.000000000000000000e+00,-1.000000000000000000e+00,-1.000000000000000000e+00,-1.000000000000000000e+00,-1.000000000000000000e+00,-1.000000000000000000e+00,-1.000000000000000000e+00,-1.000000000000000000e+00,-1.000000000000000000e+00,-1.000000000000000000e+00,-1.000000000000000000e+00,-1.000000000000000000e+00,-1.000000000000000000e+00,-1.000000000000000000e+00,-1.000000000000000000e+00,-1.000000000000000000e+00,-1.000000000000000000e+00,-1.000000000000000000e+00,-1.000000000000000000e+00,-1.000000000000000000e+00,-1.000000000000000000e+00,-1.000000000000000000e+00
4.928236305713653564e-01,6.436694264411926270e-01,2.694600595987139968e-07,4.562301933765411377e-01,6.732271313667297363e-01,-7.431690581142902374e-03,4.404485523700714111e-01,7.220386862754821777e-01,-1.064861007034778595e-02,4.388915002346038818e-01,7.706263065338134766e-01,-1.079664938151836395e-02,4.392495453357696533e-01,8.062267303466796875e-01,-9.979589842259883881e-03,4.712351262569427490e-01,7.496598958969116211e-01,-1.825988851487636566e-02,4.600465297698974609e-01,8.128056526184082031e-01,-2.020686492323875427e-02,4.496282339096069336e-01,8.373265266418457031e-01,-1.780253089964389801e-02,4.417275488376617432e-01,8.532538414001464844e-01,-1.489571668207645416e-02,4.963217079639434814e-01,7.525088787078857422e-01,-1.402850635349750519e-02,4.836910367012023926e-01,8.218709230422973633e-01,-1.567273773252964020e-02,4.664996266365051270e-01,8.379393219947814941e-01,-1.128829177469015121e-02,4.542396664619445801e-01,8.397423624992370605e-01,-6.908771116286516190e-03,5.133736133575439453e-01,7.487295269966125488e-01,-8.929843083024024963e-03,5.041247010231018066e-01,8.125360012054443359e-01,-8.791985921561717987e-03,4.861865639686584473e-01,8.256175518035888672e-01,-3.525255946442484856e-03,4.737292230129241943e-01,8.261833786964416504e-01,5.180150037631392479e-04,5.231895446777343750e-01,7.415478825569152832e-01,-4.115685354918241501e-03,5.173695087432861328e-01,7.942306995391845703e-01,-2.721000229939818382e-03,5.031762123107910156e-01,8.060033917427062988e-01,2.652149647474288940e-03,4.923129975795745850e-01,8.057847023010253906e-01,7.439766544848680496e-03,-1.000000000000000000e+00,-1.000000000000000000e+00,-1.000000000000000000e+00,-1.000000000000000000e+00,-1.000000000000000000e+00,-1.000000000000000000e+00,-1.000000000000000000e+00,-1.000000000000000000e+00,-1.000000000000000000e+00,-1.000000000000000000e+00,-1.000000000000000000e+00,-1.000000000000000000e+00,-1.000000000000000000e+00,-1.000000000000000000e+00,-1.000000000000000000e+00,-1.000000000000000000e+00,-1.000000000000000000e+00,-1.000000000000000000e+00,-1.000000000000000000e+00,-1.000000000000000000e+00,-1.000000000000000000e+00,-1.000000000000000000e+00,-1.000000000000000000e+00,-1.000000000000000000e+00,-1.000000000000000000e+00,-1.000000000000000000e+00,-1.000000000000000000e+00,-1.000000000000000000e+00,-1.000000000000000000e+00,-1.000000000000000000e+00,-1.000000000000000000e+00,-1.000000000000000000e+00,-1.000000000000000000e+00,-1.000000000000000000e+00,-1.000000000000000000e+00,-1.000000000000000000e+00,-1.000000000000000000e+00,-1.000000000000000000e+00,-1.000000000000000000e+00,-1.000000000000000000e+00,-1.000000000000000000e+00,-1.000000000000000000e+00,-1.000000000000000000e+00,-1.000000000000000000e+00,-1.000000000000000000e+00,-1.000000000000000000e+00,-1.000000000000000000e+00,-1.000000000000000000e+00,-1.000000000000000000e+00,-1.000000000000000000e+00,-1.000000000000000000e+00,-1.000000000000000000e+00,-1.000000000000000000e+00,-1.000000000000000000e+00,-1.000000000000000000e+00,-1.000000000000000000e+00,-1.000000000000000000e+00,-1.000000000000000000e+00,-1.000000000000000000e+00,-1.000000000000000000e+00,-1.000000000000000000e+00,-1.000000000000000000e+00,-1.000000000000000000e+00
4.985627233982086182e-01,6.452301740646362305e-01,2.660297013790113851e-07,4.623444080352783203e-01,6.746040582656860352e-01,-7.412912789732217789e-03,4.472651481628417969e-01,7.188646793365478516e-01,-1.142509467899799347e-02,4.447974264621734619e-01,7.675889134407043457e-01,-1.244129147380590439e-02,4.448494017124176025e-01,8.048872351646423340e-01,-1.235750038176774979e-02,4.777071177959442139e-01,7.476623058319091797e-01,-1.846184022724628448e-02,4.654938280582427979e-01,8.084876537322998047e-01,-2.115240506827831268e-02,4.553424715995788574e-01,8.325640559196472168e-01,-1.925704069435596466e-02,4.473861753940582275e-01,8.486044406890869141e-01,-1.675510406494140625e-02,5.018602013587951660e-01,7.516561150550842285e-01,-1.440397650003433228e-02,4.882637858390808105e-01,8.191494941711425781e-01,-1.673385500907897949e-02,4.726092517375946045e-01,8.378126025199890137e-01,-1.243788842111825943e-02,4.606062471866607666e-01,8.428541421890258789e-01,-8.261987008154392242e-03,5.184141993522644043e-01,7.498202919960021973e-01,-9.553859010338783264e-03,5.068851709365844727e-01,8.120034933090209961e-01,-9.657545015215873718e-03,4.904396235942840576e-01,8.271654844284057617e-01,-3.888385603204369545e-03,4.780700206756591797e-01,8.300495147705078125e-01,3.909160732291638851e-04,5.282263159751892090e-01,7.448012828826904297e-01,-5.064070224761962891e-03,5.208874344825744629e-01,7.945215106010437012e-01,-3.394460771232843399e-03,5.077726840972900391e-01,8.086591958999633789e-01,2.312886994332075119e-03,4.970552921295166016e-01,8.110387921333312988e-01,7.295305840671062469e-03,-1.000000000000000000e+00,-1.000000000000000000e+00,-1.000000000000000000e+00,-1.000000000000000000e+00,-1.000000000000000000e+00,-1.000000000000000000e+00,-1.000000000000000000e+00,-1.000000000000000000e+00,-1.000000000000000000e+00,-1.000000000000000000e+00,-1.000000000000000000e+00,-1.000000000000000000e+00,-1.000000000000000000e+00,-1.000000000000000000e+00,-1.000000000000000000e+00,-1.000000000000000000e+00,-1.000000000000000000e+00,-1.000000000000000000e+00,-1.000000000000000000e+00,-1.000000000000000000e+00,-1.000000000000000000e+00,-1.000000000000000000e+00,-1.000000000000000000e+00,-1.000000000000000000e+00,-1.000000000000000000e+00,-1.000000000000000000e+00,-1.000000000000000000e+00,-1.000000000000000000e+00,-1.000000000000000000e+00,-1.000000000000000000e+00,-1.000000000000000000e+00,-1.000000000000000000e+00,-1.000000000000000000e+00,-1.000000000000000000e+00,-1.000000000000000000e+00,-1.000000000000000000e+00,-1.000000000000000000e+00,-1.000000000000000000e+00,-1.000000000000000000e+00,-1.000000000000000000e+00,-1.000000000000000000e+00,-1.000000000000000000e+00,-1.000000000000000000e+00,-1.000000000000000000e+00,-1.000000000000000000e+00,-1.000000000000000000e+00,-1.000000000000000000e+00,-1.000000000000000000e+00,-1.000000000000000000e+00,-1.000000000000000000e+00,-1.000000000000000000e+00,-1.000000000000000000e+00,-1.000000000000000000e+00,-1.000000000000000000e+00,-1.000000000000000000e+00,-1.000000000000000000e+00,-1.000000000000000000e+00,-1.000000000000000000e+00,-1.000000000000000000e+00,-1.000000000000000000e+00,-1.000000000000000000e+00,-1.000000000000000000e+00,-1.000000000000000000e+00
4.985627233982086182e-01,6.452301740646362305e-01,2.660297013790113851e-07,4.623444080352783203e-01,6.746040582656860352e-01,-7.412912789732217789e-03,4.472651481628417969e-01,7.188646793365478516e-01,-1.142509467899799347e-02,4.447974264621734619e-01,7.675889134407043457e-01,-1.244129147380590439e-02,4.448494017124176025e-01,8.048872351646423340e-01,-1.235750038176774979e-02,4.777071177959442139e-01,7.476623058319091797e-01,-1.846184022724628448e-02,4.654938280582427979e-01,8.084876537322998047e-01,-2.115240506827831268e-02,4.553424715995788574e-01,8.325640559196472168e-01,-1.925704069435596466e-02,4.473861753940582275e-01,8.486044406890869141e-01,-1.675510406494140625e-02,5.018602013587951660e-01,7.516561150550842285e-01,-1.440397650003433228e-02,4.882637858390808105e-01,8.191494941711425781e-01,-1.673385500907897949e-02,4.726092517375946045e-01,8.378126025199890137e-01,-1.243788842111825943e-02,4.606062471866607666e-01,8.428541421890258789e-01,-8.261987008154392242e-03,5.184141993522644043e-01,7.498202919960021973e-01,-9.553859010338783264e-03,5.068851709365844727e-01,8.120034933090209961e-01,-9.657545015215873718e-03,4.904396235942840576e-01,8.271654844284057617e-01,-3.888385603204369545e-03,4.780700206756591797e-01,8.300495147705078125e-01,3.909160732291638851e-04,5.282263159751892090e-01,7.448012828826904297e-01,-5.064070224761962891e-03,5.208874344825744629e-01,7.945215106010437012e-01,-3.394460771232843399e-03,5.077726840972900391e-01,8.086591958999633789e-01,2.312886994332075119e-03,4.970552921295166016e-01,8.110387921333312988e-01,7.295305840671062469e-03,-1.000000000000000000e+00,-1.000000000000000000e+00,-1.000000000000000000e+00,-1.000000000000000000e+00,-1.000000000000000000e+00,-1.000000000000000000e+00,-1.000000000000000000e+00,-1.000000000000000000e+00,-1.000000000000000000e+00,-1.000000000000000000e+00,-1.000000000000000000e+00,-1.000000000000000000e+00,-1.000000000000000000e+00,-1.000000000000000000e+00,-1.000000000000000000e+00,-1.000000000000000000e+00,-1.000000000000000000e+00,-1.000000000000000000e+00,-1.000000000000000000e+00,-1.000000000000000000e+00,-1.000000000000000000e+00,-1.000000000000000000e+00,-1.000000000000000000e+00,-1.000000000000000000e+00,-1.000000000000000000e+00,-1.000000000000000000e+00,-1.000000000000000000e+00,-1.000000000000000000e+00,-1.000000000000000000e+00,-1.000000000000000000e+00,-1.000000000000000000e+00,-1.000000000000000000e+00,-1.000000000000000000e+00,-1.000000000000000000e+00,-1.000000000000000000e+00,-1.000000000000000000e+00,-1.000000000000000000e+00,-1.000000000000000000e+00,-1.000000000000000000e+00,-1.000000000000000000e+00,-1.000000000000000000e+00,-1.000000000000000000e+00,-1.000000000000000000e+00,-1.000000000000000000e+00,-1.000000000000000000e+00,-1.000000000000000000e+00,-1.000000000000000000e+00,-1.000000000000000000e+00,-1.000000000000000000e+00,-1.000000000000000000e+00,-1.000000000000000000e+00,-1.000000000000000000e+00,-1.000000000000000000e+00,-1.000000000000000000e+00,-1.000000000000000000e+00,-1.000000000000000000e+00,-1.000000000000000000e+00,-1.000000000000000000e+00,-1.000000000000000000e+00,-1.000000000000000000e+00,-1.000000000000000000e+00,-1.000000000000000000e+00,-1.000000000000000000e+00
4.978156685829162598e-01,6.472514867782592773e-01,2.622268198138044681e-07,4.622358381748199463e-01,6.745793819427490234e-01,-7.597914431244134903e-03,4.467178583145141602e-01,7.195033431053161621e-01,-1.159679237753152847e-02,4.444709122180938721e-01,7.682361602783203125e-01,-1.241619605571031570e-02,4.452399611473083496e-01,8.056540489196777344e-01,-1.224058773368597031e-02,4.782349169254302979e-01,7.480843663215637207e-01,-2.000583149492740631e-02,4.658631086349487305e-01,8.093043565750122070e-01,-2.235726267099380493e-02,4.554759562015533447e-01,8.325563073158264160e-01,-1.980733498930931091e-02,4.471335113048553467e-01,8.475576043128967285e-01,-1.680085808038711548e-02,5.021641254425048828e-01,7.511603236198425293e-01,-1.567436568439006805e-02,4.893090426921844482e-01,8.184003829956054688e-01,-1.776981540024280548e-02,4.739563465118408203e-01,8.367546796798706055e-01,-1.285908091813325882e-02,4.625169634819030762e-01,8.412536978721618652e-01,-8.139580488204956055e-03,5.186054706573486328e-01,7.482814192771911621e-01,-1.039670128375291824e-02,5.083362460136413574e-01,8.109093904495239258e-01,-1.057876739650964737e-02,4.922660589218139648e-01,8.252390623092651367e-01,-4.141284618526697159e-03,4.808590412139892578e-01,8.274799585342407227e-01,7.794850389473140240e-04,5.283843874931335449e-01,7.425699830055236816e-01,-5.420719273388385773e-03,5.221636295318603516e-01,7.935668230056762695e-01,-4.082976840436458588e-03,5.093334317207336426e-01,8.073174357414245605e-01,1.963832648470997810e-03,4.991899430751800537e-01,8.093175292015075684e-01,7.400751113891601562e-03,-1.000000000000000000e+00,-1.000000000000000000e+00,-1.000000000000000000e+00,-1.000000000000000000e+00,-1.000000000000000000e+00,-1.000000000000000000e+00,-1.000000000000000000e+00,-1.000000000000000000e+00,-1.000000000000000000e+00,-1.000000000000000000e+00,-1.000000000000000000e+00,-1.000000000000000000e+00,-1.000000000000000000e+00,-1.000000000000000000e+00,-1.000000000000000000e+00,-1.000000000000000000e+00,-1.000000000000000000e+00,-1.000000000000000000e+00,-1.000000000000000000e+00,-1.000000000000000000e+00,-1.000000000000000000e+00,-1.000000000000000000e+00,-1.000000000000000000e+00,-1.000000000000000000e+00,-1.000000000000000000e+00,-1.000000000000000000e+00,-1.000000000000000000e+00,-1.000000000000000000e+00,-1.000000000000000000e+00,-1.000000000000000000e+00,-1.000000000000000000e+00,-1.000000000000000000e+00,-1.000000000000000000e+00,-1.000000000000000000e+00,-1.000000000000000000e+00,-1.000000000000000000e+00,-1.000000000000000000e+00,-1.000000000000000000e+00,-1.000000000000000000e+00,-1.000000000000000000e+00,-1.000000000000000000e+00,-1.000000000000000000e+00,-1.000000000000000000e+00,-1.000000000000000000e+00,-1.000000000000000000e+00,-1.000000000000000000e+00,-1.000000000000000000e+00,-1.000000000000000000e+00,-1.000000000000000000e+00,-1.000000000000000000e+00,-1.000000000000000000e+00,-1.000000000000000000e+00,-1.000000000000000000e+00,-1.000000000000000000e+00,-1.000000000000000000e+00,-1.000000000000000000e+00,-1.000000000000000000e+00,-1.000000000000000000e+00,-1.000000000000000000e+00,-1.000000000000000000e+00,-1.000000000000000000e+00,-1.000000000000000000e+00,-1.000000000000000000e+00
4.978156685829162598e-01,6.472514867782592773e-01,2.622268198138044681e-07,4.622358381748199463e-01,6.745793819427490234e-01,-7.597914431244134903e-03,4.467178583145141602e-01,7.195033431053161621e-01,-1.159679237753152847e-02,4.444709122180938721e-01,7.682361602783203125e-01,-1.241619605571031570e-02,4.452399611473083496e-01,8.056540489196777344e-01,-1.224058773368597031e-02,4.782349169254302979e-01,7.480843663215637207e-01,-2.000583149492740631e-02,4.658631086349487305e-01,8.093043565750122070e-01,-2.235726267099380493e-02,4.554759562015533447e-01,8.325563073158264160e-01,-1.980733498930931091e-02,4.471335113048553467e-01,8.475576043128967285e-01,-1.680085808038711548e-02,5.021641254425048828e-01,7.511603236198425293e-01,-1.567436568439006805e-02,4.893090426921844482e-01,8.184003829956054688e-01,-1.776981540024280548e-02,4.739563465118408203e-01,8.367546796798706055e-01,-1.285908091813325882e-02,4.625169634819030762e-01,8.412536978721618652e-01,-8.139580488204956055e-03,5.186054706573486328e-01,7.482814192771911621e-01,-1.039670128375291824e-02,5.083362460136413574e-01,8.109093904495239258e-01,-1.057876739650964737e-02,4.922660589218139648e-01,8.252390623092651367e-01,-4.141284618526697159e-03,4.808590412139892578e-01,8.274799585342407227e-01,7.794850389473140240e-04,5.283843874931335449e-01,7.425699830055236816e-01,-5.420719273388385773e-03,5.221636295318603516e-01,7.935668230056762695e-01,-4.082976840436458588e-03,5.093334317207336426e-01,8.073174357414245605e-01,1.963832648470997810e-03,4.991899430751800537e-01,8.093175292015075684e-01,7.400751113891601562e-03,-1.000000000000000000e+00,-1.000000000000000000e+00,-1.000000000000000000e+00,-1.000000000000000000e+00,-1.000000000000000000e+00,-1.000000000000000000e+00,-1.000000000000000000e+00,-1.000000000000000000e+00,-1.000000000000000000e+00,-1.000000000000000000e+00,-1.000000000000000000e+00,-1.000000000000000000e+00,-1.000000000000000000e+00,-1.000000000000000000e+00,-1.000000000000000000e+00,-1.000000000000000000e+00,-1.000000000000000000e+00,-1.000000000000000000e+00,-1.000000000000000000e+00,-1.000000000000000000e+00,-1.000000000000000000e+00,-1.000000000000000000e+00,-1.000000000000000000e+00,-1.000000000000000000e+00,-1.000000000000000000e+00,-1.000000000000000000e+00,-1.000000000000000000e+00,-1.000000000000000000e+00,-1.000000000000000000e+00,-1.000000000000000000e+00,-1.000000000000000000e+00,-1.000000000000000000e+00,-1.000000000000000000e+00,-1.000000000000000000e+00,-1.000000000000000000e+00,-1.000000000000000000e+00,-1.000000000000000000e+00,-1.000000000000000000e+00,-1.000000000000000000e+00,-1.000000000000000000e+00,-1.000000000000000000e+00,-1.000000000000000000e+00,-1.000000000000000000e+00,-1.000000000000000000e+00,-1.000000000000000000e+00,-1.000000000000000000e+00,-1.000000000000000000e+00,-1.000000000000000000e+00,-1.000000000000000000e+00,-1.000000000000000000e+00,-1.000000000000000000e+00,-1.000000000000000000e+00,-1.000000000000000000e+00,-1.000000000000000000e+00,-1.000000000000000000e+00,-1.000000000000000000e+00,-1.000000000000000000e+00,-1.000000000000000000e+00,-1.000000000000000000e+00,-1.000000000000000000e+00,-1.000000000000000000e+00,-1.000000000000000000e+00,-1.000000000000000000e+00
5.256935358047485352e-01,6.442518234252929688e-01,2.970696186821442097e-07,4.930024445056915283e-01,6.723848581314086914e-01,-1.289630774408578873e-02,4.804106056690216064e-01,7.178592681884765625e-01,-1.719431579113006592e-02,4.788093268871307373e-01,7.632465362548828125e-01,-1.727922633290290833e-02,4.781256616115570068e-01,7.976383566856384277e-01,-1.561889424920082092e-02,5.165964961051940918e-01,7.450324892997741699e-01,-1.939252763986587524e-02,5.033649206161499023e-01,8.049740791320800781e-01,-2.158075757324695587e-02,4.908637106418609619e-01,8.275207877159118652e-01,-1.986117847263813019e-02,4.812670648097991943e-01,8.416006565093994141e-01,-1.743198558688163757e-02,5.373852849006652832e-01,7.464064359664916992e-01,-1.173684839159250259e-02,5.251703262329101562e-01,8.101742863655090332e-01,-1.398247387260198593e-02,5.082905888557434082e-01,8.283794522285461426e-01,-1.091868337243795395e-02,4.950086176395416260e-01,8.330303430557250977e-01,-7.576573640108108521e-03,5.487149357795715332e-01,7.435706257820129395e-01,-3.893719054758548737e-03,5.394266247749328613e-01,8.001851439476013184e-01,-4.753303248435258865e-03,5.230205059051513672e-01,8.160699605941772461e-01,-1.610124716535210609e-03,5.105548501014709473e-01,8.211734294891357422e-01,1.152319950051605701e-03,5.522283315658569336e-01,7.398940324783325195e-01,3.186835208907723427e-03,5.448806881904602051e-01,7.865117192268371582e-01,3.445793874561786652e-03,5.321586132049560547e-01,8.008779287338256836e-01,6.519734859466552734e-03,5.215000510215759277e-01,8.049444556236267090e-01,9.777674451470375061e-03,9.318406879901885986e-02,6.369237303733825684e-01,-2.182429454933298985e-07,1.131467074155807495e-01,6.683009862899780273e-01,-1.741742901504039764e-02,1.216848120093345642e-01,7.130122184753417969e-01,-2.367548085749149323e-02,1.256904900074005127e-01,7.572078108787536621e-01,-2.579017169773578644e-02,1.315196305513381958e-01,7.869719862937927246e-01,-2.566103078424930573e-02,9.057310223579406738e-02,7.378442287445068359e-01,-2.154162898659706116e-02,9.521701931953430176e-02,8.014112114906311035e-01,-2.936124056577682495e-02,1.145838871598243713e-01,8.170337677001953125e-01,-3.290334343910217285e-02,1.302859783172607422e-01,8.178998231887817383e-01,-3.330264240503311157e-02,7.864930480718612671e-02,7.403805255889892578e-01,-1.162954606115818024e-02,8.650552481412887573e-02,8.057122230529785156e-01,-1.954798027873039246e-02,1.088420748710632324e-01,8.187932968139648438e-01,-2.239741571247577667e-02,1.264151334762573242e-01,8.185322284698486328e-01,-2.283807471394538879e-02,7.418331503868103027e-02,7.396888136863708496e-01,-2.320854226127266884e-03,7.839547097682952881e-02,7.979416251182556152e-01,-8.884731680154800415e-03,9.885255247354507446e-02,8.097348213195800781e-01,-1.180624216794967651e-02,1.169367134571075439e-01,8.094848394393920898e-01,-1.216490380465984344e-02,7.393321394920349121e-02,7.366248369216918945e-01,6.246457807719707489e-03,7.938853651285171509e-02,7.780483961105346680e-01,1.062505994923412800e-03,9.350904822349548340e-02,7.927271127700805664e-01,-1.971209654584527016e-03,1.068687364459037781e-01,7.973980903625488281e-01,-2.769291866570711136e-03
5.434365868568420410e-01,6.460701823234558105e-01,3.312155456569598755e-07,5.132822394371032715e-01,6.746858954429626465e-01,-1.461963448673486710e-02,5.038219094276428223e-01,7.186952233314514160e-01,-1.975230872631072998e-02,5.034303665161132812e-01,7.632104158401489258e-01,-2.029976248741149902e-02,5.021009445190429688e-01,7.962471842765808105e-01,-1.911430992186069489e-02,5.402284860610961914e-01,7.425024509429931641e-01,-2.127885632216930389e-02,5.262235999107360840e-01,8.021777272224426270e-01,-2.433545887470245361e-02,5.127300024032592773e-01,8.246290087699890137e-01,-2.382666058838367462e-02,5.023717880249023438e-01,8.383484482765197754e-01,-2.232676930725574493e-02,5.599316358566284180e-01,7.427675127983093262e-01,-1.301091071218252182e-02,5.490213632583618164e-01,8.073399662971496582e-01,-1.669951714575290680e-02,5.310129523277282715e-01,8.258627057075500488e-01,-1.492800191044807434e-02,5.164378285408020020e-01,8.303688764572143555e-01,-1.242490205913782120e-02,5.698104500770568848e-01,7.398782372474670410e-01,-4.612188320606946945e-03,5.602598190307617188e-01,7.957057952880859375e-01,-6.544927600771188736e-03,5.434308648109436035e-01,8.135209083557128906e-01,-4.773427266627550125e-03,5.302614569664001465e-01,8.201459050178527832e-01,-2.920743543654680252e-03,5.723963379859924316e-01,7.367392778396606445e-01,2.937698038294911385e-03,5.635653138160705566e-01,7.806630730628967285e-01,2.429154003039002419e-03,5.500405430793762207e-01,7.965433597564697266e-01,4.551451187580823898e-03,5.383052229881286621e-01,8.022848367691040039e-01,7.079595234245061874e-03,9.329403936862945557e-02,6.426458358764648438e-01,-8.622236435940067167e-08,1.142908632755279541e-01,6.735299825668334961e-01,-2.110769413411617279e-02,1.205197721719741821e-01,7.170274853706359863e-01,-2.636406756937503815e-02,1.245632916688919067e-01,7.600948214530944824e-01,-2.697042189538478851e-02,1.306306272745132446e-01,7.908901572227478027e-01,-2.482976391911506653e-02,8.398959040641784668e-02,7.482474446296691895e-01,-1.191127020865678787e-02,9.266000986099243164e-02,8.043185472488403320e-01,-1.542357075959444046e-02,1.103279963135719299e-01,8.208137154579162598e-01,-1.782523654401302338e-02,1.260139346122741699e-01,8.247574567794799805e-01,-1.767516694962978363e-02,7.318598031997680664e-02,7.500393390655517578e-01,6.241870578378438950e-04,8.377098292112350464e-02,8.054836392402648926e-01,-1.898100832477211952e-03,1.039763987064361572e-01,8.202000856399536133e-01,-4.757361486554145813e-03,1.219564005732536316e-01,8.222002983093261719e-01,-5.616918671876192093e-03,6.994596123695373535e-02,7.484705448150634766e-01,1.144059747457504272e-02,7.813350111246109009e-02,7.986123561859130859e-01,8.897986263036727905e-03,9.623461216688156128e-02,8.124007582664489746e-01,5.767028778791427612e-03,1.132600158452987671e-01,8.150466084480285645e-01,4.994893446564674377e-03,7.160427421331405640e-02,7.473323345184326172e-01,2.083513326942920685e-02,7.776343822479248047e-02,7.864426374435424805e-01,1.889411918818950653e-02,9.073019027709960938e-02,8.025014400482177734e-01,1.668376103043556213e-02,1.035970374941825867e-01,8.097393512725830078e-01,1.642488129436969757e-02
5.505481362342834473e-01,6.469225883483886719e-01,3.177717644575750455e-07,5.223912596702575684e-01,6.760337352752685547e-01,-1.558982674032449722e-02,5.149984955787658691e-01,7.194741368293762207e-01,-1.987910270690917969e-02,5.143415927886962891e-01,7.633635401725769043e-01,-1.940868422389030457e-02,5.125561356544494629e-01,7.972288131713867188e-01,-1.712561398744583130e-02,5.526866912841796875e-01,7.436910867691040039e-01,-1.780803687870502472e-02,5.386884212493896484e-01,8.016424179077148438e-01,-1.937352493405342102e-02,5.245714783668518066e-01,8.234480619430541992e-01,-1.870255544781684875e-02,5.136814713478088379e-01,8.367941975593566895e-01,-1.737333275377750397e-02,5.702079534530639648e-01,7.428483366966247559e-01,-8.500173687934875488e-03,5.600622296333312988e-01,8.055961132049560547e-01,-1.069899741560220718e-02,5.419803857803344727e-01,8.239054679870605469e-01,-9.056062437593936920e-03,5.268613696098327637e-01,8.283966779708862305e-01,-6.705658975988626480e-03,5.783145427703857422e-01,7.383375167846679688e-01,5.213347612880170345e-04,5.699138641357421875e-01,7.932010293006896973e-01,-4.540331719908863306e-04,5.527472496032714844e-01,8.108357191085815430e-01,6.835713866166770458e-04,5.390404462814331055e-01,8.178620934486389160e-01,2.094110473990440369e-03,5.798477530479431152e-01,7.340095639228820801e-01,8.542676456272602081e-03,5.733736753463745117e-01,7.776830196380615234e-01,8.131652139127254486e-03,5.608856678009033203e-01,7.940493822097778320e-01,9.382802061736583710e-03,5.492165088653564453e-01,8.013585805892944336e-01,1.126512605696916580e-02,9.208488464355468750e-02,6.426147818565368652e-01,-1.328668304267921485e-07,1.151505932211875916e-01,6.711252927780151367e-01,-1.787674799561500549e-02,1.212281510233879089e-01,7.149729132652282715e-01,-2.267394214868545532e-02,1.233645677566528320e-01,7.585984468460083008e-01,-2.348531223833560944e-02,1.279525607824325562e-01,7.900371551513671875e-01,-2.152101695537567139e-02,8.515658974647521973e-02,7.463719844818115234e-01,-1.363908778876066208e-02,9.392685443162918091e-02,8.041809797286987305e-01,-1.863332465291023254e-02,1.108339130878448486e-01,8.212173581123352051e-01,-2.125951647758483887e-02,1.255626529455184937e-01,8.253566026687622070e-01,-2.128372900187969208e-02,7.129435241222381592e-02,7.480723857879638672e-01,-3.984287846833467484e-03,8.265042304992675781e-02,8.051319122314453125e-01,-8.229703642427921295e-03,1.025871932506561279e-01,8.225733637809753418e-01,-1.044731773436069489e-02,1.202170699834823608e-01,8.268840312957763672e-01,-1.096313539892435074e-02,6.596946716308593750e-02,7.463181018829345703e-01,4.318223800510168076e-03,7.425364106893539429e-02,7.990902662277221680e-01,-1.951950544025748968e-04,9.246960282325744629e-02,8.150751590728759766e-01,-2.217925386503338814e-03,1.099525466561317444e-01,8.198172450065612793e-01,-2.093842020258307457e-03,6.613403558731079102e-02,7.440630793571472168e-01,1.145557779818773270e-02,7.109596580266952515e-02,7.862116694450378418e-01,7.701309863477945328e-03,8.405019342899322510e-02,8.046757578849792480e-01,5.880325101315975189e-03,9.785614907741546631e-02,8.142250180244445801e-01,6.024089176207780838e-03
5.548190474510192871e-01,6.490356922149658203e-01,2.956006994736526394e-07,5.269986391067504883e-01,6.786090135574340820e-01,-1.463509630411863327e-02,5.195924043655395508e-01,7.194675803184509277e-01,-1.927471160888671875e-02,5.195043087005615234e-01,7.625160217285156250e-01,-1.945456489920616150e-02,5.189755558967590332e-01,7.965334653854370117e-01,-1.795765012502670288e-02,5.579761266708374023e-01,7.421378493309020996e-01,-1.849117502570152283e-02,5.449432730674743652e-01,8.013409972190856934e-01,-2.106757462024688721e-02,5.310457944869995117e-01,8.236087560653686523e-01,-2.051303349435329437e-02,5.201792716979980469e-01,8.368310332298278809e-01,-1.906139962375164032e-02,5.751782655715942383e-01,7.417728900909423828e-01,-9.791794233024120331e-03,5.655971765518188477e-01,8.053246736526489258e-01,-1.267847418785095215e-02,5.469654798507690430e-01,8.223108053207397461e-01,-1.088977791368961334e-02,5.321320295333862305e-01,8.257544040679931641e-01,-8.378927595913410187e-03,5.831872820854187012e-01,7.373791933059692383e-01,-1.200251630507409573e-03,5.764540433883666992e-01,7.921899557113647461e-01,-2.736554015427827835e-03,5.591050386428833008e-01,8.089817762374877930e-01,-8.005082490853965282e-04,5.454635024070739746e-01,8.146106004714965820e-01,1.287296181544661522e-03,5.847844481468200684e-01,7.324811816215515137e-01,6.506710313260555267e-03,5.808879733085632324e-01,7.767058610916137695e-01,5.994612816721200943e-03,5.683379769325256348e-01,7.931582331657409668e-01,8.026471361517906189e-03,5.567293167114257812e-01,7.993218898773193359e-01,1.057388540357351303e-02,9.196302294731140137e-02,6.435285806655883789e-01,-1.687400441596764722e-07,1.179477870464324951e-01,6.725232005119323730e-01,-1.294239144772291183e-02,1.233558952808380127e-01,7.188270092010498047e-01,-1.508745551109313965e-02,1.250958442687988281e-01,7.616692185401916504e-01,-1.403055712580680847e-02,1.285928487777709961e-01,7.905042767524719238e-01,-1.074391230940818787e-02,8.302347362041473389e-02,7.469553947448730469e-01,-1.108433026820421219e-02,9.185267239809036255e-02,8.044675588607788086e-01,-1.499958708882331848e-02,1.088215187191963196e-01,8.222625851631164551e-01,-1.663180068135261536e-02,1.247398257255554199e-01,8.271610140800476074e-01,-1.597356610000133514e-02,6.893832236528396606e-02,7.484784126281738281e-01,-3.547845641151070595e-03,8.081355690956115723e-02,8.059916496276855469e-01,-7.673326879739761353e-03,1.015531271696090698e-01,8.242765665054321289e-01,-9.517358615994453430e-03,1.206025928258895874e-01,8.291772007942199707e-01,-9.526961483061313629e-03,6.368193030357360840e-02,7.462463378906250000e-01,3.199356840923428535e-03,7.328417897224426270e-02,7.997384667396545410e-01,-1.286240410991013050e-03,9.251076728105545044e-02,8.157564401626586914e-01,-3.462588181719183922e-03,1.109653785824775696e-01,8.203531503677368164e-01,-3.262933576479554176e-03,6.492358446121215820e-02,7.437149882316589355e-01,9.322131983935832977e-03,7.159263640642166138e-02,7.861769199371337891e-01,5.795709788799285889e-03,8.543382585048675537e-02,8.044973611831665039e-01,4.103748127818107605e-03,9.977924823760986328e-02,8.133671879768371582e-01,4.398832563310861588e-03
5.552299618721008301e-01,6.516160368919372559e-01,2.769121465462376364e-07,5.270287990570068359e-01,6.788959503173828125e-01,-1.663609221577644348e-02,5.193300247192382812e-01,7.188922762870788574e-01,-2.285958267748355865e-02,5.200532078742980957e-01,7.626155614852905273e-01,-2.419042028486728668e-02,5.196323394775390625e-01,7.977861762046813965e-01,-2.385243028402328491e-02,5.563213229179382324e-01,7.422029376029968262e-01,-2.301702089607715607e-02,5.447924137115478516e-01,8.023236393928527832e-01,-2.578789740800857544e-02,5.313913226127624512e-01,8.244678378105163574e-01,-2.483366616070270538e-02,5.208415389060974121e-01,8.371341824531555176e-01,-2.320665121078491211e-02,5.741165280342102051e-01,7.432878613471984863e-01,-1.342992857098579407e-02,5.634008646011352539e-01,8.060647249221801758e-01,-1.573728770017623901e-02,5.451976656913757324e-01,8.224031329154968262e-01,-1.340434886515140533e-02,5.311689376831054688e-01,8.257036209106445312e-01,-1.099733076989650726e-02,5.824688673019409180e-01,7.408295869827270508e-01,-3.843353362753987312e-03,5.740352869033813477e-01,7.953630685806274414e-01,-4.645483568310737610e-03,5.568000674247741699e-01,8.113741874694824219e-01,-2.502680290490388870e-03,5.433369278907775879e-01,8.164685368537902832e-01,-9.411161881871521473e-04,5.842258334159851074e-01,7.379201650619506836e-01,4.696846008300781250e-03,5.789744853973388672e-01,7.817149162292480469e-01,4.232353065162897110e-03,5.658282041549682617e-01,7.972117662429809570e-01,5.925719160586595535e-03,5.540823340415954590e-01,8.022124767303466797e-01,7.936094887554645538e-03,9.132924675941467285e-02,6.441572308540344238e-01,-1.780197891321222414e-07,1.177272722125053406e-01,6.726868748664855957e-01,-1.348845753818750381e-02,1.231126710772514343e-01,7.184007763862609863e-01,-1.586139388382434845e-02,1.245515793561935425e-01,7.611610293388366699e-01,-1.487707439810037613e-02,1.284373700618743896e-01,7.898329496383666992e-01,-1.170106884092092514e-02,8.313778042793273926e-02,7.483096718788146973e-01,-1.199500355869531631e-02,9.307450801134109497e-02,8.053327202796936035e-01,-1.606042869389057159e-02,1.098598018288612366e-01,8.233382701873779297e-01,-1.785749383270740509e-02,1.255927085876464844e-01,8.287496566772460938e-01,-1.739703863859176636e-02,6.897813826799392700e-02,7.495762109756469727e-01,-4.266720265150070190e-03,8.141204714775085449e-02,8.066608309745788574e-01,-8.532360196113586426e-03,1.017434746026992798e-01,8.248361945152282715e-01,-1.053272280842065811e-02,1.205212324857711792e-01,8.300549983978271484e-01,-1.075570471584796906e-02,6.367754191160202026e-02,7.471732497215270996e-01,2.678947756066918373e-03,7.362665235996246338e-02,8.004983663558959961e-01,-2.019297098740935326e-03,9.266810119152069092e-02,8.165714144706726074e-01,-4.370151087641716003e-03,1.109921112656593323e-01,8.214212656021118164e-01,-4.378395155072212219e-03,6.480452418327331543e-02,7.443857789039611816e-01,8.960199542343616486e-03,7.223346829414367676e-02,7.870134115219116211e-01,4.903222434222698212e-03,8.595521748065948486e-02,8.056564927101135254e-01,2.879216102883219719e-03,1.000452190637588501e-01,8.150148987770080566e-01,2.962175756692886353e-03
5.694788694381713867e-01,6.529667377471923828e-01,2.956808202725369483e-07,5.451391935348510742e-01,6.798419356346130371e-01,-1.729960553348064423e-02,5.404884815216064453e-01,7.201433777809143066e-01,-2.220773138105869293e-02,5.406701564788818359e-01,7.616431713104248047e-01,-2.169665507972240448e-02,5.406620502471923828e-01,7.938424944877624512e-01,-1.920140348374843597e-02,5.784270167350769043e-01,7.428282499313354492e-01,-2.088085003197193146e-02,5.658129453659057617e-01,7.999719977378845215e-01,-2.119368314743041992e-02,5.527971386909484863e-01,8.195242881774902344e-01,-1.921443268656730652e-02,5.426781773567199707e-01,8.312617540359497070e-01,-1.711867190897464752e-02,5.930454730987548828e-01,7.423749566078186035e-01,-9.569809772074222565e-03,5.825566649436950684e-01,8.025173544883728027e-01,-1.154785044491291046e-02,5.654147267341613770e-01,8.184069991111755371e-01,-9.962541982531547546e-03,5.511441230773925781e-01,8.217715620994567871e-01,-7.886401377618312836e-03,5.980347990989685059e-01,7.392696142196655273e-01,1.851771958172321320e-03,5.887039303779602051e-01,7.920151948928833008e-01,1.509750611148774624e-03,5.727505683898925781e-01,8.065424561500549316e-01,2.403684658929705620e-03,5.596186518669128418e-01,8.104611039161682129e-01,3.357332199811935425e-03,5.969492197036743164e-01,7.364826798439025879e-01,1.224892400205135345e-02,5.899509787559509277e-01,7.770583629608154297e-01,1.291816774755716324e-02,5.780365467071533203e-01,7.914704680442810059e-01,1.395900268107652664e-02,5.664610266685485840e-01,7.966275215148925781e-01,1.535850577056407928e-02,9.347033500671386719e-02,6.393817663192749023e-01,-1.487812255618337076e-07,1.220424622297286987e-01,6.668802499771118164e-01,-1.912514492869377136e-02,1.277032643556594849e-01,7.143877744674682617e-01,-2.501566894352436066e-02,1.287026405334472656e-01,7.599017024040222168e-01,-2.569753490388393402e-02,1.302104890346527100e-01,7.930766344070434570e-01,-2.357445284724235535e-02,8.404042571783065796e-02,7.393254637718200684e-01,-2.668735198676586151e-02,8.965669572353363037e-02,8.015265464782714844e-01,-3.246100991964340210e-02,1.070528551936149597e-01,8.233904838562011719e-01,-3.219321742653846741e-02,1.239465326070785522e-01,8.308924436569213867e-01,-2.981551364064216614e-02,6.677176803350448608e-02,7.398240566253662109e-01,-1.638488471508026123e-02,7.620558142662048340e-02,8.045694231986999512e-01,-2.395266480743885040e-02,9.873226284980773926e-02,8.250103592872619629e-01,-2.365338988602161407e-02,1.183300465345382690e-01,8.293470740318298340e-01,-2.142498455941677094e-02,5.952468514442443848e-02,7.378754019737243652e-01,-6.465489510446786880e-03,6.791429221630096436e-02,7.977145910263061523e-01,-1.368628721684217453e-02,8.940608054399490356e-02,8.152414560317993164e-01,-1.367805525660514832e-02,1.086984053254127502e-01,8.195149302482604980e-01,-1.125265751034021378e-02,5.969059467315673828e-02,7.354414463043212891e-01,2.583523048087954521e-03,6.544503569602966309e-02,7.822594046592712402e-01,-2.547302516177296638e-03,8.053511381149291992e-02,8.018785119056701660e-01,-3.294350346550345421e-03,9.560535103082656860e-02,8.105490803718566895e-01,-1.893784501589834690e-03
5.694788694381713867e-01,6.529667377471923828e-01,2.956808202725369483e-07,5.451391935348510742e-01,6.798419356346130371e-01,-1.729960553348064423e-02,5.404884815216064453e-01,7.201433777809143066e-01,-2.220773138105869293e-02,5.406701564788818359e-01,7.616431713104248047e-01,-2.169665507972240448e-02,5.406620502471923828e-01,7.938424944877624512e-01,-1.920140348374843597e-02,5.784270167350769043e-01,7.428282499313354492e-01,-2.088085003197193146e-02,5.658129453659057617e-01,7.999719977378845215e-01,-2.119368314743041992e-02,5.527971386909484863e-01,8.195242881774902344e-01,-1.921443268656730652e-02,5.426781773567199707e-01,8.312617540359497070e-01,-1.711867190897464752e-02,5.930454730987548828e-01,7.423749566078186035e-01,-9.569809772074222565e-03,5.825566649436950684e-01,8.025173544883728027e-01,-1.154785044491291046e-02,5.654147267341613770e-01,8.184069991111755371e-01,-9.962541982531547546e-03,5.511441230773925781e-01,8.217715620994567871e-01,-7.886401377618312836e-03,5.980347990989685059e-01,7.392696142196655273e-01,1.851771958172321320e-03,5.887039303779602051e-01,7.920151948928833008e-01,1.509750611148774624e-03,5.727505683898925781e-01,8.065424561500549316e-01,2.403684658929705620e-03,5.596186518669128418e-01,8.104611039161682129e-01,3.357332199811935425e-03,5.969492197036743164e-01,7.364826798439025879e-01,1.224892400205135345e-02,5.899509787559509277e-01,7.770583629608154297e-01,1.291816774755716324e-02,5.780365467071533203e-01,7.914704680442810059e-01,1.395900268107652664e-02,5.664610266685485840e-01,7.966275215148925781e-01,1.535850577056407928e-02,9.347033500671386719e-02,6.393817663192749023e-01,-1.487812255618337076e-07,1.220424622297286987e-01,6.668802499771118164e-01,-1.912514492869377136e-02,1.277032643556594849e-01,7.143877744674682617e-01,-2.501566894352436066e-02,1.287026405334472656e-01,7.599017024040222168e-01,-2.569753490388393402e-02,1.302104890346527100e-01,7.930766344070434570e-01,-2.357445284724235535e-02,8.404042571783065796e-02,7.393254637718200684e-01,-2.668735198676586151e-02,8.965669572353363037e-02,8.015265464782714844e-01,-3.246100991964340210e-02,1.070528551936149597e-01,8.233904838562011719e-01,-3.219321742653846741e-02,1.239465326070785522e-01,8.308924436569213867e-01,-2.981551364064216614e-02,6.677176803350448608e-02,7.398240566253662109e-01,-1.638488471508026123e-02,7.620558142662048340e-02,8.045694231986999512e-01,-2.395266480743885040e-02,9.873226284980773926e-02,8.250103592872619629e-01,-2.365338988602161407e-02,1.183300465345382690e-01,8.293470740318298340e-01,-2.142498455941677094e-02,5.952468514442443848e-02,7.378754019737243652e-01,-6.465489510446786880e-03,6.791429221630096436e-02,7.977145910263061523e-01,-1.368628721684217453e-02,8.940608054399490356e-02,8.152414560317993164e-01,-1.367805525660514832e-02,1.086984053254127502e-01,8.195149302482604980e-01,-1.125265751034021378e-02,5.969059467315673828e-02,7.354414463043212891e-01,2.583523048087954521e-03,6.544503569602966309e-02,7.822594046592712402e-01,-2.547302516177296638e-03,8.053511381149291992e-02,8.018785119056701660e-01,-3.294350346550345421e-03,9.560535103082656860e-02,8.105490803718566895e-01,-1.893784501589834690e-03
5.709215402603149414e-01,6.540235280990600586e-01,2.690143219297169708e-07,5.449713468551635742e-01,6.811736226081848145e-01,-1.749476604163646698e-02,5.404632687568664551e-01,7.212005853652954102e-01,-2.257971279323101044e-02,5.413635373115539551e-01,7.622037529945373535e-01,-2.242878079414367676e-02,5.411040782928466797e-01,7.947901487350463867e-01,-2.034243382513523102e-02,5.794637203216552734e-01,7.416489124298095703e-01,-2.136398293077945709e-02,5.678500533103942871e-01,8.000472784042358398e-01,-2.165573276579380035e-02,5.539574027061462402e-01,8.203604221343994141e-01,-1.928251795470714569e-02,5.432760119438171387e-01,8.322566747665405273e-01,-1.698290742933750153e-02,5.942706465721130371e-01,7.408090829849243164e-01,-1.023358199745416641e-02,5.821464061737060547e-01,8.011561632156372070e-01,-1.120176259428262711e-02,5.641270875930786133e-01,8.155027627944946289e-01,-8.535525761544704437e-03,5.503715276718139648e-01,8.182731866836547852e-01,-5.872913170605897903e-03,5.990066528320312500e-01,7.379923462867736816e-01,8.812083979137241840e-04,5.882950425148010254e-01,7.912998199462890625e-01,1.210765796713531017e-03,5.722735524177551270e-01,8.054680824279785156e-01,3.279210533946752548e-03,5.599666237831115723e-01,8.095440864562988281e-01,4.824961535632610321e-03,5.974959135055541992e-01,7.356989383697509766e-01,1.082762237638235092e-02,5.897994041442871094e-01,7.776070237159729004e-01,1.116779725998640060e-02,5.774865150451660156e-01,7.921774387359619141e-01,1.232141070067882538e-02,5.664638280868530273e-01,7.973089814186096191e-01,1.386896427720785141e-02,9.307236224412918091e-02,6.353727579116821289e-01,-1.636041275787647464e-07,1.210930496454238892e-01,6.650515794754028320e-01,-1.955600827932357788e-02,1.268281936645507812e-01,7.128347158432006836e-01,-2.533896267414093018e-02,1.282676160335540771e-01,7.592671513557434082e-01,-2.563381753861904144e-02,1.303902417421340942e-01,7.930220961570739746e-01,-2.293138206005096436e-02,8.298723399639129639e-02,7.406278848648071289e-01,-2.654296346008777618e-02,9.117941558361053467e-02,8.049684762954711914e-01,-2.980010956525802612e-02,1.087543964385986328e-01,8.252422213554382324e-01,-2.734525874257087708e-02,1.255493462085723877e-01,8.308249711990356445e-01,-2.378657460212707520e-02,6.633406132459640503e-02,7.405270934104919434e-01,-1.519260555505752563e-02,7.745750248432159424e-02,8.058480024337768555e-01,-2.035071142017841339e-02,9.968937933444976807e-02,8.242385387420654297e-01,-1.912479661405086517e-02,1.191467195749282837e-01,8.271217942237854004e-01,-1.696179993450641632e-02,6.012659519910812378e-02,7.373914718627929688e-01,-4.024469759315252304e-03,6.918640434741973877e-02,7.970675826072692871e-01,-9.219144470989704132e-03,9.034051746129989624e-02,8.122485876083374023e-01,-8.997113443911075592e-03,1.094620227813720703e-01,8.147708773612976074e-01,-7.224239408969879150e-03,6.084686145186424255e-02,7.339049577713012695e-01,6.261790171265602112e-03,6.641525775194168091e-02,7.797495722770690918e-01,1.938665402121841908e-03,8.121059834957122803e-02,7.976260781288146973e-01,9.366074227727949619e-04,9.612628817558288574e-02,8.053740859031677246e-01,1.733424840494990349e-03
5.845234990119934082e-01,6.523535847663879395e-01,2.720556153690267820e-07,5.593186616897583008e-01,6.770097017288208008e-01,-2.028846740722656250e-02,5.574371814727783203e-01,7.206292152404785156e-01,-2.534622326493263245e-02,5.590170621871948242e-01,7.640782594680786133e-01,-2.419299073517322540e-02,5.581449270248413086e-01,7.977998256683349609e-01,-2.089851722121238708e-02,5.957590937614440918e-01,7.396559119224548340e-01,-2.465277165174484253e-02,5.869588851928710938e-01,7.977110743522644043e-01,-2.476322092115879059e-02,5.724682211875915527e-01,8.171468973159790039e-01,-2.144631184637546539e-02,5.606528520584106445e-01,8.281455636024475098e-01,-1.851232536137104034e-02,6.095265150070190430e-01,7.403231859207153320e-01,-1.140238530933856964e-02,5.972169637680053711e-01,7.968658208847045898e-01,-1.150570716708898544e-02,5.792517662048339844e-01,8.105481266975402832e-01,-8.455023169517517090e-03,5.648880600929260254e-01,8.143675923347473145e-01,-6.157287396490573883e-03,6.134122610092163086e-01,7.385276556015014648e-01,1.658435794524848461e-03,6.011668443679809570e-01,7.871851921081542969e-01,2.094758208841085434e-03,5.848512053489685059e-01,7.997862696647644043e-01,2.749801613390445709e-03,5.714900493621826172e-01,8.037400245666503906e-01,2.778053749352693558e-03,6.108468174934387207e-01,7.366138696670532227e-01,1.342619862407445908e-02,6.018241047859191895e-01,7.733950018882751465e-01,1.275996025651693344e-02,5.888904929161071777e-01,7.857286334037780762e-01,1.202519889920949936e-02,5.769318938255310059e-01,7.903419733047485352e-01,1.200925093144178391e-02,1.014447882771492004e-01,6.306452155113220215e-01,-1.461321943452276173e-07,1.315313875675201416e-01,6.570698022842407227e-01,-2.161937952041625977e-02,1.372292190790176392e-01,7.035235762596130371e-01,-2.901303023099899292e-02,1.356081366539001465e-01,7.522603869438171387e-01,-3.064788132905960083e-02,1.344785094261169434e-01,7.878890037536621094e-01,-2.933824248611927032e-02,9.214292466640472412e-02,7.362665534019470215e-01,-2.781495265662670135e-02,9.999784827232360840e-02,8.036535978317260742e-01,-3.319201618432998657e-02,1.185172721743583679e-01,8.258044719696044922e-01,-3.270733356475830078e-02,1.343630701303482056e-01,8.316914439201354980e-01,-3.007930703461170197e-02,7.466511428356170654e-02,7.377682924270629883e-01,-1.578076556324958801e-02,8.290724456310272217e-02,8.075958490371704102e-01,-2.297542244195938110e-02,1.061339825391769409e-01,8.272350430488586426e-01,-2.210566028952598572e-02,1.249808520078659058e-01,8.294476866722106934e-01,-1.919593662023544312e-02,6.861451268196105957e-02,7.360898852348327637e-01,-4.333055578172206879e-03,7.537251710891723633e-02,8.005482554435729980e-01,-1.175402943044900894e-02,9.673152863979339600e-02,8.182942867279052734e-01,-1.219836622476577759e-02,1.147751808166503906e-01,8.216474056243896484e-01,-9.899702854454517365e-03,6.995847076177597046e-02,7.340015172958374023e-01,6.237941328436136246e-03,7.528418302536010742e-02,7.855783700942993164e-01,1.105373841710388660e-03,9.078821539878845215e-02,8.055400252342224121e-01,2.180547744501382113e-04,1.051558554172515869e-01,8.128821849822998047e-01,1.560667296871542931e-03
5.920613408088684082e-01,6.554684638977050781e-01,2.530956919599702815e-07,5.699889659881591797e-01,6.783334016799926758e-01,-2.152341045439243317e-02,5.675956606864929199e-01,7.205287218093872070e-01,-2.684136107563972473e-02,5.684371590614318848e-01,7.647663354873657227e-01,-2.557380311191082001e-02,5.672669410705566406e-01,7.969524264335632324e-01,-2.196704782545566559e-02,6.068210005760192871e-01,7.397553324699401855e-01,-2.591459080576896667e-02,5.983093976974487305e-01,7.962330579757690430e-01,-2.679680474102497101e-02,5.834535360336303711e-01,8.141380548477172852e-01,-2.405678108334541321e-02,5.714369416236877441e-01,8.241158127784729004e-01,-2.141616865992546082e-02,6.200605630874633789e-01,7.412362694740295410e-01,-1.190944202244281769e-02,6.070399284362792969e-01,7.944639325141906738e-01,-1.260790973901748657e-02,5.887112021446228027e-01,8.052521944046020508e-01,-9.887685999274253845e-03,5.745066404342651367e-01,8.073607683181762695e-01,-7.776555139571428299e-03,6.239469647407531738e-01,7.400745153427124023e-01,1.772274030372500420e-03,6.104758381843566895e-01,7.843952775001525879e-01,1.406608498655259609e-03,5.938465595245361328e-01,7.934653162956237793e-01,1.656250911764800549e-03,5.803812742233276367e-01,7.949129343032836914e-01,1.664704992435872555e-03,6.216826438903808594e-01,7.383131980895996094e-01,1.406549755483865738e-02,6.111767292022705078e-01,7.705582976341247559e-01,1.291066501289606094e-02,5.985193252563476562e-01,7.805796861648559570e-01,1.168709155172109604e-02,5.871298313140869141e-01,7.838181257247924805e-01,1.147068198770284653e-02,1.093553081154823303e-01,6.233343482017517090e-01,-1.482142550912612933e-07,1.417176127433776855e-01,6.502035260200500488e-01,-2.313383668661117554e-02,1.499415934085845947e-01,6.977182030677795410e-01,-3.225755318999290466e-02,1.465057432651519775e-01,7.483316063880920410e-01,-3.565622493624687195e-02,1.457329690456390381e-01,7.866941690444946289e-01,-3.589521348476409912e-02,1.028819456696510315e-01,7.277221679687500000e-01,-3.225593641400337219e-02,1.078108251094818115e-01,8.001357913017272949e-01,-4.080519080162048340e-02,1.272459328174591064e-01,8.241855502128601074e-01,-4.133976250886917114e-02,1.427802145481109619e-01,8.287898302078247070e-01,-3.871924057602882385e-02,8.390218019485473633e-02,7.301354408264160156e-01,-2.061419002711772919e-02,9.047356992959976196e-02,8.064247369766235352e-01,-3.007888793945312500e-02,1.148970872163772583e-01,8.248782157897949219e-01,-2.840405888855457306e-02,1.323339343070983887e-01,8.238935470581054688e-01,-2.432165481150150299e-02,7.633340358734130859e-02,7.301616072654724121e-01,-9.848844259977340698e-03,8.165944367647171021e-02,8.004661798477172852e-01,-1.920021884143352509e-02,1.042199060320854187e-01,8.169934749603271484e-01,-1.836653053760528564e-02,1.215760633349418640e-01,8.169574737548828125e-01,-1.459493953734636307e-02,7.657162845134735107e-02,7.295221686363220215e-01,-2.004481211770325899e-04,8.072225749492645264e-02,7.851922512054443359e-01,-6.780268624424934387e-03,9.656869620084762573e-02,8.049788475036621094e-01,-7.400501519441604614e-03,1.103721186518669128e-01,8.097141385078430176e-01,-5.445740185678005219e-03
5.996018648147583008e-01,6.559038758277893066e-01,2.291190384084984544e-07,5.784457325935363770e-01,6.777383089065551758e-01,-2.040610648691654205e-02,5.758973360061645508e-01,7.176927328109741211e-01,-2.624137699604034424e-02,5.768204331398010254e-01,7.592753767967224121e-01,-2.648281492292881012e-02,5.747538805007934570e-01,7.918081283569335938e-01,-2.488231845200061798e-02,6.132621169090270996e-01,7.397723793983459473e-01,-2.338013239204883575e-02,6.047070622444152832e-01,7.933667302131652832e-01,-2.627420239150524139e-02,5.893121957778930664e-01,8.121185302734375000e-01,-2.617997303605079651e-02,5.764157772064208984e-01,8.228489160537719727e-01,-2.538329921662807465e-02,6.250644922256469727e-01,7.417941093444824219e-01,-1.136543694883584976e-02,6.127753853797912598e-01,7.920815348625183105e-01,-1.301167439669370651e-02,5.947137475013732910e-01,8.040761351585388184e-01,-1.193829439580440521e-02,5.802920460700988770e-01,8.070397377014160156e-01,-1.114371884614229202e-02,6.278302669525146484e-01,7.410532236099243164e-01,-4.694353629020042717e-05,6.160727739334106445e-01,7.840610742568969727e-01,-1.863578800112009048e-03,5.999720692634582520e-01,7.949121594429016113e-01,-2.913021482527256012e-03,5.866714119911193848e-01,7.986292243003845215e-01,-3.735878737643361092e-03,6.251593828201293945e-01,7.404342293739318848e-01,9.930122643709182739e-03,6.171905994415283203e-01,7.735304832458496094e-01,7.264093961566686630e-03,6.050349473953247070e-01,7.839941978454589844e-01,5.466838832944631577e-03,5.938268899917602539e-01,7.878473401069641113e-01,4.893973469734191895e-03,1.166317835450172424e-01,6.169627904891967773e-01,-1.720135998084515450e-07,1.500303149223327637e-01,6.443150043487548828e-01,-1.866850070655345917e-02,1.586515456438064575e-01,6.929557919502258301e-01,-2.570505626499652863e-02,1.558811515569686890e-01,7.441411018371582031e-01,-2.796601876616477966e-02,1.540559679269790649e-01,7.822887897491455078e-01,-2.720844931900501251e-02,1.132427453994750977e-01,7.220330238342285156e-01,-2.946449629962444305e-02,1.183056086301803589e-01,7.953288555145263672e-01,-3.781289979815483093e-02,1.368915587663650513e-01,8.208336830139160156e-01,-3.770854324102401733e-02,1.512914001941680908e-01,8.281769752502441406e-01,-3.471745178103446960e-02,9.269313514232635498e-02,7.265841960906982422e-01,-2.039586752653121948e-02,9.887126833200454712e-02,8.057571649551391602e-01,-3.108126670122146606e-02,1.234706416726112366e-01,8.250125050544738770e-01,-2.872134745121002197e-02,1.403432190418243408e-01,8.232271075248718262e-01,-2.351322211325168610e-02,8.388228714466094971e-02,7.283016443252563477e-01,-1.185215916484594345e-02,8.828928321599960327e-02,8.009601235389709473e-01,-2.187914028763771057e-02,1.113435328006744385e-01,8.182216286659240723e-01,-2.008563466370105743e-02,1.283178031444549561e-01,8.178380131721496582e-01,-1.506964489817619324e-02,8.350136876106262207e-02,7.284252047538757324e-01,-4.096416756510734558e-03,8.614824712276458740e-02,7.859590649604797363e-01,-9.727491065859794617e-03,1.023508384823799133e-01,8.060460090637207031e-01,-8.940223604440689087e-03,1.160620525479316711e-01,8.100437521934509277e-01,-5.918655078858137131e-03
5.996018648147583008e-01,6.559038758277893066e-01,2.291190384084984544e-07,5.784457325935363770e-01,6.777383089065551758e-01,-2.040610648691654205e-02,5.758973360061645508e-01,7.176927328109741211e-01,-2.624137699604034424e-02,5.768204331398010254e-01,7.592753767967224121e-01,-2.648281492292881012e-02,5.747538805007934570e-01,7.918081283569335938e-01,-2.488231845200061798e-02,6.132621169090270996e-01,7.397723793983459473e-01,-2.338013239204883575e-02,6.047070622444152832e-01,7.933667302131652832e-01,-2.627420239150524139e-02,5.893121957778930664e-01,8.121185302734375000e-01,-2.617997303605079651e-02,5.764157772064208984e-01,8.228489160537719727e-01,-2.538329921662807465e-02,6.250644922256469727e-01,7.417941093444824219e-01,-1.136543694883584976e-02,6.127753853797912598e-01,7.920815348625183105e-01,-1.301167439669370651e-02,5.947137475013732910e-01,8.040761351585388184e-01,-1.193829439580440521e-02,5.802920460700988770e-01,8.070397377014160156e-01,-1.114371884614229202e-02,6.278302669525146484e-01,7.410532236099243164e-01,-4.694353629020042717e-05,6.160727739334106445e-01,7.840610742568969727e-01,-1.863578800112009048e-03,5.999720692634582520e-01,7.949121594429016113e-01,-2.913021482527256012e-03,5.866714119911193848e-01,7.986292243003845215e-01,-3.735878737643361092e-03,6.251593828201293945e-01,7.404342293739318848e-01,9.930122643709182739e-03,6.171905994415283203e-01,7.735304832458496094e-01,7.264093961566686630e-03,6.050349473953247070e-01,7.839941978454589844e-01,5.466838832944631577e-03,5.938268899917602539e-01,7.878473401069641113e-01,4.893973469734191895e-03,1.166317835450172424e-01,6.169627904891967773e-01,-1.720135998084515450e-07,1.500303149223327637e-01,6.443150043487548828e-01,-1.866850070655345917e-02,1.586515456438064575e-01,6.929557919502258301e-01,-2.570505626499652863e-02,1.558811515569686890e-01,7.441411018371582031e-01,-2.796601876616477966e-02,1.540559679269790649e-01,7.822887897491455078e-01,-2.720844931900501251e-02,1.132427453994750977e-01,7.220330238342285156e-01,-2.946449629962444305e-02,1.183056086301803589e-01,7.953288555145263672e-01,-3.781289979815483093e-02,1.368915587663650513e-01,8.208336830139160156e-01,-3.770854324102401733e-02,1.512914001941680908e-01,8.281769752502441406e-01,-3.471745178103446960e-02,9.269313514232635498e-02,7.265841960906982422e-01,-2.039586752653121948e-02,9.887126833200454712e-02,8.057571649551391602e-01,-3.108126670122146606e-02,1.234706416726112366e-01,8.250125050544738770e-01,-2.872134745121002197e-02,1.403432190418243408e-01,8.232271075248718262e-01,-2.351322211325168610e-02,8.388228714466094971e-02,7.283016443252563477e-01,-1.185215916484594345e-02,8.828928321599960327e-02,8.009601235389709473e-01,-2.187914028763771057e-02,1.113435328006744385e-01,8.182216286659240723e-01,-2.008563466370105743e-02,1.283178031444549561e-01,8.178380131721496582e-01,-1.506964489817619324e-02,8.350136876106262207e-02,7.284252047538757324e-01,-4.096416756510734558e-03,8.614824712276458740e-02,7.859590649604797363e-01,-9.727491065859794617e-03,1.023508384823799133e-01,8.060460090637207031e-01,-8.940223604440689087e-03,1.160620525479316711e-01,8.100437521934509277e-01,-5.918655078858137131e-03
5.992190837860107422e-01,6.579622030258178711e-01,2.408838213341368828e-07,5.783246755599975586e-01,6.805706620216369629e-01,-2.031760104000568390e-02,5.762630701065063477e-01,7.189304232597351074e-01,-2.654000744223594666e-02,5.766435861587524414e-01,7.600964903831481934e-01,-2.741375938057899475e-02,5.742905735969543457e-01,7.918888330459594727e-01,-2.651857770979404449e-02,6.143736243247985840e-01,7.394908070564270020e-01,-2.362215891480445862e-02,6.052382588386535645e-01,7.924036979675292969e-01,-2.720183134078979492e-02,5.902040004730224609e-01,8.114976286888122559e-01,-2.745023742318153381e-02,5.778053402900695801e-01,8.232516050338745117e-01,-2.692405506968498230e-02,6.262273192405700684e-01,7.421635389328002930e-01,-1.220092829316854477e-02,6.120572686195373535e-01,7.920148968696594238e-01,-1.472606975585222244e-02,5.936225056648254395e-01,8.037605285644531250e-01,-1.392658147960901260e-02,5.791457295417785645e-01,8.068792819976806641e-01,-1.313128136098384857e-02,6.289815306663513184e-01,7.420883178710937500e-01,-1.508688786998391151e-03,6.152683496475219727e-01,7.846528887748718262e-01,-4.344873595982789993e-03,5.985814929008483887e-01,7.937618494033813477e-01,-5.335468333214521408e-03,5.850160121917724609e-01,7.960371971130371094e-01,-5.820121150463819504e-03,6.261962056159973145e-01,7.417585253715515137e-01,7.801492232829332352e-03,6.164742112159729004e-01,7.736270427703857422e-01,3.729448653757572174e-03,6.036032438278198242e-01,7.832958698272705078e-01,1.527999062091112137e-03,5.921412706375122070e-01,7.864639759063720703e-01,1.027964870445430279e-03,1.171285361051559448e-01,6.133012175559997559e-01,-1.528453310584154679e-07,1.500591635704040527e-01,6.445413231849670410e-01,-1.688637211918830872e-02,1.581285893917083740e-01,6.951590180397033691e-01,-2.296092920005321503e-02,1.561770886182785034e-01,7.471555471420288086e-01,-2.466388978064060211e-02,1.557478606700897217e-01,7.860579490661621094e-01,-2.320656180381774902e-02,1.141316890716552734e-01,7.224519848823547363e-01,-2.653496153652667999e-02,1.168536096811294556e-01,7.949957847595214844e-01,-3.361921384930610657e-02,1.344584971666336060e-01,8.189046978950500488e-01,-3.251810744404792786e-02,1.492824405431747437e-01,8.255060911178588867e-01,-2.888590097427368164e-02,9.326298534870147705e-02,7.258847951889038086e-01,-1.818880252540111542e-02,9.725709259510040283e-02,8.042590618133544922e-01,-2.779990248382091522e-02,1.203985959291458130e-01,8.242632150650024414e-01,-2.542763203382492065e-02,1.373720467090606689e-01,8.254765868186950684e-01,-2.033190242946147919e-02,8.366596698760986328e-02,7.264325022697448730e-01,-1.018118951469659805e-02,8.601762354373931885e-02,7.984842061996459961e-01,-1.808287203311920166e-02,1.075961664319038391e-01,8.171333670616149902e-01,-1.512072887271642685e-02,1.246106699109077454e-01,8.194774985313415527e-01,-9.778760373592376709e-03,8.288694918155670166e-02,7.254125475883483887e-01,-3.025476355105638504e-03,8.322969079017639160e-02,7.832768559455871582e-01,-6.445254199206829071e-03,9.791410714387893677e-02,8.048176169395446777e-01,-4.337966442108154297e-03,1.106194183230400085e-01,8.115954399108886719e-01,-6.734717753715813160e-04
6.087275147438049316e-01,6.555606126785278320e-01,2.603341044959961437e-07,5.913534760475158691e-01,6.838592886924743652e-01,-2.047930471599102020e-02,5.914292931556701660e-01,7.226633429527282715e-01,-2.522263675928115845e-02,5.916424989700317383e-01,7.602530717849731445e-01,-2.466103993356227875e-02,5.885868072509765625e-01,7.886323928833007812e-01,-2.234464138746261597e-02,6.283209323883056641e-01,7.374908924102783203e-01,-1.923062838613986969e-02,6.171659231185913086e-01,7.890748381614685059e-01,-2.114922739565372467e-02,6.028088331222534180e-01,8.076165318489074707e-01,-2.116223052144050598e-02,5.909630656242370605e-01,8.189340233802795410e-01,-2.041498944163322449e-02,6.360182762145996094e-01,7.374591231346130371e-01,-6.702322978526353836e-03,6.206656694412231445e-01,7.839619517326354980e-01,-7.369291968643665314e-03,6.027085781097412109e-01,7.981743812561035156e-01,-7.656370755285024643e-03,5.881243944168090820e-01,8.049222826957702637e-01,-7.902332581579685211e-03,6.358236670494079590e-01,7.354568243026733398e-01,4.923332948237657547e-03,6.190587878227233887e-01,7.739430665969848633e-01,3.699878696352243423e-03,6.030853390693664551e-01,7.837643623352050781e-01,1.044428790919482708e-03,5.895209908485412598e-01,7.871401309967041016e-01,-7.689121994189918041e-04,6.314265727996826172e-01,7.331449389457702637e-01,1.514376979321241379e-02,6.187463998794555664e-01,7.606366872787475586e-01,1.270491071045398712e-02,6.058355569839477539e-01,7.696276903152465820e-01,9.974389337003231049e-03,5.943376421928405762e-01,7.725926637649536133e-01,8.912272751331329346e-03,1.415638178586959839e-01,6.027023196220397949e-01,-1.827934852371981833e-07,1.787935346364974976e-01,6.314130425453186035e-01,-1.280074194073677063e-02,1.906155645847320557e-01,6.829474568367004395e-01,-1.663878932595252991e-02,1.873100548982620239e-01,7.338121533393859863e-01,-1.752000115811824799e-02,1.847708225250244141e-01,7.694219350814819336e-01,-1.575024053454399109e-02,1.416464149951934814e-01,7.150700688362121582e-01,-1.742974482476711273e-02,1.456201076507568359e-01,7.863589525222778320e-01,-2.358782663941383362e-02,1.614975631237030029e-01,8.126840591430664062e-01,-2.354129776358604431e-02,1.729687899351119995e-01,8.192745447158813477e-01,-2.113632671535015106e-02,1.179160475730895996e-01,7.206913828849792480e-01,-1.234347186982631683e-02,1.229637712240219116e-01,7.968933582305908203e-01,-1.910976879298686981e-02,1.452402174472808838e-01,8.194918632507324219e-01,-1.724901795387268066e-02,1.612514853477478027e-01,8.196699619293212891e-01,-1.338702719658613205e-02,1.061338037252426147e-01,7.225043773651123047e-01,-8.127060718834400177e-03,1.097693145275115967e-01,7.926203012466430664e-01,-1.479280367493629456e-02,1.307701021432876587e-01,8.135536909103393555e-01,-1.347288023680448532e-02,1.470240205526351929e-01,8.155041933059692383e-01,-9.932721033692359924e-03,1.033163219690322876e-01,7.213197946548461914e-01,-4.668607376515865326e-03,1.049781441688537598e-01,7.771751880645751953e-01,-8.337696082890033722e-03,1.190808191895484924e-01,7.994458079338073730e-01,-7.562500890344381332e-03,1.323312520980834961e-01,8.052861690521240234e-01,-5.239150486886501312e-03
6.091008186340332031e-01,6.581107378005981445e-01,2.487353185642859899e-07,5.918168425559997559e-01,6.839855313301086426e-01,-2.157019823789596558e-02,5.923463702201843262e-01,7.229717969894409180e-01,-2.678925544023513794e-02,5.925797224044799805e-01,7.605146169662475586e-01,-2.624201215803623199e-02,5.889884829521179199e-01,7.895600199699401855e-01,-2.405978180468082428e-02,6.280267834663391113e-01,7.373614907264709473e-01,-2.247858047485351562e-02,6.172553300857543945e-01,7.881467938423156738e-01,-2.483229152858257294e-02,6.028254032135009766e-01,8.070745468139648438e-01,-2.493583597242832184e-02,5.906599164009094238e-01,8.187968134880065918e-01,-2.423242852091789246e-02,6.361917853355407715e-01,7.371486425399780273e-01,-9.310948662459850311e-03,6.215182542800903320e-01,7.835755348205566406e-01,-1.030364725738763809e-02,6.045203804969787598e-01,7.977659702301025391e-01,-9.877128526568412781e-03,5.899188518524169922e-01,8.044793009757995605e-01,-9.534534066915512085e-03,6.364105939865112305e-01,7.354846596717834473e-01,2.987212035804986954e-03,6.204979419708251953e-01,7.737100720405578613e-01,1.481856685131788254e-03,6.053825616836547852e-01,7.840494513511657715e-01,-8.197444258257746696e-04,5.920668840408325195e-01,7.887715697288513184e-01,-2.366182161495089531e-03,6.321076750755310059e-01,7.341939806938171387e-01,1.382177602499723434e-02,6.197321414947509766e-01,7.617344260215759277e-01,1.094764471054077148e-02,6.068711280822753906e-01,7.715920805931091309e-01,8.063433691859245300e-03,5.951992869377136230e-01,7.761955261230468750e-01,6.892336532473564148e-03,1.415498107671737671e-01,6.020004153251647949e-01,-1.683736314816997037e-07,1.801877468824386597e-01,6.323638558387756348e-01,-1.648862659931182861e-02,1.906212270259857178e-01,6.830784678459167480e-01,-2.210538089275360107e-02,1.881051659584045410e-01,7.347971796989440918e-01,-2.386648766696453094e-02,1.865409314632415771e-01,7.718314528465270996e-01,-2.261820249259471893e-02,1.416102796792984009e-01,7.156870365142822266e-01,-2.502943202853202820e-02,1.457258164882659912e-01,7.892704606056213379e-01,-3.303436934947967529e-02,1.632134467363357544e-01,8.141332864761352539e-01,-3.271390497684478760e-02,1.773271113634109497e-01,8.186004757881164551e-01,-2.958479523658752441e-02,1.181777566671371460e-01,7.200938463211059570e-01,-1.833084039390087128e-02,1.227391585707664490e-01,7.984442114830017090e-01,-2.774123288691043854e-02,1.458722651004791260e-01,8.206253647804260254e-01,-2.588212303817272186e-02,1.633650511503219604e-01,8.205982446670532227e-01,-2.136757597327232361e-02,1.065775752067565918e-01,7.210161089897155762e-01,-1.241531874984502792e-02,1.093706935644149780e-01,7.929130792617797852e-01,-2.055143192410469055e-02,1.310411393642425537e-01,8.151492476463317871e-01,-1.870663836598396301e-02,1.487137526273727417e-01,8.185389041900634766e-01,-1.442288141697645187e-02,1.050831079483032227e-01,7.193747162818908691e-01,-7.516385056078433990e-03,1.057103127241134644e-01,7.769058346748352051e-01,-1.257521752268075943e-02,1.208547949790954590e-01,8.014643192291259766e-01,-1.200321782380342484e-02,1.354463994503021240e-01,8.102992773056030273e-01,-9.361507371068000793e-03
6.116654872894287109e-01,6.598600149154663086e-01,2.622142289965267992e-07,5.967276692390441895e-01,6.867273449897766113e-01,-2.145496755838394165e-02,5.977325439453125000e-01,7.268207073211669922e-01,-2.591884881258010864e-02,5.983960628509521484e-01,7.632924914360046387e-01,-2.462117373943328857e-02,5.941981077194213867e-01,7.910790443420410156e-01,-2.164748311042785645e-02,6.313576698303222656e-01,7.385412454605102539e-01,-1.938778534531593323e-02,6.216656565666198730e-01,7.870580554008483887e-01,-2.127813547849655151e-02,6.071929335594177246e-01,8.052764534950256348e-01,-2.181786298751831055e-02,5.949296951293945312e-01,8.163541555404663086e-01,-2.142391726374626160e-02,6.369599699974060059e-01,7.367548942565917969e-01,-5.807899404317140579e-03,6.234747171401977539e-01,7.810574173927307129e-01,-5.970636382699012756e-03,6.073812842369079590e-01,7.969573140144348145e-01,-6.437945645302534103e-03,5.931921005249023438e-01,8.057073354721069336e-01,-6.905135232955217361e-03,6.354771852493286133e-01,7.337003350257873535e-01,6.715858820825815201e-03,6.202027201652526855e-01,7.693160772323608398e-01,6.441732868552207947e-03,6.064372658729553223e-01,7.823371887207031250e-01,3.228387795388698578e-03,5.934671163558959961e-01,7.893880009651184082e-01,7.509477436542510986e-04,6.302973628044128418e-01,7.312279343605041504e-01,1.771797053515911102e-02,6.178684234619140625e-01,7.561069726943969727e-01,1.628892496228218079e-02,6.061754226684570312e-01,7.670086026191711426e-01,1.316847931593656540e-02,5.948786139488220215e-01,7.727495431900024414e-01,1.154455542564392090e-02,1.552253961563110352e-01,6.002715826034545898e-01,-1.740308732678386150e-07,1.887430101633071899e-01,6.296393871307373047e-01,-1.253003161400556564e-02,1.989667117595672607e-01,6.772172451019287109e-01,-1.855247281491756439e-02,1.979730129241943359e-01,7.260819077491760254e-01,-2.220078371465206146e-02,1.968673765659332275e-01,7.647125720977783203e-01,-2.323591895401477814e-02,1.550352275371551514e-01,7.137274146080017090e-01,-2.012417279183864594e-02,1.611824184656143188e-01,7.844893932342529297e-01,-2.994629740715026855e-02,1.784043908119201660e-01,8.102033734321594238e-01,-3.236415237188339233e-02,1.905756592750549316e-01,8.177500367164611816e-01,-3.126662969589233398e-02,1.319962292909622192e-01,7.179159522056579590e-01,-1.686064340174198151e-02,1.372287273406982422e-01,7.955498695373535156e-01,-2.802119776606559753e-02,1.588935852050781250e-01,8.194600343704223633e-01,-2.775731869041919708e-02,1.739718317985534668e-01,8.236638903617858887e-01,-2.447321079671382904e-02,1.198403239250183105e-01,7.180756330490112305e-01,-1.434224657714366913e-02,1.213943660259246826e-01,7.889702916145324707e-01,-2.361300215125083923e-02,1.409622728824615479e-01,8.135061860084533691e-01,-2.118749916553497314e-02,1.558346599340438843e-01,8.203698396682739258e-01,-1.633536443114280701e-02,1.171281486749649048e-01,7.153019905090332031e-01,-1.266912277787923813e-02,1.156915724277496338e-01,7.743433713912963867e-01,-1.714685745537281036e-02,1.284662634134292603e-01,8.008251786231994629e-01,-1.493934541940689087e-02,1.411066502332687378e-01,8.110373020172119141e-01,-1.121883466839790344e-02
6.158176660537719727e-01,6.600080132484436035e-01,2.745237281942536356e-07,6.059263348579406738e-01,6.891366243362426758e-01,-1.768192835152149200e-02,6.076346635818481445e-01,7.267670035362243652e-01,-2.108574844896793365e-02,6.076296567916870117e-01,7.618886232376098633e-01,-2.009879425168037415e-02,6.038519740104675293e-01,7.883508205413818359e-01,-1.751347444951534271e-02,6.400176286697387695e-01,7.366345524787902832e-01,-1.094100996851921082e-02,6.296449899673461914e-01,7.834222316741943359e-01,-1.258313842117786407e-02,6.161455512046813965e-01,8.030852675437927246e-01,-1.422725617885589600e-02,6.048388481140136719e-01,8.154269456863403320e-01,-1.465035323053598404e-02,6.422294974327087402e-01,7.347136139869689941e-01,3.420643333811312914e-04,6.296141743659973145e-01,7.767268419265747070e-01,4.310057847760617733e-04,6.155610680580139160e-01,7.943361997604370117e-01,-1.426178845576941967e-03,6.033396124839782715e-01,8.065894842147827148e-01,-3.009330946952104568e-03,6.389168500900268555e-01,7.318004369735717773e-01,1.039418578147888184e-02,6.262539029121398926e-01,7.666683793067932129e-01,1.039334572851657867e-02,6.147409081459045410e-01,7.822006344795227051e-01,6.997030228376388550e-03,6.034106016159057617e-01,7.918885946273803711e-01,4.410085268318653107e-03,6.330045461654663086e-01,7.290554046630859375e-01,1.913753896951675415e-02,6.241768002510070801e-01,7.561441063880920410e-01,1.846541650593280792e-02,6.144081354141235352e-01,7.700859904289245605e-01,1.622880622744560242e-02,6.043661236763000488e-01,7.785624861717224121e-01,1.520362868905067444e-02,1.815658658742904663e-01,5.933856964111328125e-01,-2.219755117494059959e-07,2.191367447376251221e-01,6.246941685676574707e-01,-1.344356965273618698e-02,2.324671149253845215e-01,6.765203475952148438e-01,-2.006794139742851257e-02,2.311006486415863037e-01,7.300857305526733398e-01,-2.366038411855697632e-02,2.308910787105560303e-01,7.725012302398681641e-01,-2.469442598521709442e-02,1.875054389238357544e-01,7.040325403213500977e-01,-2.682188898324966431e-02,1.946913599967956543e-01,7.804818153381347656e-01,-3.643170371651649475e-02,2.143556177616119385e-01,8.067876100540161133e-01,-3.690535947680473328e-02,2.300972193479537964e-01,8.139081597328186035e-01,-3.446913510560989380e-02,1.605880111455917358e-01,7.105952501296997070e-01,-2.265962213277816772e-02,1.743910759687423706e-01,7.949055433273315430e-01,-3.258786723017692566e-02,1.997040808200836182e-01,8.151981830596923828e-01,-3.001175075769424438e-02,2.164261639118194580e-01,8.141785860061645508e-01,-2.574387006461620331e-02,1.447749733924865723e-01,7.126955986022949219e-01,-1.884375326335430145e-02,1.539918929338455200e-01,7.935199737548828125e-01,-2.690226770937442780e-02,1.766814589500427246e-01,8.096023797988891602e-01,-2.214625850319862366e-02,1.933080404996871948e-01,8.072960376739501953e-01,-1.622524857521057129e-02,1.385521143674850464e-01,7.102034687995910645e-01,-1.598183810710906982e-02,1.412312686443328857e-01,7.723606824874877930e-01,-2.104790136218070984e-02,1.566328704357147217e-01,7.932438850402832031e-01,-1.900244504213333130e-02,1.703681647777557373e-01,7.968619465827941895e-01,-1.544493995606899261e-02
6.158176660537719727e-01,6.600080132484436035e-01,2.745237281942536356e-07,6.059263348579406738e-01,6.891366243362426758e-01,-1.768192835152149200e-02,6.076346635818481445e-01,7.267670035362243652e-01,-2.108574844896793365e-02,6.076296567916870117e-01,7.618886232376098633e-01,-2.009879425168037415e-02,6.038519740104675293e-01,7.883508205413818359e-01,-1.751347444951534271e-02,6.400176286697387695e-01,7.366345524787902832e-01,-1.094100996851921082e-02,6.296449899673461914e-01,7.834222316741943359e-01,-1.258313842117786407e-02,6.161455512046813965e-01,8.030852675437927246e-01,-1.422725617885589600e-02,6.048388481140136719e-01,8.154269456863403320e-01,-1.465035323053598404e-02,6.422294974327087402e-01,7.347136139869689941e-01,3.420643333811312914e-04,6.296141743659973145e-01,7.767268419265747070e-01,4.310057847760617733e-04,6.155610680580139160e-01,7.943361997604370117e-01,-1.426178845576941967e-03,6.033396124839782715e-01,8.065894842147827148e-01,-3.009330946952104568e-03,6.389168500900268555e-01,7.318004369735717773e-01,1.039418578147888184e-02,6.262539029121398926e-01,7.666683793067932129e-01,1.039334572851657867e-02,6.147409081459045410e-01,7.822006344795227051e-01,6.997030228376388550e-03,6.034106016159057617e-01,7.918885946273803711e-01,4.410085268318653107e-03,6.330045461654663086e-01,7.290554046630859375e-01,1.913753896951675415e-02,6.241768002510070801e-01,7.561441063880920410e-01,1.846541650593280792e-02,6.144081354141235352e-01,7.700859904289245605e-01,1.622880622744560242e-02,6.043661236763000488e-01,7.785624861717224121e-01,1.520362868905067444e-02,1.815658658742904663e-01,5.933856964111328125e-01,-2.219755117494059959e-07,2.191367447376251221e-01,6.246941685676574707e-01,-1.344356965273618698e-02,2.324671149253845215e-01,6.765203475952148438e-01,-2.006794139742851257e-02,2.311006486415863037e-01,7.300857305526733398e-01,-2.366038411855697632e-02,2.308910787105560303e-01,7.725012302398681641e-01,-2.469442598521709442e-02,1.875054389238357544e-01,7.040325403213500977e-01,-2.682188898324966431e-02,1.946913599967956543e-01,7.804818153381347656e-01,-3.643170371651649475e-02,2.143556177616119385e-01,8.067876100540161133e-01,-3.690535947680473328e-02,2.300972193479537964e-01,8.139081597328186035e-01,-3.446913510560989380e-02,1.605880111455917358e-01,7.105952501296997070e-01,-2.265962213277816772e-02,1.743910759687423706e-01,7.949055433273315430e-01,-3.258786723017692566e-02,1.997040808200836182e-01,8.151981830596923828e-01,-3.001175075769424438e-02,2.164261639118194580e-01,8.141785860061645508e-01,-2.574387006461620331e-02,1.447749733924865723e-01,7.126955986022949219e-01,-1.884375326335430145e-02,1.539918929338455200e-01,7.935199737548828125e-01,-2.690226770937442780e-02,1.766814589500427246e-01,8.096023797988891602e-01,-2.214625850319862366e-02,1.933080404996871948e-01,8.072960376739501953e-01,-1.622524857521057129e-02,1.385521143674850464e-01,7.102034687995910645e-01,-1.598183810710906982e-02,1.412312686443328857e-01,7.723606824874877930e-01,-2.104790136218070984e-02,1.566328704357147217e-01,7.932438850402832031e-01,-1.900244504213333130e-02,1.703681647777557373e-01,7.968619465827941895e-01,-1.544493995606899261e-02
6.215914487838745117e-01,6.621010303497314453e-01,2.551791169480566168e-07,6.121606826782226562e-01,6.894493699073791504e-01,-1.812791265547275543e-02,6.144652962684631348e-01,7.261215448379516602e-01,-2.149024233222007751e-02,6.143820285797119141e-01,7.593020796775817871e-01,-2.023716457188129425e-02,6.102577447891235352e-01,7.857058644294738770e-01,-1.753141172230243683e-02,6.438141465187072754e-01,7.379944920539855957e-01,-1.101121678948402405e-02,6.345930695533752441e-01,7.816237211227416992e-01,-1.177368964999914169e-02,6.223748326301574707e-01,8.005761504173278809e-01,-1.303580589592456818e-02,6.123126745223999023e-01,8.124209642410278320e-01,-1.337921619415283203e-02,6.466065049171447754e-01,7.359788417816162109e-01,6.842044531367719173e-04,6.360835433006286621e-01,7.763684391975402832e-01,1.724784262478351593e-03,6.236036419868469238e-01,7.934547662734985352e-01,4.977807402610778809e-04,6.125147938728332520e-01,8.048517704010009766e-01,-7.602086989209055901e-04,6.439552307128906250e-01,7.326737046241760254e-01,1.109820418059825897e-02,6.337757706642150879e-01,7.672164440155029297e-01,1.199419237673282623e-02,6.236964464187622070e-01,7.829878330230712891e-01,9.070050902664661407e-03,6.135513782501220703e-01,7.938694953918457031e-01,6.549002602696418762e-03,6.384759545326232910e-01,7.297327518463134766e-01,2.013132721185684204e-02,6.316307187080383301e-01,7.570275664329528809e-01,2.009967342019081116e-02,6.230652332305908203e-01,7.709845304489135742e-01,1.815581507980823517e-02,6.142321825027465820e-01,7.803068161010742188e-01,1.708913967013359070e-02,2.045537233352661133e-01,5.899844169616699219e-01,-2.061910606698802439e-07,2.420624345541000366e-01,6.241454482078552246e-01,-1.183612830936908722e-02,2.574452757835388184e-01,6.746230125427246094e-01,-1.887356676161289215e-02,2.581573724746704102e-01,7.277525067329406738e-01,-2.307763323187828064e-02,2.576668858528137207e-01,7.710367441177368164e-01,-2.491203695535659790e-02,2.132347822189331055e-01,6.967709064483642578e-01,-2.927592396736145020e-02,2.248175293207168579e-01,7.786794900894165039e-01,-3.789230063557624817e-02,2.439826130867004395e-01,8.058717250823974609e-01,-3.648757562041282654e-02,2.572054564952850342e-01,8.139004707336425781e-01,-3.275290131568908691e-02,1.857855618000030518e-01,7.044301033020019531e-01,-2.545568719506263733e-02,2.004416137933731079e-01,7.952749133110046387e-01,-3.581053391098976135e-02,2.255014479160308838e-01,8.149720430374145508e-01,-3.205192834138870239e-02,2.410444319248199463e-01,8.117195367813110352e-01,-2.659808844327926636e-02,1.693794727325439453e-01,7.069953680038452148e-01,-2.129476517438888550e-02,1.777851730585098267e-01,7.940070033073425293e-01,-2.938322350382804871e-02,2.011354565620422363e-01,8.103802800178527832e-01,-2.319387532770633698e-02,2.174813747406005859e-01,8.055077791213989258e-01,-1.597239077091217041e-02,1.626024842262268066e-01,7.053776383399963379e-01,-1.775657944381237030e-02,1.653438210487365723e-01,7.724863886833190918e-01,-2.204068750143051147e-02,1.822999119758605957e-01,7.946771383285522461e-01,-1.869646459817886353e-02,1.969469785690307617e-01,7.975968718528747559e-01,-1.416301168501377106e-02
6.257059574127197266e-01,6.625661253929138184e-01,2.510366527985752327e-07,6.164779067039489746e-01,6.884632110595703125e-01,-1.808073930442333221e-02,6.184914112091064453e-01,7.248469591140747070e-01,-2.201655693352222443e-02,6.190817952156066895e-01,7.581216692924499512e-01,-2.144551277160644531e-02,6.154186725616455078e-01,7.844730615615844727e-01,-1.950396038591861725e-02,6.476778388023376465e-01,7.351788282394409180e-01,-1.275139302015304565e-02,6.380835771560668945e-01,7.780341506004333496e-01,-1.478723064064979553e-02,6.263588666915893555e-01,7.978738546371459961e-01,-1.662562973797321320e-02,6.165323853492736816e-01,8.111633062362670898e-01,-1.728823035955429077e-02,6.506311893463134766e-01,7.343069314956665039e-01,-1.653164857998490334e-03,6.400902867317199707e-01,7.733836770057678223e-01,-2.182759344577789307e-03,6.279554367065429688e-01,7.900961041450500488e-01,-3.874700516462326050e-03,6.173787713050842285e-01,8.020318746566772461e-01,-5.184891633689403534e-03,6.479450464248657227e-01,7.320137619972229004e-01,8.277395740151405334e-03,6.381367444992065430e-01,7.654233574867248535e-01,7.745998445898294449e-03,6.282635331153869629e-01,7.805121541023254395e-01,4.966870415955781937e-03,6.185622811317443848e-01,7.908712029457092285e-01,2.915595890954136848e-03,6.426860094070434570e-01,7.297682762145996094e-01,1.686928793787956238e-02,6.362138390541076660e-01,7.566643953323364258e-01,1.581058464944362640e-02,6.279304623603820801e-01,7.701771259307861328e-01,1.394491083920001984e-02,6.195061802864074707e-01,7.790553569793701172e-01,1.318747177720069885e-02,2.178006023168563843e-01,5.834971666336059570e-01,-2.096177666999210487e-07,2.553767859935760498e-01,6.170112490653991699e-01,-1.068269554525613785e-02,2.725679278373718262e-01,6.704742312431335449e-01,-1.608016155660152435e-02,2.735376656055450439e-01,7.264555096626281738e-01,-1.868176832795143127e-02,2.728755474090576172e-01,7.698484659194946289e-01,-1.932280510663986206e-02,2.315296977758407593e-01,6.918495297431945801e-01,-2.515889890491962433e-02,2.440468370914459229e-01,7.691175341606140137e-01,-3.230010345578193665e-02,2.600774466991424561e-01,7.989426851272583008e-01,-3.227511420845985413e-02,2.716932892799377441e-01,8.138638734817504883e-01,-3.052345104515552521e-02,2.033181637525558472e-01,7.032352089881896973e-01,-2.144706062972545624e-02,2.191678583621978760e-01,7.899777889251708984e-01,-2.974175475537776947e-02,2.406916618347167969e-01,8.119149208068847656e-01,-2.788062952458858490e-02,2.551452219486236572e-01,8.124188184738159180e-01,-2.496778592467308044e-02,1.854475289583206177e-01,7.080720067024230957e-01,-1.732592284679412842e-02,1.946860849857330322e-01,7.908319234848022461e-01,-2.344755083322525024e-02,2.150046825408935547e-01,8.100953698158264160e-01,-1.944936066865921021e-02,2.305444031953811646e-01,8.086162209510803223e-01,-1.492333132773637772e-02,1.770101189613342285e-01,7.080226540565490723e-01,-1.379834022372961044e-02,1.800228953361511230e-01,7.710937857627868652e-01,-1.678057387471199036e-02,1.956153810024261475e-01,7.949002981185913086e-01,-1.469395216554403305e-02,2.103166580200195312e-01,8.005816936492919922e-01,-1.196413766592741013e-02
6.308890581130981445e-01,6.648907661437988281e-01,2.423223577352473512e-07,6.221148371696472168e-01,6.904761791229248047e-01,-1.573536172509193420e-02,6.241094470024108887e-01,7.252819538116455078e-01,-1.898425072431564331e-02,6.241990923881530762e-01,7.575491666793823242e-01,-1.826613768935203552e-02,6.208274960517883301e-01,7.822461128234863281e-01,-1.625523157417774200e-02,6.518135666847229004e-01,7.341886758804321289e-01,-1.089643500745296478e-02,6.432134509086608887e-01,7.754034399986267090e-01,-1.274109259247779846e-02,6.324180960655212402e-01,7.941819429397583008e-01,-1.452092546969652176e-02,6.234084367752075195e-01,8.063567876815795898e-01,-1.511313766241073608e-02,6.553875207901000977e-01,7.327777147293090820e-01,-1.114585204049944878e-03,6.460019946098327637e-01,7.711166143417358398e-01,-1.266760402359068394e-03,6.342928409576416016e-01,7.876299619674682617e-01,-2.605898538604378700e-03,6.241651773452758789e-01,7.994040250778198242e-01,-3.723370609804987907e-03,6.537139415740966797e-01,7.301117777824401855e-01,7.613836321979761124e-03,6.442885994911193848e-01,7.626486420631408691e-01,7.544026710093021393e-03,6.348640322685241699e-01,7.771564126014709473e-01,5.287230480462312698e-03,6.255745887756347656e-01,7.869818210601806641e-01,3.521735547110438347e-03,6.492037177085876465e-01,7.276911735534667969e-01,1.513220649212598801e-02,6.428058147430419922e-01,7.537844777107238770e-01,1.461867429316043854e-02,6.347794532775878906e-01,7.669023871421813965e-01,1.323489844799041748e-02,6.267618536949157715e-01,7.754317522048950195e-01,1.272728480398654938e-02,2.359205633401870728e-01,5.851639509201049805e-01,-1.621727250267213094e-07,2.764660716056823730e-01,6.192811131477355957e-01,-1.181990280747413635e-02,2.958853542804718018e-01,6.681044101715087891e-01,-1.898795552551746368e-02,2.981318831443786621e-01,7.224086523056030273e-01,-2.272806875407695770e-02,2.997908592224121094e-01,7.661530375480651855e-01,-2.419107407331466675e-02,2.567376196384429932e-01,6.862549185752868652e-01,-3.234348818659782410e-02,2.723023593425750732e-01,7.660062909126281738e-01,-4.001678153872489929e-02,2.898332476615905762e-01,7.967913746833801270e-01,-3.771391138434410095e-02,3.036240041255950928e-01,8.101323246955871582e-01,-3.385654836893081665e-02,2.281684726476669312e-01,6.985526680946350098e-01,-2.823935635387897491e-02,2.474752664566040039e-01,7.880645990371704102e-01,-3.786022588610649109e-02,2.679421007633209229e-01,8.113977909088134766e-01,-3.409665822982788086e-02,2.819730639457702637e-01,8.139667510986328125e-01,-2.941263094544410706e-02,2.098363488912582397e-01,7.054303884506225586e-01,-2.340565808117389679e-02,2.226058989763259888e-01,7.907561063766479492e-01,-3.049557842314243317e-02,2.415914982557296753e-01,8.116032481193542480e-01,-2.479287423193454742e-02,2.560830116271972656e-01,8.129163384437561035e-01,-1.872006058692932129e-02,2.013849020004272461e-01,7.065893411636352539e-01,-1.914311572909355164e-02,2.062590569257736206e-01,7.706855535507202148e-01,-2.301459014415740967e-02,2.205899506807327271e-01,7.939185500144958496e-01,-2.018762566149234772e-02,2.339206933975219727e-01,8.000487685203552246e-01,-1.652515120804309845e-02
6.318974494934082031e-01,6.702144742012023926e-01,2.313494888994682697e-07,6.223815679550170898e-01,6.943528056144714355e-01,-1.601625233888626099e-02,6.238453984260559082e-01,7.271233201026916504e-01,-1.968684233725070953e-02,6.244463920593261719e-01,7.582857608795166016e-01,-1.929925940930843353e-02,6.212729215621948242e-01,7.817341089248657227e-01,-1.770868152379989624e-02,6.522228121757507324e-01,7.354506850242614746e-01,-1.296146027743816376e-02,6.432834267616271973e-01,7.755734920501708984e-01,-1.504162978380918503e-02,6.325862407684326172e-01,7.937924265861511230e-01,-1.670815423130989075e-02,6.232232451438903809e-01,8.056286573410034180e-01,-1.724497787654399872e-02,6.561429500579833984e-01,7.337831258773803711e-01,-3.115812316536903381e-03,6.461250782012939453e-01,7.711368799209594727e-01,-4.255292471498250961e-03,6.344444155693054199e-01,7.869348526000976562e-01,-5.764738190919160843e-03,6.236406564712524414e-01,7.979451417922973633e-01,-6.780921015888452530e-03,6.544495820999145508e-01,7.314597368240356445e-01,5.868170410394668579e-03,6.444653868675231934e-01,7.634429335594177246e-01,4.858583677560091019e-03,6.347714066505432129e-01,7.779000997543334961e-01,2.299459418281912804e-03,6.247759461402893066e-01,7.879563570022583008e-01,5.527372704818844795e-04,6.499526500701904297e-01,7.296094894409179688e-01,1.369814760982990265e-02,6.431973576545715332e-01,7.551406025886535645e-01,1.234504301100969315e-02,6.351118683815002441e-01,7.682341933250427246e-01,1.049665361642837524e-02,6.265372633934020996e-01,7.771263122558593750e-01,9.801713749766349792e-03,2.381471842527389526e-01,5.893636941909790039e-01,-1.452626889886232675e-07,2.780986130237579346e-01,6.196486353874206543e-01,-1.223414670675992966e-02,2.961217164993286133e-01,6.675432920455932617e-01,-1.938085071742534637e-02,2.978490591049194336e-01,7.227090001106262207e-01,-2.281960099935531616e-02,2.997466027736663818e-01,7.652227878570556641e-01,-2.399956248700618744e-02,2.564095854759216309e-01,6.843332052230834961e-01,-3.465049713850021362e-02,2.732539772987365723e-01,7.632893323898315430e-01,-4.388892278075218201e-02,2.901926040649414062e-01,7.940923571586608887e-01,-4.243028163909912109e-02,3.035213649272918701e-01,8.067819476127624512e-01,-3.842286020517349243e-02,2.286236882209777832e-01,6.989573240280151367e-01,-3.041435778141021729e-02,2.492818534374237061e-01,7.884665727615356445e-01,-4.197822138667106628e-02,2.709146738052368164e-01,8.114642500877380371e-01,-3.888142481446266174e-02,2.864620089530944824e-01,8.124476671218872070e-01,-3.374766185879707336e-02,2.106295078992843628e-01,7.073203325271606445e-01,-2.526622638106346130e-02,2.252855002880096436e-01,7.905895113945007324e-01,-3.310831636190414429e-02,2.460503727197647095e-01,8.107825517654418945e-01,-2.746402285993099213e-02,2.612588405609130859e-01,8.114249706268310547e-01,-2.072739973664283752e-02,2.031928747892379761e-01,7.087284326553344727e-01,-2.070314064621925354e-02,2.075362503528594971e-01,7.735542058944702148e-01,-2.338286675512790680e-02,2.228351682424545288e-01,7.969279885292053223e-01,-1.952730305492877960e-02,2.363686114549636841e-01,8.020625114440917969e-01,-1.496890466660261154e-02
6.318974494934082031e-01,6.702144742012023926e-01,2.313494888994682697e-07,6.223815679550170898e-01,6.943528056144714355e-01,-1.601625233888626099e-02,6.238453984260559082e-01,7.271233201026916504e-01,-1.968684233725070953e-02,6.244463920593261719e-01,7.582857608795166016e-01,-1.929925940930843353e-02,6.212729215621948242e-01,7.817341089248657227e-01,-1.770868152379989624e-02,6.522228121757507324e-01,7.354506850242614746e-01,-1.296146027743816376e-02,6.432834267616271973e-01,7.755734920501708984e-01,-1.504162978380918503e-02,6.325862407684326172e-01,7.937924265861511230e-01,-1.670815423130989075e-02,6.232232451438903809e-01,8.056286573410034180e-01,-1.724497787654399872e-02,6.561429500579833984e-01,7.337831258773803711e-01,-3.115812316536903381e-03,6.461250782012939453e-01,7.711368799209594727e-01,-4.255292471498250961e-03,6.344444155693054199e-01,7.869348526000976562e-01,-5.764738190919160843e-03,6.236406564712524414e-01,7.979451417922973633e-01,-6.780921015888452530e-03,6.544495820999145508e-01,7.314597368240356445e-01,5.868170410394668579e-03,6.444653868675231934e-01,7.634429335594177246e-01,4.858583677560091019e-03,6.347714066505432129e-01,7.779000997543334961e-01,2.299459418281912804e-03,6.247759461402893066e-01,7.879563570022583008e-01,5.527372704818844795e-04,6.499526500701904297e-01,7.296094894409179688e-01,1.369814760982990265e-02,6.431973576545715332e-01,7.551406025886535645e-01,1.234504301100969315e-02,6.351118683815002441e-01,7.682341933250427246e-01,1.049665361642837524e-02,6.265372633934020996e-01,7.771263122558593750e-01,9.801713749766349792e-03,2.381471842527389526e-01,5.893636941909790039e-01,-1.452626889886232675e-07,2.780986130237579346e-01,6.196486353874206543e-01,-1.223414670675992966e-02,2.961217164993286133e-01,6.675432920455932617e-01,-1.938085071742534637e-02,2.978490591049194336e-01,7.227090001106262207e-01,-2.281960099935531616e-02,2.997466027736663818e-01,7.652227878570556641e-01,-2.399956248700618744e-02,2.564095854759216309e-01,6.843332052230834961e-01,-3.465049713850021362e-02,2.732539772987365723e-01,7.632893323898315430e-01,-4.388892278075218201e-02,2.901926040649414062e-01,7.940923571586608887e-01,-4.243028163909912109e-02,3.035213649272918701e-01,8.067819476127624512e-01,-3.842286020517349243e-02,2.286236882209777832e-01,6.989573240280151367e-01,-3.041435778141021729e-02,2.492818534374237061e-01,7.884665727615356445e-01,-4.197822138667106628e-02,2.709146738052368164e-01,8.114642500877380371e-01,-3.888142481446266174e-02,2.864620089530944824e-01,8.124476671218872070e-01,-3.374766185879707336e-02,2.106295078992843628e-01,7.073203325271606445e-01,-2.526622638106346130e-02,2.252855002880096436e-01,7.905895113945007324e-01,-3.310831636190414429e-02,2.460503727197647095e-01,8.107825517654418945e-01,-2.746402285993099213e-02,2.612588405609130859e-01,8.114249706268310547e-01,-2.072739973664283752e-02,2.031928747892379761e-01,7.087284326553344727e-01,-2.070314064621925354e-02,2.075362503528594971e-01,7.735542058944702148e-01,-2.338286675512790680e-02,2.228351682424545288e-01,7.969279885292053223e-01,-1.952730305492877960e-02,2.363686114549636841e-01,8.020625114440917969e-01,-1.496890466660261154e-02
6.349332332611083984e-01,6.724452972412109375e-01,2.323219092659201124e-07,6.249405145645141602e-01,6.939857006072998047e-01,-1.637282781302928925e-02,6.254397034645080566e-01,7.255635261535644531e-01,-2.075562439858913422e-02,6.261668801307678223e-01,7.565320134162902832e-01,-2.109881862998008728e-02,6.232431530952453613e-01,7.800180315971374512e-01,-2.034252323210239410e-02,6.533078551292419434e-01,7.336676716804504395e-01,-1.490339729934930801e-02,6.446532011032104492e-01,7.734567523002624512e-01,-1.815990917384624481e-02,6.343766450881958008e-01,7.924658060073852539e-01,-2.034525386989116669e-02,6.254104375839233398e-01,8.053324818611145020e-01,-2.124868147075176239e-02,6.571612358093261719e-01,7.330570816993713379e-01,-5.540950689464807510e-03,6.476380228996276855e-01,7.704170942306518555e-01,-7.744407746940851212e-03,6.366793513298034668e-01,7.866925597190856934e-01,-9.272260591387748718e-03,6.267274618148803711e-01,7.985246181488037109e-01,-1.027993019670248032e-02,6.558139324188232422e-01,7.315943241119384766e-01,2.932406961917877197e-03,6.462351083755493164e-01,7.636432647705078125e-01,7.883541402406990528e-04,6.371846199035644531e-01,7.779992222785949707e-01,-1.386384596116840839e-03,6.278948783874511719e-01,7.885680794715881348e-01,-2.740484196692705154e-03,6.517604589462280273e-01,7.301169633865356445e-01,1.022415328770875931e-02,6.448689699172973633e-01,7.555024623870849609e-01,7.678271271288394928e-03,6.368505358695983887e-01,7.688535451889038086e-01,5.737550090998411179e-03,6.285402178764343262e-01,7.783478498458862305e-01,5.103265866637229919e-03,2.439064532518386841e-01,5.889358520507812500e-01,-1.558900351028569276e-07,2.855916321277618408e-01,6.183173060417175293e-01,-1.107053365558385849e-02,3.046483695507049561e-01,6.660402417182922363e-01,-1.806924864649772644e-02,3.066152632236480713e-01,7.204657793045043945e-01,-2.180103771388530731e-02,3.087579309940338135e-01,7.637483477592468262e-01,-2.353367395699024200e-02,2.654736340045928955e-01,6.882350444793701172e-01,-3.127614036202430725e-02,2.841694056987762451e-01,7.655526995658874512e-01,-3.971568495035171509e-02,3.009337484836578369e-01,7.958037257194519043e-01,-3.845217823982238770e-02,3.128146827220916748e-01,8.078904151916503906e-01,-3.500232845544815063e-02,2.371425330638885498e-01,7.017695307731628418e-01,-2.783196978271007538e-02,2.572837173938751221e-01,7.873848676681518555e-01,-3.770262002944946289e-02,2.783177495002746582e-01,8.116337060928344727e-01,-3.490221127867698669e-02,2.927249670028686523e-01,8.134942054748535156e-01,-3.086354210972785950e-02,2.184192538261413574e-01,7.084376811981201172e-01,-2.368966490030288696e-02,2.324288934469223022e-01,7.898269891738891602e-01,-3.044105134904384613e-02,2.523057460784912109e-01,8.132221698760986328e-01,-2.560246177017688751e-02,2.670411169528961182e-01,8.165568709373474121e-01,-2.031670883297920227e-02,2.095407694578170776e-01,7.090684771537780762e-01,-2.005544863641262054e-02,2.153895497322082520e-01,7.723393440246582031e-01,-2.284643799066543579e-02,2.306923568248748779e-01,7.986612915992736816e-01,-2.014566026628017426e-02,2.447541356086730957e-01,8.088769316673278809e-01,-1.693516224622726440e-02
6.437896490097045898e-01,6.661182045936584473e-01,2.336180955353484023e-07,6.353871226310729980e-01,6.871205568313598633e-01,-1.447080727666616440e-02,6.372284293174743652e-01,7.200996279716491699e-01,-1.761262305080890656e-02,6.373155117034912109e-01,7.494259476661682129e-01,-1.723198965191841125e-02,6.335735917091369629e-01,7.714968323707580566e-01,-1.568913273513317108e-02,6.622564196586608887e-01,7.282628417015075684e-01,-1.118942070752382278e-02,6.561039686203002930e-01,7.667676210403442383e-01,-1.395015977323055267e-02,6.466338634490966797e-01,7.855002284049987793e-01,-1.615523546934127808e-02,6.377551555633544922e-01,7.978006005287170410e-01,-1.703146286308765411e-02,6.651049852371215820e-01,7.273017168045043945e-01,-2.814343897625803947e-03,6.572134494781494141e-01,7.637358903884887695e-01,-4.534710664302110672e-03,6.471327543258666992e-01,7.818068861961364746e-01,-6.594646722078323364e-03,6.372669935226440430e-01,7.954191565513610840e-01,-8.005579002201557159e-03,6.630479097366333008e-01,7.259227037429809570e-01,4.608458839356899261e-03,6.547204852104187012e-01,7.578492164611816406e-01,2.904720604419708252e-03,6.458952426910400391e-01,7.744871973991394043e-01,-1.264685706701129675e-04,6.364278793334960938e-01,7.867270112037658691e-01,-2.118329284712672234e-03,6.584179997444152832e-01,7.244917154312133789e-01,1.095112413167953491e-02,6.524976491928100586e-01,7.505409717559814453e-01,8.994420059025287628e-03,6.448190212249755859e-01,7.645649313926696777e-01,6.881152279675006866e-03,6.366189718246459961e-01,7.745755910873413086e-01,5.980892106890678406e-03,2.769174575805664062e-01,5.876785516738891602e-01,-5.602895924994300003e-08,3.193565607070922852e-01,6.171072721481323242e-01,-7.138888817280530930e-03,3.425202071666717529e-01,6.658574938774108887e-01,-1.250655576586723328e-02,3.480999469757080078e-01,7.227797508239746094e-01,-1.425124891102313995e-02,3.516853451728820801e-01,7.675209045410156250e-01,-1.331708300858736038e-02,3.109482228755950928e-01,6.892300844192504883e-01,-3.731609135866165161e-02,3.311981856822967529e-01,7.697147130966186523e-01,-4.156717285513877869e-02,3.473800122737884521e-01,8.003363609313964844e-01,-3.138132765889167786e-02,3.584813475608825684e-01,8.090593814849853516e-01,-2.062719129025936127e-02,2.823193073272705078e-01,7.026255726814270020e-01,-3.416015952825546265e-02,3.024380803108215332e-01,7.945812940597534180e-01,-4.456449672579765320e-02,3.229397237300872803e-01,8.178845643997192383e-01,-3.437187150120735168e-02,3.364869356155395508e-01,8.143619894981384277e-01,-2.236231602728366852e-02,2.612880170345306396e-01,7.096887230873107910e-01,-2.905014343559741974e-02,2.759127318859100342e-01,7.971180081367492676e-01,-3.561753407120704651e-02,2.966015934944152832e-01,8.168679475784301758e-01,-2.424229122698307037e-02,3.109026551246643066e-01,8.124020695686340332e-01,-1.212052814662456512e-02,2.487570941448211670e-01,7.090398669242858887e-01,-2.381108701229095459e-02,2.528589069843292236e-01,7.756338715553283691e-01,-2.455244772136211395e-02,2.683866322040557861e-01,7.941914200782775879e-01,-1.711189188063144684e-02,2.805568575859069824e-01,7.923880815505981445e-01,-8.754361420869827271e-03
6.441055536270141602e-01,6.658246517181396484e-01,2.292176617402219563e-07,6.352128386497497559e-01,6.875461339950561523e-01,-1.495309825986623764e-02,6.370053291320800781e-01,7.204680442810058594e-01,-1.855084858834743500e-02,6.374807953834533691e-01,7.497010231018066406e-01,-1.856384240090847015e-02,6.341198086738586426e-01,7.721130251884460449e-01,-1.749023795127868652e-02,6.621557474136352539e-01,7.268961668014526367e-01,-1.312834117561578751e-02,6.561099886894226074e-01,7.660813927650451660e-01,-1.658839732408523560e-02,6.462438106536865234e-01,7.849482297897338867e-01,-1.899505965411663055e-02,6.372498869895935059e-01,7.973921298980712891e-01,-1.990708149969577789e-02,6.655247807502746582e-01,7.259124517440795898e-01,-4.715460818260908127e-03,6.580939888954162598e-01,7.632542252540588379e-01,-7.137437816709280014e-03,6.475921869277954102e-01,7.812005281448364258e-01,-9.157936088740825653e-03,6.371973752975463867e-01,7.941900491714477539e-01,-1.038279477506875992e-02,6.637843251228332520e-01,7.245086431503295898e-01,2.784800715744495392e-03,6.556042432785034180e-01,7.567647695541381836e-01,6.423100130632519722e-04,6.466689705848693848e-01,7.732022404670715332e-01,-2.289639320224523544e-03,6.370714902877807617e-01,7.849682569503784180e-01,-4.171072505414485931e-03,6.592283248901367188e-01,7.232194542884826660e-01,9.178319014608860016e-03,6.530743241310119629e-01,7.490888237953186035e-01,6.628939416259527206e-03,6.451468467712402344e-01,7.631750106811523438e-01,4.300690256059169769e-03,6.367302536964416504e-01,7.730908989906311035e-01,3.322059987112879753e-03,2.787190377712249756e-01,5.907241702079772949e-01,-5.298137395470803312e-08,3.227568566799163818e-01,6.186918020248413086e-01,-8.015710860490798950e-03,3.450739383697509766e-01,6.660599112510681152e-01,-1.465709507465362549e-02,3.500457704067230225e-01,7.210400104522705078e-01,-1.744441874325275421e-02,3.522836565971374512e-01,7.643557786941528320e-01,-1.754655875265598297e-02,3.114253580570220947e-01,6.900272965431213379e-01,-3.866707533597946167e-02,3.322437107563018799e-01,7.693254351615905762e-01,-4.532502964138984680e-02,3.482435643672943115e-01,7.976363897323608398e-01,-3.793128952383995056e-02,3.590774238109588623e-01,8.048453330993652344e-01,-2.897755987942218781e-02,2.832141220569610596e-01,7.040587663650512695e-01,-3.541699424386024475e-02,3.042082488536834717e-01,7.963359951972961426e-01,-4.702318459749221802e-02,3.235576152801513672e-01,8.166608810424804688e-01,-3.846914693713188171e-02,3.353252410888671875e-01,8.106590509414672852e-01,-2.767031639814376831e-02,2.622793614864349365e-01,7.115253806114196777e-01,-3.024616651237010956e-02,2.783478498458862305e-01,7.986590266227722168e-01,-3.746682032942771912e-02,2.990238070487976074e-01,8.164685368537902832e-01,-2.702379599213600159e-02,3.130562901496887207e-01,8.112698197364807129e-01,-1.575684919953346252e-02,2.496648132801055908e-01,7.105467915534973145e-01,-2.501862868666648865e-02,2.547808587551116943e-01,7.776815891265869141e-01,-2.604194544255733490e-02,2.699003219604492188e-01,7.974051237106323242e-01,-1.886179298162460327e-02,2.815771698951721191e-01,7.982355952262878418e-01,-1.094290800392627716e-02
6.459635496139526367e-01,6.593958735466003418e-01,2.726463890212471597e-07,6.425855755805969238e-01,6.843245029449462891e-01,-1.778886467218399048e-02,6.444692015647888184e-01,7.166746258735656738e-01,-2.021609619259834290e-02,6.439425945281982422e-01,7.456920742988586426e-01,-1.818296499550342560e-02,6.398296356201171875e-01,7.680485248565673828e-01,-1.471479423344135284e-02,6.697934269905090332e-01,7.262800931930541992e-01,-7.505853660404682159e-03,6.639917492866516113e-01,7.641604542732238770e-01,-8.282878436148166656e-03,6.536852121353149414e-01,7.833884358406066895e-01,-1.038922462612390518e-02,6.438596248626708984e-01,7.960606217384338379e-01,-1.137746497988700867e-02,6.663678288459777832e-01,7.236686348915100098e-01,4.204117693006992340e-03,6.588652133941650391e-01,7.573938369750976562e-01,5.804825574159622192e-03,6.483511924743652344e-01,7.751182317733764648e-01,3.262908430770039558e-03,6.379713416099548340e-01,7.882020473480224609e-01,8.157729171216487885e-04,6.599128246307373047e-01,7.195534110069274902e-01,1.442375034093856812e-02,6.515985727310180664e-01,7.456328868865966797e-01,1.574263907968997955e-02,6.426835060119628906e-01,7.607091069221496582e-01,1.123633515089750290e-02,6.327453255653381348e-01,7.703774571418762207e-01,7.516478653997182846e-03,6.528227329254150391e-01,7.149682641029357910e-01,2.323656342923641205e-02,6.465702652931213379e-01,7.346374988555908203e-01,2.359617501497268677e-02,6.390843391418457031e-01,7.464064955711364746e-01,2.081065997481346130e-02,6.308779716491699219e-01,7.540270686149597168e-01,1.892942376434803009e-02,3.003879785537719727e-01,5.970956087112426758e-01,-2.089297268526024709e-08,3.445299267768859863e-01,6.270171999931335449e-01,-2.176836831495165825e-03,3.650640249252319336e-01,6.737514734268188477e-01,-5.933678708970546722e-03,3.699381947517395020e-01,7.281214594841003418e-01,-7.328405976295471191e-03,3.749611675739288330e-01,7.720387578010559082e-01,-6.295264232903718948e-03,3.373426198959350586e-01,7.020582556724548340e-01,-2.669880911707878113e-02,3.550014793872833252e-01,7.775377631187438965e-01,-3.071283735334873199e-02,3.695043027400970459e-01,8.040804266929626465e-01,-2.259419858455657959e-02,3.787345290184020996e-01,8.108823299407958984e-01,-1.301927771419286728e-02,3.095501959323883057e-01,7.144647240638732910e-01,-2.515113539993762970e-02,3.277337849140167236e-01,8.006073832511901855e-01,-3.159545361995697021e-02,3.441328406333923340e-01,8.210135102272033691e-01,-2.146276645362377167e-02,3.532475829124450684e-01,8.174365758895874023e-01,-1.009050291031599045e-02,2.881852984428405762e-01,7.196099162101745605e-01,-2.183552272617816925e-02,3.002970218658447266e-01,8.025642037391662598e-01,-2.595957554876804352e-02,3.180584311485290527e-01,8.227598071098327637e-01,-1.459008455276489258e-02,3.298358023166656494e-01,8.204355239868164062e-01,-2.819791436195373535e-03,2.744928598403930664e-01,7.176884412765502930e-01,-1.799282431602478027e-02,2.791207134723663330e-01,7.808836698532104492e-01,-1.649452559649944305e-02,2.930768132209777832e-01,8.007407188415527344e-01,-7.807378191500902176e-03,3.037217557430267334e-01,8.026652932167053223e-01,1.347654382698237896e-03
6.483414173126220703e-01,6.548086404800415039e-01,2.609857290281070163e-07,6.478298306465148926e-01,6.838941574096679688e-01,-1.777756772935390472e-02,6.493305563926696777e-01,7.172586917877197266e-01,-1.956623792648315430e-02,6.485182046890258789e-01,7.458951473236083984e-01,-1.724771969020366669e-02,6.449753046035766602e-01,7.672763466835021973e-01,-1.342502050101757050e-02,6.747180819511413574e-01,7.248208522796630859e-01,-3.605560865253210068e-03,6.687036752700805664e-01,7.621288895606994629e-01,-3.650464583188295364e-03,6.590179800987243652e-01,7.821292281150817871e-01,-5.583698861300945282e-03,6.496545076370239258e-01,7.949595451354980469e-01,-6.458963267505168915e-03,6.677682399749755859e-01,7.226819992065429688e-01,7.969404570758342743e-03,6.609494686126708984e-01,7.553151845932006836e-01,9.353086352348327637e-03,6.498801112174987793e-01,7.712181806564331055e-01,5.858229473233222961e-03,6.386724710464477539e-01,7.807983160018920898e-01,3.105384996160864830e-03,6.591203212738037109e-01,7.189581394195556641e-01,1.781609281897544861e-02,6.527798175811767578e-01,7.437850832939147949e-01,1.871680282056331635e-02,6.444337964057922363e-01,7.573645710945129395e-01,1.334727741777896881e-02,6.351239085197448730e-01,7.639391422271728516e-01,9.366324171423912048e-03,6.513066887855529785e-01,7.144398689270019531e-01,2.621046639978885651e-02,6.474996805191040039e-01,7.325553297996520996e-01,2.663205936551094055e-02,6.411378383636474609e-01,7.420004010200500488e-01,2.363246306777000427e-02,6.337072849273681641e-01,7.469847202301025391e-01,2.172929793596267700e-02,3.095024824142456055e-01,6.029875278472900391e-01,-4.395584340954883373e-08,3.535005450248718262e-01,6.324335932731628418e-01,-4.564275732263922691e-04,3.743412494659423828e-01,6.800634264945983887e-01,-3.751323325559496880e-03,3.810239732265472412e-01,7.330985665321350098e-01,-4.947277251631021500e-03,3.852632045745849609e-01,7.752619981765747070e-01,-4.308678675442934036e-03,3.489359021186828613e-01,7.083158493041992188e-01,-2.771083638072013855e-02,3.658883571624755859e-01,7.832978963851928711e-01,-3.244087100028991699e-02,3.787631690502166748e-01,8.088994026184082031e-01,-2.482370100915431976e-02,3.874207139015197754e-01,8.155406713485717773e-01,-1.562912575900554657e-02,3.194604814052581787e-01,7.194099426269531250e-01,-2.738616429269313812e-02,3.389643728733062744e-01,8.064603209495544434e-01,-3.570189699530601501e-02,3.552303910255432129e-01,8.244562149047851562e-01,-2.600423619151115417e-02,3.638421893119812012e-01,8.188747167587280273e-01,-1.432712655514478683e-02,2.959690093994140625e-01,7.227095961570739746e-01,-2.483918331563472748e-02,3.084315955638885498e-01,8.064545989036560059e-01,-3.042628243565559387e-02,3.267147541046142578e-01,8.244672417640686035e-01,-1.857023127377033234e-02,3.383930623531341553e-01,8.195400834083557129e-01,-5.851426627486944199e-03,2.797120809555053711e-01,7.187381982803344727e-01,-2.146216668188571930e-02,2.863278687000274658e-01,7.841722369194030762e-01,-2.041322179138660431e-02,3.014176487922668457e-01,8.021060228347778320e-01,-1.050245296210050583e-02,3.126069903373718262e-01,8.013275861740112305e-01,-1.475036406191065907e-04
6.483414173126220703e-01,6.548086404800415039e-01,2.609857290281070163e-07,6.478298306465148926e-01,6.838941574096679688e-01,-1.777756772935390472e-02,6.493305563926696777e-01,7.172586917877197266e-01,-1.956623792648315430e-02,6.485182046890258789e-01,7.458951473236083984e-01,-1.724771969020366669e-02,6.449753046035766602e-01,7.672763466835021973e-01,-1.342502050101757050e-02,6.747180819511413574e-01,7.248208522796630859e-01,-3.605560865253210068e-03,6.687036752700805664e-01,7.621288895606994629e-01,-3.650464583188295364e-03,6.590179800987243652e-01,7.821292281150817871e-01,-5.583698861300945282e-03,6.496545076370239258e-01,7.949595451354980469e-01,-6.458963267505168915e-03,6.677682399749755859e-01,7.226819992065429688e-01,7.969404570758342743e-03,6.609494686126708984e-01,7.553151845932006836e-01,9.353086352348327637e-03,6.498801112174987793e-01,7.712181806564331055e-01,5.858229473233222961e-03,6.386724710464477539e-01,7.807983160018920898e-01,3.105384996160864830e-03,6.591203212738037109e-01,7.189581394195556641e-01,1.781609281897544861e-02,6.527798175811767578e-01,7.437850832939147949e-01,1.871680282056331635e-02,6.444337964057922363e-01,7.573645710945129395e-01,1.334727741777896881e-02,6.351239085197448730e-01,7.639391422271728516e-01,9.366324171423912048e-03,6.513066887855529785e-01,7.144398689270019531e-01,2.621046639978885651e-02,6.474996805191040039e-01,7.325553297996520996e-01,2.663205936551094055e-02,6.411378383636474609e-01,7.420004010200500488e-01,2.363246306777000427e-02,6.337072849273681641e-01,7.469847202301025391e-01,2.172929793596267700e-02,3.095024824142456055e-01,6.029875278472900391e-01,-4.395584340954883373e-08,3.535005450248718262e-01,6.324335932731628418e-01,-4.564275732263922691e-04,3.743412494659423828e-01,6.800634264945983887e-01,-3.751323325559496880e-03,3.810239732265472412e-01,7.330985665321350098e-01,-4.947277251631021500e-03,3.852632045745849609e-01,7.752619981765747070e-01,-4.308678675442934036e-03,3.489359021186828613e-01,7.083158493041992188e-01,-2.771083638072013855e-02,3.658883571624755859e-01,7.832978963851928711e-01,-3.244087100028991699e-02,3.787631690502166748e-01,8.088994026184082031e-01,-2.482370100915431976e-02,3.874207139015197754e-01,8.155406713485717773e-01,-1.562912575900554657e-02,3.194604814052581787e-01,7.194099426269531250e-01,-2.738616429269313812e-02,3.389643728733062744e-01,8.064603209495544434e-01,-3.570189699530601501e-02,3.552303910255432129e-01,8.244562149047851562e-01,-2.600423619151115417e-02,3.638421893119812012e-01,8.188747167587280273e-01,-1.432712655514478683e-02,2.959690093994140625e-01,7.227095961570739746e-01,-2.483918331563472748e-02,3.084315955638885498e-01,8.064545989036560059e-01,-3.042628243565559387e-02,3.267147541046142578e-01,8.244672417640686035e-01,-1.857023127377033234e-02,3.383930623531341553e-01,8.195400834083557129e-01,-5.851426627486944199e-03,2.797120809555053711e-01,7.187381982803344727e-01,-2.146216668188571930e-02,2.863278687000274658e-01,7.841722369194030762e-01,-2.041322179138660431e-02,3.014176487922668457e-01,8.021060228347778320e-01,-1.050245296210050583e-02,3.126069903373718262e-01,8.013275861740112305e-01,-1.475036406191065907e-04
6.481108665466308594e-01,6.542901396751403809e-01,2.434128134609636618e-07,6.472211480140686035e-01,6.829508543014526367e-01,-1.861323788762092590e-02,6.502716541290283203e-01,7.169660925865173340e-01,-2.030724287033081055e-02,6.491913795471191406e-01,7.456598877906799316e-01,-1.761321537196636200e-02,6.446793675422668457e-01,7.678558826446533203e-01,-1.335241831839084625e-02,6.750971078872680664e-01,7.247262001037597656e-01,-5.165901500731706619e-03,6.686046719551086426e-01,7.633105516433715820e-01,-5.228265654295682907e-03,6.583647131919860840e-01,7.822007536888122559e-01,-6.766752339899539948e-03,6.486107707023620605e-01,7.937781810760498047e-01,-7.283062208443880081e-03,6.690087318420410156e-01,7.227700948715209961e-01,7.078757509589195251e-03,6.620014905929565430e-01,7.574900388717651367e-01,8.212301880121231079e-03,6.497795581817626953e-01,7.716099619865417480e-01,4.859737586230039597e-03,6.375105381011962891e-01,7.783553004264831543e-01,2.371766837313771248e-03,6.604162454605102539e-01,7.193925380706787109e-01,1.760908588767051697e-02,6.528084278106689453e-01,7.460470199584960938e-01,1.805176399648189545e-02,6.434283256530761719e-01,7.575466632843017578e-01,1.199090387672185898e-02,6.335470080375671387e-01,7.619685530662536621e-01,7.654406595975160599e-03,6.523990631103515625e-01,7.154334783554077148e-01,2.673122286796569824e-02,6.465547680854797363e-01,7.343105673789978027e-01,2.657200023531913757e-02,6.388606429100036621e-01,7.420844435691833496e-01,2.270895615220069885e-02,6.306756734848022461e-01,7.449219226837158203e-01,2.021501958370208740e-02,3.096490204334259033e-01,6.032152175903320312e-01,-6.022708731734383036e-08,3.547765910625457764e-01,6.333364248275756836e-01,-5.478017847053706646e-04,3.757756352424621582e-01,6.812160015106201172e-01,-4.123719409108161926e-03,3.803902268409729004e-01,7.359554767608642578e-01,-5.625023506581783295e-03,3.833185136318206787e-01,7.792360186576843262e-01,-4.938849713653326035e-03,3.486279845237731934e-01,7.087982296943664551e-01,-2.711698785424232483e-02,3.674010634422302246e-01,7.845760583877563477e-01,-3.025243617594242096e-02,3.811109364032745361e-01,8.095872998237609863e-01,-2.135255001485347748e-02,3.888568282127380371e-01,8.148317337036132812e-01,-1.151848211884498596e-02,3.193012773990631104e-01,7.201024889945983887e-01,-2.673065476119518280e-02,3.393604159355163574e-01,8.079326748847961426e-01,-3.436404094099998474e-02,3.559745550155639648e-01,8.242094516754150391e-01,-2.374077774584293365e-02,3.638212680816650391e-01,8.160742521286010742e-01,-1.143353898078203201e-02,2.961551547050476074e-01,7.237499356269836426e-01,-2.413807623088359833e-02,3.089446425437927246e-01,8.088313937187194824e-01,-2.913173288106918335e-02,3.276925086975097656e-01,8.236730098724365234e-01,-1.663357205688953400e-02,3.388953506946563721e-01,8.160640597343444824e-01,-3.561366815119981766e-03,2.799647152423858643e-01,7.203510999679565430e-01,-2.076304517686367035e-02,2.869383990764617920e-01,7.859091162681579590e-01,-1.920800842344760895e-02,3.030879497528076172e-01,8.026128411293029785e-01,-9.075984358787536621e-03,3.142303228378295898e-01,7.998453378677368164e-01,1.327625359408557415e-03
6.557937264442443848e-01,6.485042572021484375e-01,2.634209295138134621e-07,6.589010357856750488e-01,6.761796474456787109e-01,-2.009149082005023956e-02,6.639403700828552246e-01,7.097967863082885742e-01,-2.272996306419372559e-02,6.633614897727966309e-01,7.404867410659790039e-01,-2.096968702971935272e-02,6.595726013183593750e-01,7.641414999961853027e-01,-1.773222163319587708e-02,6.870934963226318359e-01,7.183083295822143555e-01,-5.680525209754705429e-03,6.820495724678039551e-01,7.582037448883056641e-01,-7.022276986390352249e-03,6.723282933235168457e-01,7.772802710533142090e-01,-1.000296883285045624e-02,6.625135540962219238e-01,7.890638113021850586e-01,-1.151281502097845078e-02,6.794817447662353516e-01,7.186135649681091309e-01,6.563990376889705658e-03,6.724191308021545410e-01,7.528978586196899414e-01,5.071390885859727859e-03,6.592682600021362305e-01,7.669662237167358398e-01,-1.296475180424749851e-03,6.460369825363159180e-01,7.736980915069580078e-01,-5.598076153546571732e-03,6.703501939773559570e-01,7.175222635269165039e-01,1.701324060559272766e-02,6.635590195655822754e-01,7.445670962333679199e-01,1.468179374933242798e-02,6.534616947174072266e-01,7.561063766479492188e-01,5.667652469128370285e-03,6.425305604934692383e-01,7.591279745101928711e-01,-5.866605715709738433e-05,6.621088981628417969e-01,7.155280709266662598e-01,2.610748447477817535e-02,6.581016778945922852e-01,7.360111474990844727e-01,2.376102469861507416e-02,6.505417227745056152e-01,7.451603412628173828e-01,1.806897297501564026e-02,6.415867209434509277e-01,7.481707930564880371e-01,1.465817634016275406e-02,3.290568888187408447e-01,6.145198345184326172e-01,-1.124035176047755158e-08,3.719212114810943604e-01,6.441137194633483887e-01,2.512390259653329849e-03,3.910223245620727539e-01,6.928943991661071777e-01,1.113415579311549664e-03,3.963976502418518066e-01,7.471435070037841797e-01,1.737712416797876358e-03,4.005406200885772705e-01,7.892075777053833008e-01,4.518556874245405197e-03,3.695277273654937744e-01,7.204614877700805664e-01,-2.380730211734771729e-02,3.864024579524993896e-01,7.965841293334960938e-01,-2.466924302279949188e-02,3.947555124759674072e-01,8.204066753387451172e-01,-1.345981378108263016e-02,3.986567258834838867e-01,8.267953395843505859e-01,-2.293773461133241653e-03,3.408461213111877441e-01,7.300287485122680664e-01,-2.375111915171146393e-02,3.577862381935119629e-01,8.172578811645507812e-01,-2.814410254359245300e-02,3.683947324752807617e-01,8.331170082092285156e-01,-1.583962142467498779e-02,3.723797500133514404e-01,8.275380730628967285e-01,-2.978467149659991264e-03,3.173858821392059326e-01,7.311102151870727539e-01,-2.123567834496498108e-02,3.272100687026977539e-01,8.114202022552490234e-01,-2.330609224736690521e-02,3.393755257129669189e-01,8.286839723587036133e-01,-1.045168004930019379e-02,3.468429148197174072e-01,8.270214796066284180e-01,1.903946977108716965e-03,2.999907732009887695e-01,7.251958250999450684e-01,-1.767051592469215393e-02,3.020071089267730713e-01,7.858469486236572266e-01,-1.395883876830339432e-02,3.127282559871673584e-01,8.052407503128051758e-01,-3.804577514529228210e-03,3.219997584819793701e-01,8.088773488998413086e-01,5.953804124146699905e-03
6.616280674934387207e-01,6.447184085845947266e-01,2.492170665391313378e-07,6.632983088493347168e-01,6.727519631385803223e-01,-2.026647888123989105e-02,6.685089468955993652e-01,7.075025439262390137e-01,-2.296205796301364899e-02,6.700665950775146484e-01,7.385812401771545410e-01,-2.139736525714397430e-02,6.669456362724304199e-01,7.624247074127197266e-01,-1.852703280746936798e-02,6.928979158401489258e-01,7.170799970626831055e-01,-5.370174534618854523e-03,6.886947154998779297e-01,7.573702931404113770e-01,-6.960559636354446411e-03,6.778447031974792480e-01,7.758693695068359375e-01,-1.017706282436847687e-02,6.666624546051025391e-01,7.870294451713562012e-01,-1.184764318168163300e-02,6.866311430931091309e-01,7.158818840980529785e-01,6.881799083203077316e-03,6.777812242507934570e-01,7.506130337715148926e-01,4.816022235900163651e-03,6.630707383155822754e-01,7.643444538116455078e-01,-2.441804390400648117e-03,6.489043235778808594e-01,7.717827558517456055e-01,-7.365825586020946503e-03,6.784079074859619141e-01,7.138854861259460449e-01,1.733109541237354279e-02,6.693435311317443848e-01,7.407559752464294434e-01,1.463451515883207321e-02,6.577780246734619141e-01,7.540237307548522949e-01,4.430219531059265137e-03,6.455485224723815918e-01,7.585443258285522461e-01,-2.191385254263877869e-03,6.713287830352783203e-01,7.110245227813720703e-01,2.643069066107273102e-02,6.659262776374816895e-01,7.312734723091125488e-01,2.360644936561584473e-02,6.571102738380432129e-01,7.411130070686340332e-01,1.690196432173252106e-02,6.467748880386352539e-01,7.445833683013916016e-01,1.272407732903957367e-02,3.358466029167175293e-01,6.154052019119262695e-01,-3.505956414073807537e-08,3.777883052825927734e-01,6.490483880043029785e-01,6.093848962336778641e-03,3.949809670448303223e-01,6.967225670814514160e-01,7.457687053829431534e-03,3.985630273818969727e-01,7.473849058151245117e-01,9.729363024234771729e-03,4.010623693466186523e-01,7.865290641784667969e-01,1.368848327547311783e-02,3.755600452423095703e-01,7.291781902313232422e-01,-1.370508503168821335e-02,3.900842070579528809e-01,8.001808524131774902e-01,-1.166732143610715866e-02,3.970100283622741699e-01,8.233398199081420898e-01,-6.180987111292779446e-04,4.008893072605133057e-01,8.307259678840637207e-01,1.009664218872785568e-02,3.465897738933563232e-01,7.380809783935546875e-01,-1.482444349676370621e-02,3.616869449615478516e-01,8.180803656578063965e-01,-1.629634574055671692e-02,3.705916106700897217e-01,8.331402540206909180e-01,-4.431210923939943314e-03,3.743916451930999756e-01,8.282102942466735840e-01,8.120826445519924164e-03,3.224427700042724609e-01,7.372719645500183105e-01,-1.360350381582975388e-02,3.297204375267028809e-01,8.142406344413757324e-01,-1.378999277949333191e-02,3.402454257011413574e-01,8.312546014785766602e-01,-1.198919373564422131e-03,3.477063179016113281e-01,8.295257091522216797e-01,1.108613889664411545e-02,3.044207990169525146e-01,7.290810346603393555e-01,-1.108343154191970825e-02,3.057593107223510742e-01,7.882454991340637207e-01,-5.795933771878480911e-03,3.150487840175628662e-01,8.061561584472656250e-01,5.364500451833009720e-03,3.238636255264282227e-01,8.091612458229064941e-01,1.609418168663978577e-02
6.610694527626037598e-01,6.437941193580627441e-01,2.394098146396572702e-07,6.644588708877563477e-01,6.742341518402099609e-01,-2.017803490161895752e-02,6.694687604904174805e-01,7.090170979499816895e-01,-2.240839786827564240e-02,6.701373457908630371e-01,7.396536469459533691e-01,-2.051591500639915466e-02,6.652868986129760742e-01,7.627867460250854492e-01,-1.714988239109516144e-02,6.931540966033935547e-01,7.181250452995300293e-01,-3.565070219337940216e-03,6.891413927078247070e-01,7.574119567871093750e-01,-5.185257177799940109e-03,6.779872775077819824e-01,7.760253548622131348e-01,-8.649211376905441284e-03,6.664251089096069336e-01,7.867985963821411133e-01,-1.036979630589485168e-02,6.857554912567138672e-01,7.179256677627563477e-01,8.693737909197807312e-03,6.783202886581420898e-01,7.521014213562011719e-01,6.909142248332500458e-03,6.642170548439025879e-01,7.666419744491577148e-01,-2.033254422713071108e-04,6.499363780021667480e-01,7.732965946197509766e-01,-4.818447399884462357e-03,6.766144633293151855e-01,7.164409756660461426e-01,1.893753744661808014e-02,6.681906580924987793e-01,7.428882122039794922e-01,1.619630493223667145e-02,6.568188667297363281e-01,7.554823160171508789e-01,6.078042089939117432e-03,6.446281671524047852e-01,7.584719061851501465e-01,-1.260848366655409336e-04,6.688289642333984375e-01,7.139738202095031738e-01,2.775796130299568176e-02,6.633293032646179199e-01,7.341678142547607422e-01,2.488518692553043365e-02,6.549009680747985840e-01,7.429318428039550781e-01,1.830491982400417328e-02,6.449235677719116211e-01,7.445707917213439941e-01,1.449001487344503403e-02,3.352372050285339355e-01,6.171733736991882324e-01,-5.308551820348839101e-08,3.780418932437896729e-01,6.496043801307678223e-01,7.087406236678361893e-03,3.953924477100372314e-01,6.961534023284912109e-01,8.931725285947322845e-03,3.982663154602050781e-01,7.455742359161376953e-01,1.159835420548915863e-02,4.005916714668273926e-01,7.849485278129577637e-01,1.624456606805324554e-02,3.753812611103057861e-01,7.302972078323364258e-01,-1.364277210086584091e-02,3.899861574172973633e-01,8.020185828208923340e-01,-1.110592018812894821e-02,3.975173830986022949e-01,8.238421082496643066e-01,1.396388048306107521e-03,4.009745717048645020e-01,8.286305665969848633e-01,1.354997791349887848e-02,3.464839160442352295e-01,7.395460605621337891e-01,-1.496294047683477402e-02,3.611388504505157471e-01,8.208824396133422852e-01,-1.637104526162147522e-02,3.709146380424499512e-01,8.333825469017028809e-01,-2.693619811907410622e-03,3.742744326591491699e-01,8.257957696914672852e-01,1.178351882845163345e-02,3.225730359554290771e-01,7.389911413192749023e-01,-1.381420064717531204e-02,3.303842246532440186e-01,8.172917962074279785e-01,-1.387017779052257538e-02,3.422173857688903809e-01,8.301123976707458496e-01,1.001769094727933407e-03,3.491034209728240967e-01,8.250907659530639648e-01,1.547550410032272339e-02,3.047606647014617920e-01,7.309303283691406250e-01,-1.130456384271383286e-02,3.060162067413330078e-01,7.924893498420715332e-01,-5.482573993504047394e-03,3.165000081062316895e-01,8.089562058448791504e-01,7.239564787596464157e-03,3.246614634990692139e-01,8.095296025276184082e-01,1.957691460847854614e-02
6.676633358001708984e-01,6.401573419570922852e-01,2.558269613928132458e-07,6.713922619819641113e-01,6.691434383392333984e-01,-2.113182470202445984e-02,6.784823536872863770e-01,7.023172974586486816e-01,-2.364222519099712372e-02,6.816154122352600098e-01,7.343316078186035156e-01,-2.179356478154659271e-02,6.812670230865478516e-01,7.598363757133483887e-01,-1.858845911920070648e-02,7.017527818679809570e-01,7.136279940605163574e-01,-3.744203364476561546e-03,6.993146538734436035e-01,7.531471848487854004e-01,-3.828385844826698303e-03,6.909272670745849609e-01,7.720845341682434082e-01,-5.960429552942514420e-03,6.817937493324279785e-01,7.843605279922485352e-01,-7.148250471800565720e-03,6.934951543807983398e-01,7.132384777069091797e-01,9.284876286983489990e-03,6.858915686607360840e-01,7.469887733459472656e-01,8.573521859943866730e-03,6.725493669509887695e-01,7.600318789482116699e-01,2.139906166121363640e-03,6.589782238006591797e-01,7.668105363845825195e-01,-2.369471825659275055e-03,6.842617988586425781e-01,7.113559246063232422e-01,2.023269794881343842e-02,6.761469841003417969e-01,7.377445101737976074e-01,1.827766560018062592e-02,6.656754612922668457e-01,7.503828406333923340e-01,8.138952776789665222e-03,6.538270711898803711e-01,7.548206448554992676e-01,1.452159718610346317e-03,6.762274503707885742e-01,7.087283730506896973e-01,2.970517054200172424e-02,6.715295314788818359e-01,7.281731963157653809e-01,2.709144912660121918e-02,6.634896993637084961e-01,7.378186583518981934e-01,1.992205530405044556e-02,6.534306406974792480e-01,7.421115040779113770e-01,1.530273631215095520e-02,3.422948122024536133e-01,6.217939853668212891e-01,-2.680724975334669580e-08,3.834505975246429443e-01,6.551650762557983398e-01,1.093448791652917862e-02,3.982547521591186523e-01,7.025116086006164551e-01,1.447483152151107788e-02,4.006944894790649414e-01,7.511495351791381836e-01,1.772378571331501007e-02,4.022227525711059570e-01,7.879403829574584961e-01,2.218159288167953491e-02,3.832492232322692871e-01,7.335565686225891113e-01,-7.737909443676471710e-03,3.945188224315643311e-01,8.018811941146850586e-01,-4.547712858766317368e-03,3.986790776252746582e-01,8.266578316688537598e-01,7.132786791771650314e-03,4.002434313297271729e-01,8.372664451599121094e-01,1.833743415772914886e-02,3.552353680133819580e-01,7.428513765335083008e-01,-1.138212718069553375e-02,3.666603267192840576e-01,8.216403126716613770e-01,-1.004739012569189072e-02,3.726309239864349365e-01,8.372996449470520020e-01,3.333982080221176147e-03,3.738369643688201904e-01,8.347145915031433105e-01,1.664240285754203796e-02,3.306880593299865723e-01,7.426375150680541992e-01,-1.255602575838565826e-02,3.356279730796813965e-01,8.197824358940124512e-01,-1.100822724401950836e-02,3.433265089988708496e-01,8.339253664016723633e-01,3.563735866919159889e-03,3.478559851646423340e-01,8.306782245635986328e-01,1.706303283572196960e-02,3.117010593414306641e-01,7.341179251670837402e-01,-1.221988536417484283e-02,3.110101222991943359e-01,7.951658368110656738e-01,-5.805020686239004135e-03,3.179653882980346680e-01,8.102464079856872559e-01,7.262899540364742279e-03,3.246473073959350586e-01,8.100435733795166016e-01,1.954329572618007660e-02
6.676633358001708984e-01,6.401573419570922852e-01,2.558269613928132458e-07,6.713922619819641113e-01,6.691434383392333984e-01,-2.113182470202445984e-02,6.784823536872863770e-01,7.023172974586486816e-01,-2.364222519099712372e-02,6.816154122352600098e-01,7.343316078186035156e-01,-2.179356478154659271e-02,6.812670230865478516e-01,7.598363757133483887e-01,-1.858845911920070648e-02,7.017527818679809570e-01,7.136279940605163574e-01,-3.744203364476561546e-03,6.993146538734436035e-01,7.531471848487854004e-01,-3.828385844826698303e-03,6.909272670745849609e-01,7.720845341682434082e-01,-5.960429552942514420e-03,6.817937493324279785e-01,7.843605279922485352e-01,-7.148250471800565720e-03,6.934951543807983398e-01,7.132384777069091797e-01,9.284876286983489990e-03,6.858915686607360840e-01,7.469887733459472656e-01,8.573521859943866730e-03,6.725493669509887695e-01,7.600318789482116699e-01,2.139906166121363640e-03,6.589782238006591797e-01,7.668105363845825195e-01,-2.369471825659275055e-03,6.842617988586425781e-01,7.113559246063232422e-01,2.023269794881343842e-02,6.761469841003417969e-01,7.377445101737976074e-01,1.827766560018062592e-02,6.656754612922668457e-01,7.503828406333923340e-01,8.138952776789665222e-03,6.538270711898803711e-01,7.548206448554992676e-01,1.452159718610346317e-03,6.762274503707885742e-01,7.087283730506896973e-01,2.970517054200172424e-02,6.715295314788818359e-01,7.281731963157653809e-01,2.709144912660121918e-02,6.634896993637084961e-01,7.378186583518981934e-01,1.992205530405044556e-02,6.534306406974792480e-01,7.421115040779113770e-01,1.530273631215095520e-02,3.422948122024536133e-01,6.217939853668212891e-01,-2.680724975334669580e-08,3.834505975246429443e-01,6.551650762557983398e-01,1.093448791652917862e-02,3.982547521591186523e-01,7.025116086006164551e-01,1.447483152151107788e-02,4.006944894790649414e-01,7.511495351791381836e-01,1.772378571331501007e-02,4.022227525711059570e-01,7.879403829574584961e-01,2.218159288167953491e-02,3.832492232322692871e-01,7.335565686225891113e-01,-7.737909443676471710e-03,3.945188224315643311e-01,8.018811941146850586e-01,-4.547712858766317368e-03,3.986790776252746582e-01,8.266578316688537598e-01,7.132786791771650314e-03,4.002434313297271729e-01,8.372664451599121094e-01,1.833743415772914886e-02,3.552353680133819580e-01,7.428513765335083008e-01,-1.138212718069553375e-02,3.666603267192840576e-01,8.216403126716613770e-01,-1.004739012569189072e-02,3.726309239864349365e-01,8.372996449470520020e-01,3.333982080221176147e-03,3.738369643688201904e-01,8.347145915031433105e-01,1.664240285754203796e-02,3.306880593299865723e-01,7.426375150680541992e-01,-1.255602575838565826e-02,3.356279730796813965e-01,8.197824358940124512e-01,-1.100822724401950836e-02,3.433265089988708496e-01,8.339253664016723633e-01,3.563735866919159889e-03,3.478559851646423340e-01,8.306782245635986328e-01,1.706303283572196960e-02,3.117010593414306641e-01,7.341179251670837402e-01,-1.221988536417484283e-02,3.110101222991943359e-01,7.951658368110656738e-01,-5.805020686239004135e-03,3.179653882980346680e-01,8.102464079856872559e-01,7.262899540364742279e-03,3.246473073959350586e-01,8.100435733795166016e-01,1.954329572618007660e-02
6.724302768707275391e-01,6.361104249954223633e-01,2.525380011775268940e-07,6.762007474899291992e-01,6.652381420135498047e-01,-2.010708488523960114e-02,6.836600899696350098e-01,6.973503828048706055e-01,-2.238363027572631836e-02,6.877990365028381348e-01,7.276765704154968262e-01,-2.054023183882236481e-02,6.877274513244628906e-01,7.529216408729553223e-01,-1.745433360338211060e-02,7.082512378692626953e-01,7.090908288955688477e-01,-3.081338014453649521e-03,7.076647281646728516e-01,7.476972937583923340e-01,-3.105222946032881737e-03,7.007638812065124512e-01,7.679947614669799805e-01,-5.519270896911621094e-03,6.926339268684387207e-01,7.820180058479309082e-01,-7.021376397460699081e-03,7.003014087677001953e-01,7.086691260337829590e-01,9.066001512110233307e-03,6.951977610588073730e-01,7.437509298324584961e-01,8.600047789514064789e-03,6.832664608955383301e-01,7.585306763648986816e-01,1.862798701040446758e-03,6.703563332557678223e-01,7.667932510375976562e-01,-3.007113467901945114e-03,6.907501816749572754e-01,7.066220641136169434e-01,1.925677992403507233e-02,6.847057342529296875e-01,7.343771457672119141e-01,1.765708811581134796e-02,6.750138401985168457e-01,7.482450008392333984e-01,7.634989451617002487e-03,6.636670827865600586e-01,7.537733316421508789e-01,7.991867023520171642e-04,6.825740933418273926e-01,7.030994296073913574e-01,2.803558111190795898e-02,6.796842217445373535e-01,7.234250903129577637e-01,2.571838162839412689e-02,6.724498867988586426e-01,7.338337898254394531e-01,1.894377171993255615e-02,6.628594398498535156e-01,7.390903830528259277e-01,1.442810613662004471e-02,3.462663292884826660e-01,6.267433762550354004e-01,-1.202196298066837699e-08,3.863688707351684570e-01,6.612415313720703125e-01,1.571199111640453339e-02,3.999334573745727539e-01,7.063424587249755859e-01,2.164689078927040100e-02,4.004545807838439941e-01,7.489700913429260254e-01,2.703971788287162781e-02,3.980431258678436279e-01,7.795397043228149414e-01,3.339896723628044128e-02,3.880165815353393555e-01,7.394399046897888184e-01,-6.660369690507650375e-03,3.970892429351806641e-01,8.052828311920166016e-01,-4.588252631947398186e-04,3.983422219753265381e-01,8.278750181198120117e-01,1.455527450889348984e-02,3.984038829803466797e-01,8.382879495620727539e-01,2.781036123633384705e-02,3.597066104412078857e-01,7.484177350997924805e-01,-1.129099726676940918e-02,3.680138587951660156e-01,8.223609328269958496e-01,-7.346655707806348801e-03,3.703105747699737549e-01,8.406834006309509277e-01,8.437198586761951447e-03,3.698526918888092041e-01,8.430412411689758301e-01,2.320190891623497009e-02,3.346582949161529541e-01,7.466735243797302246e-01,-1.266789902001619339e-02,3.367751240730285645e-01,8.163244128227233887e-01,-8.742503821849822998e-03,3.409789502620697021e-01,8.339858055114746094e-01,7.228717207908630371e-03,3.447113335132598877e-01,8.364603519439697266e-01,2.129239030182361603e-02,3.149394989013671875e-01,7.359110713005065918e-01,-1.199747249484062195e-02,3.123935759067535400e-01,7.910701632499694824e-01,-3.627675585448741913e-03,3.162715733051300049e-01,8.096418976783752441e-01,1.050254143774509430e-02,3.219290971755981445e-01,8.162034153938293457e-01,2.335338108241558075e-02
6.761947870254516602e-01,6.388293504714965820e-01,2.431527548196754651e-07,6.815086603164672852e-01,6.682057380676269531e-01,-1.850881241261959076e-02,6.883154511451721191e-01,6.988822817802429199e-01,-2.130727097392082214e-02,6.922554969787597656e-01,7.294785976409912109e-01,-2.050825022161006927e-02,6.917987465858459473e-01,7.545641660690307617e-01,-1.851338520646095276e-02,7.120651602745056152e-01,7.086745500564575195e-01,-2.887478098273277283e-03,7.111424803733825684e-01,7.472302913665771484e-01,-3.756988560780882835e-03,7.041951417922973633e-01,7.678242325782775879e-01,-6.560214795172214508e-03,6.966145038604736328e-01,7.818843126296997070e-01,-8.310433477163314819e-03,7.036346793174743652e-01,7.073836326599121094e-01,7.848222739994525909e-03,6.983686685562133789e-01,7.403138875961303711e-01,6.951650138944387436e-03,6.872193813323974609e-01,7.550365924835205078e-01,1.051147119142115116e-03,6.756472587585449219e-01,7.641881704330444336e-01,-3.365903627127408981e-03,6.935886740684509277e-01,7.052427530288696289e-01,1.668032258749008179e-02,6.877789497375488281e-01,7.313680648803710938e-01,1.507610082626342773e-02,6.792454719543457031e-01,7.448528409004211426e-01,6.962361279875040054e-03,6.689572930335998535e-01,7.515578866004943848e-01,1.265813712961971760e-03,6.847839355468750000e-01,7.015585303306579590e-01,2.409591712057590485e-02,6.819580793380737305e-01,7.205029726028442383e-01,2.229829318821430206e-02,6.753408312797546387e-01,7.313654422760009766e-01,1.717405393719673157e-02,6.664795875549316406e-01,7.376020550727844238e-01,1.384216640144586563e-02,3.479486107826232910e-01,6.303062438964843750e-01,-3.538274384595752053e-08,3.877651095390319824e-01,6.639885306358337402e-01,1.809075102210044861e-02,4.011697471141815186e-01,7.085326313972473145e-01,2.570695802569389343e-02,4.018929600715637207e-01,7.493354082107543945e-01,3.217079490423202515e-02,3.999110460281372070e-01,7.786260247230529785e-01,3.974426537752151489e-02,3.896217346191406250e-01,7.427968978881835938e-01,-1.101893140003085136e-03,3.978812396526336670e-01,8.086490035057067871e-01,6.088072899729013443e-03,3.986238241195678711e-01,8.309422135353088379e-01,2.145417220890522003e-02,3.984025418758392334e-01,8.396270275115966797e-01,3.491102904081344604e-02,3.613806664943695068e-01,7.520214915275573730e-01,-6.558467168360948563e-03,3.701670467853546143e-01,8.241827487945556641e-01,-2.023368375375866890e-03,3.724799454212188721e-01,8.399299979209899902e-01,1.377553772181272507e-02,3.722661435604095459e-01,8.400269150733947754e-01,2.867123857140541077e-02,3.360401391983032227e-01,7.502565979957580566e-01,-8.840937167406082153e-03,3.391576111316680908e-01,8.193863630294799805e-01,-4.699363838881254196e-03,3.427954912185668945e-01,8.345419168472290039e-01,1.153606548905372620e-02,3.460758328437805176e-01,8.348181843757629395e-01,2.599267475306987762e-02,3.155221343040466309e-01,7.385409474372863770e-01,-8.920404128730297089e-03,3.129830062389373779e-01,7.935544848442077637e-01,-5.765166715718805790e-04,3.171253204345703125e-01,8.106327652931213379e-01,1.369544956833124161e-02,3.233044445514678955e-01,8.150729537010192871e-01,2.684092894196510315e-02
6.869871616363525391e-01,6.336864829063415527e-01,2.836948453932564007e-07,6.966689229011535645e-01,6.605489253997802734e-01,-2.022087574005126953e-02,7.078735232353210449e-01,6.903378367424011230e-01,-2.267967350780963898e-02,7.140445709228515625e-01,7.209798097610473633e-01,-2.117789350450038910e-02,7.165228128433227539e-01,7.455929517745971680e-01,-1.824272423982620239e-02,7.306390404701232910e-01,7.009031772613525391e-01,-1.358558074571192265e-03,7.328150868415832520e-01,7.369498610496520996e-01,-1.861809403635561466e-03,7.265751957893371582e-01,7.577710151672363281e-01,-4.967471119016408920e-03,7.185817956924438477e-01,7.727000713348388672e-01,-6.886824034154415131e-03,7.205048799514770508e-01,7.017002105712890625e-01,1.044178754091262817e-02,7.179893255233764648e-01,7.357030510902404785e-01,9.659524075686931610e-03,7.067756056785583496e-01,7.502540946006774902e-01,2.910083392634987831e-03,6.941323280334472656e-01,7.593140602111816406e-01,-1.811663503758609295e-03,7.090983986854553223e-01,7.013981342315673828e-01,1.999313198029994965e-02,7.053033113479614258e-01,7.286989688873291016e-01,1.797162741422653198e-02,6.963375210762023926e-01,7.422340512275695801e-01,8.700072765350341797e-03,6.853312253952026367e-01,7.487831711769104004e-01,2.663185587152838707e-03,6.982666254043579102e-01,6.997396945953369141e-01,2.803670428693294525e-02,6.965528130531311035e-01,7.216288447380065918e-01,2.592146582901477814e-02,6.906043887138366699e-01,7.322369217872619629e-01,2.008583769202232361e-02,6.823976039886474609e-01,7.378082871437072754e-01,1.641566120088100433e-02,3.567186295986175537e-01,6.396147012710571289e-01,-3.825573458016151562e-08,3.931580781936645508e-01,6.797332167625427246e-01,2.447310835123062134e-02,3.998081684112548828e-01,7.239708304405212402e-01,3.537987172603607178e-02,3.959106802940368652e-01,7.579119801521301270e-01,4.421339184045791626e-02,3.881188631057739258e-01,7.810294032096862793e-01,5.402762442827224731e-02,3.940133750438690186e-01,7.567079663276672363e-01,6.094422191381454468e-03,3.959492444992065430e-01,8.198707103729248047e-01,1.478749047964811325e-02,3.937836587429046631e-01,8.402662277221679688e-01,3.142204880714416504e-02,3.919583559036254883e-01,8.476060032844543457e-01,4.600122198462486267e-02,3.670474588871002197e-01,7.632988691329956055e-01,-1.377758337184786797e-03,3.666634857654571533e-01,8.321186304092407227e-01,3.717525396496057510e-03,3.648459017276763916e-01,8.441177606582641602e-01,2.102304622530937195e-02,3.640144765377044678e-01,8.389210700988769531e-01,3.794510662555694580e-02,3.419107794761657715e-01,7.584180831909179688e-01,-5.303091835230588913e-03,3.365139663219451904e-01,8.233027458190917969e-01,1.844422949943691492e-04,3.363460302352905273e-01,8.352796435356140137e-01,1.905905827879905701e-02,3.383959531784057617e-01,8.327540755271911621e-01,3.596559166908264160e-02,3.207235932350158691e-01,7.432232499122619629e-01,-6.477046757936477661e-03,3.132299184799194336e-01,7.947712540626525879e-01,2.918244106695055962e-03,3.137506842613220215e-01,8.097162842750549316e-01,1.878928206861019135e-02,3.178356885910034180e-01,8.125665187835693359e-01,3.381765261292457581e-02
6.891709566116333008e-01,6.308331489562988281e-01,2.627737103466643021e-07,7.002950906753540039e-01,6.592752337455749512e-01,-1.915817707777023315e-02,7.112343311309814453e-01,6.907505989074707031e-01,-2.115805074572563171e-02,7.169955968856811523e-01,7.210775613784790039e-01,-1.918263733386993408e-02,7.190916538238525391e-01,7.453907132148742676e-01,-1.571488194167613983e-02,7.337239384651184082e-01,6.974783539772033691e-01,-2.055038698017597198e-03,7.366982102394104004e-01,7.343397736549377441e-01,-2.291528973728418350e-03,7.304747700691223145e-01,7.559605240821838379e-01,-4.915197379887104034e-03,7.223392724990844727e-01,7.710992097854614258e-01,-6.453550420701503754e-03,7.230399847030639648e-01,6.987060904502868652e-01,9.252101182937622070e-03,7.216306328773498535e-01,7.336062192916870117e-01,9.873763658106327057e-03,7.119117975234985352e-01,7.515763640403747559e-01,4.493215121328830719e-03,7.008237838745117188e-01,7.635972499847412109e-01,3.214123426005244255e-04,7.110427021980285645e-01,6.979644894599914551e-01,1.840059831738471985e-02,7.082101106643676758e-01,7.256236672401428223e-01,1.710070483386516571e-02,7.004760503768920898e-01,7.409201860427856445e-01,8.359830826520919800e-03,6.907163262367248535e-01,7.502073645591735840e-01,2.325054490938782692e-03,6.997229456901550293e-01,6.961356997489929199e-01,2.613188512623310089e-02,6.981381177902221680e-01,7.170264720916748047e-01,2.417130209505558014e-02,6.924750804901123047e-01,7.286384701728820801e-01,1.859643869102001190e-02,6.845487952232360840e-01,7.367066144943237305e-01,1.495901029556989670e-02,3.592169582843780518e-01,6.424241065979003906e-01,-4.884932280901921331e-08,3.946257829666137695e-01,6.845834255218505859e-01,2.309501357376575470e-02,4.007906019687652588e-01,7.278803586959838867e-01,3.332994133234024048e-02,3.954735398292541504e-01,7.607159614562988281e-01,4.131397232413291931e-02,3.861718475818634033e-01,7.828049063682556152e-01,5.026086047291755676e-02,3.939423561096191406e-01,7.583070993423461914e-01,7.717846892774105072e-03,3.951898217201232910e-01,8.213604688644409180e-01,1.618854328989982605e-02,3.921194672584533691e-01,8.403056859970092773e-01,3.158821910619735718e-02,3.891988098621368408e-01,8.434906005859375000e-01,4.508047923445701599e-02,3.671905994415283203e-01,7.644513249397277832e-01,6.215664907358586788e-04,3.666603863239288330e-01,8.314496874809265137e-01,6.675375159829854965e-03,3.640513122081756592e-01,8.444530963897705078e-01,2.177860401570796967e-02,3.617141842842102051e-01,8.417119979858398438e-01,3.601631522178649902e-02,3.416729867458343506e-01,7.595695257186889648e-01,-3.295437199994921684e-03,3.369953334331512451e-01,8.228591680526733398e-01,3.154620295390486717e-03,3.360768258571624756e-01,8.354788422584533691e-01,1.864770241081714630e-02,3.370088338851928711e-01,8.344539403915405273e-01,3.195627033710479736e-02,3.197016716003417969e-01,7.447045445442199707e-01,-4.654721822589635849e-03,3.120661377906799316e-01,7.951446771621704102e-01,5.303159356117248535e-03,3.123169243335723877e-01,8.101342320442199707e-01,1.918668299913406372e-02,3.156087398529052734e-01,8.133189678192138672e-01,3.174613788723945618e-02
6.892021894454956055e-01,6.298156380653381348e-01,2.565428189882368315e-07,6.997805237770080566e-01,6.597580313682556152e-01,-1.832746528089046478e-02,7.101486325263977051e-01,6.909114122390747070e-01,-2.008287049829959869e-02,7.166990041732788086e-01,7.215877175331115723e-01,-1.804346591234207153e-02,7.183514833450317383e-01,7.469678521156311035e-01,-1.465521380305290222e-02,7.334936261177062988e-01,6.967258453369140625e-01,-1.788273511920124292e-04,7.364409565925598145e-01,7.336305379867553711e-01,-1.070404177880845964e-04,7.307218313217163086e-01,7.558382153511047363e-01,-2.721551107242703438e-03,7.231178283691406250e-01,7.715754508972167969e-01,-4.274432547390460968e-03,7.226117253303527832e-01,6.969937086105346680e-01,1.101312786340713501e-02,7.207092046737670898e-01,7.308183312416076660e-01,1.192132197320461273e-02,7.106319069862365723e-01,7.488540410995483398e-01,6.255879998207092285e-03,6.994922161102294922e-01,7.617180347442626953e-01,1.780050457455217838e-03,7.108052372932434082e-01,6.957786679267883301e-01,2.014273591339588165e-02,7.075548171997070312e-01,7.216137647628784180e-01,1.942058838903903961e-02,6.998150348663330078e-01,7.374674081802368164e-01,1.088499464094638824e-02,6.900044679641723633e-01,7.476298809051513672e-01,4.822910763323307037e-03,7.001299262046813965e-01,6.927742362022399902e-01,2.790595777332782745e-02,6.987993717193603516e-01,7.116650342941284180e-01,2.655845694243907928e-02,6.933187842369079590e-01,7.238603234291076660e-01,2.139590121805667877e-02,6.856269836425781250e-01,7.326543331146240234e-01,1.800292171537876129e-02,3.591985404491424561e-01,6.438205838203430176e-01,-3.157474992576680961e-08,3.948581218719482422e-01,6.845453977584838867e-01,2.026427350938320160e-02,4.014014601707458496e-01,7.276890873908996582e-01,2.873762138187885284e-02,3.960997164249420166e-01,7.609565258026123047e-01,3.515261411666870117e-02,3.869869112968444824e-01,7.830646038055419922e-01,4.233880713582038879e-02,3.941668570041656494e-01,7.578893899917602539e-01,5.247083026915788651e-03,3.954758942127227783e-01,8.202853798866271973e-01,1.184825412929058075e-02,3.924257755279541016e-01,8.402326703071594238e-01,2.494458481669425964e-02,3.893518149852752686e-01,8.448856472969055176e-01,3.656636178493499756e-02,3.674179911613464355e-01,7.640102505683898926e-01,-1.587125938385725021e-03,3.671546578407287598e-01,8.301318883895874023e-01,3.134297206997871399e-03,3.644097447395324707e-01,8.449615240097045898e-01,1.606458611786365509e-02,3.615684509277343750e-01,8.437751531600952148e-01,2.836209535598754883e-02,3.419373929500579834e-01,7.594384551048278809e-01,-5.555468145757913589e-03,3.371143639087677002e-01,8.218943476676940918e-01,-5.473836790770292282e-04,3.355373442173004150e-01,8.359488844871520996e-01,1.283106487244367599e-02,3.359107077121734619e-01,8.360002636909484863e-01,2.446410618722438812e-02,3.199509680271148682e-01,7.449039816856384277e-01,-7.249155081808567047e-03,3.121639490127563477e-01,7.943338751792907715e-01,1.327150966972112656e-03,3.119936585426330566e-01,8.102231621742248535e-01,1.389663945883512497e-02,3.150460124015808105e-01,8.146437406539916992e-01,2.527621574699878693e-02
6.944931745529174805e-01,6.267312169075012207e-01,2.755601826720521785e-07,7.090446352958679199e-01,6.522506475448608398e-01,-2.009628340601921082e-02,7.224093079566955566e-01,6.833233237266540527e-01,-2.244359441101551056e-02,7.287963032722473145e-01,7.158394455909729004e-01,-2.135249599814414978e-02,7.305240035057067871e-01,7.428616285324096680e-01,-1.894593983888626099e-02,7.431769371032714844e-01,6.918784976005554199e-01,2.079160651192069054e-03,7.481319904327392578e-01,7.269234061241149902e-01,7.678970578126609325e-04,7.429168224334716797e-01,7.485933303833007812e-01,-3.992760088294744492e-03,7.356013655662536621e-01,7.641384601593017578e-01,-7.364670280367136002e-03,7.310399413108825684e-01,6.946281194686889648e-01,1.259870827198028564e-02,7.328006029129028320e-01,7.288026213645935059e-01,1.122483424842357635e-02,7.242289185523986816e-01,7.469086647033691406e-01,2.275144914165139198e-03,7.137862443923950195e-01,7.593975663185119629e-01,-4.465551581233739853e-03,7.186143398284912109e-01,6.947703957557678223e-01,2.047750726342201233e-02,7.187407612800598145e-01,7.232284545898437500e-01,1.739619858562946320e-02,7.130182981491088867e-01,7.396721839904785156e-01,5.782146006822586060e-03,7.036660313606262207e-01,7.478322386741638184e-01,-2.159510739147663116e-03,7.067087888717651367e-01,6.931251287460327148e-01,2.675066515803337097e-02,7.070431113243103027e-01,7.140784859657287598e-01,2.321842499077320099e-02,7.025714516639709473e-01,7.260988950729370117e-01,1.576290093362331390e-02,6.952118277549743652e-01,7.331787943840026855e-01,1.062763202935457230e-02,3.642092943191528320e-01,6.443936228752136230e-01,-8.732702561076166603e-09,3.972235918045043945e-01,6.856570839881896973e-01,2.258556522428989410e-02,4.019609689712524414e-01,7.291365861892700195e-01,3.127848356962203979e-02,3.957381546497344971e-01,7.611247897148132324e-01,3.749882802367210388e-02,3.861501514911651611e-01,7.819368243217468262e-01,4.480644315481185913e-02,3.957950770854949951e-01,7.628381252288818359e-01,4.472571425139904022e-03,3.931102156639099121e-01,8.247343897819519043e-01,1.020873151719570160e-02,3.858811855316162109e-01,8.424725532531738281e-01,2.471777051687240601e-02,3.800065517425537109e-01,8.418683409690856934e-01,3.814204409718513489e-02,3.694007098674774170e-01,7.674478292465209961e-01,-4.042656626552343369e-03,3.638553321361541748e-01,8.345806598663330078e-01,-1.103346701711416245e-03,3.570107519626617432e-01,8.482436537742614746e-01,1.398261729627847672e-02,3.524641692638397217e-01,8.429931998252868652e-01,2.914164215326309204e-02,3.447791039943695068e-01,7.607290744781494141e-01,-9.466693736612796783e-03,3.347828090190887451e-01,8.237988352775573730e-01,-6.075693760067224503e-03,3.300965726375579834e-01,8.369841575622558594e-01,1.067481096833944321e-02,3.285392522811889648e-01,8.343038558959960938e-01,2.594621106982231140e-02,3.233514428138732910e-01,7.434391379356384277e-01,-1.239631045609712601e-02,3.119764626026153564e-01,7.948815226554870605e-01,-4.313061013817787170e-03,3.093487024307250977e-01,8.083003163337707520e-01,1.099238079041242599e-02,3.104799091815948486e-01,8.082457184791564941e-01,2.543933503329753876e-02
6.944931745529174805e-01,6.267312169075012207e-01,2.755601826720521785e-07,7.090446352958679199e-01,6.522506475448608398e-01,-2.009628340601921082e-02,7.224093079566955566e-01,6.833233237266540527e-01,-2.244359441101551056e-02,7.287963032722473145e-01,7.158394455909729004e-01,-2.135249599814414978e-02,7.305240035057067871e-01,7.428616285324096680e-01,-1.894593983888626099e-02,7.431769371032714844e-01,6.918784976005554199e-01,2.079160651192069054e-03,7.481319904327392578e-01,7.269234061241149902e-01,7.678970578126609325e-04,7.429168224334716797e-01,7.485933303833007812e-01,-3.992760088294744492e-03,7.356013655662536621e-01,7.641384601593017578e-01,-7.364670280367136002e-03,7.310399413108825684e-01,6.946281194686889648e-01,1.259870827198028564e-02,7.328006029129028320e-01,7.288026213645935059e-01,1.122483424842357635e-02,7.242289185523986816e-01,7.469086647033691406e-01,2.275144914165139198e-03,7.137862443923950195e-01,7.593975663185119629e-01,-4.465551581233739853e-03,7.186143398284912109e-01,6.947703957557678223e-01,2.047750726342201233e-02,7.187407612800598145e-01,7.232284545898437500e-01,1.739619858562946320e-02,7.130182981491088867e-01,7.396721839904785156e-01,5.782146006822586060e-03,7.036660313606262207e-01,7.478322386741638184e-01,-2.159510739147663116e-03,7.067087888717651367e-01,6.931251287460327148e-01,2.675066515803337097e-02,7.070431113243103027e-01,7.140784859657287598e-01,2.321842499077320099e-02,7.025714516639709473e-01,7.260988950729370117e-01,1.576290093362331390e-02,6.952118277549743652e-01,7.331787943840026855e-01,1.062763202935457230e-02,3.642092943191528320e-01,6.443936228752136230e-01,-8.732702561076166603e-09,3.972235918045043945e-01,6.856570839881896973e-01,2.258556522428989410e-02,4.019609689712524414e-01,7.291365861892700195e-01,3.127848356962203979e-02,3.957381546497344971e-01,7.611247897148132324e-01,3.749882802367210388e-02,3.861501514911651611e-01,7.819368243217468262e-01,4.480644315481185913e-02,3.957950770854949951e-01,7.628381252288818359e-01,4.472571425139904022e-03,3.931102156639099121e-01,8.247343897819519043e-01,1.020873151719570160e-02,3.858811855316162109e-01,8.424725532531738281e-01,2.471777051687240601e-02,3.800065517425537109e-01,8.418683409690856934e-01,3.814204409718513489e-02,3.694007098674774170e-01,7.674478292465209961e-01,-4.042656626552343369e-03,3.638553321361541748e-01,8.345806598663330078e-01,-1.103346701711416245e-03,3.570107519626617432e-01,8.482436537742614746e-01,1.398261729627847672e-02,3.524641692638397217e-01,8.429931998252868652e-01,2.914164215326309204e-02,3.447791039943695068e-01,7.607290744781494141e-01,-9.466693736612796783e-03,3.347828090190887451e-01,8.237988352775573730e-01,-6.075693760067224503e-03,3.300965726375579834e-01,8.369841575622558594e-01,1.067481096833944321e-02,3.285392522811889648e-01,8.343038558959960938e-01,2.594621106982231140e-02,3.233514428138732910e-01,7.434391379356384277e-01,-1.239631045609712601e-02,3.119764626026153564e-01,7.948815226554870605e-01,-4.313061013817787170e-03,3.093487024307250977e-01,8.083003163337707520e-01,1.099238079041242599e-02,3.104799091815948486e-01,8.082457184791564941e-01,2.543933503329753876e-02
6.974911093711853027e-01,6.255282759666442871e-01,2.572012647306110011e-07,7.144273519515991211e-01,6.516986489295959473e-01,-1.888561435043811798e-02,7.281089425086975098e-01,6.815266013145446777e-01,-2.031523734331130981e-02,7.342858314514160156e-01,7.122251987457275391e-01,-1.857046037912368774e-02,7.341848015785217285e-01,7.368730902671813965e-01,-1.553479302674531937e-02,7.480284571647644043e-01,6.885214447975158691e-01,4.825621843338012695e-03,7.534016966819763184e-01,7.222579121589660645e-01,4.874790087342262268e-03,7.477916479110717773e-01,7.425761222839355469e-01,6.367149180732667446e-04,7.404751777648925781e-01,7.568904757499694824e-01,-2.621963853016495705e-03,7.350233793258666992e-01,6.917652487754821777e-01,1.501126773655414581e-02,7.369279265403747559e-01,7.252717614173889160e-01,1.492804195731878281e-02,7.284554839134216309e-01,7.433413863182067871e-01,5.801370367407798767e-03,7.185442447662353516e-01,7.557576298713684082e-01,-1.413862803019583225e-03,7.222203016281127930e-01,6.926033496856689453e-01,2.259439975023269653e-02,7.222815752029418945e-01,7.201533913612365723e-01,2.034984529018402100e-02,7.170528173446655273e-01,7.361760735511779785e-01,7.735271006822586060e-03,7.078970074653625488e-01,7.432794570922851562e-01,-1.116822124458849430e-03,7.100387215614318848e-01,6.922316551208496094e-01,2.867404930293560028e-02,7.101360559463500977e-01,7.117827534675598145e-01,2.583998627960681915e-02,7.064405679702758789e-01,7.231589555740356445e-01,1.773686148226261139e-02,6.994044184684753418e-01,7.293763160705566406e-01,1.182586699724197388e-02,3.663544654846191406e-01,6.426303386688232422e-01,-2.393338327522087638e-08,3.979876637458801270e-01,6.871296167373657227e-01,2.450677193701267242e-02,4.007845520973205566e-01,7.317554354667663574e-01,3.318762034177780151e-02,3.942475914955139160e-01,7.635906338691711426e-01,3.883615136146545410e-02,3.831394314765930176e-01,7.849753499031066895e-01,4.552809521555900574e-02,3.975859582424163818e-01,7.647263407707214355e-01,5.959348287433385849e-03,3.933603763580322266e-01,8.277700543403625488e-01,1.181383151561021805e-02,3.842156529426574707e-01,8.448228836059570312e-01,2.611529640853404999e-02,3.768926262855529785e-01,8.432335853576660156e-01,3.923221305012702942e-02,3.717195391654968262e-01,7.691420316696166992e-01,-3.795498982071876526e-03,3.641484081745147705e-01,8.358171582221984863e-01,1.486058067712292541e-06,3.551860749721527100e-01,8.476587533950805664e-01,1.474698539823293686e-02,3.497203290462493896e-01,8.408296704292297363e-01,2.901375293731689453e-02,3.473716676235198975e-01,7.621185779571533203e-01,-1.032453402876853943e-02,3.346814811229705811e-01,8.253968954086303711e-01,-5.621814168989658356e-03,3.275314867496490479e-01,8.371270298957824707e-01,1.098435558378696442e-02,3.249086737632751465e-01,8.333433866500854492e-01,2.527625299990177155e-02,3.260194361209869385e-01,7.443423271179199219e-01,-1.426634564995765686e-02,3.125102221965789795e-01,7.947602272033691406e-01,-5.333438515663146973e-03,3.075934052467346191e-01,8.080845475196838379e-01,9.699861519038677216e-03,3.076352477073669434e-01,8.082937002182006836e-01,2.339451760053634644e-02
7.015268802642822266e-01,6.217992305755615234e-01,2.413059974060161039e-07,7.200198769569396973e-01,6.457389593124389648e-01,-1.742841489613056183e-02,7.362992763519287109e-01,6.755253076553344727e-01,-1.837390661239624023e-02,7.438355684280395508e-01,7.075706124305725098e-01,-1.649828255176544189e-02,7.463076114654541016e-01,7.341203689575195312e-01,-1.331855170428752899e-02,7.541037201881408691e-01,6.803629398345947266e-01,4.881392698734998703e-03,7.608207464218139648e-01,7.149621844291687012e-01,4.510123282670974731e-03,7.570486068725585938e-01,7.360907793045043945e-01,8.377316407859325409e-04,7.512650489807128906e-01,7.521087527275085449e-01,-1.976041588932275772e-03,7.416687607765197754e-01,6.845030784606933594e-01,1.385191641747951508e-02,7.445008754730224609e-01,7.183069586753845215e-01,1.298304926604032516e-02,7.368874549865722656e-01,7.363611459732055664e-01,4.976466298103332520e-03,7.275180816650390625e-01,7.495391964912414551e-01,-1.146011287346482277e-03,7.285835146903991699e-01,6.861795783042907715e-01,2.024208009243011475e-02,7.296776771545410156e-01,7.151207327842712402e-01,1.717422530055046082e-02,7.251715064048767090e-01,7.319387793540954590e-01,5.882916040718555450e-03,7.170198559761047363e-01,7.416816353797912598e-01,-1.838153577409684658e-03,7.157618403434753418e-01,6.865640878677368164e-01,2.523522637784481049e-02,7.169989943504333496e-01,7.084445953369140625e-01,2.161689288914203644e-02,7.139624953269958496e-01,7.211086153984069824e-01,1.415418274700641632e-02,7.078117728233337402e-01,7.297161221504211426e-01,8.928607217967510223e-03,3.730591237545013428e-01,6.396937966346740723e-01,-4.790107865915160801e-09,4.026212692260742188e-01,6.841205358505249023e-01,2.589344605803489685e-02,4.039501249790191650e-01,7.282238602638244629e-01,3.685740381479263306e-02,3.978817462921142578e-01,7.606476545333862305e-01,4.439381882548332214e-02,3.870857357978820801e-01,7.822720408439636230e-01,5.297436565160751343e-02,4.027770161628723145e-01,7.672642469406127930e-01,1.281607337296009064e-02,3.958436250686645508e-01,8.261480927467346191e-01,1.998256519436836243e-02,3.848912417888641357e-01,8.436777591705322266e-01,3.408921509981155396e-02,3.756727278232574463e-01,8.452968001365661621e-01,4.684584587812423706e-02,3.775691986083984375e-01,7.710360884666442871e-01,2.838116837665438652e-03,3.657553493976593018e-01,8.338606953620910645e-01,8.020135574042797089e-03,3.540955781936645508e-01,8.468446731567382812e-01,2.267204783856868744e-02,3.469891846179962158e-01,8.411158323287963867e-01,3.707936406135559082e-02,3.532613217830657959e-01,7.625226974487304688e-01,-4.282054491341114044e-03,3.373909294605255127e-01,8.225926160812377930e-01,8.146846084855496883e-04,3.272885680198669434e-01,8.362243771553039551e-01,1.692414842545986176e-02,3.225072324275970459e-01,8.339787125587463379e-01,3.126103430986404419e-02,3.318662941455841064e-01,7.433588504791259766e-01,-8.816912770271301270e-03,3.167349696159362793e-01,7.912374138832092285e-01,-5.350956926122307777e-04,3.090438842773437500e-01,8.062304258346557617e-01,1.346836891025304794e-02,3.060513734817504883e-01,8.085634708404541016e-01,2.694370225071907043e-02
7.031438350677490234e-01,6.211817860603332520e-01,2.305988289208471542e-07,7.211197614669799805e-01,6.445738673210144043e-01,-1.745654083788394928e-02,7.381212115287780762e-01,6.733942031860351562e-01,-1.844752579927444458e-02,7.473230361938476562e-01,7.022764086723327637e-01,-1.670267805457115173e-02,7.522085905075073242e-01,7.266908288002014160e-01,-1.375126093626022339e-02,7.557447552680969238e-01,6.783778071403503418e-01,4.278755281120538712e-03,7.638216614723205566e-01,7.113556265830993652e-01,3.692231141030788422e-03,7.605459690093994141e-01,7.314965724945068359e-01,-3.683417453430593014e-04,7.549630403518676758e-01,7.470672130584716797e-01,-3.547225845977663994e-03,7.434220314025878906e-01,6.832559108734130859e-01,1.300679333508014679e-02,7.481942772865295410e-01,7.163822650909423828e-01,1.179086882621049881e-02,7.412363886833190918e-01,7.347095608711242676e-01,2.630805596709251404e-03,7.323256134986877441e-01,7.477985620498657227e-01,-4.477757029235363007e-03,7.303810715675354004e-01,6.852439045906066895e-01,1.930962502956390381e-02,7.321600914001464844e-01,7.137540578842163086e-01,1.560644246637821198e-02,7.272522449493408203e-01,7.299581766128540039e-01,2.991275629028677940e-03,7.182719707489013672e-01,7.373309731483459473e-01,-5.653927568346261978e-03,7.175493240356445312e-01,6.852139830589294434e-01,2.429374121129512787e-02,7.186198830604553223e-01,7.056897282600402832e-01,1.987097412347793579e-02,7.149278521537780762e-01,7.173158526420593262e-01,1.146633084863424301e-02,7.077796459197998047e-01,7.239942550659179688e-01,5.539115052670240402e-03,3.791092336177825928e-01,6.436302065849304199e-01,7.734028528716407891e-09,4.065558016300201416e-01,6.919001340866088867e-01,2.395943552255630493e-02,4.073119759559631348e-01,7.367605566978454590e-01,3.253661096096038818e-02,3.998622894287109375e-01,7.678468823432922363e-01,3.769466653466224670e-02,3.867893517017364502e-01,7.885590791702270508e-01,4.388233274221420288e-02,4.065595567226409912e-01,7.716046571731567383e-01,7.612088229507207870e-03,3.963038921356201172e-01,8.311273455619812012e-01,1.175306271761655807e-02,3.820072114467620850e-01,8.433993458747863770e-01,2.385800518095493317e-02,3.723381459712982178e-01,8.391622304916381836e-01,3.548407182097434998e-02,3.821505606174468994e-01,7.734839320182800293e-01,-2.870497526600956917e-03,3.665266633033752441e-01,8.366966247558593750e-01,-5.608019273495301604e-05,3.525674939155578613e-01,8.464190959930419922e-01,1.284149754792451859e-02,3.455949425697326660e-01,8.376768231391906738e-01,2.590350061655044556e-02,3.582094013690948486e-01,7.636118531227111816e-01,-1.048548612743616104e-02,3.390183448791503906e-01,8.224115967750549316e-01,-7.385955192148685455e-03,3.269298970699310303e-01,8.357369899749755859e-01,7.321076001971960068e-03,3.218697607517242432e-01,8.332318067550659180e-01,2.073143050074577332e-02,3.366690278053283691e-01,7.434737682342529297e-01,-1.560231205075979233e-02,3.194759786128997803e-01,7.911803126335144043e-01,-8.378000929951667786e-03,3.105460703372955322e-01,8.056863546371459961e-01,5.569064058363437653e-03,3.075278997421264648e-01,8.078589439392089844e-01,1.893672719597816467e-02
7.041618227958679199e-01,6.208859682083129883e-01,2.232538491853119922e-07,7.235742211341857910e-01,6.444441676139831543e-01,-1.602841913700103760e-02,7.403675317764282227e-01,6.718851923942565918e-01,-1.680339314043521881e-02,7.486912608146667480e-01,6.996121406555175781e-01,-1.512165833264589310e-02,7.529739737510681152e-01,7.234783768653869629e-01,-1.222806517034769058e-02,7.568805813789367676e-01,6.778048276901245117e-01,5.441091023385524750e-03,7.649493217468261719e-01,7.093400359153747559e-01,5.287299398332834244e-03,7.623472213745117188e-01,7.293649911880493164e-01,1.473247772082686424e-03,7.572418451309204102e-01,7.449522614479064941e-01,-1.561481854878365993e-03,7.442421317100524902e-01,6.826157569885253906e-01,1.350075099617242813e-02,7.492546439170837402e-01,7.154238224029541016e-01,1.293752714991569519e-02,7.428907155990600586e-01,7.330535054206848145e-01,4.419459030032157898e-03,7.346749901771545410e-01,7.457828521728515625e-01,-2.263161353766918182e-03,7.308565974235534668e-01,6.848332881927490234e-01,1.922845095396041870e-02,7.330564856529235840e-01,7.132955789566040039e-01,1.653653383255004883e-02,7.286087274551391602e-01,7.292103767395019531e-01,4.965618718415498734e-03,7.205693125724792480e-01,7.373263835906982422e-01,-3.117692423984408379e-03,7.176539897918701172e-01,6.850602030754089355e-01,2.368815243244171143e-02,7.193030714988708496e-01,7.069740891456604004e-01,2.070180512964725494e-02,7.165830135345458984e-01,7.195084095001220703e-01,1.335089467465877533e-02,7.106353044509887695e-01,7.277819514274597168e-01,7.949966005980968475e-03,3.827409148216247559e-01,6.420557498931884766e-01,1.804125382420807000e-08,4.092751741409301758e-01,6.921044588088989258e-01,2.301079593598842621e-02,4.094460606575012207e-01,7.383303046226501465e-01,3.102522343397140503e-02,4.010429382324218750e-01,7.699825167655944824e-01,3.540440648794174194e-02,3.866859972476959229e-01,7.903531789779663086e-01,4.056378826498985291e-02,4.093456566333770752e-01,7.725769877433776855e-01,8.339525200426578522e-03,3.970571160316467285e-01,8.315119743347167969e-01,1.254008617252111435e-02,3.818729221820831299e-01,8.434309363365173340e-01,2.353678643703460693e-02,3.716908097267150879e-01,8.397580385208129883e-01,3.400814533233642578e-02,3.852261304855346680e-01,7.739922404289245605e-01,-2.167651196941733360e-03,3.680899441242218018e-01,8.349862694740295410e-01,2.444514073431491852e-03,3.527717590332031250e-01,8.458316326141357422e-01,1.388485264033079147e-02,3.444641828536987305e-01,8.386174440383911133e-01,2.486831508576869965e-02,3.612166941165924072e-01,7.639502286911010742e-01,-9.992992505431175232e-03,3.414768278598785400e-01,8.209854960441589355e-01,-5.431469529867172241e-03,3.277516067028045654e-01,8.349626064300537109e-01,6.939317099750041962e-03,3.210241198539733887e-01,8.333403468132019043e-01,1.762256212532520294e-02,3.392870128154754639e-01,7.448381781578063965e-01,-1.551479566842317581e-02,3.211689293384552002e-01,7.911149263381958008e-01,-8.276131935417652130e-03,3.106866776943206787e-01,8.051604628562927246e-01,3.867436433210968971e-03,3.059842288494110107e-01,8.075346350669860840e-01,1.528732758015394211e-02
7.044170498847961426e-01,6.209838986396789551e-01,2.265888241481661680e-07,7.233598232269287109e-01,6.445646882057189941e-01,-1.628558337688446045e-02,7.402610778808593750e-01,6.717957854270935059e-01,-1.722202263772487640e-02,7.487426996231079102e-01,6.992076039314270020e-01,-1.565639860928058624e-02,7.534234523773193359e-01,7.231342792510986328e-01,-1.286852918565273285e-02,7.568598389625549316e-01,6.777675151824951172e-01,5.055726040154695511e-03,7.649380564689636230e-01,7.095267772674560547e-01,4.790790379047393799e-03,7.623041868209838867e-01,7.296164035797119141e-01,9.706167620606720448e-04,7.570646405220031738e-01,7.450940608978271484e-01,-2.006098395213484764e-03,7.444264888763427734e-01,6.824036240577697754e-01,1.321683079004287720e-02,7.492749691009521484e-01,7.156982421875000000e-01,1.252117566764354706e-02,7.427839636802673340e-01,7.331878542900085449e-01,4.037705250084400177e-03,7.342888116836547852e-01,7.453210353851318359e-01,-2.510359743610024452e-03,7.310530543327331543e-01,6.845485568046569824e-01,1.903875358402729034e-02,7.330498695373535156e-01,7.135303020477294922e-01,1.613878458738327026e-02,7.281942367553710938e-01,7.292217612266540527e-01,4.573940765112638474e-03,7.198899388313293457e-01,7.368469834327697754e-01,-3.368114819750189781e-03,7.178454399108886719e-01,6.847360134124755859e-01,2.359784208238124847e-02,7.192770242691040039e-01,7.071299552917480469e-01,2.033626474440097809e-02,7.162365913391113281e-01,7.194581627845764160e-01,1.294021122157573700e-02,7.100435495376586914e-01,7.272047996520996094e-01,7.629378233104944229e-03,3.826534748077392578e-01,6.430929899215698242e-01,2.256358833108151885e-08,4.090489447116851807e-01,6.928305029869079590e-01,2.142765000462532043e-02,4.093571305274963379e-01,7.400121688842773438e-01,2.821669541299343109e-02,4.002768397331237793e-01,7.723261713981628418e-01,3.157973289489746094e-02,3.852000236511230469e-01,7.925391197204589844e-01,3.572344407439231873e-02,4.086643457412719727e-01,7.730103731155395508e-01,5.689479410648345947e-03,3.964116871356964111e-01,8.331149816513061523e-01,8.722133003175258636e-03,3.809007406234741211e-01,8.429443240165710449e-01,1.833437010645866394e-02,3.713990449905395508e-01,8.380147814750671387e-01,2.755443193018436432e-02,3.849099278450012207e-01,7.740964889526367188e-01,-4.847986157983541489e-03,3.670604228973388672e-01,8.362099528312683105e-01,-1.546815154142677784e-03,3.512344658374786377e-01,8.457006812095642090e-01,8.149883709847927094e-03,3.431916236877441406e-01,8.384836316108703613e-01,1.743866503238677979e-02,3.614277243614196777e-01,7.639139890670776367e-01,-1.268452499061822891e-02,3.415070474147796631e-01,8.214172124862670898e-01,-8.584592491388320923e-03,3.278641104698181152e-01,8.338857889175415039e-01,2.769133774563670158e-03,3.212971389293670654e-01,8.321605920791625977e-01,1.215867698192596436e-02,3.396605551242828369e-01,7.446607947349548340e-01,-1.840371824800968170e-02,3.215755820274353027e-01,7.910470962524414062e-01,-1.104649901390075684e-02,3.111782670021057129e-01,8.042429089546203613e-01,9.073290857486426830e-04,3.065453469753265381e-01,8.066508769989013672e-01,1.155851222574710846e-02
7.044170498847961426e-01,6.209838986396789551e-01,2.265888241481661680e-07,7.233598232269287109e-01,6.445646882057189941e-01,-1.628558337688446045e-02,7.402610778808593750e-01,6.717957854270935059e-01,-1.722202263772487640e-02,7.487426996231079102e-01,6.992076039314270020e-01,-1.565639860928058624e-02,7.534234523773193359e-01,7.231342792510986328e-01,-1.286852918565273285e-02,7.568598389625549316e-01,6.777675151824951172e-01,5.055726040154695511e-03,7.649380564689636230e-01,7.095267772674560547e-01,4.790790379047393799e-03,7.623041868209838867e-01,7.296164035797119141e-01,9.706167620606720448e-04,7.570646405220031738e-01,7.450940608978271484e-01,-2.006098395213484764e-03,7.444264888763427734e-01,6.824036240577697754e-01,1.321683079004287720e-02,7.492749691009521484e-01,7.156982421875000000e-01,1.252117566764354706e-02,7.427839636802673340e-01,7.331878542900085449e-01,4.037705250084400177e-03,7.342888116836547852e-01,7.453210353851318359e-01,-2.510359743610024452e-03,7.310530543327331543e-01,6.845485568046569824e-01,1.903875358402729034e-02,7.330498695373535156e-01,7.135303020477294922e-01,1.613878458738327026e-02,7.281942367553710938e-01,7.292217612266540527e-01,4.573940765112638474e-03,7.198899388313293457e-01,7.368469834327697754e-01,-3.368114819750189781e-03,7.178454399108886719e-01,6.847360134124755859e-01,2.359784208238124847e-02,7.192770242691040039e-01,7.071299552917480469e-01,2.033626474440097809e-02,7.162365913391113281e-01,7.194581627845764160e-01,1.294021122157573700e-02,7.100435495376586914e-01,7.272047996520996094e-01,7.629378233104944229e-03,3.826534748077392578e-01,6.430929899215698242e-01,2.256358833108151885e-08,4.090489447116851807e-01,6.928305029869079590e-01,2.142765000462532043e-02,4.093571305274963379e-01,7.400121688842773438e-01,2.821669541299343109e-02,4.002768397331237793e-01,7.723261713981628418e-01,3.157973289489746094e-02,3.852000236511230469e-01,7.925391197204589844e-01,3.572344407439231873e-02,4.086643457412719727e-01,7.730103731155395508e-01,5.689479410648345947e-03,3.964116871356964111e-01,8.331149816513061523e-01,8.722133003175258636e-03,3.809007406234741211e-01,8.429443240165710449e-01,1.833437010645866394e-02,3.713990449905395508e-01,8.380147814750671387e-01,2.755443193018436432e-02,3.849099278450012207e-01,7.740964889526367188e-01,-4.847986157983541489e-03,3.670604228973388672e-01,8.362099528312683105e-01,-1.546815154142677784e-03,3.512344658374786377e-01,8.457006812095642090e-01,8.149883709847927094e-03,3.431916236877441406e-01,8.384836316108703613e-01,1.743866503238677979e-02,3.614277243614196777e-01,7.639139890670776367e-01,-1.268452499061822891e-02,3.415070474147796631e-01,8.214172124862670898e-01,-8.584592491388320923e-03,3.278641104698181152e-01,8.338857889175415039e-01,2.769133774563670158e-03,3.212971389293670654e-01,8.321605920791625977e-01,1.215867698192596436e-02,3.396605551242828369e-01,7.446607947349548340e-01,-1.840371824800968170e-02,3.215755820274353027e-01,7.910470962524414062e-01,-1.104649901390075684e-02,3.111782670021057129e-01,8.042429089546203613e-01,9.073290857486426830e-04,3.065453469753265381e-01,8.066508769989013672e-01,1.155851222574710846e-02
7.046340107917785645e-01,6.192977428436279297e-01,2.289279592559978482e-07,7.235964536666870117e-01,6.421871185302734375e-01,-1.587508246302604675e-02,7.406266331672668457e-01,6.701378226280212402e-01,-1.666710339486598969e-02,7.493650317192077637e-01,6.989072561264038086e-01,-1.497137174010276794e-02,7.542678713798522949e-01,7.235540151596069336e-01,-1.211111620068550110e-02,7.571852803230285645e-01,6.743928790092468262e-01,5.566781852394342422e-03,7.655163407325744629e-01,7.060580849647521973e-01,5.617698654532432556e-03,7.635164260864257812e-01,7.266532182693481445e-01,1.965750940144062042e-03,7.589593529701232910e-01,7.429209351539611816e-01,-9.424017625860869884e-04,7.445154190063476562e-01,6.799569129943847656e-01,1.371601875871419907e-02,7.498879432678222656e-01,7.128119468688964844e-01,1.339282933622598648e-02,7.437888383865356445e-01,7.308566570281982422e-01,5.021445453166961670e-03,7.354786992073059082e-01,7.442515492439270020e-01,-1.523063401691615582e-03,7.310711145401000977e-01,6.826641559600830078e-01,1.959916949272155762e-02,7.337369322776794434e-01,7.113044857978820801e-01,1.730817183852195740e-02,7.298558354377746582e-01,7.277709245681762695e-01,6.015614606440067291e-03,7.219909429550170898e-01,7.368342876434326172e-01,-1.938936882652342319e-03,7.177573442459106445e-01,6.831387281417846680e-01,2.424802258610725403e-02,7.196575999259948730e-01,7.050796747207641602e-01,2.167792059481143951e-02,7.174045443534851074e-01,7.184580564498901367e-01,1.461365167051553726e-02,7.120274305343627930e-01,7.280884385108947754e-01,9.403163567185401917e-03,3.860446810722351074e-01,6.429120898246765137e-01,1.981296193775961001e-08,4.114649295806884766e-01,6.936603784561157227e-01,2.045994624495506287e-02,4.113951623439788818e-01,7.410196661949157715e-01,2.670931071043014526e-02,4.017042219638824463e-01,7.734294533729553223e-01,2.953703142702579498e-02,3.862941861152648926e-01,7.936781644821166992e-01,3.310761973261833191e-02,4.125956296920776367e-01,7.736200690269470215e-01,5.178778897970914841e-03,3.976850509643554688e-01,8.346813917160034180e-01,7.681288756430149078e-03,3.805799782276153564e-01,8.405702114105224609e-01,1.644409261643886566e-02,3.710190951824188232e-01,8.326938152313232422e-01,2.507212013006210327e-02,3.885941505432128906e-01,7.744435667991638184e-01,-5.230391863733530045e-03,3.700799047946929932e-01,8.368863463401794434e-01,-1.296034432016313076e-03,3.534149229526519775e-01,8.450563549995422363e-01,7.451274432241916656e-03,3.449242115020751953e-01,8.368248939514160156e-01,1.561922207474708557e-02,3.645050227642059326e-01,7.641183137893676758e-01,-1.310963649302721024e-02,3.437427878379821777e-01,8.210181593894958496e-01,-8.505244739353656769e-03,3.285635113716125488e-01,8.339264988899230957e-01,9.966265643015503883e-04,3.213301002979278564e-01,8.329075574874877930e-01,8.598037995398044586e-03,3.424125313758850098e-01,7.449342608451843262e-01,-1.895625144243240356e-02,3.240141272544860840e-01,7.908197045326232910e-01,-1.181708555668592453e-02,3.124111592769622803e-01,8.051200509071350098e-01,-1.311454572714865208e-03,3.070150911808013916e-01,8.091726303100585938e-01,7.969592697918415070e-03
7.050055265426635742e-01,6.188827157020568848e-01,2.355277075594131020e-07,7.249224185943603516e-01,6.406410932540893555e-01,-1.507845055311918259e-02,7.424032688140869141e-01,6.677779555320739746e-01,-1.631327159702777863e-02,7.509702444076538086e-01,6.965668201446533203e-01,-1.546080969274044037e-02,7.555553913116455078e-01,7.211102247238159180e-01,-1.335176732391119003e-02,7.584255337715148926e-01,6.737889647483825684e-01,5.846600513905286789e-03,7.667115926742553711e-01,7.055478096008300781e-01,4.210192710161209106e-03,7.641791701316833496e-01,7.264618873596191406e-01,-5.248357192613184452e-04,7.588100433349609375e-01,7.429327964782714844e-01,-4.006325267255306244e-03,7.457054853439331055e-01,6.793733835220336914e-01,1.282053440809249878e-02,7.515612840652465820e-01,7.124770879745483398e-01,1.034368947148323059e-02,7.458446025848388672e-01,7.309072017669677734e-01,1.456147059798240662e-03,7.373295426368713379e-01,7.440946698188781738e-01,-4.897491540759801865e-03,7.321013808250427246e-01,6.821109652519226074e-01,1.742122694849967957e-02,7.353471517562866211e-01,7.109882235527038574e-01,1.365063712000846863e-02,7.320601940155029297e-01,7.277721166610717773e-01,2.866589929908514023e-03,7.248374819755554199e-01,7.370582222938537598e-01,-4.280365072190761566e-03,7.182291746139526367e-01,6.829317808151245117e-01,2.074837125837802887e-02,7.201253175735473633e-01,7.053764462471008301e-01,1.733398251235485077e-02,7.186117768287658691e-01,7.187386751174926758e-01,1.052149850875139236e-02,7.140522599220275879e-01,7.283279299736022949e-01,5.759960971772670746e-03,3.984980285167694092e-01,6.465112566947937012e-01,5.182878481946318061e-08,4.202667176723480225e-01,6.984323263168334961e-01,1.890637353062629700e-02,4.190781712532043457e-01,7.450919151306152344e-01,2.324663288891315460e-02,4.073424041271209717e-01,7.759886384010314941e-01,2.382580749690532684e-02,3.904709815979003906e-01,7.944045066833496094e-01,2.468739636242389679e-02,4.210815429687500000e-01,7.767174839973449707e-01,2.962540835142135620e-03,4.034131765365600586e-01,8.366599678993225098e-01,2.828246448189020157e-03,3.841938972473144531e-01,8.422020673751831055e-01,8.357246406376361847e-03,3.732916116714477539e-01,8.342185616493225098e-01,1.438529882580041885e-02,3.992472887039184570e-01,7.767480015754699707e-01,-8.083462715148925781e-03,3.777023851871490479e-01,8.401454687118530273e-01,-5.874481052160263062e-03,3.584222495555877686e-01,8.464248180389404297e-01,-1.643831783439964056e-04,3.479467332363128662e-01,8.365094065666198730e-01,5.127394571900367737e-03,3.763078153133392334e-01,7.667958736419677734e-01,-1.674329303205013275e-02,3.525205254554748535e-01,8.222763538360595703e-01,-1.287201233208179474e-02,3.353651463985443115e-01,8.325325846672058105e-01,-6.603218615055084229e-03,3.266810476779937744e-01,8.296939730644226074e-01,-2.148285973817110062e-03,3.544290661811828613e-01,7.486943006515502930e-01,-2.364431507885456085e-02,3.331570029258728027e-01,7.913481593132019043e-01,-1.774854026734828949e-02,3.195945918560028076e-01,8.049173355102539062e-01,-1.000305637717247009e-02,3.118143379688262939e-01,8.092641830444335938e-01,-3.437884384766221046e-03
7.050055265426635742e-01,6.188827157020568848e-01,2.355277075594131020e-07,7.249224185943603516e-01,6.406410932540893555e-01,-1.507845055311918259e-02,7.424032688140869141e-01,6.677779555320739746e-01,-1.631327159702777863e-02,7.509702444076538086e-01,6.965668201446533203e-01,-1.546080969274044037e-02,7.555553913116455078e-01,7.211102247238159180e-01,-1.335176732391119003e-02,7.584255337715148926e-01,6.737889647483825684e-01,5.846600513905286789e-03,7.667115926742553711e-01,7.055478096008300781e-01,4.210192710161209106e-03,7.641791701316833496e-01,7.264618873596191406e-01,-5.248357192613184452e-04,7.588100433349609375e-01,7.429327964782714844e-01,-4.006325267255306244e-03,7.457054853439331055e-01,6.793733835220336914e-01,1.282053440809249878e-02,7.515612840652465820e-01,7.124770879745483398e-01,1.034368947148323059e-02,7.458446025848388672e-01,7.309072017669677734e-01,1.456147059798240662e-03,7.373295426368713379e-01,7.440946698188781738e-01,-4.897491540759801865e-03,7.321013808250427246e-01,6.821109652519226074e-01,1.742122694849967957e-02,7.353471517562866211e-01,7.109882235527038574e-01,1.365063712000846863e-02,7.320601940155029297e-01,7.277721166610717773e-01,2.866589929908514023e-03,7.248374819755554199e-01,7.370582222938537598e-01,-4.280365072190761566e-03,7.182291746139526367e-01,6.829317808151245117e-01,2.074837125837802887e-02,7.201253175735473633e-01,7.053764462471008301e-01,1.733398251235485077e-02,7.186117768287658691e-01,7.187386751174926758e-01,1.052149850875139236e-02,7.140522599220275879e-01,7.283279299736022949e-01,5.759960971772670746e-03,3.984980285167694092e-01,6.465112566947937012e-01,5.182878481946318061e-08,4.202667176723480225e-01,6.984323263168334961e-01,1.890637353062629700e-02,4.190781712532043457e-01,7.450919151306152344e-01,2.324663288891315460e-02,4.073424041271209717e-01,7.759886384010314941e-01,2.382580749690532684e-02,3.904709815979003906e-01,7.944045066833496094e-01,2.468739636242389679e-02,4.210815429687500000e-01,7.767174839973449707e-01,2.962540835142135620e-03,4.034131765365600586e-01,8.366599678993225098e-01,2.828246448189020157e-03,3.841938972473144531e-01,8.422020673751831055e-01,8.357246406376361847e-03,3.732916116714477539e-01,8.342185616493225098e-01,1.438529882580041885e-02,3.992472887039184570e-01,7.767480015754699707e-01,-8.083462715148925781e-03,3.777023851871490479e-01,8.401454687118530273e-01,-5.874481052160263062e-03,3.584222495555877686e-01,8.464248180389404297e-01,-1.643831783439964056e-04,3.479467332363128662e-01,8.365094065666198730e-01,5.127394571900367737e-03,3.763078153133392334e-01,7.667958736419677734e-01,-1.674329303205013275e-02,3.525205254554748535e-01,8.222763538360595703e-01,-1.287201233208179474e-02,3.353651463985443115e-01,8.325325846672058105e-01,-6.603218615055084229e-03,3.266810476779937744e-01,8.296939730644226074e-01,-2.148285973817110062e-03,3.544290661811828613e-01,7.486943006515502930e-01,-2.364431507885456085e-02,3.331570029258728027e-01,7.913481593132019043e-01,-1.774854026734828949e-02,3.195945918560028076e-01,8.049173355102539062e-01,-1.000305637717247009e-02,3.118143379688262939e-01,8.092641830444335938e-01,-3.437884384766221046e-03
7.028777599334716797e-01,6.203525662422180176e-01,2.083302490518690320e-07,7.230436801910400391e-01,6.412994861602783203e-01,-1.547210849821567535e-02,7.413765192031860352e-01,6.685572862625122070e-01,-1.651684008538722992e-02,7.498662471771240234e-01,6.979359388351440430e-01,-1.541779004037380219e-02,7.541661262512207031e-01,7.226860523223876953e-01,-1.306300517171621323e-02,7.554833292961120605e-01,6.752007603645324707e-01,5.605921149253845215e-03,7.651515007019042969e-01,7.054046988487243652e-01,3.658340778201818466e-03,7.630144357681274414e-01,7.256580591201782227e-01,-8.786035468801856041e-04,7.580397725105285645e-01,7.412729859352111816e-01,-4.019629210233688354e-03,7.435055375099182129e-01,6.804871559143066406e-01,1.270401291549205780e-02,7.491555213928222656e-01,7.124866843223571777e-01,9.565901942551136017e-03,7.426444292068481445e-01,7.299507260322570801e-01,9.820583509281277657e-04,7.333905100822448730e-01,7.418163418769836426e-01,-4.763792268931865692e-03,7.304535508155822754e-01,6.830338835716247559e-01,1.730577647686004639e-02,7.331645488739013672e-01,7.110366225242614746e-01,1.241610292345285416e-02,7.293567657470703125e-01,7.266054153442382812e-01,1.609375351108610630e-03,7.215231060981750488e-01,7.352173924446105957e-01,-5.039358977228403091e-03,7.170902490615844727e-01,6.844314336776733398e-01,2.061913534998893738e-02,7.188159227371215820e-01,7.053439617156982422e-01,1.591433957219123840e-02,7.170382738113403320e-01,7.181985974311828613e-01,8.708484470844268799e-03,7.118135094642639160e-01,7.276912927627563477e-01,4.054683726280927658e-03,4.284543395042419434e-01,6.487296223640441895e-01,9.483692764433726552e-08,4.470720589160919189e-01,7.043358683586120605e-01,2.024422213435173035e-02,4.431598782539367676e-01,7.544507384300231934e-01,2.519800700247287750e-02,4.293023049831390381e-01,7.836815714836120605e-01,2.523258142173290253e-02,4.099861383438110352e-01,7.985212802886962891e-01,2.497406117618083954e-02,4.446442425251007080e-01,7.828761339187622070e-01,9.830060414969921112e-03,4.243379831314086914e-01,8.422077894210815430e-01,8.561648428440093994e-03,4.033733904361724854e-01,8.484553098678588867e-01,1.000093948096036911e-02,3.892465233802795410e-01,8.401709794998168945e-01,1.254077814519405365e-02,4.249813258647918701e-01,7.823873758316040039e-01,-2.901089843362569809e-03,3.986740112304687500e-01,8.447213768959045410e-01,-6.044209003448486328e-04,3.770734369754791260e-01,8.517824411392211914e-01,1.355025684460997581e-03,3.633809685707092285e-01,8.445352315902709961e-01,2.745612990111112595e-03,4.031440913677215576e-01,7.725557684898376465e-01,-1.377800479531288147e-02,3.753983080387115479e-01,8.302212953567504883e-01,-1.014331821352243423e-02,3.547935783863067627e-01,8.399291038513183594e-01,-7.952941581606864929e-03,3.425084352493286133e-01,8.376999497413635254e-01,-7.301460020244121552e-03,3.811049461364746094e-01,7.553348541259765625e-01,-2.304235287010669708e-02,3.565916717052459717e-01,7.974336743354797363e-01,-1.667391136288642883e-02,3.408899307250976562e-01,8.095772266387939453e-01,-1.080519612878561020e-02,3.311299979686737061e-01,8.131729364395141602e-01,-6.932411808520555496e-03
7.010235190391540527e-01,6.245358586311340332e-01,1.998063936525795725e-07,7.216955423355102539e-01,6.444783806800842285e-01,-1.390896085649728775e-02,7.382535338401794434e-01,6.707675457000732422e-01,-1.516187749803066254e-02,7.443540096282958984e-01,7.019385099411010742e-01,-1.494193077087402344e-02,7.464184761047363281e-01,7.281437516212463379e-01,-1.358000095933675766e-02,7.518438696861267090e-01,6.801400184631347656e-01,7.501380518078804016e-03,7.601051926612854004e-01,7.098568677902221680e-01,5.509541835635900497e-03,7.579072713851928711e-01,7.296411991119384766e-01,3.686956479214131832e-04,7.533095479011535645e-01,7.454009056091308594e-01,-3.522588172927498817e-03,7.391681075096130371e-01,6.846308112144470215e-01,1.291923504322767258e-02,7.438227534294128418e-01,7.154331803321838379e-01,9.691096842288970947e-03,7.377781867980957031e-01,7.326405644416809082e-01,2.975931856781244278e-04,7.300144433975219727e-01,7.457559108734130859e-01,-6.408237852156162262e-03,7.258684039115905762e-01,6.859080195426940918e-01,1.589655317366123199e-02,7.278392314910888672e-01,7.141782045364379883e-01,1.037108525633811951e-02,7.240101099014282227e-01,7.293546199798583984e-01,-5.615798290818929672e-04,7.166156768798828125e-01,7.381811738014221191e-01,-7.354776374995708466e-03,7.119814157485961914e-01,6.859020590782165527e-01,1.770719513297080994e-02,7.135527729988098145e-01,7.073446512222290039e-01,1.267376262694597244e-02,7.122154831886291504e-01,7.194768190383911133e-01,6.014972925186157227e-03,7.076936960220336914e-01,7.284532189369201660e-01,1.693979138508439064e-03,4.598878026008605957e-01,6.474496126174926758e-01,1.754760603489557980e-07,4.748922288417816162e-01,7.051535248756408691e-01,1.488243043422698975e-02,4.699285626411437988e-01,7.595901489257812500e-01,1.712518930435180664e-02,4.558994472026824951e-01,7.937846779823303223e-01,1.502334978431463242e-02,4.370622336864471436e-01,8.129482865333557129e-01,1.304763462394475937e-02,4.735736846923828125e-01,7.895014286041259766e-01,7.175052538514137268e-03,4.504073560237884521e-01,8.492181897163391113e-01,2.248542383313179016e-03,4.250990152359008789e-01,8.606958389282226562e-01,-3.598951443564146757e-04,4.054133594036102295e-01,8.578433394432067871e-01,-8.749906555749475956e-04,4.554693698883056641e-01,7.845939993858337402e-01,-4.517096094787120819e-03,4.274998903274536133e-01,8.431624174118041992e-01,-5.402809008955955505e-03,4.025284647941589355e-01,8.566402196884155273e-01,-6.225463934242725372e-03,3.840306997299194336e-01,8.563035726547241211e-01,-7.208772003650665283e-03,4.344179332256317139e-01,7.721469402313232422e-01,-1.529273297637701035e-02,4.072009921073913574e-01,8.279173374176025391e-01,-1.430185139179229736e-02,3.839418292045593262e-01,8.443781733512878418e-01,-1.358829345554113388e-02,3.669836819171905518e-01,8.488618731498718262e-01,-1.399928051978349686e-02,4.124524891376495361e-01,7.544526457786560059e-01,-2.519025653600692749e-02,3.903777301311492920e-01,7.995069026947021484e-01,-2.163400128483772278e-02,3.730171918869018555e-01,8.148553371429443359e-01,-1.731941290199756622e-02,3.593704700469970703e-01,8.210480213165283203e-01,-1.434660237282514572e-02
6.998905539512634277e-01,6.261350512504577637e-01,2.020673406377682113e-07,7.203229665756225586e-01,6.456719040870666504e-01,-1.228746771812438965e-02,7.371315360069274902e-01,6.703911423683166504e-01,-1.359030976891517639e-02,7.436511516571044922e-01,7.000226378440856934e-01,-1.368370465934276581e-02,7.458630204200744629e-01,7.244477272033691406e-01,-1.259850338101387024e-02,7.516946196556091309e-01,6.804076433181762695e-01,7.035726215690374374e-03,7.595911622047424316e-01,7.105843424797058105e-01,4.448695108294487000e-03,7.565746903419494629e-01,7.306056022644042969e-01,-8.466590661555528641e-04,7.511310577392578125e-01,7.459136247634887695e-01,-4.672065377235412598e-03,7.389751076698303223e-01,6.853703856468200684e-01,1.166230253875255585e-02,7.436994314193725586e-01,7.157897353172302246e-01,7.984587922692298889e-03,7.373037338256835938e-01,7.331867814064025879e-01,-9.156376472674310207e-04,7.292894721031188965e-01,7.457700967788696289e-01,-7.122893352061510086e-03,7.252332568168640137e-01,6.875885725021362305e-01,1.407077442854642868e-02,7.276647090911865234e-01,7.147560119628906250e-01,8.821811527013778687e-03,7.233371138572692871e-01,7.299797534942626953e-01,-1.034899614751338959e-03,7.158528566360473633e-01,7.378769516944885254e-01,-7.127810735255479813e-03,7.109150290489196777e-01,6.881308555603027344e-01,1.541058812290430069e-02,7.128417491912841797e-01,7.095615267753601074e-01,1.079231593757867813e-02,7.108789086341857910e-01,7.205685377120971680e-01,5.030992906540632248e-03,7.058982253074645996e-01,7.274777889251708984e-01,1.463094493374228477e-03,4.679619073867797852e-01,6.480447053909301758e-01,1.723159641642268980e-07,4.833773672580718994e-01,7.059827446937561035e-01,1.481224037706851959e-02,4.792088866233825684e-01,7.605688571929931641e-01,1.723763532936573029e-02,4.659420251846313477e-01,7.965900301933288574e-01,1.543631404638290405e-02,4.488924443721771240e-01,8.189674019813537598e-01,1.385286822915077209e-02,4.833015799522399902e-01,7.880068421363830566e-01,7.540074642747640610e-03,4.608897566795349121e-01,8.470967411994934082e-01,2.107956213876605034e-03,4.365158975124359131e-01,8.644474148750305176e-01,-9.478011634200811386e-04,4.169622361660003662e-01,8.667135834693908691e-01,-1.588915474712848663e-03,4.649260640144348145e-01,7.842585444450378418e-01,-3.923270851373672485e-03,4.387373626232147217e-01,8.468803763389587402e-01,-5.975596141070127487e-03,4.137778878211975098e-01,8.632430434226989746e-01,-7.524683140218257904e-03,3.947602510452270508e-01,8.634595274925231934e-01,-8.317403495311737061e-03,4.440983831882476807e-01,7.728400826454162598e-01,-1.433372683823108673e-02,4.183201789855957031e-01,8.303722739219665527e-01,-1.414107251912355423e-02,3.949787318706512451e-01,8.477621078491210938e-01,-1.354506146162748337e-02,3.774164617061614990e-01,8.512461185455322266e-01,-1.358444429934024811e-02,4.217550456523895264e-01,7.547386288642883301e-01,-2.383852936327457428e-02,3.998878896236419678e-01,8.001371622085571289e-01,-2.128803730010986328e-02,3.819596469402313232e-01,8.167194128036499023e-01,-1.733804680407047272e-02,3.673421442508697510e-01,8.229311704635620117e-01,-1.420462410897016525e-02
7.002991437911987305e-01,6.308489441871643066e-01,1.865089700459066080e-07,7.190195322036743164e-01,6.517702937126159668e-01,-1.155781280249357224e-02,7.319114804267883301e-01,6.792207956314086914e-01,-1.360117364674806595e-02,7.356953024864196777e-01,7.092721462249755859e-01,-1.447054743766784668e-02,7.356992363929748535e-01,7.327986359596252441e-01,-1.422602683305740356e-02,7.462996840476989746e-01,6.868355870246887207e-01,3.832190064713358879e-03,7.525823712348937988e-01,7.163550257682800293e-01,1.948857679963111877e-04,7.492104768753051758e-01,7.353623509407043457e-01,-4.890404175966978073e-03,7.435663342475891113e-01,7.496219277381896973e-01,-8.292821235954761505e-03,7.327293157577514648e-01,6.895607113838195801e-01,7.816119119524955750e-03,7.339643836021423340e-01,7.180921435356140137e-01,3.356432076543569565e-03,7.276918888092041016e-01,7.359222173690795898e-01,-4.385035019367933273e-03,7.198754549026489258e-01,7.494935989379882812e-01,-9.573016315698623657e-03,7.186149358749389648e-01,6.898522973060607910e-01,9.774558246135711670e-03,7.178426980972290039e-01,7.146185040473937988e-01,3.955773543566465378e-03,7.144706845283508301e-01,7.295858860015869141e-01,-4.081855062395334244e-03,7.090008854866027832e-01,7.395941615104675293e-01,-8.783086203038692474e-03,7.051711082458496094e-01,6.878849267959594727e-01,1.075406931340694427e-02,7.041630148887634277e-01,7.062029838562011719e-01,6.288327742367982864e-03,7.033174633979797363e-01,7.180648446083068848e-01,1.799969119019806385e-03,7.005156278610229492e-01,7.280474901199340820e-01,-7.857932941988110542e-04,4.942991137504577637e-01,6.491746902465820312e-01,2.167187318491414771e-07,5.102962851524353027e-01,7.047793269157409668e-01,1.331778429448604584e-02,5.063198804855346680e-01,7.619977593421936035e-01,1.472635660320520401e-02,4.925585687160491943e-01,8.000020384788513184e-01,1.211985200643539429e-02,4.747908413410186768e-01,8.228664398193359375e-01,9.681456722319126129e-03,5.133994817733764648e-01,7.889891266822814941e-01,4.733054433017969131e-03,4.930753409862518311e-01,8.511953353881835938e-01,-9.456173866055905819e-04,4.696169495582580566e-01,8.719657659530639648e-01,-3.863962134346365929e-03,4.499036371707916260e-01,8.780459165573120117e-01,-4.727121908217668533e-03,4.966435730457305908e-01,7.862511277198791504e-01,-6.802506279200315475e-03,4.702881276607513428e-01,8.521949052810668945e-01,-9.812470525503158569e-03,4.441337287425994873e-01,8.703551292419433594e-01,-1.161361858248710632e-02,4.236774742603302002e-01,8.724768757820129395e-01,-1.268090773373842239e-02,4.752919077873229980e-01,7.756791710853576660e-01,-1.740152202546596527e-02,4.493698775768280029e-01,8.373333811759948730e-01,-1.826813071966171265e-02,4.238265752792358398e-01,8.556153774261474609e-01,-1.868705637753009796e-02,4.040593504905700684e-01,8.608357310295104980e-01,-1.955264806747436523e-02,4.524159133434295654e-01,7.597035169601440430e-01,-2.718692086637020111e-02,4.311251044273376465e-01,8.061932325363159180e-01,-2.581785432994365692e-02,4.125340580940246582e-01,8.239593505859375000e-01,-2.327065728604793549e-02,3.970715403556823730e-01,8.321956396102905273e-01,-2.142482250928878784e-02
6.979210376739501953e-01,6.337701082229614258e-01,2.125636200389635633e-07,7.143523097038269043e-01,6.537616252899169922e-01,-1.093969959765672684e-02,7.273341417312622070e-01,6.782525777816772461e-01,-1.326983049511909485e-02,7.334133982658386230e-01,7.055988311767578125e-01,-1.407298725098371506e-02,7.363855838775634766e-01,7.274337410926818848e-01,-1.365731377154588699e-02,7.418408393859863281e-01,6.830523014068603516e-01,9.484220645390450954e-04,7.486088871955871582e-01,7.156160473823547363e-01,-2.283591311424970627e-03,7.461175322532653809e-01,7.351103425025939941e-01,-6.154616829007863998e-03,7.413432598114013672e-01,7.497212886810302734e-01,-8.526059798896312714e-03,7.303872108459472656e-01,6.864637732505798340e-01,5.522841122001409531e-03,7.303746938705444336e-01,7.177873253822326660e-01,2.491777529940009117e-03,7.242919206619262695e-01,7.363440990447998047e-01,-2.878927160054445267e-03,7.168865799903869629e-01,7.515245676040649414e-01,-6.647275295108556747e-03,7.180904746055603027e-01,6.880760192871093750e-01,8.363762870430946350e-03,7.165255546569824219e-01,7.134737968444824219e-01,4.483150783926248550e-03,7.130346298217773438e-01,7.299733757972717285e-01,-1.070800935849547386e-03,7.076607942581176758e-01,7.428035736083984375e-01,-4.574876278638839722e-03,7.064948678016662598e-01,6.877947449684143066e-01,1.027006935328245163e-02,7.054765820503234863e-01,7.063327431678771973e-01,7.388164289295673370e-03,7.037759423255920410e-01,7.175999283790588379e-01,4.606788512319326401e-03,7.004293799400329590e-01,7.270272970199584961e-01,3.072601044550538063e-03,5.123306512832641602e-01,6.524320840835571289e-01,2.548277961977873929e-07,5.320785641670227051e-01,7.074298262596130371e-01,1.124262716621160507e-02,5.300598144531250000e-01,7.660881280899047852e-01,1.135198585689067841e-02,5.160638093948364258e-01,8.062255382537841797e-01,7.964793592691421509e-03,4.982075393199920654e-01,8.313624262809753418e-01,4.573963116854429245e-03,5.361396670341491699e-01,7.925052046775817871e-01,-2.500628179404884577e-04,5.145981311798095703e-01,8.572372198104858398e-01,-7.492734119296073914e-03,4.901125133037567139e-01,8.799652457237243652e-01,-1.107173785567283630e-02,4.692933261394500732e-01,8.883020877838134766e-01,-1.227574329823255539e-02,5.190263986587524414e-01,7.883592247962951660e-01,-1.116853021085262299e-02,4.922815561294555664e-01,8.575043678283691406e-01,-1.608868129551410675e-02,4.659937024116516113e-01,8.786783814430236816e-01,-1.831816881895065308e-02,4.447077810764312744e-01,8.837752342224121094e-01,-1.938727125525474548e-02,4.973970055580139160e-01,7.764624357223510742e-01,-2.110590413212776184e-02,4.730103015899658203e-01,8.410364389419555664e-01,-2.416080795228481293e-02,4.477974176406860352e-01,8.629204034805297852e-01,-2.519566006958484650e-02,4.274894297122955322e-01,8.714001774787902832e-01,-2.602682635188102722e-02,4.743600189685821533e-01,7.599039077758789062e-01,-3.021673671901226044e-02,4.552927911281585693e-01,8.091583847999572754e-01,-3.108388558030128479e-02,4.373603463172912598e-01,8.284289836883544922e-01,-2.917788177728652954e-02,4.216687083244323730e-01,8.381692767143249512e-01,-2.740469388663768768e-02
6.999101638793945312e-01,6.376660466194152832e-01,2.091870783260674216e-07,7.157594561576843262e-01,6.542540192604064941e-01,-1.322412490844726562e-02,7.285361289978027344e-01,6.772747039794921875e-01,-1.610212214291095734e-02,7.342097759246826172e-01,7.042401432991027832e-01,-1.695111952722072601e-02,7.366423010826110840e-01,7.261003851890563965e-01,-1.659147627651691437e-02,7.426604628562927246e-01,6.861370205879211426e-01,-7.588917505927383900e-04,7.490490674972534180e-01,7.162311673164367676e-01,-4.344235640019178391e-03,7.464869618415832520e-01,7.350318431854248047e-01,-8.452429436147212982e-03,7.414874434471130371e-01,7.496175765991210938e-01,-1.110989972949028015e-02,7.312119603157043457e-01,6.910580396652221680e-01,4.839266184717416763e-03,7.303884029388427734e-01,7.200211286544799805e-01,9.893624810501933098e-04,7.239655256271362305e-01,7.375594377517700195e-01,-4.816873464733362198e-03,7.165554165840148926e-01,7.526893019676208496e-01,-8.845927193760871887e-03,7.192643284797668457e-01,6.933971643447875977e-01,8.503976278007030487e-03,7.175353169441223145e-01,7.163477540016174316e-01,3.174306359142065048e-03,7.139890789985656738e-01,7.317982912063598633e-01,-3.413115162402391434e-03,7.087110877037048340e-01,7.447012662887573242e-01,-7.411641068756580353e-03,7.081375718116760254e-01,6.935233473777770996e-01,1.112669426947832108e-02,7.071259617805480957e-01,7.104949951171875000e-01,6.534946616739034653e-03,7.048442363739013672e-01,7.212854623794555664e-01,2.551619429141283035e-03,7.010610699653625488e-01,7.313616871833801270e-01,3.284450503997504711e-04,5.121822953224182129e-01,6.505240201950073242e-01,1.983269868333081831e-07,5.316559672355651855e-01,7.057335376739501953e-01,1.191599294543266296e-02,5.302413105964660645e-01,7.656354904174804688e-01,1.220348663628101349e-02,5.173040628433227539e-01,8.052945137023925781e-01,8.638854138553142548e-03,4.991599619388580322e-01,8.307564854621887207e-01,5.215826444327831268e-03,5.365331768989562988e-01,7.916264533996582031e-01,1.505082473158836365e-03,5.136593580245971680e-01,8.577595949172973633e-01,-5.851717200130224228e-03,4.895823597908020020e-01,8.779062032699584961e-01,-1.003958843648433685e-02,4.705027043819427490e-01,8.826289772987365723e-01,-1.159870158880949020e-02,5.187067389488220215e-01,7.882652282714843750e-01,-9.705340489745140076e-03,4.907951951026916504e-01,8.574778437614440918e-01,-1.344911940395832062e-02,4.646037817001342773e-01,8.766412734985351562e-01,-1.580506190657615662e-02,4.441922008991241455e-01,8.811037540435791016e-01,-1.729642786085605621e-02,4.967823326587677002e-01,7.776817083358764648e-01,-1.994465291500091553e-02,4.718664586544036865e-01,8.429126739501953125e-01,-2.125569991767406464e-02,4.468017518520355225e-01,8.653436303138732910e-01,-2.175096236169338226e-02,4.265809059143066406e-01,8.752258419990539551e-01,-2.287907525897026062e-02,4.733197987079620361e-01,7.619340419769287109e-01,-2.939932979643344879e-02,4.539899528026580811e-01,8.110455870628356934e-01,-2.843478880822658539e-02,4.359300732612609863e-01,8.293052315711975098e-01,-2.511514350771903992e-02,4.202699661254882812e-01,8.383210897445678711e-01,-2.267409116029739380e-02
6.999101638793945312e-01,6.376660466194152832e-01,2.091870783260674216e-07,7.157594561576843262e-01,6.542540192604064941e-01,-1.322412490844726562e-02,7.285361289978027344e-01,6.772747039794921875e-01,-1.610212214291095734e-02,7.342097759246826172e-01,7.042401432991027832e-01,-1.695111952722072601e-02,7.366423010826110840e-01,7.261003851890563965e-01,-1.659147627651691437e-02,7.426604628562927246e-01,6.861370205879211426e-01,-7.588917505927383900e-04,7.490490674972534180e-01,7.162311673164367676e-01,-4.344235640019178391e-03,7.464869618415832520e-01,7.350318431854248047e-01,-8.452429436147212982e-03,7.414874434471130371e-01,7.496175765991210938e-01,-1.110989972949028015e-02,7.312119603157043457e-01,6.910580396652221680e-01,4.839266184717416763e-03,7.303884029388427734e-01,7.200211286544799805e-01,9.893624810501933098e-04,7.239655256271362305e-01,7.375594377517700195e-01,-4.816873464733362198e-03,7.165554165840148926e-01,7.526893019676208496e-01,-8.845927193760871887e-03,7.192643284797668457e-01,6.933971643447875977e-01,8.503976278007030487e-03,7.175353169441223145e-01,7.163477540016174316e-01,3.174306359142065048e-03,7.139890789985656738e-01,7.317982912063598633e-01,-3.413115162402391434e-03,7.087110877037048340e-01,7.447012662887573242e-01,-7.411641068756580353e-03,7.081375718116760254e-01,6.935233473777770996e-01,1.112669426947832108e-02,7.071259617805480957e-01,7.104949951171875000e-01,6.534946616739034653e-03,7.048442363739013672e-01,7.212854623794555664e-01,2.551619429141283035e-03,7.010610699653625488e-01,7.313616871833801270e-01,3.284450503997504711e-04,5.121822953224182129e-01,6.505240201950073242e-01,1.983269868333081831e-07,5.316559672355651855e-01,7.057335376739501953e-01,1.191599294543266296e-02,5.302413105964660645e-01,7.656354904174804688e-01,1.220348663628101349e-02,5.173040628433227539e-01,8.052945137023925781e-01,8.638854138553142548e-03,4.991599619388580322e-01,8.307564854621887207e-01,5.215826444327831268e-03,5.365331768989562988e-01,7.916264533996582031e-01,1.505082473158836365e-03,5.136593580245971680e-01,8.577595949172973633e-01,-5.851717200130224228e-03,4.895823597908020020e-01,8.779062032699584961e-01,-1.003958843648433685e-02,4.705027043819427490e-01,8.826289772987365723e-01,-1.159870158880949020e-02,5.187067389488220215e-01,7.882652282714843750e-01,-9.705340489745140076e-03,4.907951951026916504e-01,8.574778437614440918e-01,-1.344911940395832062e-02,4.646037817001342773e-01,8.766412734985351562e-01,-1.580506190657615662e-02,4.441922008991241455e-01,8.811037540435791016e-01,-1.729642786085605621e-02,4.967823326587677002e-01,7.776817083358764648e-01,-1.994465291500091553e-02,4.718664586544036865e-01,8.429126739501953125e-01,-2.125569991767406464e-02,4.468017518520355225e-01,8.653436303138732910e-01,-2.175096236169338226e-02,4.265809059143066406e-01,8.752258419990539551e-01,-2.287907525897026062e-02,4.733197987079620361e-01,7.619340419769287109e-01,-2.939932979643344879e-02,4.539899528026580811e-01,8.110455870628356934e-01,-2.843478880822658539e-02,4.359300732612609863e-01,8.293052315711975098e-01,-2.511514350771903992e-02,4.202699661254882812e-01,8.383210897445678711e-01,-2.267409116029739380e-02
6.956875920295715332e-01,6.311357617378234863e-01,2.211360339288148680e-07,7.042316198348999023e-01,6.626892089843750000e-01,-3.418540814891457558e-03,7.141892313957214355e-01,6.901770234107971191e-01,-5.429138429462909698e-03,7.187228798866271973e-01,7.149953246116638184e-01,-7.882406935095787048e-03,7.190534472465515137e-01,7.373082637786865234e-01,-9.721136651933193207e-03,7.340386509895324707e-01,6.810754537582397461e-01,2.857615472748875618e-03,7.382389307022094727e-01,7.165616750717163086e-01,-2.443388802930712700e-03,7.349550724029541016e-01,7.397531270980834961e-01,-7.626190781593322754e-03,7.307679653167724609e-01,7.567238807678222656e-01,-1.060538832098245621e-02,7.304060459136962891e-01,6.775281429290771484e-01,2.132358727976679802e-03,7.327638268470764160e-01,7.139258980751037598e-01,-1.490083406679332256e-03,7.297047376632690430e-01,7.371135950088500977e-01,-5.889955442398786545e-03,7.254310250282287598e-01,7.562865614891052246e-01,-9.061832912266254425e-03,7.234233617782592773e-01,6.749357581138610840e-01,2.649746893439441919e-04,7.249286174774169922e-01,7.076063156127929688e-01,-2.681947080418467522e-03,7.230731248855590820e-01,7.282676100730895996e-01,-4.759687930345535278e-03,7.196172475814819336e-01,7.442584633827209473e-01,-6.123400758951902390e-03,7.152020335197448730e-01,6.723864078521728516e-01,-2.236063126474618912e-03,7.176047563552856445e-01,6.970891356468200684e-01,-3.618205664679408073e-03,7.179180979728698730e-01,7.136374711990356445e-01,-3.619851777330040932e-03,7.169950604438781738e-01,7.267360091209411621e-01,-3.409493016079068184e-03,5.446126461029052734e-01,6.501150131225585938e-01,3.680458746657677693e-07,5.647405385971069336e-01,7.031987905502319336e-01,9.704664349555969238e-03,5.670309066772460938e-01,7.693991661071777344e-01,9.232681244611740112e-03,5.583796501159667969e-01,8.175057768821716309e-01,5.352910142391920090e-03,5.464424490928649902e-01,8.526411652565002441e-01,1.643483759835362434e-03,5.786311030387878418e-01,7.940122485160827637e-01,-1.346781034953892231e-03,5.605347156524658203e-01,8.646705150604248047e-01,-1.084266230463981628e-02,5.386441946029663086e-01,9.012196063995361328e-01,-1.553792878985404968e-02,5.186078548431396484e-01,9.217863082885742188e-01,-1.726444251835346222e-02,5.649559497833251953e-01,7.908992171287536621e-01,-1.277963258326053619e-02,5.448590517044067383e-01,8.668122291564941406e-01,-2.069890499114990234e-02,5.194173455238342285e-01,9.010561108589172363e-01,-2.438687346875667572e-02,4.960918128490447998e-01,9.178385734558105469e-01,-2.583803981542587280e-02,5.440568923950195312e-01,7.803286314010620117e-01,-2.349714934825897217e-02,5.246496796607971191e-01,8.485482931137084961e-01,-2.902610786259174347e-02,4.982937276363372803e-01,8.760913610458374023e-01,-3.049293719232082367e-02,4.754318594932556152e-01,8.888292908668518066e-01,-3.086634352803230286e-02,5.189456939697265625e-01,7.643985748291015625e-01,-3.364393487572669983e-02,5.015075206756591797e-01,8.149244785308837891e-01,-3.564240783452987671e-02,4.834654033184051514e-01,8.372616767883300781e-01,-3.396837413311004639e-02,4.672030508518218994e-01,8.493472337722778320e-01,-3.203814104199409485e-02
5.826289653778076172e-01,6.427739858627319336e-01,2.426254752663226100e-07,6.064954400062561035e-01,6.939287185668945312e-01,1.264133770018815994e-02,6.118890047073364258e-01,7.566974759101867676e-01,1.392836216837167740e-02,6.037453413009643555e-01,8.030550479888916016e-01,1.104915421456098557e-02,5.923647284507751465e-01,8.349604010581970215e-01,8.811958134174346924e-03,6.300384402275085449e-01,7.790556550025939941e-01,4.725554957985877991e-03,6.202636957168579102e-01,8.576159477233886719e-01,-1.627382123842835426e-03,5.969999432563781738e-01,8.815705776214599609e-01,-4.171323031187057495e-03,5.784137248992919922e-01,8.869329094886779785e-01,-4.107675980776548386e-03,6.157639026641845703e-01,7.822777032852172852e-01,-6.065343972295522690e-03,6.032204627990722656e-01,8.642480969429016113e-01,-8.949859999120235443e-03,5.785884857177734375e-01,8.866849541664123535e-01,-1.006350666284561157e-02,5.592356920242309570e-01,8.898131847381591797e-01,-1.026447862386703491e-02,5.943861007690429688e-01,7.790175080299377441e-01,-1.616476662456989288e-02,5.830808877944946289e-01,8.540875911712646484e-01,-1.621608622372150421e-02,5.588796138763427734e-01,8.774152398109436035e-01,-1.635506935417652130e-02,5.395961999893188477e-01,8.841125965118408203e-01,-1.708786003291606903e-02,5.701289176940917969e-01,7.714097499847412109e-01,-2.569368295371532440e-02,5.571213960647583008e-01,8.217871189117431641e-01,-2.478114515542984009e-02,5.412824749946594238e-01,8.436040282249450684e-01,-2.367018163204193115e-02,5.276283025741577148e-01,8.554363250732421875e-01,-2.271327376365661621e-02,-1.000000000000000000e+00,-1.000000000000000000e+00,-1.000000000000000000e+00,-1.000000000000000000e+00,-1.000000000000000000e+00,-1.000000000000000000e+00,-1.000000000000000000e+00,-1.000000000000000000e+00,-1.000000000000000000e+00,-1.000000000000000000e+00,-1.000000000000000000e+00,-1.000000000000000000e+00,-1.000000000000000000e+00,-1.000000000000000000e+00,-1.000000000000000000e+00,-1.000000000000000000e+00,-1.000000000000000000e+00,-1.000000000000000000e+00,-1.000000000000000000e+00,-1.000000000000000000e+00,-1.000000000000000000e+00,-1.000000000000000000e+00,-1.000000000000000000e+00,-1.000000000000000000e+00,-1.000000000000000000e+00,-1.000000000000000000e+00,-1.000000000000000000e+00,-1.000000000000000000e+00,-1.000000000000000000e+00,-1.000000000000000000e+00,-1.000000000000000000e+00,-1.000000000000000000e+00,-1.000000000000000000e+00,-1.000000000000000000e+00,-1.000000000000000000e+00,-1.000000000000000000e+00,-1.000000000000000000e+00,-1.000000000000000000e+00,-1.000000000000000000e+00,-1.000000000000000000e+00,-1.000000000000000000e+00,-1.000000000000000000e+00,-1.000000000000000000e+00,-1.000000000000000000e+00,-1.000000000000000000e+00,-1.000000000000000000e+00,-1.000000000000000000e+00,-1.000000000000000000e+00,-1.000000000000000000e+00,-1.000000000000000000e+00,-1.000000000000000000e+00,-1.000000000000000000e+00,-1.000000000000000000e+00,-1.000000000000000000e+00,-1.000000000000000000e+00,-1.000000000000000000e+00,-1.000000000000000000e+00,-1.000000000000000000e+00,-1.000000000000000000e+00,-1.000000000000000000e+00,-1.000000000000000000e+00,-1.000000000000000000e+00,-1.000000000000000000e+00
5.971723794937133789e-01,6.377153396606445312e-01,1.743297133316445979e-07,6.240312457084655762e-01,6.890118718147277832e-01,1.579255983233451843e-02,6.310533881187438965e-01,7.497151494026184082e-01,1.683591678738594055e-02,6.236809492111206055e-01,7.949206233024597168e-01,1.301961019635200500e-02,6.080983281135559082e-01,8.277754783630371094e-01,9.312706068158149719e-03,6.449719667434692383e-01,7.736994028091430664e-01,3.790742019191384315e-03,6.337860226631164551e-01,8.519103527069091797e-01,-3.502588486298918724e-03,6.112546920776367188e-01,8.774578571319580078e-01,-6.647959351539611816e-03,5.929924845695495605e-01,8.844766616821289062e-01,-7.050404325127601624e-03,6.284989118576049805e-01,7.778198122978210449e-01,-9.279170073568820953e-03,6.140056848526000977e-01,8.609694838523864746e-01,-1.231909263879060745e-02,5.893952846527099609e-01,8.823719024658203125e-01,-1.334777846932411194e-02,5.704538226127624512e-01,8.851550817489624023e-01,-1.386753842234611511e-02,6.056169271469116211e-01,7.754581570625305176e-01,-2.108003571629524231e-02,5.899137258529663086e-01,8.515050411224365234e-01,-2.159225381910800934e-02,5.661143660545349121e-01,8.740462064743041992e-01,-2.103188447654247284e-02,5.474569201469421387e-01,8.814898133277893066e-01,-2.164112031459808350e-02,5.791440606117248535e-01,7.673156261444091797e-01,-3.184656426310539246e-02,5.632845759391784668e-01,8.218673467636108398e-01,-3.061781451106071472e-02,5.454567074775695801e-01,8.430954217910766602e-01,-2.766880579292774200e-02,5.305799245834350586e-01,8.538213968276977539e-01,-2.561994828283786774e-02,-1.000000000000000000e+00,-1.000000000000000000e+00,-1.000000000000000000e+00,-1.000000000000000000e+00,-1.000000000000000000e+00,-1.000000000000000000e+00,-1.000000000000000000e+00,-1.000000000000000000e+00,-1.000000000000000000e+00,-1.000000000000000000e+00,-1.000000000000000000e+00,-1.000000000000000000e+00,-1.000000000000000000e+00,-1.000000000000000000e+00,-1.000000000000000000e+00,-1.000000000000000000e+00,-1.000000000000000000e+00,-1.000000000000000000e+00,-1.000000000000000000e+00,-1.000000000000000000e+00,-1.000000000000000000e+00,-1.000000000000000000e+00,-1.000000000000000000e+00,-1.000000000000000000e+00,-1.000000000000000000e+00,-1.000000000000000000e+00,-1.000000000000000000e+00,-1.000000000000000000e+00,-1.000000000000000000e+00,-1.000000000000000000e+00,-1.000000000000000000e+00,-1.000000000000000000e+00,-1.000000000000000000e+00,-1.000000000000000000e+00,-1.000000000000000000e+00,-1.000000000000000000e+00,-1.000000000000000000e+00,-1.000000000000000000e+00,-1.000000000000000000e+00,-1.000000000000000000e+00,-1.000000000000000000e+00,-1.000000000000000000e+00,-1.000000000000000000e+00,-1.000000000000000000e+00,-1.000000000000000000e+00,-1.000000000000000000e+00,-1.000000000000000000e+00,-1.000000000000000000e+00,-1.000000000000000000e+00,-1.000000000000000000e+00,-1.000000000000000000e+00,-1.000000000000000000e+00,-1.000000000000000000e+00,-1.000000000000000000e+00,-1.000000000000000000e+00,-1.000000000000000000e+00,-1.000000000000000000e+00,-1.000000000000000000e+00,-1.000000000000000000e+00,-1.000000000000000000e+00,-1.000000000000000000e+00,-1.000000000000000000e+00,-1.000000000000000000e+00
5.971723794937133789e-01,6.377153396606445312e-01,1.743297133316445979e-07,6.240312457084655762e-01,6.890118718147277832e-01,1.579255983233451843e-02,6.310533881187438965e-01,7.497151494026184082e-01,1.683591678738594055e-02,6.236809492111206055e-01,7.949206233024597168e-01,1.301961019635200500e-02,6.080983281135559082e-01,8.277754783630371094e-01,9.312706068158149719e-03,6.449719667434692383e-01,7.736994028091430664e-01,3.790742019191384315e-03,6.337860226631164551e-01,8.519103527069091797e-01,-3.502588486298918724e-03,6.112546920776367188e-01,8.774578571319580078e-01,-6.647959351539611816e-03,5.929924845695495605e-01,8.844766616821289062e-01,-7.050404325127601624e-03,6.284989118576049805e-01,7.778198122978210449e-01,-9.279170073568820953e-03,6.140056848526000977e-01,8.609694838523864746e-01,-1.231909263879060745e-02,5.893952846527099609e-01,8.823719024658203125e-01,-1.334777846932411194e-02,5.704538226127624512e-01,8.851550817489624023e-01,-1.386753842234611511e-02,6.056169271469116211e-01,7.754581570625305176e-01,-2.108003571629524231e-02,5.899137258529663086e-01,8.515050411224365234e-01,-2.159225381910800934e-02,5.661143660545349121e-01,8.740462064743041992e-01,-2.103188447654247284e-02,5.474569201469421387e-01,8.814898133277893066e-01,-2.164112031459808350e-02,5.791440606117248535e-01,7.673156261444091797e-01,-3.184656426310539246e-02,5.632845759391784668e-01,8.218673467636108398e-01,-3.061781451106071472e-02,5.454567074775695801e-01,8.430954217910766602e-01,-2.766880579292774200e-02,5.305799245834350586e-01,8.538213968276977539e-01,-2.561994828283786774e-02,-1.000000000000000000e+00,-1.000000000000000000e+00,-1.000000000000000000e+00,-1.000000000000000000e+00,-1.000000000000000000e+00,-1.000000000000000000e+00,-1.000000000000000000e+00,-1.000000000000000000e+00,-1.000000000000000000e+00,-1.000000000000000000e+00,-1.000000000000000000e+00,-1.000000000000000000e+00,-1.000000000000000000e+00,-1.000000000000000000e+00,-1.000000000000000000e+00,-1.000000000000000000e+00,-1.000000000000000000e+00,-1.000000000000000000e+00,-1.000000000000000000e+00,-1.000000000000000000e+00,-1.000000000000000000e+00,-1.000000000000000000e+00,-1.000000000000000000e+00,-1.000000000000000000e+00,-1.000000000000000000e+00,-1.000000000000000000e+00,-1.000000000000000000e+00,-1.000000000000000000e+00,-1.000000000000000000e+00,-1.000000000000000000e+00,-1.000000000000000000e+00,-1.000000000000000000e+00,-1.000000000000000000e+00,-1.000000000000000000e+00,-1.000000000000000000e+00,-1.000000000000000000e+00,-1.000000000000000000e+00,-1.000000000000000000e+00,-1.000000000000000000e+00,-1.000000000000000000e+00,-1.000000000000000000e+00,-1.000000000000000000e+00,-1.000000000000000000e+00,-1.000000000000000000e+00,-1.000000000000000000e+00,-1.000000000000000000e+00,-1.000000000000000000e+00,-1.000000000000000000e+00,-1.000000000000000000e+00,-1.000000000000000000e+00,-1.000000000000000000e+00,-1.000000000000000000e+00,-1.000000000000000000e+00,-1.000000000000000000e+00,-1.000000000000000000e+00,-1.000000000000000000e+00,-1.000000000000000000e+00,-1.000000000000000000e+00,-1.000000000000000000e+00,-1.000000000000000000e+00,-1.000000000000000000e+00,-1.000000000000000000e+00,-1.000000000000000000e+00
6.287281513214111328e-01,6.306966543197631836e-01,1.486810390360915335e-07,6.611271500587463379e-01,6.804926991462707520e-01,1.937599480152130127e-02,6.723923087120056152e-01,7.398467063903808594e-01,2.221090905368328094e-02,6.681864857673645020e-01,7.849920988082885742e-01,1.951919309794902802e-02,6.550061106681823730e-01,8.193464875221252441e-01,1.742124743759632111e-02,6.866229176521301270e-01,7.646340727806091309e-01,8.121657185256481171e-03,6.812314987182617188e-01,8.447045087814331055e-01,3.505863249301910400e-03,6.615473628044128418e-01,8.639785647392272949e-01,3.819677280262112617e-03,6.446548104286193848e-01,8.630916476249694824e-01,6.522075273096561432e-03,6.707653999328613281e-01,7.702661156654357910e-01,-5.649773869663476944e-03,6.614524126052856445e-01,8.544951081275939941e-01,-6.426683161407709122e-03,6.384535431861877441e-01,8.712497353553771973e-01,-4.177610389888286591e-03,6.199387311935424805e-01,8.668153882026672363e-01,-1.815892755985260010e-03,6.465771198272705078e-01,7.694483399391174316e-01,-1.805039122700691223e-02,6.355817914009094238e-01,8.500826358795166016e-01,-1.622431166470050812e-02,6.132085919380187988e-01,8.683167099952697754e-01,-1.233785971999168396e-02,5.955619812011718750e-01,8.666996359825134277e-01,-1.001875288784503937e-02,6.188379526138305664e-01,7.646449804306030273e-01,-2.925463393330574036e-02,6.052507758140563965e-01,8.265619277954101562e-01,-2.499560080468654633e-02,5.881228446960449219e-01,8.478039503097534180e-01,-1.979801431298255920e-02,5.746080279350280762e-01,8.547661304473876953e-01,-1.584977842867374420e-02,-1.000000000000000000e+00,-1.000000000000000000e+00,-1.000000000000000000e+00,-1.000000000000000000e+00,-1.000000000000000000e+00,-1.000000000000000000e+00,-1.000000000000000000e+00,-1.000000000000000000e+00,-1.000000000000000000e+00,-1.000000000000000000e+00,-1.000000000000000000e+00,-1.000000000000000000e+00,-1.000000000000000000e+00,-1.000000000000000000e+00,-1.000000000000000000e+00,-1.000000000000000000e+00,-1.000000000000000000e+00,-1.000000000000000000e+00,-1.000000000000000000e+00,-1.000000000000000000e+00,-1.000000000000000000e+00,-1.000000000000000000e+00,-1.000000000000000000e+00,-1.000000000000000000e+00,-1.000000000000000000e+00,-1.000000000000000000e+00,-1.000000000000000000e+00,-1.000000000000000000e+00,-1.000000000000000000e+00,-1.000000000000000000e+00,-1.000000000000000000e+00,-1.000000000000000000e+00,-1.000000000000000000e+00,-1.000000000000000000e+00,-1.000000000000000000e+00,-1.000000000000000000e+00,-1.000000000000000000e+00,-1.000000000000000000e+00,-1.000000000000000000e+00,-1.000000000000000000e+00,-1.000000000000000000e+00,-1.000000000000000000e+00,-1.000000000000000000e+00,-1.000000000000000000e+00,-1.000000000000000000e+00,-1.000000000000000000e+00,-1.000000000000000000e+00,-1.000000000000000000e+00,-1.000000000000000000e+00,-1.000000000000000000e+00,-1.000000000000000000e+00,-1.000000000000000000e+00,-1.000000000000000000e+00,-1.000000000000000000e+00,-1.000000000000000000e+00,-1.000000000000000000e+00,-1.000000000000000000e+00,-1.000000000000000000e+00,-1.000000000000000000e+00,-1.000000000000000000e+00,-1.000000000000000000e+00,-1.000000000000000000e+00,-1.000000000000000000e+00
6.550180912017822266e-01,6.269850134849548340e-01,1.721615063843273674e-07,6.853152513504028320e-01,6.742665767669677734e-01,2.283221296966075897e-02,6.981701850891113281e-01,7.320123314857482910e-01,2.598571404814720154e-02,6.981827020645141602e-01,7.763836979866027832e-01,2.260475605726242065e-02,6.884765028953552246e-01,8.108441233634948730e-01,1.890134997665882111e-02,7.171921730041503906e-01,7.590690851211547852e-01,1.064236555248498917e-02,7.130537629127502441e-01,8.357410430908203125e-01,6.002837326377630234e-03,6.912521719932556152e-01,8.621223568916320801e-01,4.878901876509189606e-03,6.698931455612182617e-01,8.696454167366027832e-01,5.764212924987077713e-03,7.045988440513610840e-01,7.644472122192382812e-01,-5.841706879436969757e-03,6.973241567611694336e-01,8.501383066177368164e-01,-7.682201918214559555e-03,6.716854572296142578e-01,8.740806579589843750e-01,-7.202483713626861572e-03,6.484167575836181641e-01,8.757830262184143066e-01,-6.389175076037645340e-03,6.824969649314880371e-01,7.639997005462646484e-01,-2.056095749139785767e-02,6.723633408546447754e-01,8.452515006065368652e-01,-2.013931795954704285e-02,6.454003453254699707e-01,8.688046932220458984e-01,-1.819924078881740570e-02,6.228954792022705078e-01,8.733025789260864258e-01,-1.757786422967910767e-02,6.552701592445373535e-01,7.597421407699584961e-01,-3.362405672669410706e-02,6.430352926254272461e-01,8.212302923202514648e-01,-3.013298660516738892e-02,6.239970326423645020e-01,8.449081778526306152e-01,-2.534388191998004913e-02,6.076157093048095703e-01,8.546847701072692871e-01,-2.216286584734916687e-02,-1.000000000000000000e+00,-1.000000000000000000e+00,-1.000000000000000000e+00,-1.000000000000000000e+00,-1.000000000000000000e+00,-1.000000000000000000e+00,-1.000000000000000000e+00,-1.000000000000000000e+00,-1.000000000000000000e+00,-1.000000000000000000e+00,-1.000000000000000000e+00,-1.000000000000000000e+00,-1.000000000000000000e+00,-1.000000000000000000e+00,-1.000000000000000000e+00,-1.000000000000000000e+00,-1.000000000000000000e+00,-1.000000000000000000e+00,-1.000000000000000000e+00,-1.000000000000000000e+00,-1.000000000000000000e+00,-1.000000000000000000e+00,-1.000000000000000000e+00,-1.000000000000000000e+00,-1.000000000000000000e+00,-1.000000000000000000e+00,-1.000000000000000000e+00,-1.000000000000000000e+00,-1.000000000000000000e+00,-1.000000000000000000e+00,-1.000000000000000000e+00,-1.000000000000000000e+00,-1.000000000000000000e+00,-1.000000000000000000e+00,-1.000000000000000000e+00,-1.000000000000000000e+00,-1.000000000000000000e+00,-1.000000000000000000e+00,-1.000000000000000000e+00,-1.000000000000000000e+00,-1.000000000000000000e+00,-1.000000000000000000e+00,-1.000000000000000000e+00,-1.000000000000000000e+00,-1.000000000000000000e+00,-1.000000000000000000e+00,-1.000000000000000000e+00,-1.000000000000000000e+00,-1.000000000000000000e+00,-1.000000000000000000e+00,-1.000000000000000000e+00,-1.000000000000000000e+00,-1.000000000000000000e+00,-1.000000000000000000e+00,-1.000000000000000000e+00,-1.000000000000000000e+00,-1.000000000000000000e+00,-1.000000000000000000e+00,-1.000000000000000000e+00,-1.000000000000000000e+00,-1.000000000000000000e+00,-1.000000000000000000e+00,-1.000000000000000000e+00
6.796886324882507324e-01,6.259936690330505371e-01,1.844707071541051846e-07,7.148050069808959961e-01,6.701254248619079590e-01,2.033877186477184296e-02,7.316822409629821777e-01,7.275796532630920410e-01,2.250802703201770782e-02,7.334122061729431152e-01,7.743021845817565918e-01,1.897828653454780579e-02,7.247588634490966797e-01,8.112230896949768066e-01,1.525634434074163437e-02,7.492905259132385254e-01,7.494451403617858887e-01,4.266187082976102829e-03,7.510979175567626953e-01,8.291808366775512695e-01,-1.825993880629539490e-03,7.297507524490356445e-01,8.569529652595520020e-01,-2.465902594849467278e-03,7.083669304847717285e-01,8.659551739692687988e-01,-7.780786254443228245e-04,7.344721555709838867e-01,7.564979195594787598e-01,-1.102857198566198349e-02,7.339624166488647461e-01,8.459011316299438477e-01,-1.469604391604661942e-02,7.090040445327758789e-01,8.709276318550109863e-01,-1.361571997404098511e-02,6.853639483451843262e-01,8.727896809577941895e-01,-1.162320282310247421e-02,7.107643485069274902e-01,7.580410242080688477e-01,-2.441390044987201691e-02,7.041510939598083496e-01,8.414328098297119141e-01,-2.588439173996448517e-02,6.782889366149902344e-01,8.649693727493286133e-01,-2.347432635724544525e-02,6.567347049713134766e-01,8.692300915718078613e-01,-2.168040163815021515e-02,6.827699542045593262e-01,7.561392188072204590e-01,-3.614677488803863525e-02,6.734852790832519531e-01,8.188252449035644531e-01,-3.453751280903816223e-02,6.557553410530090332e-01,8.416516184806823730e-01,-2.993031777441501617e-02,6.404566764831542969e-01,8.501955270767211914e-01,-2.611250244081020355e-02,-1.000000000000000000e+00,-1.000000000000000000e+00,-1.000000000000000000e+00,-1.000000000000000000e+00,-1.000000000000000000e+00,-1.000000000000000000e+00,-1.000000000000000000e+00,-1.000000000000000000e+00,-1.000000000000000000e+00,-1.000000000000000000e+00,-1.000000000000000000e+00,-1.000000000000000000e+00,-1.000000000000000000e+00,-1.000000000000000000e+00,-1.000000000000000000e+00,-1.000000000000000000e+00,-1.000000000000000000e+00,-1.000000000000000000e+00,-1.000000000000000000e+00,-1.000000000000000000e+00,-1.000000000000000000e+00,-1.000000000000000000e+00,-1.000000000000000000e+00,-1.000000000000000000e+00,-1.000000000000000000e+00,-1.000000000000000000e+00,-1.000000000000000000e+00,-1.000000000000000000e+00,-1.000000000000000000e+00,-1.000000000000000000e+00,-1.000000000000000000e+00,-1.000000000000000000e+00,-1.000000000000000000e+00,-1.000000000000000000e+00,-1.000000000000000000e+00,-1.000000000000000000e+00,-1.000000000000000000e+00,-1.000000000000000000e+00,-1.000000000000000000e+00,-1.000000000000000000e+00,-1.000000000000000000e+00,-1.000000000000000000e+00,-1.000000000000000000e+00,-1.000000000000000000e+00,-1.000000000000000000e+00,-1.000000000000000000e+00,-1.000000000000000000e+00,-1.000000000000000000e+00,-1.000000000000000000e+00,-1.000000000000000000e+00,-1.000000000000000000e+00,-1.000000000000000000e+00,-1.000000000000000000e+00,-1.000000000000000000e+00,-1.000000000000000000e+00,-1.000000000000000000e+00,-1.000000000000000000e+00,-1.000000000000000000e+00,-1.000000000000000000e+00,-1.000000000000000000e+00,-1.000000000000000000e+00,-1.000000000000000000e+00,-1.000000000000000000e+00
7.258589863777160645e-01,6.220962405204772949e-01,3.067742113671556581e-07,7.544682025909423828e-01,6.749240159988403320e-01,2.411725372076034546e-02,7.700679898262023926e-01,7.364562749862670898e-01,2.866819128394126892e-02,7.712882161140441895e-01,7.837190628051757812e-01,2.618659660220146179e-02,7.673528194427490234e-01,8.217190504074096680e-01,2.310644462704658508e-02,7.971670627593994141e-01,7.521051764488220215e-01,1.128426380455493927e-02,7.995504140853881836e-01,8.365029096603393555e-01,3.445757320150732994e-03,7.819991111755371094e-01,8.728694915771484375e-01,1.095961313694715500e-03,7.639313936233520508e-01,8.919835090637207031e-01,1.822744146920740604e-03,7.878365516662597656e-01,7.539166808128356934e-01,-6.788047961890697479e-03,7.842338681221008301e-01,8.457455635070800781e-01,-1.446612365543842316e-02,7.549445629119873047e-01,8.760759234428405762e-01,-1.484441850334405899e-02,7.284864187240600586e-01,8.801875114440917969e-01,-1.222958043217658997e-02,7.664818763732910156e-01,7.518981099128723145e-01,-2.322562038898468018e-02,7.626405954360961914e-01,8.372708559036254883e-01,-2.781788259744644165e-02,7.355790138244628906e-01,8.644498586654663086e-01,-2.358606643974781036e-02,7.135149240493774414e-01,8.685973882675170898e-01,-1.842168346047401428e-02,7.390708923339843750e-01,7.476263642311096191e-01,-3.794327750802040100e-02,7.354531288146972656e-01,8.132767677307128906e-01,-3.648795560002326965e-02,7.179430723190307617e-01,8.378412127494812012e-01,-2.958470024168491364e-02,7.013960480690002441e-01,8.443283438682556152e-01,-2.305907011032104492e-02,-1.000000000000000000e+00,-1.000000000000000000e+00,-1.000000000000000000e+00,-1.000000000000000000e+00,-1.000000000000000000e+00,-1.000000000000000000e+00,-1.000000000000000000e+00,-1.000000000000000000e+00,-1.000000000000000000e+00,-1.000000000000000000e+00,-1.000000000000000000e+00,-1.000000000000000000e+00,-1.000000000000000000e+00,-1.000000000000000000e+00,-1.000000000000000000e+00,-1.000000000000000000e+00,-1.000000000000000000e+00,-1.000000000000000000e+00,-1.000000000000000000e+00,-1.000000000000000000e+00,-1.000000000000000000e+00,-1.000000000000000000e+00,-1.000000000000000000e+00,-1.000000000000000000e+00,-1.000000000000000000e+00,-1.000000000000000000e+00,-1.000000000000000000e+00,-1.000000000000000000e+00,-1.000000000000000000e+00,-1.000000000000000000e+00,-1.000000000000000000e+00,-1.000000000000000000e+00,-1.000000000000000000e+00,-1.000000000000000000e+00,-1.000000000000000000e+00,-1.000000000000000000e+00,-1.000000000000000000e+00,-1.000000000000000000e+00,-1.000000000000000000e+00,-1.000000000000000000e+00,-1.000000000000000000e+00,-1.000000000000000000e+00,-1.000000000000000000e+00,-1.000000000000000000e+00,-1.000000000000000000e+00,-1.000000000000000000e+00,-1.000000000000000000e+00,-1.000000000000000000e+00,-1.000000000000000000e+00,-1.000000000000000000e+00,-1.000000000000000000e+00,-1.000000000000000000e+00,-1.000000000000000000e+00,-1.000000000000000000e+00,-1.000000000000000000e+00,-1.000000000000000000e+00,-1.000000000000000000e+00,-1.000000000000000000e+00,-1.000000000000000000e+00,-1.000000000000000000e+00,-1.000000000000000000e+00,-1.000000000000000000e+00,-1.000000000000000000e+00
7.258589863777160645e-01,6.220962405204772949e-01,3.067742113671556581e-07,7.544682025909423828e-01,6.749240159988403320e-01,2.411725372076034546e-02,7.700679898262023926e-01,7.364562749862670898e-01,2.866819128394126892e-02,7.712882161140441895e-01,7.837190628051757812e-01,2.618659660220146179e-02,7.673528194427490234e-01,8.217190504074096680e-01,2.310644462704658508e-02,7.971670627593994141e-01,7.521051764488220215e-01,1.128426380455493927e-02,7.995504140853881836e-01,8.365029096603393555e-01,3.445757320150732994e-03,7.819991111755371094e-01,8.728694915771484375e-01,1.095961313694715500e-03,7.639313936233520508e-01,8.919835090637207031e-01,1.822744146920740604e-03,7.878365516662597656e-01,7.539166808128356934e-01,-6.788047961890697479e-03,7.842338681221008301e-01,8.457455635070800781e-01,-1.446612365543842316e-02,7.549445629119873047e-01,8.760759234428405762e-01,-1.484441850334405899e-02,7.284864187240600586e-01,8.801875114440917969e-01,-1.222958043217658997e-02,7.664818763732910156e-01,7.518981099128723145e-01,-2.322562038898468018e-02,7.626405954360961914e-01,8.372708559036254883e-01,-2.781788259744644165e-02,7.355790138244628906e-01,8.644498586654663086e-01,-2.358606643974781036e-02,7.135149240493774414e-01,8.685973882675170898e-01,-1.842168346047401428e-02,7.390708923339843750e-01,7.476263642311096191e-01,-3.794327750802040100e-02,7.354531288146972656e-01,8.132767677307128906e-01,-3.648795560002326965e-02,7.179430723190307617e-01,8.378412127494812012e-01,-2.958470024168491364e-02,7.013960480690002441e-01,8.443283438682556152e-01,-2.305907011032104492e-02,-1.000000000000000000e+00,-1.000000000000000000e+00,-1.000000000000000000e+00,-1.000000000000000000e+00,-1.000000000000000000e+00,-1.000000000000000000e+00,-1.000000000000000000e+00,-1.000000000000000000e+00,-1.000000000000000000e+00,-1.000000000000000000e+00,-1.000000000000000000e+00,-1.000000000000000000e+00,-1.000000000000000000e+00,-1.000000000000000000e+00,-1.000000000000000000e+00,-1.000000000000000000e+00,-1.000000000000000000e+00,-1.000000000000000000e+00,-1.000000000000000000e+00,-1.000000000000000000e+00,-1.000000000000000000e+00,-1.000000000000000000e+00,-1.000000000000000000e+00,-1.000000000000000000e+00,-1.000000000000000000e+00,-1.000000000000000000e+00,-1.000000000000000000e+00,-1.000000000000000000e+00,-1.000000000000000000e+00,-1.000000000000000000e+00,-1.000000000000000000e+00,-1.000000000000000000e+00,-1.000000000000000000e+00,-1.000000000000000000e+00,-1.000000000000000000e+00,-1.000000000000000000e+00,-1.000000000000000000e+00,-1.000000000000000000e+00,-1.000000000000000000e+00,-1.000000000000000000e+00,-1.000000000000000000e+00,-1.000000000000000000e+00,-1.000000000000000000e+00,-1.000000000000000000e+00,-1.000000000000000000e+00,-1.000000000000000000e+00,-1.000000000000000000e+00,-1.000000000000000000e+00,-1.000000000000000000e+00,-1.000000000000000000e+00,-1.000000000000000000e+00,-1.000000000000000000e+00,-1.000000000000000000e+00,-1.000000000000000000e+00,-1.000000000000000000e+00,-1.000000000000000000e+00,-1.000000000000000000e+00,-1.000000000000000000e+00,-1.000000000000000000e+00,-1.000000000000000000e+00,-1.000000000000000000e+00,-1.000000000000000000e+00,-1.000000000000000000e+00
7.458873391151428223e-01,6.127755045890808105e-01,1.908636733105595340e-07,7.767941951751708984e-01,6.605901718139648438e-01,2.467111125588417053e-02,7.953647375106811523e-01,7.163311839103698730e-01,2.902590669691562653e-02,7.976806759834289551e-01,7.602960467338562012e-01,2.616393007338047028e-02,7.870999574661254883e-01,7.972441911697387695e-01,2.255638502538204193e-02,8.193334341049194336e-01,7.387768626213073730e-01,1.367136836051940918e-02,8.142597079277038574e-01,8.189998269081115723e-01,6.649959366768598557e-03,7.924060821533203125e-01,8.532651662826538086e-01,3.013794543221592903e-03,7.726255655288696289e-01,8.686392307281494141e-01,2.223248826339840889e-03,8.101639747619628906e-01,7.434416413307189941e-01,-4.087063483893871307e-03,8.037573099136352539e-01,8.344419002532958984e-01,-9.771272540092468262e-03,7.771050333976745605e-01,8.657708764076232910e-01,-1.155826821923255920e-02,7.529013752937316895e-01,8.744106292724609375e-01,-1.159131806343793869e-02,7.908678650856018066e-01,7.445300817489624023e-01,-2.026133798062801361e-02,7.836143970489501953e-01,8.298808336257934570e-01,-2.362789586186408997e-02,7.572532892227172852e-01,8.599858283996582031e-01,-2.300111576914787292e-02,7.347452640533447266e-01,8.701434135437011719e-01,-2.204439230263233185e-02,7.630757093429565430e-01,7.434120178222656250e-01,-3.461252897977828979e-02,7.549411058425903320e-01,8.104634284973144531e-01,-3.312738612294197083e-02,7.366457581520080566e-01,8.369269967079162598e-01,-2.844630926847457886e-02,7.190634012222290039e-01,8.484504222869873047e-01,-2.472434565424919128e-02,-1.000000000000000000e+00,-1.000000000000000000e+00,-1.000000000000000000e+00,-1.000000000000000000e+00,-1.000000000000000000e+00,-1.000000000000000000e+00,-1.000000000000000000e+00,-1.000000000000000000e+00,-1.000000000000000000e+00,-1.000000000000000000e+00,-1.000000000000000000e+00,-1.000000000000000000e+00,-1.000000000000000000e+00,-1.000000000000000000e+00,-1.000000000000000000e+00,-1.000000000000000000e+00,-1.000000000000000000e+00,-1.000000000000000000e+00,-1.000000000000000000e+00,-1.000000000000000000e+00,-1.000000000000000000e+00,-1.000000000000000000e+00,-1.000000000000000000e+00,-1.000000000000000000e+00,-1.000000000000000000e+00,-1.000000000000000000e+00,-1.000000000000000000e+00,-1.000000000000000000e+00,-1.000000000000000000e+00,-1.000000000000000000e+00,-1.000000000000000000e+00,-1.000000000000000000e+00,-1.000000000000000000e+00,-1.000000000000000000e+00,-1.000000000000000000e+00,-1.000000000000000000e+00,-1.000000000000000000e+00,-1.000000000000000000e+00,-1.000000000000000000e+00,-1.000000000000000000e+00,-1.000000000000000000e+00,-1.000000000000000000e+00,-1.000000000000000000e+00,-1.000000000000000000e+00,-1.000000000000000000e+00,-1.000000000000000000e+00,-1.000000000000000000e+00,-1.000000000000000000e+00,-1.000000000000000000e+00,-1.000000000000000000e+00,-1.000000000000000000e+00,-1.000000000000000000e+00,-1.000000000000000000e+00,-1.000000000000000000e+00,-1.000000000000000000e+00,-1.000000000000000000e+00,-1.000000000000000000e+00,-1.000000000000000000e+00,-1.000000000000000000e+00,-1.000000000000000000e+00,-1.000000000000000000e+00,-1.000000000000000000e+00,-1.000000000000000000e+00
7.874001264572143555e-01,6.041713356971740723e-01,3.468829561370512238e-07,7.812644243240356445e-01,6.543478965759277344e-01,4.174601752310991287e-03,7.820946574211120605e-01,7.148361802101135254e-01,7.870633271522819996e-04,7.722526788711547852e-01,7.717199325561523438e-01,-5.016445182263851166e-03,7.660229802131652832e-01,8.159232139587402344e-01,-9.459037333726882935e-03,8.553404211997985840e-01,7.242299318313598633e-01,-3.545061917975544930e-03,8.466176986694335938e-01,8.102214336395263672e-01,-1.443882100284099579e-02,8.199995756149291992e-01,8.443917632102966309e-01,-2.093214541673660278e-02,7.955453395843505859e-01,8.591805100440979004e-01,-2.402176521718502045e-02,8.535618782043457031e-01,7.257236242294311523e-01,-1.291921734809875488e-02,8.541897535324096680e-01,8.247358202934265137e-01,-2.561041712760925293e-02,8.253939151763916016e-01,8.590853214263916016e-01,-3.009943664073944092e-02,7.984059453010559082e-01,8.688411116600036621e-01,-3.100956417620182037e-02,8.375799059867858887e-01,7.262573242187500000e-01,-2.217972092330455780e-02,8.350486755371093750e-01,8.196573257446289062e-01,-3.336402773857116699e-02,8.085628747940063477e-01,8.517742753028869629e-01,-3.349598497152328491e-02,7.868713140487670898e-01,8.630450367927551270e-01,-3.147735074162483215e-02,8.122583627700805664e-01,7.269811630249023438e-01,-3.102760389447212219e-02,8.063768148422241211e-01,8.002621531486511230e-01,-3.686838969588279724e-02,7.908204793930053711e-01,8.274127244949340820e-01,-3.407460823655128479e-02,7.766342759132385254e-01,8.397922515869140625e-01,-3.061267733573913574e-02,-1.000000000000000000e+00,-1.000000000000000000e+00,-1.000000000000000000e+00,-1.000000000000000000e+00,-1.000000000000000000e+00,-1.000000000000000000e+00,-1.000000000000000000e+00,-1.000000000000000000e+00,-1.000000000000000000e+00,-1.000000000000000000e+00,-1.000000000000000000e+00,-1.000000000000000000e+00,-1.000000000000000000e+00,-1.000000000000000000e+00,-1.000000000000000000e+00,-1.000000000000000000e+00,-1.000000000000000000e+00,-1.000000000000000000e+00,-1.000000000000000000e+00,-1.000000000000000000e+00,-1.000000000000000000e+00,-1.000000000000000000e+00,-1.000000000000000000e+00,-1.000000000000000000e+00,-1.000000000000000000e+00,-1.000000000000000000e+00,-1.000000000000000000e+00,-1.000000000000000000e+00,-1.000000000000000000e+00,-1.000000000000000000e+00,-1.000000000000000000e+00,-1.000000000000000000e+00,-1.000000000000000000e+00,-1.000000000000000000e+00,-1.000000000000000000e+00,-1.000000000000000000e+00,-1.000000000000000000e+00,-1.000000000000000000e+00,-1.000000000000000000e+00,-1.000000000000000000e+00,-1.000000000000000000e+00,-1.000000000000000000e+00,-1.000000000000000000e+00,-1.000000000000000000e+00,-1.000000000000000000e+00,-1.000000000000000000e+00,-1.000000000000000000e+00,-1.000000000000000000e+00,-1.000000000000000000e+00,-1.000000000000000000e+00,-1.000000000000000000e+00,-1.000000000000000000e+00,-1.000000000000000000e+00,-1.000000000000000000e+00,-1.000000000000000000e+00,-1.000000000000000000e+00,-1.000000000000000000e+00,-1.000000000000000000e+00,-1.000000000000000000e+00,-1.000000000000000000e+00,-1.000000000000000000e+00,-1.000000000000000000e+00,-1.000000000000000000e+00
7.874001264572143555e-01,6.041713356971740723e-01,3.468829561370512238e-07,7.812644243240356445e-01,6.543478965759277344e-01,4.174601752310991287e-03,7.820946574211120605e-01,7.148361802101135254e-01,7.870633271522819996e-04,7.722526788711547852e-01,7.717199325561523438e-01,-5.016445182263851166e-03,7.660229802131652832e-01,8.159232139587402344e-01,-9.459037333726882935e-03,8.553404211997985840e-01,7.242299318313598633e-01,-3.545061917975544930e-03,8.466176986694335938e-01,8.102214336395263672e-01,-1.443882100284099579e-02,8.199995756149291992e-01,8.443917632102966309e-01,-2.093214541673660278e-02,7.955453395843505859e-01,8.591805100440979004e-01,-2.402176521718502045e-02,8.535618782043457031e-01,7.257236242294311523e-01,-1.291921734809875488e-02,8.541897535324096680e-01,8.247358202934265137e-01,-2.561041712760925293e-02,8.253939151763916016e-01,8.590853214263916016e-01,-3.009943664073944092e-02,7.984059453010559082e-01,8.688411116600036621e-01,-3.100956417620182037e-02,8.375799059867858887e-01,7.262573242187500000e-01,-2.217972092330455780e-02,8.350486755371093750e-01,8.196573257446289062e-01,-3.336402773857116699e-02,8.085628747940063477e-01,8.517742753028869629e-01,-3.349598497152328491e-02,7.868713140487670898e-01,8.630450367927551270e-01,-3.147735074162483215e-02,8.122583627700805664e-01,7.269811630249023438e-01,-3.102760389447212219e-02,8.063768148422241211e-01,8.002621531486511230e-01,-3.686838969588279724e-02,7.908204793930053711e-01,8.274127244949340820e-01,-3.407460823655128479e-02,7.766342759132385254e-01,8.397922515869140625e-01,-3.061267733573913574e-02,-1.000000000000000000e+00,-1.000000000000000000e+00,-1.000000000000000000e+00,-1.000000000000000000e+00,-1.000000000000000000e+00,-1.000000000000000000e+00,-1.000000000000000000e+00,-1.000000000000000000e+00,-1.000000000000000000e+00,-1.000000000000000000e+00,-1.000000000000000000e+00,-1.000000000000000000e+00,-1.000000000000000000e+00,-1.000000000000000000e+00,-1.000000000000000000e+00,-1.000000000000000000e+00,-1.000000000000000000e+00,-1.000000000000000000e+00,-1.000000000000000000e+00,-1.000000000000000000e+00,-1.000000000000000000e+00,-1.000000000000000000e+00,-1.000000000000000000e+00,-1.000000000000000000e+00,-1.000000000000000000e+00,-1.000000000000000000e+00,-1.000000000000000000e+00,-1.000000000000000000e+00,-1.000000000000000000e+00,-1.000000000000000000e+00,-1.000000000000000000e+00,-1.000000000000000000e+00,-1.000000000000000000e+00,-1.000000000000000000e+00,-1.000000000000000000e+00,-1.000000000000000000e+00,-1.000000000000000000e+00,-1.000000000000000000e+00,-1.000000000000000000e+00,-1.000000000000000000e+00,-1.000000000000000000e+00,-1.000000000000000000e+00,-1.000000000000000000e+00,-1.000000000000000000e+00,-1.000000000000000000e+00,-1.000000000000000000e+00,-1.000000000000000000e+00,-1.000000000000000000e+00,-1.000000000000000000e+00,-1.000000000000000000e+00,-1.000000000000000000e+00,-1.000000000000000000e+00,-1.000000000000000000e+00,-1.000000000000000000e+00,-1.000000000000000000e+00,-1.000000000000000000e+00,-1.000000000000000000e+00,-1.000000000000000000e+00,-1.000000000000000000e+00,-1.000000000000000000e+00,-1.000000000000000000e+00,-1.000000000000000000e+00,-1.000000000000000000e+00
8.125342130661010742e-01,5.836327075958251953e-01,4.332628691372519825e-07,7.886043190956115723e-01,6.334030032157897949e-01,-2.206133492290973663e-02,7.873872518539428711e-01,6.974785923957824707e-01,-3.197449445724487305e-02,7.857376933097839355e-01,7.548003196716308594e-01,-3.758573532104492188e-02,7.870377302169799805e-01,7.944231033325195312e-01,-4.072844982147216797e-02,8.595491647720336914e-01,7.186981439590454102e-01,-2.721874043345451355e-02,8.534470200538635254e-01,8.005327582359313965e-01,-4.015662148594856262e-02,8.320025205612182617e-01,8.349151611328125000e-01,-4.770629853010177612e-02,8.123729825019836426e-01,8.527707457542419434e-01,-5.080866068601608276e-02,8.803968429565429688e-01,7.145307064056396484e-01,-1.958793215453624725e-02,8.844226002693176270e-01,8.059159517288208008e-01,-3.414663299918174744e-02,8.598275780677795410e-01,8.432750701904296875e-01,-3.974220156669616699e-02,8.341654539108276367e-01,8.582395911216735840e-01,-4.051097854971885681e-02,8.868601918220520020e-01,7.095502614974975586e-01,-1.295379921793937683e-02,8.930874466896057129e-01,7.892844080924987793e-01,-2.455490082502365112e-02,8.704621791839599609e-01,8.250179886817932129e-01,-2.819816209375858307e-02,8.483608961105346680e-01,8.415975570678710938e-01,-2.814179100096225739e-02,8.830292224884033203e-01,7.051272988319396973e-01,-7.796196732670068741e-03,8.874675631523132324e-01,7.682844400405883789e-01,-1.522925961762666702e-02,8.729789853096008301e-01,7.963207364082336426e-01,-1.562322676181793213e-02,8.563202023506164551e-01,8.110638260841369629e-01,-1.351039297878742218e-02,-1.000000000000000000e+00,-1.000000000000000000e+00,-1.000000000000000000e+00,-1.000000000000000000e+00,-1.000000000000000000e+00,-1.000000000000000000e+00,-1.000000000000000000e+00,-1.000000000000000000e+00,-1.000000000000000000e+00,-1.000000000000000000e+00,-1.000000000000000000e+00,-1.000000000000000000e+00,-1.000000000000000000e+00,-1.000000000000000000e+00,-1.000000000000000000e+00,-1.000000000000000000e+00,-1.000000000000000000e+00,-1.000000000000000000e+00,-1.000000000000000000e+00,-1.000000000000000000e+00,-1.000000000000000000e+00,-1.000000000000000000e+00,-1.000000000000000000e+00,-1.000000000000000000e+00,-1.000000000000000000e+00,-1.000000000000000000e+00,-1.000000000000000000e+00,-1.000000000000000000e+00,-1.000000000000000000e+00,-1.000000000000000000e+00,-1.000000000000000000e+00,-1.000000000000000000e+00,-1.000000000000000000e+00,-1.000000000000000000e+00,-1.000000000000000000e+00,-1.000000000000000000e+00,-1.000000000000000000e+00,-1.000000000000000000e+00,-1.000000000000000000e+00,-1.000000000000000000e+00,-1.000000000000000000e+00,-1.000000000000000000e+00,-1.000000000000000000e+00,-1.000000000000000000e+00,-1.000000000000000000e+00,-1.000000000000000000e+00,-1.000000000000000000e+00,-1.000000000000000000e+00,-1.000000000000000000e+00,-1.000000000000000000e+00,-1.000000000000000000e+00,-1.000000000000000000e+00,-1.000000000000000000e+00,-1.000000000000000000e+00,-1.000000000000000000e+00,-1.000000000000000000e+00,-1.000000000000000000e+00,-1.000000000000000000e+00,-1.000000000000000000e+00,-1.000000000000000000e+00,-1.000000000000000000e+00,-1.000000000000000000e+00,-1.000000000000000000e+00
8.311156034469604492e-01,5.821993350982666016e-01,2.533199676690855995e-07,8.433330059051513672e-01,6.331734061241149902e-01,2.061166800558567047e-02,8.656681776046752930e-01,6.857956051826477051e-01,2.377734333276748657e-02,8.752252459526062012e-01,7.299761772155761719e-01,2.002130262553691864e-02,8.764637112617492676e-01,7.651458382606506348e-01,1.588339731097221375e-02,9.190883636474609375e-01,7.062880992889404297e-01,1.608843356370925903e-02,9.161761999130249023e-01,7.885808944702148438e-01,1.067574508488178253e-02,8.910563588142395020e-01,8.234866261482238770e-01,5.732895806431770325e-03,8.677792549133300781e-01,8.392608761787414551e-01,3.103563562035560608e-03,9.152592420578002930e-01,7.077394723892211914e-01,-7.245818851515650749e-04,9.188345670700073242e-01,7.992741465568542480e-01,-4.988977219909429550e-03,8.923069834709167480e-01,8.348394632339477539e-01,-7.926227524876594543e-03,8.658200502395629883e-01,8.450378179550170898e-01,-9.501022286713123322e-03,8.991038203239440918e-01,7.089234590530395508e-01,-1.672145165503025055e-02,9.058423638343811035e-01,7.976591587066650391e-01,-1.854923553764820099e-02,8.794259428977966309e-01,8.333778381347656250e-01,-1.834499463438987732e-02,8.552080392837524414e-01,8.460640907287597656e-01,-1.873246580362319946e-02,8.738964796066284180e-01,7.105692028999328613e-01,-3.151647001504898071e-02,8.756878972053527832e-01,7.801797986030578613e-01,-3.061476536095142365e-02,8.609175682067871094e-01,8.118094205856323242e-01,-2.712358161807060242e-02,8.454875349998474121e-01,8.261682987213134766e-01,-2.473765611648559570e-02,-1.000000000000000000e+00,-1.000000000000000000e+00,-1.000000000000000000e+00,-1.000000000000000000e+00,-1.000000000000000000e+00,-1.000000000000000000e+00,-1.000000000000000000e+00,-1.000000000000000000e+00,-1.000000000000000000e+00,-1.000000000000000000e+00,-1.000000000000000000e+00,-1.000000000000000000e+00,-1.000000000000000000e+00,-1.000000000000000000e+00,-1.000000000000000000e+00,-1.000000000000000000e+00,-1.000000000000000000e+00,-1.000000000000000000e+00,-1.000000000000000000e+00,-1.000000000000000000e+00,-1.000000000000000000e+00,-1.000000000000000000e+00,-1.000000000000000000e+00,-1.000000000000000000e+00,-1.000000000000000000e+00,-1.000000000000000000e+00,-1.000000000000000000e+00,-1.000000000000000000e+00,-1.000000000000000000e+00,-1.000000000000000000e+00,-1.000000000000000000e+00,-1.000000000000000000e+00,-1.000000000000000000e+00,-1.000000000000000000e+00,-1.000000000000000000e+00,-1.000000000000000000e+00,-1.000000000000000000e+00,-1.000000000000000000e+00,-1.000000000000000000e+00,-1.000000000000000000e+00,-1.000000000000000000e+00,-1.000000000000000000e+00,-1.000000000000000000e+00,-1.000000000000000000e+00,-1.000000000000000000e+00,-1.000000000000000000e+00,-1.000000000000000000e+00,-1.000000000000000000e+00,-1.000000000000000000e+00,-1.000000000000000000e+00,-1.000000000000000000e+00,-1.000000000000000000e+00,-1.000000000000000000e+00,-1.000000000000000000e+00,-1.000000000000000000e+00,-1.000000000000000000e+00,-1.000000000000000000e+00,-1.000000000000000000e+00,-1.000000000000000000e+00,-1.000000000000000000e+00,-1.000000000000000000e+00,-1.000000000000000000e+00,-1.000000000000000000e+00
8.674211502075195312e-01,5.681642293930053711e-01,2.435210149087652098e-07,8.789395689964294434e-01,6.235659718513488770e-01,2.251598797738552094e-02,9.065875411033630371e-01,6.720368862152099609e-01,2.873491682112216949e-02,9.231617450714111328e-01,7.105824351310729980e-01,2.759669348597526550e-02,9.288489818572998047e-01,7.444347739219665527e-01,2.627882547676563263e-02,9.628046751022338867e-01,6.838262081146240234e-01,2.347427792847156525e-02,9.619812965393066406e-01,7.643912434577941895e-01,2.004297263920307159e-02,9.396372437477111816e-01,8.040881752967834473e-01,1.564311422407627106e-02,9.178403615951538086e-01,8.266113996505737305e-01,1.292540039867162704e-02,9.612193107604980469e-01,6.873303651809692383e-01,6.714694667607545853e-03,9.670214653015136719e-01,7.767480015754699707e-01,3.598452545702457428e-03,9.414769411087036133e-01,8.171475529670715332e-01,7.673351792618632317e-04,9.154898524284362793e-01,8.345747590065002441e-01,-7.355254492722451687e-04,9.470378756523132324e-01,6.922026872634887695e-01,-9.548070840537548065e-03,9.564803242683410645e-01,7.780635356903076172e-01,-1.135353837162256241e-02,9.308881163597106934e-01,8.191184401512145996e-01,-1.253959070891141891e-02,9.067777991294860840e-01,8.371099233627319336e-01,-1.360489800572395325e-02,9.236665368080139160e-01,6.997435092926025391e-01,-2.453535608947277069e-02,9.298920035362243652e-01,7.673303484916687012e-01,-2.328711003065109253e-02,9.143878817558288574e-01,7.972659468650817871e-01,-2.055563591420650482e-02,8.972911238670349121e-01,8.108630180358886719e-01,-1.878553442656993866e-02,-1.000000000000000000e+00,-1.000000000000000000e+00,-1.000000000000000000e+00,-1.000000000000000000e+00,-1.000000000000000000e+00,-1.000000000000000000e+00,-1.000000000000000000e+00,-1.000000000000000000e+00,-1.000000000000000000e+00,-1.000000000000000000e+00,-1.000000000000000000e+00,-1.000000000000000000e+00,-1.000000000000000000e+00,-1.000000000000000000e+00,-1.000000000000000000e+00,-1.000000000000000000e+00,-1.000000000000000000e+00,-1.000000000000000000e+00,-1.000000000000000000e+00,-1.000000000000000000e+00,-1.000000000000000000e+00,-1.000000000000000000e+00,-1.000000000000000000e+00,-1.000000000000000000e+00,-1.000000000000000000e+00,-1.000000000000000000e+00,-1.000000000000000000e+00,-1.000000000000000000e+00,-1.000000000000000000e+00,-1.000000000000000000e+00,-1.000000000000000000e+00,-1.000000000000000000e+00,-1.000000000000000000e+00,-1.000000000000000000e+00,-1.000000000000000000e+00,-1.000000000000000000e+00,-1.000000000000000000e+00,-1.000000000000000000e+00,-1.000000000000000000e+00,-1.000000000000000000e+00,-1.000000000000000000e+00,-1.000000000000000000e+00,-1.000000000000000000e+00,-1.000000000000000000e+00,-1.000000000000000000e+00,-1.000000000000000000e+00,-1.000000000000000000e+00,-1.000000000000000000e+00,-1.000000000000000000e+00,-1.000000000000000000e+00,-1.000000000000000000e+00,-1.000000000000000000e+00,-1.000000000000000000e+00,-1.000000000000000000e+00,-1.000000000000000000e+00,-1.000000000000000000e+00,-1.000000000000000000e+00,-1.000000000000000000e+00,-1.000000000000000000e+00,-1.000000000000000000e+00,-1.000000000000000000e+00,-1.000000000000000000e+00,-1.000000000000000000e+00
8.674211502075195312e-01,5.681642293930053711e-01,2.435210149087652098e-07,8.789395689964294434e-01,6.235659718513488770e-01,2.251598797738552094e-02,9.065875411033630371e-01,6.720368862152099609e-01,2.873491682112216949e-02,9.231617450714111328e-01,7.105824351310729980e-01,2.759669348597526550e-02,9.288489818572998047e-01,7.444347739219665527e-01,2.627882547676563263e-02,9.628046751022338867e-01,6.838262081146240234e-01,2.347427792847156525e-02,9.619812965393066406e-01,7.643912434577941895e-01,2.004297263920307159e-02,9.396372437477111816e-01,8.040881752967834473e-01,1.564311422407627106e-02,9.178403615951538086e-01,8.266113996505737305e-01,1.292540039867162704e-02,9.612193107604980469e-01,6.873303651809692383e-01,6.714694667607545853e-03,9.670214653015136719e-01,7.767480015754699707e-01,3.598452545702457428e-03,9.414769411087036133e-01,8.171475529670715332e-01,7.673351792618632317e-04,9.154898524284362793e-01,8.345747590065002441e-01,-7.355254492722451687e-04,9.470378756523132324e-01,6.922026872634887695e-01,-9.548070840537548065e-03,9.564803242683410645e-01,7.780635356903076172e-01,-1.135353837162256241e-02,9.308881163597106934e-01,8.191184401512145996e-01,-1.253959070891141891e-02,9.067777991294860840e-01,8.371099233627319336e-01,-1.360489800572395325e-02,9.236665368080139160e-01,6.997435092926025391e-01,-2.453535608947277069e-02,9.298920035362243652e-01,7.673303484916687012e-01,-2.328711003065109253e-02,9.143878817558288574e-01,7.972659468650817871e-01,-2.055563591420650482e-02,8.972911238670349121e-01,8.108630180358886719e-01,-1.878553442656993866e-02,-1.000000000000000000e+00,-1.000000000000000000e+00,-1.000000000000000000e+00,-1.000000000000000000e+00,-1.000000000000000000e+00,-1.000000000000000000e+00,-1.000000000000000000e+00,-1.000000000000000000e+00,-1.000000000000000000e+00,-1.000000000000000000e+00,-1.000000000000000000e+00,-1.000000000000000000e+00,-1.000000000000000000e+00,-1.000000000000000000e+00,-1.000000000000000000e+00,-1.000000000000000000e+00,-1.000000000000000000e+00,-1.000000000000000000e+00,-1.000000000000000000e+00,-1.000000000000000000e+00,-1.000000000000000000e+00,-1.000000000000000000e+00,-1.000000000000000000e+00,-1.000000000000000000e+00,-1.000000000000000000e+00,-1.000000000000000000e+00,-1.000000000000000000e+00,-1.000000000000000000e+00,-1.000000000000000000e+00,-1.000000000000000000e+00,-1.000000000000000000e+00,-1.000000000000000000e+00,-1.000000000000000000e+00,-1.000000000000000000e+00,-1.000000000000000000e+00,-1.000000000000000000e+00,-1.000000000000000000e+00,-1.000000000000000000e+00,-1.000000000000000000e+00,-1.000000000000000000e+00,-1.000000000000000000e+00,-1.000000000000000000e+00,-1.000000000000000000e+00,-1.000000000000000000e+00,-1.000000000000000000e+00,-1.000000000000000000e+00,-1.000000000000000000e+00,-1.000000000000000000e+00,-1.000000000000000000e+00,-1.000000000000000000e+00,-1.000000000000000000e+00,-1.000000000000000000e+00,-1.000000000000000000e+00,-1.000000000000000000e+00,-1.000000000000000000e+00,-1.000000000000000000e+00,-1.000000000000000000e+00,-1.000000000000000000e+00,-1.000000000000000000e+00,-1.000000000000000000e+00,-1.000000000000000000e+00,-1.000000000000000000e+00,-1.000000000000000000e+00
8.815311193466186523e-01,5.583345890045166016e-01,1.231505848409142345e-07,8.879341483116149902e-01,6.325567364692687988e-01,3.649662435054779053e-02,9.129498004913330078e-01,6.816422343254089355e-01,4.755744338035583496e-02,9.271053075790405273e-01,7.202433943748474121e-01,4.793721809983253479e-02,9.331303834915161133e-01,7.530918717384338379e-01,4.726451635360717773e-02,9.755880236625671387e-01,6.760179400444030762e-01,3.486686199903488159e-02,9.801460504531860352e-01,7.575446963310241699e-01,3.362885117530822754e-02,9.580147862434387207e-01,7.973531484603881836e-01,3.120063617825508118e-02,9.371053576469421387e-01,8.185652494430541992e-01,2.953206747770309448e-02,9.735737442970275879e-01,6.763330698013305664e-01,1.019437238574028015e-02,9.784614443778991699e-01,7.697063684463500977e-01,7.938977330923080444e-03,9.521187543869018555e-01,8.122709393501281738e-01,6.310293916612863541e-03,9.269539117813110352e-01,8.290047645568847656e-01,5.645000841468572617e-03,9.596808552742004395e-01,6.790187358856201172e-01,-1.300490368157625198e-02,9.671766757965087891e-01,7.712004184722900391e-01,-1.354136504232883453e-02,9.416048526763916016e-01,8.132399320602416992e-01,-1.123638357967138290e-02,9.184254407882690430e-01,8.295032978057861328e-01,-1.001449115574359894e-02,9.367237091064453125e-01,6.864531636238098145e-01,-3.397436067461967468e-02,9.436967372894287109e-01,7.590109109878540039e-01,-3.183007240295410156e-02,9.292298555374145508e-01,7.919152975082397461e-01,-2.666116319596767426e-02,9.128902554512023926e-01,8.072234392166137695e-01,-2.322557754814624786e-02,-1.000000000000000000e+00,-1.000000000000000000e+00,-1.000000000000000000e+00,-1.000000000000000000e+00,-1.000000000000000000e+00,-1.000000000000000000e+00,-1.000000000000000000e+00,-1.000000000000000000e+00,-1.000000000000000000e+00,-1.000000000000000000e+00,-1.000000000000000000e+00,-1.000000000000000000e+00,-1.000000000000000000e+00,-1.000000000000000000e+00,-1.000000000000000000e+00,-1.000000000000000000e+00,-1.000000000000000000e+00,-1.000000000000000000e+00,-1.000000000000000000e+00,-1.000000000000000000e+00,-1.000000000000000000e+00,-1.000000000000000000e+00,-1.000000000000000000e+00,-1.000000000000000000e+00,-1.000000000000000000e+00,-1.000000000000000000e+00,-1.000000000000000000e+00,-1.000000000000000000e+00,-1.000000000000000000e+00,-1.000000000000000000e+00,-1.000000000000000000e+00,-1.000000000000000000e+00,-1.000000000000000000e+00,-1.000000000000000000e+00,-1.000000000000000000e+00,-1.000000000000000000e+00,-1.000000000000000000e+00,-1.000000000000000000e+00,-1.000000000000000000e+00,-1.000000000000000000e+00,-1.000000000000000000e+00,-1.000000000000000000e+00,-1.000000000000000000e+00,-1.000000000000000000e+00,-1.000000000000000000e+00,-1.000000000000000000e+00,-1.000000000000000000e+00,-1.000000000000000000e+00,-1.000000000000000000e+00,-1.000000000000000000e+00,-1.000000000000000000e+00,-1.000000000000000000e+00,-1.000000000000000000e+00,-1.000000000000000000e+00,-1.000000000000000000e+00,-1.000000000000000000e+00,-1.000000000000000000e+00,-1.000000000000000000e+00,-1.000000000000000000e+00,-1.000000000000000000e+00,-1.000000000000000000e+00,-1.000000000000000000e+00,-1.000000000000000000e+00
9.098727107048034668e-01,5.500405430793762207e-01,1.429560398946705391e-07,9.135921597480773926e-01,6.238885521888732910e-01,3.860306367278099060e-02,9.354268312454223633e-01,6.715556979179382324e-01,5.147670954465866089e-02,9.505147337913513184e-01,7.084366679191589355e-01,5.367005243897438049e-02,9.554921388626098633e-01,7.445280551910400391e-01,5.465968325734138489e-02,9.992308020591735840e-01,6.733668446540832520e-01,3.803607448935508728e-02,1.006500959396362305e+00,7.465174198150634766e-01,3.762404248118400574e-02,9.873842597007751465e-01,7.888517379760742188e-01,3.509083017706871033e-02,9.679395556449890137e-01,8.161342144012451172e-01,3.293498978018760681e-02,9.992304444313049316e-01,6.720615029335021973e-01,1.343175582587718964e-02,1.007873654365539551e+00,7.559168934822082520e-01,1.307898294180631638e-02,9.861967563629150391e-01,8.016003370285034180e-01,1.176245789974927902e-02,9.627944231033325195e-01,8.257504105567932129e-01,9.854816831648349762e-03,9.875699281692504883e-01,6.729226708412170410e-01,-9.725093841552734375e-03,9.946198463439941406e-01,7.570496201515197754e-01,-9.798279963433742523e-03,9.709780216217041016e-01,8.005102872848510742e-01,-9.445746429264545441e-03,9.477655291557312012e-01,8.219276070594787598e-01,-1.042517274618148804e-02,9.667975306510925293e-01,6.794593930244445801e-01,-3.038913570344448090e-02,9.717732667922973633e-01,7.468401789665222168e-01,-2.862604334950447083e-02,9.570073485374450684e-01,7.803924083709716797e-01,-2.566281147301197052e-02,9.394142031669616699e-01,7.988817691802978516e-01,-2.445842698216438293e-02,-1.000000000000000000e+00,-1.000000000000000000e+00,-1.000000000000000000e+00,-1.000000000000000000e+00,-1.000000000000000000e+00,-1.000000000000000000e+00,-1.000000000000000000e+00,-1.000000000000000000e+00,-1.000000000000000000e+00,-1.000000000000000000e+00,-1.000000000000000000e+00,-1.000000000000000000e+00,-1.000000000000000000e+00,-1.000000000000000000e+00,-1.000000000000000000e+00,-1.000000000000000000e+00,-1.000000000000000000e+00,-1.000000000000000000e+00,-1.000000000000000000e+00,-1.000000000000000000e+00,-1.000000000000000000e+00,-1.000000000000000000e+00,-1.000000000000000000e+00,-1.000000000000000000e+00,-1.000000000000000000e+00,-1.000000000000000000e+00,-1.000000000000000000e+00,-1.000000000000000000e+00,-1.000000000000000000e+00,-1.000000000000000000e+00,-1.000000000000000000e+00,-1.000000000000000000e+00,-1.000000000000000000e+00,-1.000000000000000000e+00,-1.000000000000000000e+00,-1.000000000000000000e+00,-1.000000000000000000e+00,-1.000000000000000000e+00,-1.000000000000000000e+00,-1.000000000000000000e+00,-1.000000000000000000e+00,-1.000000000000000000e+00,-1.000000000000000000e+00,-1.000000000000000000e+00,-1.000000000000000000e+00,-1.000000000000000000e+00,-1.000000000000000000e+00,-1.000000000000000000e+00,-1.000000000000000000e+00,-1.000000000000000000e+00,-1.000000000000000000e+00,-1.000000000000000000e+00,-1.000000000000000000e+00,-1.000000000000000000e+00,-1.000000000000000000e+00,-1.000000000000000000e+00,-1.000000000000000000e+00,-1.000000000000000000e+00,-1.000000000000000000e+00,-1.000000000000000000e+00,-1.000000000000000000e+00,-1.000000000000000000e+00,-1.000000000000000000e+00
9.366788864135742188e-01,5.509573221206665039e-01,1.118648995657167688e-08,9.421943426132202148e-01,6.186542510986328125e-01,5.908524617552757263e-02,9.596667885780334473e-01,6.714348793029785156e-01,8.651868253946304321e-02,9.742276668548583984e-01,7.118778228759765625e-01,1.002269163727760315e-01,9.830550551414489746e-01,7.492913007736206055e-01,1.124424636363983154e-01,1.008941531181335449e+00,6.852663159370422363e-01,8.351979404687881470e-02,1.014436006546020508e+00,7.513914108276367188e-01,1.022937297821044922e-01,1.000306129455566406e+00,7.877274751663208008e-01,1.073719561100006104e-01,9.849131107330322266e-01,8.113127350807189941e-01,1.086922883987426758e-01,1.011531114578247070e+00,6.849467158317565918e-01,5.500997602939605713e-02,1.017695546150207520e+00,7.581941485404968262e-01,7.515575736761093140e-02,1.000281453132629395e+00,7.953701019287109375e-01,7.725560665130615234e-02,9.820697903633117676e-01,8.189440369606018066e-01,7.472703605890274048e-02,1.007347345352172852e+00,6.854180693626403809e-01,2.836699411273002625e-02,1.013577580451965332e+00,7.573645114898681641e-01,4.742607474327087402e-02,9.943900108337402344e-01,7.927507162094116211e-01,5.262003839015960693e-02,9.747053980827331543e-01,8.139212131500244141e-01,5.060649663209915161e-02,9.954286813735961914e-01,6.919856667518615723e-01,5.273392889648675919e-03,1.003861665725708008e+00,7.479020357131958008e-01,2.165881358087062836e-02,9.912326931953430176e-01,7.796136140823364258e-01,2.970272488892078400e-02,9.767058491706848145e-01,7.996348142623901367e-01,3.174458444118499756e-02,-1.000000000000000000e+00,-1.000000000000000000e+00,-1.000000000000000000e+00,-1.000000000000000000e+00,-1.000000000000000000e+00,-1.000000000000000000e+00,-1.000000000000000000e+00,-1.000000000000000000e+00,-1.000000000000000000e+00,-1.000000000000000000e+00,-1.000000000000000000e+00,-1.000000000000000000e+00,-1.000000000000000000e+00,-1.000000000000000000e+00,-1.000000000000000000e+00,-1.000000000000000000e+00,-1.000000000000000000e+00,-1.000000000000000000e+00,-1.000000000000000000e+00,-1.000000000000000000e+00,-1.000000000000000000e+00,-1.000000000000000000e+00,-1.000000000000000000e+00,-1.000000000000000000e+00,-1.000000000000000000e+00,-1.000000000000000000e+00,-1.000000000000000000e+00,-1.000000000000000000e+00,-1.000000000000000000e+00,-1.000000000000000000e+00,-1.000000000000000000e+00,-1.000000000000000000e+00,-1.000000000000000000e+00,-1.000000000000000000e+00,-1.000000000000000000e+00,-1.000000000000000000e+00,-1.000000000000000000e+00,-1.000000000000000000e+00,-1.000000000000000000e+00,-1.000000000000000000e+00,-1.000000000000000000e+00,-1.000000000000000000e+00,-1.000000000000000000e+00,-1.000000000000000000e+00,-1.000000000000000000e+00,-1.000000000000000000e+00,-1.000000000000000000e+00,-1.000000000000000000e+00,-1.000000000000000000e+00,-1.000000000000000000e+00,-1.000000000000000000e+00,-1.000000000000000000e+00,-1.000000000000000000e+00,-1.000000000000000000e+00,-1.000000000000000000e+00,-1.000000000000000000e+00,-1.000000000000000000e+00,-1.000000000000000000e+00,-1.000000000000000000e+00,-1.000000000000000000e+00,-1.000000000000000000e+00,-1.000000000000000000e+00,-1.000000000000000000e+00
9.366788864135742188e-01,5.509573221206665039e-01,1.118648995657167688e-08,9.421943426132202148e-01,6.186542510986328125e-01,5.908524617552757263e-02,9.596667885780334473e-01,6.714348793029785156e-01,8.651868253946304321e-02,9.742276668548583984e-01,7.118778228759765625e-01,1.002269163727760315e-01,9.830550551414489746e-01,7.492913007736206055e-01,1.124424636363983154e-01,1.008941531181335449e+00,6.852663159370422363e-01,8.351979404687881470e-02,1.014436006546020508e+00,7.513914108276367188e-01,1.022937297821044922e-01,1.000306129455566406e+00,7.877274751663208008e-01,1.073719561100006104e-01,9.849131107330322266e-01,8.113127350807189941e-01,1.086922883987426758e-01,1.011531114578247070e+00,6.849467158317565918e-01,5.500997602939605713e-02,1.017695546150207520e+00,7.581941485404968262e-01,7.515575736761093140e-02,1.000281453132629395e+00,7.953701019287109375e-01,7.725560665130615234e-02,9.820697903633117676e-01,8.189440369606018066e-01,7.472703605890274048e-02,1.007347345352172852e+00,6.854180693626403809e-01,2.836699411273002625e-02,1.013577580451965332e+00,7.573645114898681641e-01,4.742607474327087402e-02,9.943900108337402344e-01,7.927507162094116211e-01,5.262003839015960693e-02,9.747053980827331543e-01,8.139212131500244141e-01,5.060649663209915161e-02,9.954286813735961914e-01,6.919856667518615723e-01,5.273392889648675919e-03,1.003861665725708008e+00,7.479020357131958008e-01,2.165881358087062836e-02,9.912326931953430176e-01,7.796136140823364258e-01,2.970272488892078400e-02,9.767058491706848145e-01,7.996348142623901367e-01,3.174458444118499756e-02,-1.000000000000000000e+00,-1.000000000000000000e+00,-1.000000000000000000e+00,-1.000000000000000000e+00,-1.000000000000000000e+00,-1.000000000000000000e+00,-1.000000000000000000e+00,-1.000000000000000000e+00,-1.000000000000000000e+00,-1.000000000000000000e+00,-1.000000000000000000e+00,-1.000000000000000000e+00,-1.000000000000000000e+00,-1.000000000000000000e+00,-1.000000000000000000e+00,-1.000000000000000000e+00,-1.000000000000000000e+00,-1.000000000000000000e+00,-1.000000000000000000e+00,-1.000000000000000000e+00,-1.000000000000000000e+00,-1.000000000000000000e+00,-1.000000000000000000e+00,-1.000000000000000000e+00,-1.000000000000000000e+00,-1.000000000000000000e+00,-1.000000000000000000e+00,-1.000000000000000000e+00,-1.000000000000000000e+00,-1.000000000000000000e+00,-1.000000000000000000e+00,-1.000000000000000000e+00,-1.000000000000000000e+00,-1.000000000000000000e+00,-1.000000000000000000e+00,-1.000000000000000000e+00,-1.000000000000000000e+00,-1.000000000000000000e+00,-1.000000000000000000e+00,-1.000000000000000000e+00,-1.000000000000000000e+00,-1.000000000000000000e+00,-1.000000000000000000e+00,-1.000000000000000000e+00,-1.000000000000000000e+00,-1.000000000000000000e+00,-1.000000000000000000e+00,-1.000000000000000000e+00,-1.000000000000000000e+00,-1.000000000000000000e+00,-1.000000000000000000e+00,-1.000000000000000000e+00,-1.000000000000000000e+00,-1.000000000000000000e+00,-1.000000000000000000e+00,-1.000000000000000000e+00,-1.000000000000000000e+00,-1.000000000000000000e+00,-1.000000000000000000e+00,-1.000000000000000000e+00,-1.000000000000000000e+00,-1.000000000000000000e+00,-1.000000000000000000e+00
9.375963807106018066e-01,5.536562204360961914e-01,1.094570194482002989e-07,9.413150548934936523e-01,6.180900931358337402e-01,3.391174226999282837e-02,9.620285034179687500e-01,6.702411174774169922e-01,5.553963035345077515e-02,9.759619235992431641e-01,7.076319456100463867e-01,6.947758048772811890e-02,9.813429713249206543e-01,7.434952855110168457e-01,8.386573940515518188e-02,1.016516923904418945e+00,6.870562434196472168e-01,6.719420850276947021e-02,1.017558693885803223e+00,7.476962804794311523e-01,8.614291995763778687e-02,1.003981113433837891e+00,7.831825613975524902e-01,9.150337427854537964e-02,9.893149137496948242e-01,8.051049709320068359e-01,9.370911866426467896e-02,1.013049364089965820e+00,6.862320303916931152e-01,5.505534261465072632e-02,1.013118386268615723e+00,7.526504397392272949e-01,7.762052118778228760e-02,9.956501722335815430e-01,7.864017486572265625e-01,8.216959983110427856e-02,9.802882671356201172e-01,8.122050762176513672e-01,8.219315856695175171e-02,1.002310395240783691e+00,6.866965889930725098e-01,4.291718080639839172e-02,1.003080487251281738e+00,7.512338757514953613e-01,6.264898180961608887e-02,9.870890974998474121e-01,7.834295630455017090e-01,6.900375336408615112e-02,9.714669585227966309e-01,8.037108778953552246e-01,6.936601549386978149e-02,9.849486351013183594e-01,6.902633309364318848e-01,3.227072581648826599e-02,9.906615018844604492e-01,7.432383894920349121e-01,4.855947941541671753e-02,9.817679524421691895e-01,7.733907103538513184e-01,5.657221749424934387e-02,9.725044369697570801e-01,7.933774590492248535e-01,6.005019694566726685e-02,-1.000000000000000000e+00,-1.000000000000000000e+00,-1.000000000000000000e+00,-1.000000000000000000e+00,-1.000000000000000000e+00,-1.000000000000000000e+00,-1.000000000000000000e+00,-1.000000000000000000e+00,-1.000000000000000000e+00,-1.000000000000000000e+00,-1.000000000000000000e+00,-1.000000000000000000e+00,-1.000000000000000000e+00,-1.000000000000000000e+00,-1.000000000000000000e+00,-1.000000000000000000e+00,-1.000000000000000000e+00,-1.000000000000000000e+00,-1.000000000000000000e+00,-1.000000000000000000e+00,-1.000000000000000000e+00,-1.000000000000000000e+00,-1.000000000000000000e+00,-1.000000000000000000e+00,-1.000000000000000000e+00,-1.000000000000000000e+00,-1.000000000000000000e+00,-1.000000000000000000e+00,-1.000000000000000000e+00,-1.000000000000000000e+00,-1.000000000000000000e+00,-1.000000000000000000e+00,-1.000000000000000000e+00,-1.000000000000000000e+00,-1.000000000000000000e+00,-1.000000000000000000e+00,-1.000000000000000000e+00,-1.000000000000000000e+00,-1.000000000000000000e+00,-1.000000000000000000e+00,-1.000000000000000000e+00,-1.000000000000000000e+00,-1.000000000000000000e+00,-1.000000000000000000e+00,-1.000000000000000000e+00,-1.000000000000000000e+00,-1.000000000000000000e+00,-1.000000000000000000e+00,-1.000000000000000000e+00,-1.000000000000000000e+00,-1.000000000000000000e+00,-1.000000000000000000e+00,-1.000000000000000000e+00,-1.000000000000000000e+00,-1.000000000000000000e+00,-1.000000000000000000e+00,-1.000000000000000000e+00,-1.000000000000000000e+00,-1.000000000000000000e+00,-1.000000000000000000e+00,-1.000000000000000000e+00,-1.000000000000000000e+00,-1.000000000000000000e+00
-1.000000000000000000e+00,-1.000000000000000000e+00,-1.000000000000000000e+00,-1.000000000000000000e+00,-1.000000000000000000e+00,-1.000000000000000000e+00,-1.000000000000000000e+00,-1.000000000000000000e+00,-1.000000000000000000e+00,-1.000000000000000000e+00,-1.000000000000000000e+00,-1.000000000000000000e+00,-1.000000000000000000e+00,-1.000000000000000000e+00,-1.000000000000000000e+00,-1.000000000000000000e+00,-1.000000000000000000e+00,-1.000000000000000000e+00,-1.000000000000000000e+00,-1.000000000000000000e+00,-1.000000000000000000e+00,-1.000000000000000000e+00,-1.000000000000000000e+00,-1.000000000000000000e+00,-1.000000000000000000e+00,-1.000000000000000000e+00,-1.000000000000000000e+00,-1.000000000000000000e+00,-1.000000000000000000e+00,-1.000000000000000000e+00,-1.000000000000000000e+00,-1.000000000000000000e+00,-1.000000000000000000e+00,-1.000000000000000000e+00,-1.000000000000000000e+00,-1.000000000000000000e+00,-1.000000000000000000e+00,-1.000000000000000000e+00,-1.000000000000000000e+00,-1.000000000000000000e+00,-1.000000000000000000e+00,-1.000000000000000000e+00,-1.000000000000000000e+00,-1.000000000000000000e+00,-1.000000000000000000e+00,-1.000000000000000000e+00,-1.000000000000000000e+00,-1.000000000000000000e+00,-1.000000000000000000e+00,-1.000000000000000000e+00,-1.000000000000000000e+00,-1.000000000000000000e+00,-1.000000000000000000e+00,-1.000000000000000000e+00,-1.000000000000000000e+00,-1.000000000000000000e+00,-1.000000000000000000e+00,-1.000000000000000000e+00,-1.000000000000000000e+00,-1.000000000000000000e+00,-1.000000000000000000e+00,-1.000000000000000000e+00,-1.000000000000000000e+00,-1.000000000000000000e+00,-1.000000000000000000e+00,-1.000000000000000000e+00,-1.000000000000000000e+00,-1.000000000000000000e+00,-1.000000000000000000e+00,-1.000000000000000000e+00,-1.000000000000000000e+00,-1.000000000000000000e+00,-1.000000000000000000e+00,-1.000000000000000000e+00,-1.000000000000000000e+00,-1.000000000000000000e+00,-1.000000000000000000e+00,-1.000000000000000000e+00,-1.000000000000000000e+00,-1.000000000000000000e+00,-1.000000000000000000e+00,-1.000000000000000000e+00,-1.000000000000000000e+00,-1.000000000000000000e+00,-1.000000000000000000e+00,-1.000000000000000000e+00,-1.000000000000000000e+00,-1.000000000000000000e+00,-1.000000000000000000e+00,-1.000000000000000000e+00,-1.000000000000000000e+00,-1.000000000000000000e+00,-1.000000000000000000e+00,-1.000000000000000000e+00,-1.000000000000000000e+00,-1.000000000000000000e+00,-1.000000000000000000e+00,-1.000000000000000000e+00,-1.000000000000000000e+00,-1.000000000000000000e+00,-1.000000000000000000e+00,-1.000000000000000000e+00,-1.000000000000000000e+00,-1.000000000000000000e+00,-1.000000000000000000e+00,-1.000000000000000000e+00,-1.000000000000000000e+00,-1.000000000000000000e+00,-1.000000000000000000e+00,-1.000000000000000000e+00,-1.000000000000000000e+00,-1.000000000000000000e+00,-1.000000000000000000e+00,-1.000000000000000000e+00,-1.000000000000000000e+00,-1.000000000000000000e+00,-1.000000000000000000e+00,-1.000000000000000000e+00,-1.000000000000000000e+00,-1.000000000000000000e+00,-1.000000000000000000e+00,-1.000000000000000000e+00,-1.000000000000000000e+00,-1.000000000000000000e+00,-1.000000000000000000e+00,-1.000000000000000000e+00
-1.000000000000000000e+00,-1.000000000000000000e+00,-1.000000000000000000e+00,-1.000000000000000000e+00,-1.000000000000000000e+00,-1.000000000000000000e+00,-1.000000000000000000e+00,-1.000000000000000000e+00,-1.000000000000000000e+00,-1.000000000000000000e+00,-1.000000000000000000e+00,-1.000000000000000000e+00,-1.000000000000000000e+00,-1.000000000000000000e+00,-1.000000000000000000e+00,-1.000000000000000000e+00,-1.000000000000000000e+00,-1.000000000000000000e+00,-1.000000000000000000e+00,-1.000000000000000000e+00,-1.000000000000000000e+00,-1.000000000000000000e+00,-1.000000000000000000e+00,-1.000000000000000000e+00,-1.000000000000000000e+00,-1.000000000000000000e+00,-1.000000000000000000e+00,-1.000000000000000000e+00,-1.000000000000000000e+00,-1.000000000000000000e+00,-1.000000000000000000e+00,-1.000000000000000000e+00,-1.000000000000000000e+00,-1.000000000000000000e+00,-1.000000000000000000e+00,-1.000000000000000000e+00,-1.000000000000000000e+00,-1.000000000000000000e+00,-1.000000000000000000e+00,-1.000000000000000000e+00,-1.000000000000000000e+00,-1.000000000000000000e+00,-1.000000000000000000e+00,-1.000000000000000000e+00,-1.000000000000000000e+00,-1.000000000000000000e+00,-1.000000000000000000e+00,-1.000000000000000000e+00,-1.000000000000000000e+00,-1.000000000000000000e+00,-1.000000000000000000e+00,-1.000000000000000000e+00,-1.000000000000000000e+00,-1.000000000000000000e+00,-1.000000000000000000e+00,-1.000000000000000000e+00,-1.000000000000000000e+00,-1.000000000000000000e+00,-1.000000000000000000e+00,-1.000000000000000000e+00,-1.000000000000000000e+00,-1.000000000000000000e+00,-1.000000000000000000e+00,-1.000000000000000000e+00,-1.000000000000000000e+00,-1.000000000000000000e+00,-1.000000000000000000e+00,-1.000000000000000000e+00,-1.000000000000000000e+00,-1.000000000000000000e+00,-1.000000000000000000e+00,-1.000000000000000000e+00,-1.000000000000000000e+00,-1.000000000000000000e+00,-1.000000000000000000e+00,-1.000000000000000000e+00,-1.000000000000000000e+00,-1.000000000000000000e+00,-1.000000000000000000e+00,-1.000000000000000000e+00,-1.000000000000000000e+00,-1.000000000000000000e+00,-1.000000000000000000e+00,-1.000000000000000000e+00,-1.000000000000000000e+00,-1.000000000000000000e+00,-1.000000000000000000e+00,-1.000000000000000000e+00,-1.000000000000000000e+00,-1.000000000000000000e+00,-1.000000000000000000e+00,-1.000000000000000000e+00,-1.000000000000000000e+00,-1.000000000000000000e+00,-1.000000000000000000e+00,-1.000000000000000000e+00,-1.000000000000000000e+00,-1.000000000000000000e+00,-1.000000000000000000e+00,-1.000000000000000000e+00,-1.000000000000000000e+00,-1.000000000000000000e+00,-1.000000000000000000e+00,-1.000000000000000000e+00,-1.000000000000000000e+00,-1.000000000000000000e+00,-1.000000000000000000e+00,-1.000000000000000000e+00,-1.000000000000000000e+00,-1.000000000000000000e+00,-1.000000000000000000e+00,-1.000000000000000000e+00,-1.000000000000000000e+00,-1.000000000000000000e+00,-1.000000000000000000e+00,-1.000000000000000000e+00,-1.000000000000000000e+00,-1.000000000000000000e+00,-1.000000000000000000e+00,-1.000000000000000000e+00,-1.000000000000000000e+00,-1.000000000000000000e+00,-1.000000000000000000e+00,-1.000000000000000000e+00,-1.000000000000000000e+00,-1.000000000000000000e+00
-1.000000000000000000e+00,-1.000000000000000000e+00,-1.000000000000000000e+00,-1.000000000000000000e+00,-1.000000000000000000e+00,-1.000000000000000000e+00,-1.000000000000000000e+00,-1.000000000000000000e+00,-1.000000000000000000e+00,-1.000000000000000000e+00,-1.000000000000000000e+00,-1.000000000000000000e+00,-1.000000000000000000e+00,-1.000000000000000000e+00,-1.000000000000000000e+00,-1.000000000000000000e+00,-1.000000000000000000e+00,-1.000000000000000000e+00,-1.000000000000000000e+00,-1.000000000000000000e+00,-1.000000000000000000e+00,-1.000000000000000000e+00,-1.000000000000000000e+00,-1.000000000000000000e+00,-1.000000000000000000e+00,-1.000000000000000000e+00,-1.000000000000000000e+00,-1.000000000000000000e+00,-1.000000000000000000e+00,-1.000000000000000000e+00,-1.000000000000000000e+00,-1.000000000000000000e+00,-1.000000000000000000e+00,-1.000000000000000000e+00,-1.000000000000000000e+00,-1.000000000000000000e+00,-1.000000000000000000e+00,-1.000000000000000000e+00,-1.000000000000000000e+00,-1.000000000000000000e+00,-1.000000000000000000e+00,-1.000000000000000000e+00,-1.000000000000000000e+00,-1.000000000000000000e+00,-1.000000000000000000e+00,-1.000000000000000000e+00,-1.000000000000000000e+00,-1.000000000000000000e+00,-1.000000000000000000e+00,-1.000000000000000000e+00,-1.000000000000000000e+00,-1.000000000000000000e+00,-1.000000000000000000e+00,-1.000000000000000000e+00,-1.000000000000000000e+00,-1.000000000000000000e+00,-1.000000000000000000e+00,-1.000000000000000000e+00,-1.000000000000000000e+00,-1.000000000000000000e+00,-1.000000000000000000e+00,-1.000000000000000000e+00,-1.000000000000000000e+00,-1.000000000000000000e+00,-1.000000000000000000e+00,-1.000000000000000000e+00,-1.000000000000000000e+00,-1.000000000000000000e+00,-1.000000000000000000e+00,-1.000000000000000000e+00,-1.000000000000000000e+00,-1.000000000000000000e+00,-1.000000000000000000e+00,-1.000000000000000000e+00,-1.000000000000000000e+00,-1.000000000000000000e+00,-1.000000000000000000e+00,-1.000000000000000000e+00,-1.000000000000000000e+00,-1.000000000000000000e+00,-1.000000000000000000e+00,-1.000000000000000000e+00,-1.000000000000000000e+00,-1.000000000000000000e+00,-1.000000000000000000e+00,-1.000000000000000000e+00,-1.000000000000000000e+00,-1.000000000000000000e+00,-1.000000000000000000e+00,-1.000000000000000000e+00,-1.000000000000000000e+00,-1.000000000000000000e+00,-1.000000000000000000e+00,-1.000000000000000000e+00,-1.000000000000000000e+00,-1.000000000000000000e+00,-1.000000000000000000e+00,-1.000000000000000000e+00,-1.000000000000000000e+00,-1.000000000000000000e+00,-1.000000000000000000e+00,-1.000000000000000000e+00,-1.000000000000000000e+00,-1.000000000000000000e+00,-1.000000000000000000e+00,-1.000000000000000000e+00,-1.000000000000000000e+00,-1.000000000000000000e+00,-1.000000000000000000e+00,-1.000000000000000000e+00,-1.000000000000000000e+00,-1.000000000000000000e+00,-1.000000000000000000e+00,-1.000000000000000000e+00,-1.000000000000000000e+00,-1.000000000000000000e+00,-1.000000000000000000e+00,-1.000000000000000000e+00,-1.000000000000000000e+00,-1.000000000000000000e+00,-1.000000000000000000e+00,-1.000000000000000000e+00,-1.000000000000000000e+00,-1.000000000000000000e+00,-1.000000000000000000e+00,-1.000000000000000000e+00
-1.000000000000000000e+00,-1.000000000000000000e+00,-1.000000000000000000e+00,-1.000000000000000000e+00,-1.000000000000000000e+00,-1.000000000000000000e+00,-1.000000000000000000e+00,-1.000000000000000000e+00,-1.000000000000000000e+00,-1.000000000000000000e+00,-1.000000000000000000e+00,-1.000000000000000000e+00,-1.000000000000000000e+00,-1.000000000000000000e+00,-1.000000000000000000e+00,-1.000000000000000000e+00,-1.000000000000000000e+00,-1.000000000000000000e+00,-1.000000000000000000e+00,-1.000000000000000000e+00,-1.000000000000000000e+00,-1.000000000000000000e+00,-1.000000000000000000e+00,-1.000000000000000000e+00,-1.000000000000000000e+00,-1.000000000000000000e+00,-1.000000000000000000e+00,-1.000000000000000000e+00,-1.000000000000000000e+00,-1.000000000000000000e+00,-1.000000000000000000e+00,-1.000000000000000000e+00,-1.000000000000000000e+00,-1.000000000000000000e+00,-1.000000000000000000e+00,-1.000000000000000000e+00,-1.000000000000000000e+00,-1.000000000000000000e+00,-1.000000000000000000e+00,-1.000000000000000000e+00,-1.000000000000000000e+00,-1.000000000000000000e+00,-1.000000000000000000e+00,-1.000000000000000000e+00,-1.000000000000000000e+00,-1.000000000000000000e+00,-1.000000000000000000e+00,-1.000000000000000000e+00,-1.000000000000000000e+00,-1.000000000000000000e+00,-1.000000000000000000e+00,-1.000000000000000000e+00,-1.000000000000000000e+00,-1.000000000000000000e+00,-1.000000000000000000e+00,-1.000000000000000000e+00,-1.000000000000000000e+00,-1.000000000000000000e+00,-1.000000000000000000e+00,-1.000000000000000000e+00,-1.000000000000000000e+00,-1.000000000000000000e+00,-1.000000000000000000e+00,-1.000000000000000000e+00,-1.000000000000000000e+00,-1.000000000000000000e+00,-1.000000000000000000e+00,-1.000000000000000000e+00,-1.000000000000000000e+00,-1.000000000000000000e+00,-1.000000000000000000e+00,-1.000000000000000000e+00,-1.000000000000000000e+00,-1.000000000000000000e+00,-1.000000000000000000e+00,-1.000000000000000000e+00,-1.000000000000000000e+00,-1.000000000000000000e+00,-1.000000000000000000e+00,-1.000000000000000000e+00,-1.000000000000000000e+00,-1.000000000000000000e+00,-1.000000000000000000e+00,-1.000000000000000000e+00,-1.000000000000000000e+00,-1.000000000000000000e+00,-1.000000000000000000e+00,-1.000000000000000000e+00,-1.000000000000000000e+00,-1.000000000000000000e+00,-1.000000000000000000e+00,-1.000000000000000000e+00,-1.000000000000000000e+00,-1.000000000000000000e+00,-1.000000000000000000e+00,-1.000000000000000000e+00,-1.000000000000000000e+00,-1.000000000000000000e+00,-1.000000000000000000e+00,-1.000000000000000000e+00,-1.000000000000000000e+00,-1.000000000000000000e+00,-1.000000000000000000e+00,-1.000000000000000000e+00,-1.000000000000000000e+00,-1.000000000000000000e+00,-1.000000000000000000e+00,-1.000000000000000000e+00,-1.000000000000000000e+00,-1.000000000000000000e+00,-1.000000000000000000e+00,-1.000000000000000000e+00,-1.000000000000000000e+00,-1.000000000000000000e+00,-1.000000000000000000e+00,-1.000000000000000000e+00,-1.000000000000000000e+00,-1.000000000000000000e+00,-1.000000000000000000e+00,-1.000000000000000000e+00,-1.000000000000000000e+00,-1.000000000000000000e+00,-1.000000000000000000e+00,-1.000000000000000000e+00,-1.000000000000000000e+00,-1.000000000000000000e+00
-1.000000000000000000e+00,-1.000000000000000000e+00,-1.000000000000000000e+00,-1.000000000000000000e+00,-1.000000000000000000e+00,-1.000000000000000000e+00,-1.000000000000000000e+00,-1.000000000000000000e+00,-1.000000000000000000e+00,-1.000000000000000000e+00,-1.000000000000000000e+00,-1.000000000000000000e+00,-1.000000000000000000e+00,-1.000000000000000000e+00,-1.000000000000000000e+00,-1.000000000000000000e+00,-1.000000000000000000e+00,-1.000000000000000000e+00,-1.000000000000000000e+00,-1.000000000000000000e+00,-1.000000000000000000e+00,-1.000000000000000000e+00,-1.000000000000000000e+00,-1.000000000000000000e+00,-1.000000000000000000e+00,-1.000000000000000000e+00,-1.000000000000000000e+00,-1.000000000000000000e+00,-1.000000000000000000e+00,-1.000000000000000000e+00,-1.000000000000000000e+00,-1.000000000000000000e+00,-1.000000000000000000e+00,-1.000000000000000000e+00,-1.000000000000000000e+00,-1.000000000000000000e+00,-1.000000000000000000e+00,-1.000000000000000000e+00,-1.000000000000000000e+00,-1.000000000000000000e+00,-1.000000000000000000e+00,-1.000000000000000000e+00,-1.000000000000000000e+00,-1.000000000000000000e+00,-1.000000000000000000e+00,-1.000000000000000000e+00,-1.000000000000000000e+00,-1.000000000000000000e+00,-1.000000000000000000e+00,-1.000000000000000000e+00,-1.000000000000000000e+00,-1.000000000000000000e+00,-1.000000000000000000e+00,-1.000000000000000000e+00,-1.000000000000000000e+00,-1.000000000000000000e+00,-1.000000000000000000e+00,-1.000000000000000000e+00,-1.000000000000000000e+00,-1.000000000000000000e+00,-1.000000000000000000e+00,-1.000000000000000000e+00,-1.000000000000000000e+00,-1.000000000000000000e+00,-1.000000000000000000e+00,-1.000000000000000000e+00,-1.000000000000000000e+00,-1.000000000000000000e+00,-1.000000000000000000e+00,-1.000000000000000000e+00,-1.000000000000000000e+00,-1.000000000000000000e+00,-1.000000000000000000e+00,-1.000000000000000000e+00,-1.000000000000000000e+00,-1.000000000000000000e+00,-1.000000000000000000e+00,-1.000000000000000000e+00,-1.000000000000000000e+00,-1.000000000000000000e+00,-1.000000000000000000e+00,-1.000000000000000000e+00,-1.000000000000000000e+00,-1.000000000000000000e+00,-1.000000000000000000e+00,-1.000000000000000000e+00,-1.000000000000000000e+00,-1.000000000000000000e+00,-1.000000000000000000e+00,-1.000000000000000000e+00,-1.000000000000000000e+00,-1.000000000000000000e+00,-1.000000000000000000e+00,-1.000000000000000000e+00,-1.000000000000000000e+00,-1.000000000000000000e+00,-1.000000000000000000e+00,-1.000000000000000000e+00,-1.000000000000000000e+00,-1.000000000000000000e+00,-1.000000000000000000e+00,-1.000000000000000000e+00,-1.000000000000000000e+00,-1.000000000000000000e+00,-1.000000000000000000e+00,-1.000000000000000000e+00,-1.000000000000000000e+00,-1.000000000000000000e+00,-1.000000000000000000e+00,-1.000000000000000000e+00,-1.000000000000000000e+00,-1.000000000000000000e+00,-1.000000000000000000e+00,-1.000000000000000000e+00,-1.000000000000000000e+00,-1.000000000000000000e+00,-1.000000000000000000e+00,-1.000000000000000000e+00,-1.000000000000000000e+00,-1.000000000000000000e+00,-1.000000000000000000e+00,-1.000000000000000000e+00,-1.000000000000000000e+00,-1.000000000000000000e+00,-1.000000000000000000e+00,-1.000000000000000000e+00
-1.000000000000000000e+00,-1.000000000000000000e+00,-1.000000000000000000e+00,-1.000000000000000000e+00,-1.000000000000000000e+00,-1.000000000000000000e+00,-1.000000000000000000e+00,-1.000000000000000000e+00,-1.000000000000000000e+00,-1.000000000000000000e+00,-1.000000000000000000e+00,-1.000000000000000000e+00,-1.000000000000000000e+00,-1.000000000000000000e+00,-1.000000000000000000e+00,-1.000000000000000000e+00,-1.000000000000000000e+00,-1.000000000000000000e+00,-1.000000000000000000e+00,-1.000000000000000000e+00,-1.000000000000000000e+00,-1.000000000000000000e+00,-1.000000000000000000e+00,-1.000000000000000000e+00,-1.000000000000000000e+00,-1.000000000000000000e+00,-1.000000000000000000e+00,-1.000000000000000000e+00,-1.000000000000000000e+00,-1.000000000000000000e+00,-1.000000000000000000e+00,-1.000000000000000000e+00,-1.000000000000000000e+00,-1.000000000000000000e+00,-1.000000000000000000e+00,-1.000000000000000000e+00,-1.000000000000000000e+00,-1.000000000000000000e+00,-1.000000000000000000e+00,-1.000000000000000000e+00,-1.000000000000000000e+00,-1.000000000000000000e+00,-1.000000000000000000e+00,-1.000000000000000000e+00,-1.000000000000000000e+00,-1.000000000000000000e+00,-1.000000000000000000e+00,-1.000000000000000000e+00,-1.000000000000000000e+00,-1.000000000000000000e+00,-1.000000000000000000e+00,-1.000000000000000000e+00,-1.000000000000000000e+00,-1.000000000000000000e+00,-1.000000000000000000e+00,-1.000000000000000000e+00,-1.000000000000000000e+00,-1.000000000000000000e+00,-1.000000000000000000e+00,-1.000000000000000000e+00,-1.000000000000000000e+00,-1.000000000000000000e+00,-1.000000000000000000e+00,-1.000000000000000000e+00,-1.000000000000000000e+00,-1.000000000000000000e+00,-1.000000000000000000e+00,-1.000000000000000000e+00,-1.000000000000000000e+00,-1.000000000000000000e+00,-1.000000000000000000e+00,-1.000000000000000000e+00,-1.000000000000000000e+00,-1.000000000000000000e+00,-1.000000000000000000e+00,-1.000000000000000000e+00,-1.000000000000000000e+00,-1.000000000000000000e+00,-1.000000000000000000e+00,-1.000000000000000000e+00,-1.000000000000000000e+00,-1.000000000000000000e+00,-1.000000000000000000e+00,-1.000000000000000000e+00,-1.000000000000000000e+00,-1.000000000000000000e+00,-1.000000000000000000e+00,-1.000000000000000000e+00,-1.000000000000000000e+00,-1.000000000000000000e+00,-1.000000000000000000e+00,-1.000000000000000000e+00,-1.000000000000000000e+00,-1.000000000000000000e+00,-1.000000000000000000e+00,-1.000000000000000000e+00,-1.000000000000000000e+00,-1.000000000000000000e+00,-1.000000000000000000e+00,-1.000000000000000000e+00,-1.000000000000000000e+00,-1.000000000000000000e+00,-1.000000000000000000e+00,-1.000000000000000000e+00,-1.000000000000000000e+00,-1.000000000000000000e+00,-1.000000000000000000e+00,-1.000000000000000000e+00,-1.000000000000000000e+00,-1.000000000000000000e+00,-1.000000000000000000e+00,-1.000000000000000000e+00,-1.000000000000000000e+00,-1.000000000000000000e+00,-1.000000000000000000e+00,-1.000000000000000000e+00,-1.000000000000000000e+00,-1.000000000000000000e+00,-1.000000000000000000e+00,-1.000000000000000000e+00,-1.000000000000000000e+00,-1.000000000000000000e+00,-1.000000000000000000e+00,-1.000000000000000000e+00,-1.000000000000000000e+00,-1.000000000000000000e+00
-1.000000000000000000e+00,-1.000000000000000000e+00,-1.000000000000000000e+00,-1.000000000000000000e+00,-1.000000000000000000e+00,-1.000000000000000000e+00,-1.000000000000000000e+00,-1.000000000000000000e+00,-1.000000000000000000e+00,-1.000000000000000000e+00,-1.000000000000000000e+00,-1.000000000000000000e+00,-1.000000000000000000e+00,-1.000000000000000000e+00,-1.000000000000000000e+00,-1.000000000000000000e+00,-1.000000000000000000e+00,-1.000000000000000000e+00,-1.000000000000000000e+00,-1.000000000000000000e+00,-1.000000000000000000e+00,-1.000000000000000000e+00,-1.000000000000000000e+00,-1.000000000000000000e+00,-1.000000000000000000e+00,-1.000000000000000000e+00,-1.000000000000000000e+00,-1.000000000000000000e+00,-1.000000000000000000e+00,-1.000000000000000000e+00,-1.000000000000000000e+00,-1.000000000000000000e+00,-1.000000000000000000e+00,-1.000000000000000000e+00,-1.000000000000000000e+00,-1.000000000000000000e+00,-1.000000000000000000e+00,-1.000000000000000000e+00,-1.000000000000000000e+00,-1.000000000000000000e+00,-1.000000000000000000e+00,-1.000000000000000000e+00,-1.000000000000000000e+00,-1.000000000000000000e+00,-1.000000000000000000e+00,-1.000000000000000000e+00,-1.000000000000000000e+00,-1.000000000000000000e+00,-1.000000000000000000e+00,-1.000000000000000000e+00,-1.000000000000000000e+00,-1.000000000000000000e+00,-1.000000000000000000e+00,-1.000000000000000000e+00,-1.000000000000000000e+00,-1.000000000000000000e+00,-1.000000000000000000e+00,-1.000000000000000000e+00,-1.000000000000000000e+00,-1.000000000000000000e+00,-1.000000000000000000e+00,-1.000000000000000000e+00,-1.000000000000000000e+00,-1.000000000000000000e+00,-1.000000000000000000e+00,-1.000000000000000000e+00,-1.000000000000000000e+00,-1.000000000000000000e+00,-1.000000000000000000e+00,-1.000000000000000000e+00,-1.000000000000000000e+00,-1.000000000000000000e+00,-1.000000000000000000e+00,-1.000000000000000000e+00,-1.000000000000000000e+00,-1.000000000000000000e+00,-1.000000000000000000e+00,-1.000000000000000000e+00,-1.000000000000000000e+00,-1.000000000000000000e+00,-1.000000000000000000e+00,-1.000000000000000000e+00,-1.000000000000000000e+00,-1.000000000000000000e+00,-1.000000000000000000e+00,-1.000000000000000000e+00,-1.000000000000000000e+00,-1.000000000000000000e+00,-1.000000000000000000e+00,-1.000000000000000000e+00,-1.000000000000000000e+00,-1.000000000000000000e+00,-1.000000000000000000e+00,-1.000000000000000000e+00,-1.000000000000000000e+00,-1.000000000000000000e+00,-1.000000000000000000e+00,-1.000000000000000000e+00,-1.000000000000000000e+00,-1.000000000000000000e+00,-1.000000000000000000e+00,-1.000000000000000000e+00,-1.000000000000000000e+00,-1.000000000000000000e+00,-1.000000000000000000e+00,-1.000000000000000000e+00,-1.000000000000000000e+00,-1.000000000000000000e+00,-1.000000000000000000e+00,-1.000000000000000000e+00,-1.000000000000000000e+00,-1.000000000000000000e+00,-1.000000000000000000e+00,-1.000000000000000000e+00,-1.000000000000000000e+00,-1.000000000000000000e+00,-1.000000000000000000e+00,-1.000000000000000000e+00,-1.000000000000000000e+00,-1.000000000000000000e+00,-1.000000000000000000e+00,-1.000000000000000000e+00,-1.000000000000000000e+00,-1.000000000000000000e+00,-1.000000000000000000e+00,-1.000000000000000000e+00
-1.000000000000000000e+00,-1.000000000000000000e+00,-1.000000000000000000e+00,-1.000000000000000000e+00,-1.000000000000000000e+00,-1.000000000000000000e+00,-1.000000000000000000e+00,-1.000000000000000000e+00,-1.000000000000000000e+00,-1.000000000000000000e+00,-1.000000000000000000e+00,-1.000000000000000000e+00,-1.000000000000000000e+00,-1.000000000000000000e+00,-1.000000000000000000e+00,-1.000000000000000000e+00,-1.000000000000000000e+00,-1.000000000000000000e+00,-1.000000000000000000e+00,-1.000000000000000000e+00,-1.000000000000000000e+00,-1.000000000000000000e+00,-1.000000000000000000e+00,-1.000000000000000000e+00,-1.000000000000000000e+00,-1.000000000000000000e+00,-1.000000000000000000e+00,-1.000000000000000000e+00,-1.000000000000000000e+00,-1.000000000000000000e+00,-1.000000000000000000e+00,-1.000000000000000000e+00,-1.000000000000000000e+00,-1.000000000000000000e+00,-1.000000000000000000e+00,-1.000000000000000000e+00,-1.000000000000000000e+00,-1.000000000000000000e+00,-1.000000000000000000e+00,-1.000000000000000000e+00,-1.000000000000000000e+00,-1.000000000000000000e+00,-1.000000000000000000e+00,-1.000000000000000000e+00,-1.000000000000000000e+00,-1.000000000000000000e+00,-1.000000000000000000e+00,-1.000000000000000000e+00,-1.000000000000000000e+00,-1.000000000000000000e+00,-1.000000000000000000e+00,-1.000000000000000000e+00,-1.000000000000000000e+00,-1.000000000000000000e+00,-1.000000000000000000e+00,-1.000000000000000000e+00,-1.000000000000000000e+00,-1.000000000000000000e+00,-1.000000000000000000e+00,-1.000000000000000000e+00,-1.000000000000000000e+00,-1.000000000000000000e+00,-1.000000000000000000e+00,-1.000000000000000000e+00,-1.000000000000000000e+00,-1.000000000000000000e+00,-1.000000000000000000e+00,-1.000000000000000000e+00,-1.000000000000000000e+00,-1.000000000000000000e+00,-1.000000000000000000e+00,-1.000000000000000000e+00,-1.000000000000000000e+00,-1.000000000000000000e+00,-1.000000000000000000e+00,-1.000000000000000000e+00,-1.000000000000000000e+00,-1.000000000000000000e+00,-1.000000000000000000e+00,-1.000000000000000000e+00,-1.000000000000000000e+00,-1.000000000000000000e+00,-1.000000000000000000e+00,-1.000000000000000000e+00,-1.000000000000000000e+00,-1.000000000000000000e+00,-1.000000000000000000e+00,-1.000000000000000000e+00,-1.000000000000000000e+00,-1.000000000000000000e+00,-1.000000000000000000e+00,-1.000000000000000000e+00,-1.000000000000000000e+00,-1.000000000000000000e+00,-1.000000000000000000e+00,-1.000000000000000000e+00,-1.000000000000000000e+00,-1.000000000000000000e+00,-1.000000000000000000e+00,-1.000000000000000000e+00,-1.000000000000000000e+00,-1.000000000000000000e+00,-1.000000000000000000e+00,-1.000000000000000000e+00,-1.000000000000000000e+00,-1.000000000000000000e+00,-1.000000000000000000e+00,-1.000000000000000000e+00,-1.000000000000000000e+00,-1.000000000000000000e+00,-1.000000000000000000e+00,-1.000000000000000000e+00,-1.000000000000000000e+00,-1.000000000000000000e+00,-1.000000000000000000e+00,-1.000000000000000000e+00,-1.000000000000000000e+00,-1.000000000000000000e+00,-1.000000000000000000e+00,-1.000000000000000000e+00,-1.000000000000000000e+00,-1.000000000000000000e+00,-1.000000000000000000e+00,-1.000000000000000000e+00,-1.000000000000000000e+00,-1.000000000000000000e+00
-1.000000000000000000e+00,-1.000000000000000000e+00,-1.000000000000000000e+00,-1.000000000000000000e+00,-1.000000000000000000e+00,-1.000000000000000000e+00,-1.000000000000000000e+00,-1.000000000000000000e+00,-1.000000000000000000e+00,-1.000000000000000000e+00,-1.000000000000000000e+00,-1.000000000000000000e+00,-1.000000000000000000e+00,-1.000000000000000000e+00,-1.000000000000000000e+00,-1.000000000000000000e+00,-1.000000000000000000e+00,-1.000000000000000000e+00,-1.000000000000000000e+00,-1.000000000000000000e+00,-1.000000000000000000e+00,-1.000000000000000000e+00,-1.000000000000000000e+00,-1.000000000000000000e+00,-1.000000000000000000e+00,-1.000000000000000000e+00,-1.000000000000000000e+00,-1.000000000000000000e+00,-1.000000000000000000e+00,-1.000000000000000000e+00,-1.000000000000000000e+00,-1.000000000000000000e+00,-1.000000000000000000e+00,-1.000000000000000000e+00,-1.000000000000000000e+00,-1.000000000000000000e+00,-1.000000000000000000e+00,-1.000000000000000000e+00,-1.000000000000000000e+00,-1.000000000000000000e+00,-1.000000000000000000e+00,-1.000000000000000000e+00,-1.000000000000000000e+00,-1.000000000000000000e+00,-1.000000000000000000e+00,-1.000000000000000000e+00,-1.000000000000000000e+00,-1.000000000000000000e+00,-1.000000000000000000e+00,-1.000000000000000000e+00,-1.000000000000000000e+00,-1.000000000000000000e+00,-1.000000000000000000e+00,-1.000000000000000000e+00,-1.000000000000000000e+00,-1.000000000000000000e+00,-1.000000000000000000e+00,-1.000000000000000000e+00,-1.000000000000000000e+00,-1.000000000000000000e+00,-1.000000000000000000e+00,-1.000000000000000000e+00,-1.000000000000000000e+00,-1.000000000000000000e+00,-1.000000000000000000e+00,-1.000000000000000000e+00,-1.000000000000000000e+00,-1.000000000000000000e+00,-1.000000000000000000e+00,-1.000000000000000000e+00,-1.000000000000000000e+00,-1.000000000000000000e+00,-1.000000000000000000e+00,-1.000000000000000000e+00,-1.000000000000000000e+00,-1.000000000000000000e+00,-1.000000000000000000e+00,-1.000000000000000000e+00,-1.000000000000000000e+00,-1.000000000000000000e+00,-1.000000000000000000e+00,-1.000000000000000000e+00,-1.000000000000000000e+00,-1.000000000000000000e+00,-1.000000000000000000e+00,-1.000000000000000000e+00,-1.000000000000000000e+00,-1.000000000000000000e+00,-1.000000000000000000e+00,-1.000000000000000000e+00,-1.000000000000000000e+00,-1.000000000000000000e+00,-1.000000000000000000e+00,-1.000000000000000000e+00,-1.000000000000000000e+00,-1.000000000000000000e+00,-1.000000000000000000e+00,-1.000000000000000000e+00,-1.000000000000000000e+00,-1.000000000000000000e+00,-1.000000000000000000e+00,-1.000000000000000000e+00,-1.000000000000000000e+00,-1.000000000000000000e+00,-1.000000000000000000e+00,-1.000000000000000000e+00,-1.000000000000000000e+00,-1.000000000000000000e+00,-1.000000000000000000e+00,-1.000000000000000000e+00,-1.000000000000000000e+00,-1.000000000000000000e+00,-1.000000000000000000e+00,-1.000000000000000000e+00,-1.000000000000000000e+00,-1.000000000000000000e+00,-1.000000000000000000e+00,-1.000000000000000000e+00,-1.000000000000000000e+00,-1.000000000000000000e+00,-1.000000000000000000e+00,-1.000000000000000000e+00,-1.000000000000000000e+00,-1.000000000000000000e+00,-1.000000000000000000e+00,-1.000000000000000000e+00
-1.000000000000000000e+00,-1.000000000000000000e+00,-1.000000000000000000e+00,-1.000000000000000000e+00,-1.000000000000000000e+00,-1.000000000000000000e+00,-1.000000000000000000e+00,-1.000000000000000000e+00,-1.000000000000000000e+00,-1.000000000000000000e+00,-1.000000000000000000e+00,-1.000000000000000000e+00,-1.000000000000000000e+00,-1.000000000000000000e+00,-1.000000000000000000e+00,-1.000000000000000000e+00,-1.000000000000000000e+00,-1.000000000000000000e+00,-1.000000000000000000e+00,-1.000000000000000000e+00,-1.000000000000000000e+00,-1.000000000000000000e+00,-1.000000000000000000e+00,-1.000000000000000000e+00,-1.000000000000000000e+00,-1.000000000000000000e+00,-1.000000000000000000e+00,-1.000000000000000000e+00,-1.000000000000000000e+00,-1.000000000000000000e+00,-1.000000000000000000e+00,-1.000000000000000000e+00,-1.000000000000000000e+00,-1.000000000000000000e+00,-1.000000000000000000e+00,-1.000000000000000000e+00,-1.000000000000000000e+00,-1.000000000000000000e+00,-1.000000000000000000e+00,-1.000000000000000000e+00,-1.000000000000000000e+00,-1.000000000000000000e+00,-1.000000000000000000e+00,-1.000000000000000000e+00,-1.000000000000000000e+00,-1.000000000000000000e+00,-1.000000000000000000e+00,-1.000000000000000000e+00,-1.000000000000000000e+00,-1.000000000000000000e+00,-1.000000000000000000e+00,-1.000000000000000000e+00,-1.000000000000000000e+00,-1.000000000000000000e+00,-1.000000000000000000e+00,-1.000000000000000000e+00,-1.000000000000000000e+00,-1.000000000000000000e+00,-1.000000000000000000e+00,-1.000000000000000000e+00,-1.000000000000000000e+00,-1.000000000000000000e+00,-1.000000000000000000e+00,-1.000000000000000000e+00,-1.000000000000000000e+00,-1.000000000000000000e+00,-1.000000000000000000e+00,-1.000000000000000000e+00,-1.000000000000000000e+00,-1.000000000000000000e+00,-1.000000000000000000e+00,-1.000000000000000000e+00,-1.000000000000000000e+00,-1.000000000000000000e+00,-1.000000000000000000e+00,-1.000000000000000000e+00,-1.000000000000000000e+00,-1.000000000000000000e+00,-1.000000000000000000e+00,-1.000000000000000000e+00,-1.000000000000000000e+00,-1.000000000000000000e+00,-1.000000000000000000e+00,-1.000000000000000000e+00,-1.000000000000000000e+00,-1.000000000000000000e+00,-1.000000000000000000e+00,-1.000000000000000000e+00,-1.000000000000000000e+00,-1.000000000000000000e+00,-1.000000000000000000e+00,-1.000000000000000000e+00,-1.000000000000000000e+00,-1.000000000000000000e+00,-1.000000000000000000e+00,-1.000000000000000000e+00,-1.000000000000000000e+00,-1.000000000000000000e+00,-1.000000000000000000e+00,-1.000000000000000000e+00,-1.000000000000000000e+00,-1.000000000000000000e+00,-1.000000000000000000e+00,-1.000000000000000000e+00,-1.000000000000000000e+00,-1.000000000000000000e+00,-1.000000000000000000e+00,-1.000000000000000000e+00,-1.000000000000000000e+00,-1.000000000000000000e+00,-1.000000000000000000e+00,-1.000000000000000000e+00,-1.000000000000000000e+00,-1.000000000000000000e+00,-1.000000000000000000e+00,-1.000000000000000000e+00,-1.000000000000000000e+00,-1.000000000000000000e+00,-1.000000000000000000e+00,-1.000000000000000000e+00,-1.000000000000000000e+00,-1.000000000000000000e+00,-1.000000000000000000e+00,-1.000000000000000000e+00,-1.000000000000000000e+00,-1.000000000000000000e+00
-1.000000000000000000e+00,-1.000000000000000000e+00,-1.000000000000000000e+00,-1.000000000000000000e+00,-1.000000000000000000e+00,-1.000000000000000000e+00,-1.000000000000000000e+00,-1.000000000000000000e+00,-1.000000000000000000e+00,-1.000000000000000000e+00,-1.000000000000000000e+00,-1.000000000000000000e+00,-1.000000000000000000e+00,-1.000000000000000000e+00,-1.000000000000000000e+00,-1.000000000000000000e+00,-1.000000000000000000e+00,-1.000000000000000000e+00,-1.000000000000000000e+00,-1.000000000000000000e+00,-1.000000000000000000e+00,-1.000000000000000000e+00,-1.000000000000000000e+00,-1.000000000000000000e+00,-1.000000000000000000e+00,-1.000000000000000000e+00,-1.000000000000000000e+00,-1.000000000000000000e+00,-1.000000000000000000e+00,-1.000000000000000000e+00,-1.000000000000000000e+00,-1.000000000000000000e+00,-1.000000000000000000e+00,-1.000000000000000000e+00,-1.000000000000000000e+00,-1.000000000000000000e+00,-1.000000000000000000e+00,-1.000000000000000000e+00,-1.000000000000000000e+00,-1.000000000000000000e+00,-1.000000000000000000e+00,-1.000000000000000000e+00,-1.000000000000000000e+00,-1.000000000000000000e+00,-1.000000000000000000e+00,-1.000000000000000000e+00,-1.000000000000000000e+00,-1.000000000000000000e+00,-1.000000000000000000e+00,-1.000000000000000000e+00,-1.000000000000000000e+00,-1.000000000000000000e+00,-1.000000000000000000e+00,-1.000000000000000000e+00,-1.000000000000000000e+00,-1.000000000000000000e+00,-1.000000000000000000e+00,-1.000000000000000000e+00,-1.000000000000000000e+00,-1.000000000000000000e+00,-1.000000000000000000e+00,-1.000000000000000000e+00,-1.000000000000000000e+00,-1.000000000000000000e+00,-1.000000000000000000e+00,-1.000000000000000000e+00,-1.000000000000000000e+00,-1.000000000000000000e+00,-1.000000000000000000e+00,-1.000000000000000000e+00,-1.000000000000000000e+00,-1.000000000000000000e+00,-1.000000000000000000e+00,-1.000000000000000000e+00,-1.000000000000000000e+00,-1.000000000000000000e+00,-1.000000000000000000e+00,-1.000000000000000000e+00,-1.000000000000000000e+00,-1.000000000000000000e+00,-1.000000000000000000e+00,-1.000000000000000000e+00,-1.000000000000000000e+00,-1.000000000000000000e+00,-1.000000000000000000e+00,-1.000000000000000000e+00,-1.000000000000000000e+00,-1.000000000000000000e+00,-1.000000000000000000e+00,-1.000000000000000000e+00,-1.000000000000000000e+00,-1.000000000000000000e+00,-1.000000000000000000e+00,-1.000000000000000000e+00,-1.000000000000000000e+00,-1.000000000000000000e+00,-1.000000000000000000e+00,-1.000000000000000000e+00,-1.000000000000000000e+00,-1.000000000000000000e+00,-1.000000000000000000e+00,-1.000000000000000000e+00,-1.000000000000000000e+00,-1.000000000000000000e+00,-1.000000000000000000e+00,-1.000000000000000000e+00,-1.000000000000000000e+00,-1.000000000000000000e+00,-1.000000000000000000e+00,-1.000000000000000000e+00,-1.000000000000000000e+00,-1.000000000000000000e+00,-1.000000000000000000e+00,-1.000000000000000000e+00,-1.000000000000000000e+00,-1.000000000000000000e+00,-1.000000000000000000e+00,-1.000000000000000000e+00,-1.000000000000000000e+00,-1.000000000000000000e+00,-1.000000000000000000e+00,-1.000000000000000000e+00,-1.000000000000000000e+00,-1.000000000000000000e+00,-1.000000000000000000e+00,-1.000000000000000000e+00
-1.000000000000000000e+00,-1.000000000000000000e+00,-1.000000000000000000e+00,-1.000000000000000000e+00,-1.000000000000000000e+00,-1.000000000000000000e+00,-1.000000000000000000e+00,-1.000000000000000000e+00,-1.000000000000000000e+00,-1.000000000000000000e+00,-1.000000000000000000e+00,-1.000000000000000000e+00,-1.000000000000000000e+00,-1.000000000000000000e+00,-1.000000000000000000e+00,-1.000000000000000000e+00,-1.000000000000000000e+00,-1.000000000000000000e+00,-1.000000000000000000e+00,-1.000000000000000000e+00,-1.000000000000000000e+00,-1.000000000000000000e+00,-1.000000000000000000e+00,-1.000000000000000000e+00,-1.000000000000000000e+00,-1.000000000000000000e+00,-1.000000000000000000e+00,-1.000000000000000000e+00,-1.000000000000000000e+00,-1.000000000000000000e+00,-1.000000000000000000e+00,-1.000000000000000000e+00,-1.000000000000000000e+00,-1.000000000000000000e+00,-1.000000000000000000e+00,-1.000000000000000000e+00,-1.000000000000000000e+00,-1.000000000000000000e+00,-1.000000000000000000e+00,-1.000000000000000000e+00,-1.000000000000000000e+00,-1.000000000000000000e+00,-1.000000000000000000e+00,-1.000000000000000000e+00,-1.000000000000000000e+00,-1.000000000000000000e+00,-1.000000000000000000e+00,-1.000000000000000000e+00,-1.000000000000000000e+00,-1.000000000000000000e+00,-1.000000000000000000e+00,-1.000000000000000000e+00,-1.000000000000000000e+00,-1.000000000000000000e+00,-1.000000000000000000e+00,-1.000000000000000000e+00,-1.000000000000000000e+00,-1.000000000000000000e+00,-1.000000000000000000e+00,-1.000000000000000000e+00,-1.000000000000000000e+00,-1.000000000000000000e+00,-1.000000000000000000e+00,-1.000000000000000000e+00,-1.000000000000000000e+00,-1.000000000000000000e+00,-1.000000000000000000e+00,-1.000000000000000000e+00,-1.000000000000000000e+00,-1.000000000000000000e+00,-1.000000000000000000e+00,-1.000000000000000000e+00,-1.000000000000000000e+00,-1.000000000000000000e+00,-1.000000000000000000e+00,-1.000000000000000000e+00,-1.000000000000000000e+00,-1.000000000000000000e+00,-1.000000000000000000e+00,-1.000000000000000000e+00,-1.000000000000000000e+00,-1.000000000000000000e+00,-1.000000000000000000e+00,-1.000000000000000000e+00,-1.000000000000000000e+00,-1.000000000000000000e+00,-1.000000000000000000e+00,-1.000000000000000000e+00,-1.000000000000000000e+00,-1.000000000000000000e+00,-1.000000000000000000e+00,-1.000000000000000000e+00,-1.000000000000000000e+00,-1.000000000000000000e+00,-1.000000000000000000e+00,-1.000000000000000000e+00,-1.000000000000000000e+00,-1.000000000000000000e+00,-1.000000000000000000e+00,-1.000000000000000000e+00,-1.000000000000000000e+00,-1.000000000000000000e+00,-1.000000000000000000e+00,-1.000000000000000000e+00,-1.000000000000000000e+00,-1.000000000000000000e+00,-1.000000000000000000e+00,-1.000000000000000000e+00,-1.000000000000000000e+00,-1.000000000000000000e+00,-1.000000000000000000e+00,-1.000000000000000000e+00,-1.000000000000000000e+00,-1.000000000000000000e+00,-1.000000000000000000e+00,-1.000000000000000000e+00,-1.000000000000000000e+00,-1.000000000000000000e+00,-1.000000000000000000e+00,-1.000000000000000000e+00,-1.000000000000000000e+00,-1.000000000000000000e+00,-1.000000000000000000e+00,-1.000000000000000000e+00,-1.000000000000000000e+00,-1.000000000000000000e+00
-1.000000000000000000e+00,-1.000000000000000000e+00,-1.000000000000000000e+00,-1.000000000000000000e+00,-1.000000000000000000e+00,-1.000000000000000000e+00,-1.000000000000000000e+00,-1.000000000000000000e+00,-1.000000000000000000e+00,-1.000000000000000000e+00,-1.000000000000000000e+00,-1.000000000000000000e+00,-1.000000000000000000e+00,-1.000000000000000000e+00,-1.000000000000000000e+00,-1.000000000000000000e+00,-1.000000000000000000e+00,-1.000000000000000000e+00,-1.000000000000000000e+00,-1.000000000000000000e+00,-1.000000000000000000e+00,-1.000000000000000000e+00,-1.000000000000000000e+00,-1.000000000000000000e+00,-1.000000000000000000e+00,-1.000000000000000000e+00,-1.000000000000000000e+00,-1.000000000000000000e+00,-1.000000000000000000e+00,-1.000000000000000000e+00,-1.000000000000000000e+00,-1.000000000000000000e+00,-1.000000000000000000e+00,-1.000000000000000000e+00,-1.000000000000000000e+00,-1.000000000000000000e+00,-1.000000000000000000e+00,-1.000000000000000000e+00,-1.000000000000000000e+00,-1.000000000000000000e+00,-1.000000000000000000e+00,-1.000000000000000000e+00,-1.000000000000000000e+00,-1.000000000000000000e+00,-1.000000000000000000e+00,-1.000000000000000000e+00,-1.000000000000000000e+00,-1.000000000000000000e+00,-1.000000000000000000e+00,-1.000000000000000000e+00,-1.000000000000000000e+00,-1.000000000000000000e+00,-1.000000000000000000e+00,-1.000000000000000000e+00,-1.000000000000000000e+00,-1.000000000000000000e+00,-1.000000000000000000e+00,-1.000000000000000000e+00,-1.000000000000000000e+00,-1.000000000000000000e+00,-1.000000000000000000e+00,-1.000000000000000000e+00,-1.000000000000000000e+00,-1.000000000000000000e+00,-1.000000000000000000e+00,-1.000000000000000000e+00,-1.000000000000000000e+00,-1.000000000000000000e+00,-1.000000000000000000e+00,-1.000000000000000000e+00,-1.000000000000000000e+00,-1.000000000000000000e+00,-1.000000000000000000e+00,-1.000000000000000000e+00,-1.000000000000000000e+00,-1.000000000000000000e+00,-1.000000000000000000e+00,-1.000000000000000000e+00,-1.000000000000000000e+00,-1.000000000000000000e+00,-1.000000000000000000e+00,-1.000000000000000000e+00,-1.000000000000000000e+00,-1.000000000000000000e+00,-1.000000000000000000e+00,-1.000000000000000000e+00,-1.000000000000000000e+00,-1.000000000000000000e+00,-1.000000000000000000e+00,-1.000000000000000000e+00,-1.000000000000000000e+00,-1.000000000000000000e+00,-1.000000000000000000e+00,-1.000000000000000000e+00,-1.000000000000000000e+00,-1.000000000000000000e+00,-1.000000000000000000e+00,-1.000000000000000000e+00,-1.000000000000000000e+00,-1.000000000000000000e+00,-1.000000000000000000e+00,-1.000000000000000000e+00,-1.000000000000000000e+00,-1.000000000000000000e+00,-1.000000000000000000e+00,-1.000000000000000000e+00,-1.000000000000000000e+00,-1.000000000000000000e+00,-1.000000000000000000e+00,-1.000000000000000000e+00,-1.000000000000000000e+00,-1.000000000000000000e+00,-1.000000000000000000e+00,-1.000000000000000000e+00,-1.000000000000000000e+00,-1.000000000000000000e+00,-1.000000000000000000e+00,-1.000000000000000000e+00,-1.000000000000000000e+00,-1.000000000000000000e+00,-1.000000000000000000e+00,-1.000000000000000000e+00,-1.000000000000000000e+00,-1.000000000000000000e+00,-1.000000000000000000e+00,-1.000000000000000000e+00
-1.000000000000000000e+00,-1.000000000000000000e+00,-1.000000000000000000e+00,-1.000000000000000000e+00,-1.000000000000000000e+00,-1.000000000000000000e+00,-1.000000000000000000e+00,-1.000000000000000000e+00,-1.000000000000000000e+00,-1.000000000000000000e+00,-1.000000000000000000e+00,-1.000000000000000000e+00,-1.000000000000000000e+00,-1.000000000000000000e+00,-1.000000000000000000e+00,-1.000000000000000000e+00,-1.000000000000000000e+00,-1.000000000000000000e+00,-1.000000000000000000e+00,-1.000000000000000000e+00,-1.000000000000000000e+00,-1.000000000000000000e+00,-1.000000000000000000e+00,-1.000000000000000000e+00,-1.000000000000000000e+00,-1.000000000000000000e+00,-1.000000000000000000e+00,-1.000000000000000000e+00,-1.000000000000000000e+00,-1.000000000000000000e+00,-1.000000000000000000e+00,-1.000000000000000000e+00,-1.000000000000000000e+00,-1.000000000000000000e+00,-1.000000000000000000e+00,-1.000000000000000000e+00,-1.000000000000000000e+00,-1.000000000000000000e+00,-1.000000000000000000e+00,-1.000000000000000000e+00,-1.000000000000000000e+00,-1.000000000000000000e+00,-1.000000000000000000e+00,-1.000000000000000000e+00,-1.000000000000000000e+00,-1.000000000000000000e+00,-1.000000000000000000e+00,-1.000000000000000000e+00,-1.000000000000000000e+00,-1.000000000000000000e+00,-1.000000000000000000e+00,-1.000000000000000000e+00,-1.000000000000000000e+00,-1.000000000000000000e+00,-1.000000000000000000e+00,-1.000000000000000000e+00,-1.000000000000000000e+00,-1.000000000000000000e+00,-1.000000000000000000e+00,-1.000000000000000000e+00,-1.000000000000000000e+00,-1.000000000000000000e+00,-1.000000000000000000e+00,-1.000000000000000000e+00,-1.000000000000000000e+00,-1.000000000000000000e+00,-1.000000000000000000e+00,-1.000000000000000000e+00,-1.000000000000000000e+00,-1.000000000000000000e+00,-1.000000000000000000e+00,-1.000000000000000000e+00,-1.000000000000000000e+00,-1.000000000000000000e+00,-1.000000000000000000e+00,-1.000000000000000000e+00,-1.000000000000000000e+00,-1.000000000000000000e+00,-1.000000000000000000e+00,-1.000000000000000000e+00,-1.000000000000000000e+00,-1.000000000000000000e+00,-1.000000000000000000e+00,-1.000000000000000000e+00,-1.000000000000000000e+00,-1.000000000000000000e+00,-1.000000000000000000e+00,-1.000000000000000000e+00,-1.000000000000000000e+00,-1.000000000000000000e+00,-1.000000000000000000e+00,-1.000000000000000000e+00,-1.000000000000000000e+00,-1.000000000000000000e+00,-1.000000000000000000e+00,-1.000000000000000000e+00,-1.000000000000000000e+00,-1.000000000000000000e+00,-1.000000000000000000e+00,-1.000000000000000000e+00,-1.000000000000000000e+00,-1.000000000000000000e+00,-1.000000000000000000e+00,-1.000000000000000000e+00,-1.000000000000000000e+00,-1.000000000000000000e+00,-1.000000000000000000e+00,-1.000000000000000000e+00,-1.000000000000000000e+00,-1.000000000000000000e+00,-1.000000000000000000e+00,-1.000000000000000000e+00,-1.000000000000000000e+00,-1.000000000000000000e+00,-1.000000000000000000e+00,-1.000000000000000000e+00,-1.000000000000000000e+00,-1.000000000000000000e+00,-1.000000000000000000e+00,-1.000000000000000000e+00,-1.000000000000000000e+00,-1.000000000000000000e+00,-1.000000000000000000e+00,-1.000000000000000000e+00,-1.000000000000000000e+00,-1.000000000000000000e+00
-1.000000000000000000e+00,-1.000000000000000000e+00,-1.000000000000000000e+00,-1.000000000000000000e+00,-1.000000000000000000e+00,-1.000000000000000000e+00,-1.000000000000000000e+00,-1.000000000000000000e+00,-1.000000000000000000e+00,-1.000000000000000000e+00,-1.000000000000000000e+00,-1.000000000000000000e+00,-1.000000000000000000e+00,-1.000000000000000000e+00,-1.000000000000000000e+00,-1.000000000000000000e+00,-1.000000000000000000e+00,-1.000000000000000000e+00,-1.000000000000000000e+00,-1.000000000000000000e+00,-1.000000000000000000e+00,-1.000000000000000000e+00,-1.000000000000000000e+00,-1.000000000000000000e+00,-1.000000000000000000e+00,-1.000000000000000000e+00,-1.000000000000000000e+00,-1.000000000000000000e+00,-1.000000000000000000e+00,-1.000000000000000000e+00,-1.000000000000000000e+00,-1.000000000000000000e+00,-1.000000000000000000e+00,-1.000000000000000000e+00,-1.000000000000000000e+00,-1.000000000000000000e+00,-1.000000000000000000e+00,-1.000000000000000000e+00,-1.000000000000000000e+00,-1.000000000000000000e+00,-1.000000000000000000e+00,-1.000000000000000000e+00,-1.000000000000000000e+00,-1.000000000000000000e+00,-1.000000000000000000e+00,-1.000000000000000000e+00,-1.000000000000000000e+00,-1.000000000000000000e+00,-1.000000000000000000e+00,-1.000000000000000000e+00,-1.000000000000000000e+00,-1.000000000000000000e+00,-1.000000000000000000e+00,-1.000000000000000000e+00,-1.000000000000000000e+00,-1.000000000000000000e+00,-1.000000000000000000e+00,-1.000000000000000000e+00,-1.000000000000000000e+00,-1.000000000000000000e+00,-1.000000000000000000e+00,-1.000000000000000000e+00,-1.000000000000000000e+00,-1.000000000000000000e+00,-1.000000000000000000e+00,-1.000000000000000000e+00,-1.000000000000000000e+00,-1.000000000000000000e+00,-1.000000000000000000e+00,-1.000000000000000000e+00,-1.000000000000000000e+00,-1.000000000000000000e+00,-1.000000000000000000e+00,-1.000000000000000000e+00,-1.000000000000000000e+00,-1.000000000000000000e+00,-1.000000000000000000e+00,-1.000000000000000000e+00,-1.000000000000000000e+00,-1.000000000000000000e+00,-1.000000000000000000e+00,-1.000000000000000000e+00,-1.000000000000000000e+00,-1.000000000000000000e+00,-1.000000000000000000e+00,-1.000000000000000000e+00,-1.000000000000000000e+00,-1.000000000000000000e+00,-1.000000000000000000e+00,-1.000000000000000000e+00,-1.000000000000000000e+00,-1.000000000000000000e+00,-1.000000000000000000e+00,-1.000000000000000000e+00,-1.000000000000000000e+00,-1.000000000000000000e+00,-1.000000000000000000e+00,-1.000000000000000000e+00,-1.000000000000000000e+00,-1.000000000000000000e+00,-1.000000000000000000e+00,-1.000000000000000000e+00,-1.000000000000000000e+00,-1.000000000000000000e+00,-1.000000000000000000e+00,-1.000000000000000000e+00,-1.000000000000000000e+00,-1.000000000000000000e+00,-1.000000000000000000e+00,-1.000000000000000000e+00,-1.000000000000000000e+00,-1.000000000000000000e+00,-1.000000000000000000e+00,-1.000000000000000000e+00,-1.000000000000000000e+00,-1.000000000000000000e+00,-1.000000000000000000e+00,-1.000000000000000000e+00,-1.000000000000000000e+00,-1.000000000000000000e+00,-1.000000000000000000e+00,-1.000000000000000000e+00,-1.000000000000000000e+00,-1.000000000000000000e+00,-1.000000000000000000e+00,-1.000000000000000000e+00
-1.000000000000000000e+00,-1.000000000000000000e+00,-1.000000000000000000e+00,-1.000000000000000000e+00,-1.000000000000000000e+00,-1.000000000000000000e+00,-1.000000000000000000e+00,-1.000000000000000000e+00,-1.000000000000000000e+00,-1.000000000000000000e+00,-1.000000000000000000e+00,-1.000000000000000000e+00,-1.000000000000000000e+00,-1.000000000000000000e+00,-1.000000000000000000e+00,-1.000000000000000000e+00,-1.000000000000000000e+00,-1.000000000000000000e+00,-1.000000000000000000e+00,-1.000000000000000000e+00,-1.000000000000000000e+00,-1.000000000000000000e+00,-1.000000000000000000e+00,-1.000000000000000000e+00,-1.000000000000000000e+00,-1.000000000000000000e+00,-1.000000000000000000e+00,-1.000000000000000000e+00,-1.000000000000000000e+00,-1.000000000000000000e+00,-1.000000000000000000e+00,-1.000000000000000000e+00,-1.000000000000000000e+00,-1.000000000000000000e+00,-1.000000000000000000e+00,-1.000000000000000000e+00,-1.000000000000000000e+00,-1.000000000000000000e+00,-1.000000000000000000e+00,-1.000000000000000000e+00,-1.000000000000000000e+00,-1.000000000000000000e+00,-1.000000000000000000e+00,-1.000000000000000000e+00,-1.000000000000000000e+00,-1.000000000000000000e+00,-1.000000000000000000e+00,-1.000000000000000000e+00,-1.000000000000000000e+00,-1.000000000000000000e+00,-1.000000000000000000e+00,-1.000000000000000000e+00,-1.000000000000000000e+00,-1.000000000000000000e+00,-1.000000000000000000e+00,-1.000000000000000000e+00,-1.000000000000000000e+00,-1.000000000000000000e+00,-1.000000000000000000e+00,-1.000000000000000000e+00,-1.000000000000000000e+00,-1.000000000000000000e+00,-1.000000000000000000e+00,-1.000000000000000000e+00,-1.000000000000000000e+00,-1.000000000000000000e+00,-1.000000000000000000e+00,-1.000000000000000000e+00,-1.000000000000000000e+00,-1.000000000000000000e+00,-1.000000000000000000e+00,-1.000000000000000000e+00,-1.000000000000000000e+00,-1.000000000000000000e+00,-1.000000000000000000e+00,-1.000000000000000000e+00,-1.000000000000000000e+00,-1.000000000000000000e+00,-1.000000000000000000e+00,-1.000000000000000000e+00,-1.000000000000000000e+00,-1.000000000000000000e+00,-1.000000000000000000e+00,-1.000000000000000000e+00,-1.000000000000000000e+00,-1.000000000000000000e+00,-1.000000000000000000e+00,-1.000000000000000000e+00,-1.000000000000000000e+00,-1.000000000000000000e+00,-1.000000000000000000e+00,-1.000000000000000000e+00,-1.000000000000000000e+00,-1.000000000000000000e+00,-1.000000000000000000e+00,-1.000000000000000000e+00,-1.000000000000000000e+00,-1.000000000000000000e+00,-1.000000000000000000e+00,-1.000000000000000000e+00,-1.000000000000000000e+00,-1.000000000000000000e+00,-1.000000000000000000e+00,-1.000000000000000000e+00,-1.000000000000000000e+00,-1.000000000000000000e+00,-1.000000000000000000e+00,-1.000000000000000000e+00,-1.000000000000000000e+00,-1.000000000000000000e+00,-1.000000000000000000e+00,-1.000000000000000000e+00,-1.000000000000000000e+00,-1.000000000000000000e+00,-1.000000000000000000e+00,-1.000000000000000000e+00,-1.000000000000000000e+00,-1.000000000000000000e+00,-1.000000000000000000e+00,-1.000000000000000000e+00,-1.000000000000000000e+00,-1.000000000000000000e+00,-1.000000000000000000e+00,-1.000000000000000000e+00,-1.000000000000000000e+00,-1.000000000000000000e+00
-1.000000000000000000e+00,-1.000000000000000000e+00,-1.000000000000000000e+00,-1.000000000000000000e+00,-1.000000000000000000e+00,-1.000000000000000000e+00,-1.000000000000000000e+00,-1.000000000000000000e+00,-1.000000000000000000e+00,-1.000000000000000000e+00,-1.000000000000000000e+00,-1.000000000000000000e+00,-1.000000000000000000e+00,-1.000000000000000000e+00,-1.000000000000000000e+00,-1.000000000000000000e+00,-1.000000000000000000e+00,-1.000000000000000000e+00,-1.000000000000000000e+00,-1.000000000000000000e+00,-1.000000000000000000e+00,-1.000000000000000000e+00,-1.000000000000000000e+00,-1.000000000000000000e+00,-1.000000000000000000e+00,-1.000000000000000000e+00,-1.000000000000000000e+00,-1.000000000000000000e+00,-1.000000000000000000e+00,-1.000000000000000000e+00,-1.000000000000000000e+00,-1.000000000000000000e+00,-1.000000000000000000e+00,-1.000000000000000000e+00,-1.000000000000000000e+00,-1.000000000000000000e+00,-1.000000000000000000e+00,-1.000000000000000000e+00,-1.000000000000000000e+00,-1.000000000000000000e+00,-1.000000000000000000e+00,-1.000000000000000000e+00,-1.000000000000000000e+00,-1.000000000000000000e+00,-1.000000000000000000e+00,-1.000000000000000000e+00,-1.000000000000000000e+00,-1.000000000000000000e+00,-1.000000000000000000e+00,-1.000000000000000000e+00,-1.000000000000000000e+00,-1.000000000000000000e+00,-1.000000000000000000e+00,-1.000000000000000000e+00,-1.000000000000000000e+00,-1.000000000000000000e+00,-1.000000000000000000e+00,-1.000000000000000000e+00,-1.000000000000000000e+00,-1.000000000000000000e+00,-1.000000000000000000e+00,-1.000000000000000000e+00,-1.000000000000000000e+00,-1.000000000000000000e+00,-1.000000000000000000e+00,-1.000000000000000000e+00,-1.000000000000000000e+00,-1.000000000000000000e+00,-1.000000000000000000e+00,-1.000000000000000000e+00,-1.000000000000000000e+00,-1.000000000000000000e+00,-1.000000000000000000e+00,-1.000000000000000000e+00,-1.000000000000000000e+00,-1.000000000000000000e+00,-1.000000000000000000e+00,-1.000000000000000000e+00,-1.000000000000000000e+00,-1.000000000000000000e+00,-1.000000000000000000e+00,-1.000000000000000000e+00,-1.000000000000000000e+00,-1.000000000000000000e+00,-1.000000000000000000e+00,-1.000000000000000000e+00,-1.000000000000000000e+00,-1.000000000000000000e+00,-1.000000000000000000e+00,-1.000000000000000000e+00,-1.000000000000000000e+00,-1.000000000000000000e+00,-1.000000000000000000e+00,-1.000000000000000000e+00,-1.000000000000000000e+00,-1.000000000000000000e+00,-1.000000000000000000e+00,-1.000000000000000000e+00,-1.000000000000000000e+00,-1.000000000000000000e+00,-1.000000000000000000e+00,-1.000000000000000000e+00,-1.000000000000000000e+00,-1.000000000000000000e+00,-1.000000000000000000e+00,-1.000000000000000000e+00,-1.000000000000000000e+00,-1.000000000000000000e+00,-1.000000000000000000e+00,-1.000000000000000000e+00,-1.000000000000000000e+00,-1.000000000000000000e+00,-1.000000000000000000e+00,-1.000000000000000000e+00,-1.000000000000000000e+00,-1.000000000000000000e+00,-1.000000000000000000e+00,-1.000000000000000000e+00,-1.000000000000000000e+00,-1.000000000000000000e+00,-1.000000000000000000e+00,-1.000000000000000000e+00,-1.000000000000000000e+00,-1.000000000000000000e+00,-1.000000000000000000e+00,-1.000000000000000000e+00
-1.000000000000000000e+00,-1.000000000000000000e+00,-1.000000000000000000e+00,-1.000000000000000000e+00,-1.000000000000000000e+00,-1.000000000000000000e+00,-1.000000000000000000e+00,-1.000000000000000000e+00,-1.000000000000000000e+00,-1.000000000000000000e+00,-1.000000000000000000e+00,-1.000000000000000000e+00,-1.000000000000000000e+00,-1.000000000000000000e+00,-1.000000000000000000e+00,-1.000000000000000000e+00,-1.000000000000000000e+00,-1.000000000000000000e+00,-1.000000000000000000e+00,-1.000000000000000000e+00,-1.000000000000000000e+00,-1.000000000000000000e+00,-1.000000000000000000e+00,-1.000000000000000000e+00,-1.000000000000000000e+00,-1.000000000000000000e+00,-1.000000000000000000e+00,-1.000000000000000000e+00,-1.000000000000000000e+00,-1.000000000000000000e+00,-1.000000000000000000e+00,-1.000000000000000000e+00,-1.000000000000000000e+00,-1.000000000000000000e+00,-1.000000000000000000e+00,-1.000000000000000000e+00,-1.000000000000000000e+00,-1.000000000000000000e+00,-1.000000000000000000e+00,-1.000000000000000000e+00,-1.000000000000000000e+00,-1.000000000000000000e+00,-1.000000000000000000e+00,-1.000000000000000000e+00,-1.000000000000000000e+00,-1.000000000000000000e+00,-1.000000000000000000e+00,-1.000000000000000000e+00,-1.000000000000000000e+00,-1.000000000000000000e+00,-1.000000000000000000e+00,-1.000000000000000000e+00,-1.000000000000000000e+00,-1.000000000000000000e+00,-1.000000000000000000e+00,-1.000000000000000000e+00,-1.000000000000000000e+00,-1.000000000000000000e+00,-1.000000000000000000e+00,-1.000000000000000000e+00,-1.000000000000000000e+00,-1.000000000000000000e+00,-1.000000000000000000e+00,-1.000000000000000000e+00,-1.000000000000000000e+00,-1.000000000000000000e+00,-1.000000000000000000e+00,-1.000000000000000000e+00,-1.000000000000000000e+00,-1.000000000000000000e+00,-1.000000000000000000e+00,-1.000000000000000000e+00,-1.000000000000000000e+00,-1.000000000000000000e+00,-1.000000000000000000e+00,-1.000000000000000000e+00,-1.000000000000000000e+00,-1.000000000000000000e+00,-1.000000000000000000e+00,-1.000000000000000000e+00,-1.000000000000000000e+00,-1.000000000000000000e+00,-1.000000000000000000e+00,-1.000000000000000000e+00,-1.000000000000000000e+00,-1.000000000000000000e+00,-1.000000000000000000e+00,-1.000000000000000000e+00,-1.000000000000000000e+00,-1.000000000000000000e+00,-1.000000000000000000e+00,-1.000000000000000000e+00,-1.000000000000000000e+00,-1.000000000000000000e+00,-1.000000000000000000e+00,-1.000000000000000000e+00,-1.000000000000000000e+00,-1.000000000000000000e+00,-1.000000000000000000e+00,-1.000000000000000000e+00,-1.000000000000000000e+00,-1.000000000000000000e+00,-1.000000000000000000e+00,-1.000000000000000000e+00,-1.000000000000000000e+00,-1.000000000000000000e+00,-1.000000000000000000e+00,-1.000000000000000000e+00,-1.000000000000000000e+00,-1.000000000000000000e+00,-1.000000000000000000e+00,-1.000000000000000000e+00,-1.000000000000000000e+00,-1.000000000000000000e+00,-1.000000000000000000e+00,-1.000000000000000000e+00,-1.000000000000000000e+00,-1.000000000000000000e+00,-1.000000000000000000e+00,-1.000000000000000000e+00,-1.000000000000000000e+00,-1.000000000000000000e+00,-1.000000000000000000e+00,-1.000000000000000000e+00,-1.000000000000000000e+00,-1.000000000000000000e+00
-1.000000000000000000e+00,-1.000000000000000000e+00,-1.000000000000000000e+00,-1.000000000000000000e+00,-1.000000000000000000e+00,-1.000000000000000000e+00,-1.000000000000000000e+00,-1.000000000000000000e+00,-1.000000000000000000e+00,-1.000000000000000000e+00,-1.000000000000000000e+00,-1.000000000000000000e+00,-1.000000000000000000e+00,-1.000000000000000000e+00,-1.000000000000000000e+00,-1.000000000000000000e+00,-1.000000000000000000e+00,-1.000000000000000000e+00,-1.000000000000000000e+00,-1.000000000000000000e+00,-1.000000000000000000e+00,-1.000000000000000000e+00,-1.000000000000000000e+00,-1.000000000000000000e+00,-1.000000000000000000e+00,-1.000000000000000000e+00,-1.000000000000000000e+00,-1.000000000000000000e+00,-1.000000000000000000e+00,-1.000000000000000000e+00,-1.000000000000000000e+00,-1.000000000000000000e+00,-1.000000000000000000e+00,-1.000000000000000000e+00,-1.000000000000000000e+00,-1.000000000000000000e+00,-1.000000000000000000e+00,-1.000000000000000000e+00,-1.000000000000000000e+00,-1.000000000000000000e+00,-1.000000000000000000e+00,-1.000000000000000000e+00,-1.000000000000000000e+00,-1.000000000000000000e+00,-1.000000000000000000e+00,-1.000000000000000000e+00,-1.000000000000000000e+00,-1.000000000000000000e+00,-1.000000000000000000e+00,-1.000000000000000000e+00,-1.000000000000000000e+00,-1.000000000000000000e+00,-1.000000000000000000e+00,-1.000000000000000000e+00,-1.000000000000000000e+00,-1.000000000000000000e+00,-1.000000000000000000e+00,-1.000000000000000000e+00,-1.000000000000000000e+00,-1.000000000000000000e+00,-1.000000000000000000e+00,-1.000000000000000000e+00,-1.000000000000000000e+00,-1.000000000000000000e+00,-1.000000000000000000e+00,-1.000000000000000000e+00,-1.000000000000000000e+00,-1.000000000000000000e+00,-1.000000000000000000e+00,-1.000000000000000000e+00,-1.000000000000000000e+00,-1.000000000000000000e+00,-1.000000000000000000e+00,-1.000000000000000000e+00,-1.000000000000000000e+00,-1.000000000000000000e+00,-1.000000000000000000e+00,-1.000000000000000000e+00,-1.000000000000000000e+00,-1.000000000000000000e+00,-1.000000000000000000e+00,-1.000000000000000000e+00,-1.000000000000000000e+00,-1.000000000000000000e+00,-1.000000000000000000e+00,-1.000000000000000000e+00,-1.000000000000000000e+00,-1.000000000000000000e+00,-1.000000000000000000e+00,-1.000000000000000000e+00,-1.000000000000000000e+00,-1.000000000000000000e+00,-1.000000000000000000e+00,-1.000000000000000000e+00,-1.000000000000000000e+00,-1.000000000000000000e+00,-1.000000000000000000e+00,-1.000000000000000000e+00,-1.000000000000000000e+00,-1.000000000000000000e+00,-1.000000000000000000e+00,-1.000000000000000000e+00,-1.000000000000000000e+00,-1.000000000000000000e+00,-1.000000000000000000e+00,-1.000000000000000000e+00,-1.000000000000000000e+00,-1.000000000000000000e+00,-1.000000000000000000e+00,-1.000000000000000000e+00,-1.000000000000000000e+00,-1.000000000000000000e+00,-1.000000000000000000e+00,-1.000000000000000000e+00,-1.000000000000000000e+00,-1.000000000000000000e+00,-1.000000000000000000e+00,-1.000000000000000000e+00,-1.000000000000000000e+00,-1.000000000000000000e+00,-1.000000000000000000e+00,-1.000000000000000000e+00,-1.000000000000000000e+00,-1.000000000000000000e+00,-1.000000000000000000e+00,-1.000000000000000000e+00
-1.000000000000000000e+00,-1.000000000000000000e+00,-1.000000000000000000e+00,-1.000000000000000000e+00,-1.000000000000000000e+00,-1.000000000000000000e+00,-1.000000000000000000e+00,-1.000000000000000000e+00,-1.000000000000000000e+00,-1.000000000000000000e+00,-1.000000000000000000e+00,-1.000000000000000000e+00,-1.000000000000000000e+00,-1.000000000000000000e+00,-1.000000000000000000e+00,-1.000000000000000000e+00,-1.000000000000000000e+00,-1.000000000000000000e+00,-1.000000000000000000e+00,-1.000000000000000000e+00,-1.000000000000000000e+00,-1.000000000000000000e+00,-1.000000000000000000e+00,-1.000000000000000000e+00,-1.000000000000000000e+00,-1.000000000000000000e+00,-1.000000000000000000e+00,-1.000000000000000000e+00,-1.000000000000000000e+00,-1.000000000000000000e+00,-1.000000000000000000e+00,-1.000000000000000000e+00,-1.000000000000000000e+00,-1.000000000000000000e+00,-1.000000000000000000e+00,-1.000000000000000000e+00,-1.000000000000000000e+00,-1.000000000000000000e+00,-1.000000000000000000e+00,-1.000000000000000000e+00,-1.000000000000000000e+00,-1.000000000000000000e+00,-1.000000000000000000e+00,-1.000000000000000000e+00,-1.000000000000000000e+00,-1.000000000000000000e+00,-1.000000000000000000e+00,-1.000000000000000000e+00,-1.000000000000000000e+00,-1.000000000000000000e+00,-1.000000000000000000e+00,-1.000000000000000000e+00,-1.000000000000000000e+00,-1.000000000000000000e+00,-1.000000000000000000e+00,-1.000000000000000000e+00,-1.000000000000000000e+00,-1.000000000000000000e+00,-1.000000000000000000e+00,-1.000000000000000000e+00,-1.000000000000000000e+00,-1.000000000000000000e+00,-1.000000000000000000e+00,-1.000000000000000000e+00,-1.000000000000000000e+00,-1.000000000000000000e+00,-1.000000000000000000e+00,-1.000000000000000000e+00,-1.000000000000000000e+00,-1.000000000000000000e+00,-1.000000000000000000e+00,-1.000000000000000000e+00,-1.000000000000000000e+00,-1.000000000000000000e+00,-1.000000000000000000e+00,-1.000000000000000000e+00,-1.000000000000000000e+00,-1.000000000000000000e+00,-1.000000000000000000e+00,-1.000000000000000000e+00,-1.000000000000000000e+00,-1.000000000000000000e+00,-1.000000000000000000e+00,-1.000000000000000000e+00,-1.000000000000000000e+00,-1.000000000000000000e+00,-1.000000000000000000e+00,-1.000000000000000000e+00,-1.000000000000000000e+00,-1.000000000000000000e+00,-1.000000000000000000e+00,-1.000000000000000000e+00,-1.000000000000000000e+00,-1.000000000000000000e+00,-1.000000000000000000e+00,-1.000000000000000000e+00,-1.000000000000000000e+00,-1.000000000000000000e+00,-1.000000000000000000e+00,-1.000000000000000000e+00,-1.000000000000000000e+00,-1.000000000000000000e+00,-1.000000000000000000e+00,-1.000000000000000000e+00,-1.000000000000000000e+00,-1.000000000000000000e+00,-1.000000000000000000e+00,-1.000000000000000000e+00,-1.000000000000000000e+00,-1.000000000000000000e+00,-1.000000000000000000e+00,-1.000000000000000000e+00,-1.000000000000000000e+00,-1.000000000000000000e+00,-1.000000000000000000e+00,-1.000000000000000000e+00,-1.000000000000000000e+00,-1.000000000000000000e+00,-1.000000000000000000e+00,-1.000000000000000000e+00,-1.000000000000000000e+00,-1.000000000000000000e+00,-1.000000000000000000e+00,-1.000000000000000000e+00,-1.000000000000000000e+00,-1.000000000000000000e+00
-1.000000000000000000e+00,-1.000000000000000000e+00,-1.000000000000000000e+00,-1.000000000000000000e+00,-1.000000000000000000e+00,-1.000000000000000000e+00,-1.000000000000000000e+00,-1.000000000000000000e+00,-1.000000000000000000e+00,-1.000000000000000000e+00,-1.000000000000000000e+00,-1.000000000000000000e+00,-1.000000000000000000e+00,-1.000000000000000000e+00,-1.000000000000000000e+00,-1.000000000000000000e+00,-1.000000000000000000e+00,-1.000000000000000000e+00,-1.000000000000000000e+00,-1.000000000000000000e+00,-1.000000000000000000e+00,-1.000000000000000000e+00,-1.000000000000000000e+00,-1.000000000000000000e+00,-1.000000000000000000e+00,-1.000000000000000000e+00,-1.000000000000000000e+00,-1.000000000000000000e+00,-1.000000000000000000e+00,-1.000000000000000000e+00,-1.000000000000000000e+00,-1.000000000000000000e+00,-1.000000000000000000e+00,-1.000000000000000000e+00,-1.000000000000000000e+00,-1.000000000000000000e+00,-1.000000000000000000e+00,-1.000000000000000000e+00,-1.000000000000000000e+00,-1.000000000000000000e+00,-1.000000000000000000e+00,-1.000000000000000000e+00,-1.000000000000000000e+00,-1.000000000000000000e+00,-1.000000000000000000e+00,-1.000000000000000000e+00,-1.000000000000000000e+00,-1.000000000000000000e+00,-1.000000000000000000e+00,-1.000000000000000000e+00,-1.000000000000000000e+00,-1.000000000000000000e+00,-1.000000000000000000e+00,-1.000000000000000000e+00,-1.000000000000000000e+00,-1.000000000000000000e+00,-1.000000000000000000e+00,-1.000000000000000000e+00,-1.000000000000000000e+00,-1.000000000000000000e+00,-1.000000000000000000e+00,-1.000000000000000000e+00,-1.000000000000000000e+00,-1.000000000000000000e+00,-1.000000000000000000e+00,-1.000000000000000000e+00,-1.000000000000000000e+00,-1.000000000000000000e+00,-1.000000000000000000e+00,-1.000000000000000000e+00,-1.000000000000000000e+00,-1.000000000000000000e+00,-1.000000000000000000e+00,-1.000000000000000000e+00,-1.000000000000000000e+00,-1.000000000000000000e+00,-1.000000000000000000e+00,-1.000000000000000000e+00,-1.000000000000000000e+00,-1.000000000000000000e+00,-1.000000000000000000e+00,-1.000000000000000000e+00,-1.000000000000000000e+00,-1.000000000000000000e+00,-1.000000000000000000e+00,-1.000000000000000000e+00,-1.000000000000000000e+00,-1.000000000000000000e+00,-1.000000000000000000e+00,-1.000000000000000000e+00,-1.000000000000000000e+00,-1.000000000000000000e+00,-1.000000000000000000e+00,-1.000000000000000000e+00,-1.000000000000000000e+00,-1.000000000000000000e+00,-1.000000000000000000e+00,-1.000000000000000000e+00,-1.000000000000000000e+00,-1.000000000000000000e+00,-1.000000000000000000e+00,-1.000000000000000000e+00,-1.000000000000000000e+00,-1.000000000000000000e+00,-1.000000000000000000e+00,-1.000000000000000000e+00,-1.000000000000000000e+00,-1.000000000000000000e+00,-1.000000000000000000e+00,-1.000000000000000000e+00,-1.000000000000000000e+00,-1.000000000000000000e+00,-1.000000000000000000e+00,-1.000000000000000000e+00,-1.000000000000000000e+00,-1.000000000000000000e+00,-1.000000000000000000e+00,-1.000000000000000000e+00,-1.000000000000000000e+00,-1.000000000000000000e+00,-1.000000000000000000e+00,-1.000000000000000000e+00,-1.000000000000000000e+00,-1.000000000000000000e+00,-1.000000000000000000e+00,-1.000000000000000000e+00
-1.000000000000000000e+00,-1.000000000000000000e+00,-1.000000000000000000e+00,-1.000000000000000000e+00,-1.000000000000000000e+00,-1.000000000000000000e+00,-1.000000000000000000e+00,-1.000000000000000000e+00,-1.000000000000000000e+00,-1.000000000000000000e+00,-1.000000000000000000e+00,-1.000000000000000000e+00,-1.000000000000000000e+00,-1.000000000000000000e+00,-1.000000000000000000e+00,-1.000000000000000000e+00,-1.000000000000000000e+00,-1.000000000000000000e+00,-1.000000000000000000e+00,-1.000000000000000000e+00,-1.000000000000000000e+00,-1.000000000000000000e+00,-1.000000000000000000e+00,-1.000000000000000000e+00,-1.000000000000000000e+00,-1.000000000000000000e+00,-1.000000000000000000e+00,-1.000000000000000000e+00,-1.000000000000000000e+00,-1.000000000000000000e+00,-1.000000000000000000e+00,-1.000000000000000000e+00,-1.000000000000000000e+00,-1.000000000000000000e+00,-1.000000000000000000e+00,-1.000000000000000000e+00,-1.000000000000000000e+00,-1.000000000000000000e+00,-1.000000000000000000e+00,-1.000000000000000000e+00,-1.000000000000000000e+00,-1.000000000000000000e+00,-1.000000000000000000e+00,-1.000000000000000000e+00,-1.000000000000000000e+00,-1.000000000000000000e+00,-1.000000000000000000e+00,-1.000000000000000000e+00,-1.000000000000000000e+00,-1.000000000000000000e+00,-1.000000000000000000e+00,-1.000000000000000000e+00,-1.000000000000000000e+00,-1.000000000000000000e+00,-1.000000000000000000e+00,-1.000000000000000000e+00,-1.000000000000000000e+00,-1.000000000000000000e+00,-1.000000000000000000e+00,-1.000000000000000000e+00,-1.000000000000000000e+00,-1.000000000000000000e+00,-1.000000000000000000e+00,-1.000000000000000000e+00,-1.000000000000000000e+00,-1.000000000000000000e+00,-1.000000000000000000e+00,-1.000000000000000000e+00,-1.000000000000000000e+00,-1.000000000000000000e+00,-1.000000000000000000e+00,-1.000000000000000000e+00,-1.000000000000000000e+00,-1.000000000000000000e+00,-1.000000000000000000e+00,-1.000000000000000000e+00,-1.000000000000000000e+00,-1.000000000000000000e+00,-1.000000000000000000e+00,-1.000000000000000000e+00,-1.000000000000000000e+00,-1.000000000000000000e+00,-1.000000000000000000e+00,-1.000000000000000000e+00,-1.000000000000000000e+00,-1.000000000000000000e+00,-1.000000000000000000e+00,-1.000000000000000000e+00,-1.000000000000000000e+00,-1.000000000000000000e+00,-1.000000000000000000e+00,-1.000000000000000000e+00,-1.000000000000000000e+00,-1.000000000000000000e+00,-1.000000000000000000e+00,-1.000000000000000000e+00,-1.000000000000000000e+00,-1.000000000000000000e+00,-1.000000000000000000e+00,-1.000000000000000000e+00,-1.000000000000000000e+00,-1.000000000000000000e+00,-1.000000000000000000e+00,-1.000000000000000000e+00,-1.000000000000000000e+00,-1.000000000000000000e+00,-1.000000000000000000e+00,-1.000000000000000000e+00,-1.000000000000000000e+00,-1.000000000000000000e+00,-1.000000000000000000e+00,-1.000000000000000000e+00,-1.000000000000000000e+00,-1.000000000000000000e+00,-1.000000000000000000e+00,-1.000000000000000000e+00,-1.000000000000000000e+00,-1.000000000000000000e+00,-1.000000000000000000e+00,-1.000000000000000000e+00,-1.000000000000000000e+00,-1.000000000000000000e+00,-1.000000000000000000e+00,-1.000000000000000000e+00,-1.000000000000000000e+00,-1.000000000000000000e+00
-1.000000000000000000e+00,-1.000000000000000000e+00,-1.000000000000000000e+00,-1.000000000000000000e+00,-1.000000000000000000e+00,-1.000000000000000000e+00,-1.000000000000000000e+00,-1.000000000000000000e+00,-1.000000000000000000e+00,-1.000000000000000000e+00,-1.000000000000000000e+00,-1.000000000000000000e+00,-1.000000000000000000e+00,-1.000000000000000000e+00,-1.000000000000000000e+00,-1.000000000000000000e+00,-1.000000000000000000e+00,-1.000000000000000000e+00,-1.000000000000000000e+00,-1.000000000000000000e+00,-1.000000000000000000e+00,-1.000000000000000000e+00,-1.000000000000000000e+00,-1.000000000000000000e+00,-1.000000000000000000e+00,-1.000000000000000000e+00,-1.000000000000000000e+00,-1.000000000000000000e+00,-1.000000000000000000e+00,-1.000000000000000000e+00,-1.000000000000000000e+00,-1.000000000000000000e+00,-1.000000000000000000e+00,-1.000000000000000000e+00,-1.000000000000000000e+00,-1.000000000000000000e+00,-1.000000000000000000e+00,-1.000000000000000000e+00,-1.000000000000000000e+00,-1.000000000000000000e+00,-1.000000000000000000e+00,-1.000000000000000000e+00,-1.000000000000000000e+00,-1.000000000000000000e+00,-1.000000000000000000e+00,-1.000000000000000000e+00,-1.000000000000000000e+00,-1.000000000000000000e+00,-1.000000000000000000e+00,-1.000000000000000000e+00,-1.000000000000000000e+00,-1.000000000000000000e+00,-1.000000000000000000e+00,-1.000000000000000000e+00,-1.000000000000000000e+00,-1.000000000000000000e+00,-1.000000000000000000e+00,-1.000000000000000000e+00,-1.000000000000000000e+00,-1.000000000000000000e+00,-1.000000000000000000e+00,-1.000000000000000000e+00,-1.000000000000000000e+00,-1.000000000000000000e+00,-1.000000000000000000e+00,-1.000000000000000000e+00,-1.000000000000000000e+00,-1.000000000000000000e+00,-1.000000000000000000e+00,-1.000000000000000000e+00,-1.000000000000000000e+00,-1.000000000000000000e+00,-1.000000000000000000e+00,-1.000000000000000000e+00,-1.000000000000000000e+00,-1.000000000000000000e+00,-1.000000000000000000e+00,-1.000000000000000000e+00,-1.000000000000000000e+00,-1.000000000000000000e+00,-1.000000000000000000e+00,-1.000000000000000000e+00,-1.000000000000000000e+00,-1.000000000000000000e+00,-1.000000000000000000e+00,-1.000000000000000000e+00,-1.000000000000000000e+00,-1.000000000000000000e+00,-1.000000000000000000e+00,-1.000000000000000000e+00,-1.000000000000000000e+00,-1.000000000000000000e+00,-1.000000000000000000e+00,-1.000000000000000000e+00,-1.000000000000000000e+00,-1.000000000000000000e+00,-1.000000000000000000e+00,-1.000000000000000000e+00,-1.000000000000000000e+00,-1.000000000000000000e+00,-1.000000000000000000e+00,-1.000000000000000000e+00,-1.000000000000000000e+00,-1.000000000000000000e+00,-1.000000000000000000e+00,-1.000000000000000000e+00,-1.000000000000000000e+00,-1.000000000000000000e+00,-1.000000000000000000e+00,-1.000000000000000000e+00,-1.000000000000000000e+00,-1.000000000000000000e+00,-1.000000000000000000e+00,-1.000000000000000000e+00,-1.000000000000000000e+00,-1.000000000000000000e+00,-1.000000000000000000e+00,-1.000000000000000000e+00,-1.000000000000000000e+00,-1.000000000000000000e+00,-1.000000000000000000e+00,-1.000000000000000000e+00,-1.000000000000000000e+00,-1.000000000000000000e+00,-1.000000000000000000e+00,-1.000000000000000000e+00
9.165879487991333008e-01,6.197348833084106445e-01,1.031095431258677309e-09,8.938695192337036133e-01,6.893135309219360352e-01,3.510002419352531433e-02,9.065953493118286133e-01,7.498213052749633789e-01,5.259551107883453369e-02,9.123514890670776367e-01,7.929742336273193359e-01,6.090410053730010986e-02,9.118140935897827148e-01,8.261476755142211914e-01,6.941360235214233398e-02,9.743357896804809570e-01,7.806423306465148926e-01,4.685128480195999146e-02,9.656881690025329590e-01,8.582783341407775879e-01,4.468738287687301636e-02,9.345548152923583984e-01,8.856450319290161133e-01,4.043420776724815369e-02,9.079520702362060547e-01,8.900836706161499023e-01,3.923160955309867859e-02,9.806421995162963867e-01,7.767460346221923828e-01,2.718468196690082550e-02,9.624562859535217285e-01,8.658272624015808105e-01,2.396535128355026245e-02,9.268651604652404785e-01,8.878842592239379883e-01,1.863476261496543884e-02,8.973918557167053223e-01,8.910217881202697754e-01,1.579664833843708038e-02,9.756441116333007812e-01,7.757140398025512695e-01,7.669222541153430939e-03,9.594085216522216797e-01,8.648687601089477539e-01,6.245925091207027435e-03,9.245176911354064941e-01,8.875328898429870605e-01,2.268563257530331612e-03,8.963472843170166016e-01,8.897255063056945801e-01,-3.680181180243380368e-05,9.611817598342895508e-01,7.779832482337951660e-01,-9.666516445577144623e-03,9.550791382789611816e-01,8.548417687416076660e-01,-8.973007090389728546e-03,9.335713982582092285e-01,8.832544684410095215e-01,-9.749691002070903778e-03,9.119240641593933105e-01,8.931091427803039551e-01,-1.049175765365362167e-02,-1.000000000000000000e+00,-1.000000000000000000e+00,-1.000000000000000000e+00,-1.000000000000000000e+00,-1.000000000000000000e+00,-1.000000000000000000e+00,-1.000000000000000000e+00,-1.000000000000000000e+00,-1.000000000000000000e+00,-1.000000000000000000e+00,-1.000000000000000000e+00,-1.000000000000000000e+00,-1.000000000000000000e+00,-1.000000000000000000e+00,-1.000000000000000000e+00,-1.000000000000000000e+00,-1.000000000000000000e+00,-1.000000000000000000e+00,-1.000000000000000000e+00,-1.000000000000000000e+00,-1.000000000000000000e+00,-1.000000000000000000e+00,-1.000000000000000000e+00,-1.000000000000000000e+00,-1.000000000000000000e+00,-1.000000000000000000e+00,-1.000000000000000000e+00,-1.000000000000000000e+00,-1.000000000000000000e+00,-1.000000000000000000e+00,-1.000000000000000000e+00,-1.000000000000000000e+00,-1.000000000000000000e+00,-1.000000000000000000e+00,-1.000000000000000000e+00,-1.000000000000000000e+00,-1.000000000000000000e+00,-1.000000000000000000e+00,-1.000000000000000000e+00,-1.000000000000000000e+00,-1.000000000000000000e+00,-1.000000000000000000e+00,-1.000000000000000000e+00,-1.000000000000000000e+00,-1.000000000000000000e+00,-1.000000000000000000e+00,-1.000000000000000000e+00,-1.000000000000000000e+00,-1.000000000000000000e+00,-1.000000000000000000e+00,-1.000000000000000000e+00,-1.000000000000000000e+00,-1.000000000000000000e+00,-1.000000000000000000e+00,-1.000000000000000000e+00,-1.000000000000000000e+00,-1.000000000000000000e+00,-1.000000000000000000e+00,-1.000000000000000000e+00,-1.000000000000000000e+00,-1.000000000000000000e+00,-1.000000000000000000e+00,-1.000000000000000000e+00
9.017915725708007812e-01,6.253960728645324707e-01,-9.205957951508025872e-08,8.803343772888183594e-01,6.980412006378173828e-01,2.754225954413414001e-02,8.914997577667236328e-01,7.551626563072204590e-01,4.309209063649177551e-02,8.971673250198364258e-01,7.953324913978576660e-01,4.864388331770896912e-02,8.988148570060729980e-01,8.315120339393615723e-01,5.492664501070976257e-02,9.622778892517089844e-01,7.750227451324462891e-01,5.519265308976173401e-02,9.495167136192321777e-01,8.494751453399658203e-01,5.204707384109497070e-02,9.144836664199829102e-01,8.711143136024475098e-01,4.218956083059310913e-02,8.852208256721496582e-01,8.698754310607910156e-01,3.699519112706184387e-02,9.688310027122497559e-01,7.721049785614013672e-01,3.768483921885490417e-02,9.547873735427856445e-01,8.574956059455871582e-01,3.542691469192504883e-02,9.147455096244812012e-01,8.763501644134521484e-01,2.460841462016105652e-02,8.841112852096557617e-01,8.722494840621948242e-01,1.829502731561660767e-02,9.619718790054321289e-01,7.726860642433166504e-01,1.888402737677097321e-02,9.535989761352539062e-01,8.603011369705200195e-01,1.620186679065227509e-02,9.137798547744750977e-01,8.823096156120300293e-01,8.299983106553554535e-03,8.825787305831909180e-01,8.779776692390441895e-01,4.507673904299736023e-03,9.459653496742248535e-01,7.778364419937133789e-01,1.409924705512821674e-03,9.452245235443115234e-01,8.530541658401489258e-01,1.536620664410293102e-03,9.169744253158569336e-01,8.726071119308471680e-01,1.643397146835923195e-03,8.889141678810119629e-01,8.692551851272583008e-01,2.550918841734528542e-03,-1.000000000000000000e+00,-1.000000000000000000e+00,-1.000000000000000000e+00,-1.000000000000000000e+00,-1.000000000000000000e+00,-1.000000000000000000e+00,-1.000000000000000000e+00,-1.000000000000000000e+00,-1.000000000000000000e+00,-1.000000000000000000e+00,-1.000000000000000000e+00,-1.000000000000000000e+00,-1.000000000000000000e+00,-1.000000000000000000e+00,-1.000000000000000000e+00,-1.000000000000000000e+00,-1.000000000000000000e+00,-1.000000000000000000e+00,-1.000000000000000000e+00,-1.000000000000000000e+00,-1.000000000000000000e+00,-1.000000000000000000e+00,-1.000000000000000000e+00,-1.000000000000000000e+00,-1.000000000000000000e+00,-1.000000000000000000e+00,-1.000000000000000000e+00,-1.000000000000000000e+00,-1.000000000000000000e+00,-1.000000000000000000e+00,-1.000000000000000000e+00,-1.000000000000000000e+00,-1.000000000000000000e+00,-1.000000000000000000e+00,-1.000000000000000000e+00,-1.000000000000000000e+00,-1.000000000000000000e+00,-1.000000000000000000e+00,-1.000000000000000000e+00,-1.000000000000000000e+00,-1.000000000000000000e+00,-1.000000000000000000e+00,-1.000000000000000000e+00,-1.000000000000000000e+00,-1.000000000000000000e+00,-1.000000000000000000e+00,-1.000000000000000000e+00,-1.000000000000000000e+00,-1.000000000000000000e+00,-1.000000000000000000e+00,-1.000000000000000000e+00,-1.000000000000000000e+00,-1.000000000000000000e+00,-1.000000000000000000e+00,-1.000000000000000000e+00,-1.000000000000000000e+00,-1.000000000000000000e+00,-1.000000000000000000e+00,-1.000000000000000000e+00,-1.000000000000000000e+00,-1.000000000000000000e+00,-1.000000000000000000e+00,-1.000000000000000000e+00
8.976394534111022949e-01,6.330407857894897461e-01,-5.412588066633361450e-08,8.773798346519470215e-01,6.993931531906127930e-01,2.282512560486793518e-02,8.881437778472900391e-01,7.610073685646057129e-01,3.817653656005859375e-02,8.935349583625793457e-01,8.028901219367980957e-01,4.602007195353507996e-02,8.937784433364868164e-01,8.387832641601562500e-01,5.486264824867248535e-02,9.503297209739685059e-01,7.818042039871215820e-01,4.779008403420448303e-02,9.447130560874938965e-01,8.512904644012451172e-01,4.740372672677040100e-02,9.155436158180236816e-01,8.773657083511352539e-01,4.117922112345695496e-02,8.902126550674438477e-01,8.827767968177795410e-01,3.791627660393714905e-02,9.579937458038330078e-01,7.797286510467529297e-01,3.463692218065261841e-02,9.516485333442687988e-01,8.581708073616027832e-01,3.668282181024551392e-02,9.206314682960510254e-01,8.823018670082092285e-01,3.045716509222984314e-02,8.956881761550903320e-01,8.863251805305480957e-01,2.604552544653415680e-02,9.540185928344726562e-01,7.799597978591918945e-01,2.016964927315711975e-02,9.502335190773010254e-01,8.592920303344726562e-01,2.076486311852931976e-02,9.188860654830932617e-01,8.841783404350280762e-01,1.518279593437910080e-02,8.937487602233886719e-01,8.876695036888122559e-01,1.141481194645166397e-02,9.415210485458374023e-01,7.830917239189147949e-01,6.778328213840723038e-03,9.387518167495727539e-01,8.502705097198486328e-01,7.383007556200027466e-03,9.150708913803100586e-01,8.716455101966857910e-01,6.920107174664735794e-03,8.928529620170593262e-01,8.727993965148925781e-01,6.796507164835929871e-03,-1.000000000000000000e+00,-1.000000000000000000e+00,-1.000000000000000000e+00,-1.000000000000000000e+00,-1.000000000000000000e+00,-1.000000000000000000e+00,-1.000000000000000000e+00,-1.000000000000000000e+00,-1.000000000000000000e+00,-1.000000000000000000e+00,-1.000000000000000000e+00,-1.000000000000000000e+00,-1.000000000000000000e+00,-1.000000000000000000e+00,-1.000000000000000000e+00,-1.000000000000000000e+00,-1.000000000000000000e+00,-1.000000000000000000e+00,-1.000000000000000000e+00,-1.000000000000000000e+00,-1.000000000000000000e+00,-1.000000000000000000e+00,-1.000000000000000000e+00,-1.000000000000000000e+00,-1.000000000000000000e+00,-1.000000000000000000e+00,-1.000000000000000000e+00,-1.000000000000000000e+00,-1.000000000000000000e+00,-1.000000000000000000e+00,-1.000000000000000000e+00,-1.000000000000000000e+00,-1.000000000000000000e+00,-1.000000000000000000e+00,-1.000000000000000000e+00,-1.000000000000000000e+00,-1.000000000000000000e+00,-1.000000000000000000e+00,-1.000000000000000000e+00,-1.000000000000000000e+00,-1.000000000000000000e+00,-1.000000000000000000e+00,-1.000000000000000000e+00,-1.000000000000000000e+00,-1.000000000000000000e+00,-1.000000000000000000e+00,-1.000000000000000000e+00,-1.000000000000000000e+00,-1.000000000000000000e+00,-1.000000000000000000e+00,-1.000000000000000000e+00,-1.000000000000000000e+00,-1.000000000000000000e+00,-1.000000000000000000e+00,-1.000000000000000000e+00,-1.000000000000000000e+00,-1.000000000000000000e+00,-1.000000000000000000e+00,-1.000000000000000000e+00,-1.000000000000000000e+00,-1.000000000000000000e+00,-1.000000000000000000e+00,-1.000000000000000000e+00
8.976394534111022949e-01,6.330407857894897461e-01,-5.412588066633361450e-08,8.773798346519470215e-01,6.993931531906127930e-01,2.282512560486793518e-02,8.881437778472900391e-01,7.610073685646057129e-01,3.817653656005859375e-02,8.935349583625793457e-01,8.028901219367980957e-01,4.602007195353507996e-02,8.937784433364868164e-01,8.387832641601562500e-01,5.486264824867248535e-02,9.503297209739685059e-01,7.818042039871215820e-01,4.779008403420448303e-02,9.447130560874938965e-01,8.512904644012451172e-01,4.740372672677040100e-02,9.155436158180236816e-01,8.773657083511352539e-01,4.117922112345695496e-02,8.902126550674438477e-01,8.827767968177795410e-01,3.791627660393714905e-02,9.579937458038330078e-01,7.797286510467529297e-01,3.463692218065261841e-02,9.516485333442687988e-01,8.581708073616027832e-01,3.668282181024551392e-02,9.206314682960510254e-01,8.823018670082092285e-01,3.045716509222984314e-02,8.956881761550903320e-01,8.863251805305480957e-01,2.604552544653415680e-02,9.540185928344726562e-01,7.799597978591918945e-01,2.016964927315711975e-02,9.502335190773010254e-01,8.592920303344726562e-01,2.076486311852931976e-02,9.188860654830932617e-01,8.841783404350280762e-01,1.518279593437910080e-02,8.937487602233886719e-01,8.876695036888122559e-01,1.141481194645166397e-02,9.415210485458374023e-01,7.830917239189147949e-01,6.778328213840723038e-03,9.387518167495727539e-01,8.502705097198486328e-01,7.383007556200027466e-03,9.150708913803100586e-01,8.716455101966857910e-01,6.920107174664735794e-03,8.928529620170593262e-01,8.727993965148925781e-01,6.796507164835929871e-03,-1.000000000000000000e+00,-1.000000000000000000e+00,-1.000000000000000000e+00,-1.000000000000000000e+00,-1.000000000000000000e+00,-1.000000000000000000e+00,-1.000000000000000000e+00,-1.000000000000000000e+00,-1.000000000000000000e+00,-1.000000000000000000e+00,-1.000000000000000000e+00,-1.000000000000000000e+00,-1.000000000000000000e+00,-1.000000000000000000e+00,-1.000000000000000000e+00,-1.000000000000000000e+00,-1.000000000000000000e+00,-1.000000000000000000e+00,-1.000000000000000000e+00,-1.000000000000000000e+00,-1.000000000000000000e+00,-1.000000000000000000e+00,-1.000000000000000000e+00,-1.000000000000000000e+00,-1.000000000000000000e+00,-1.000000000000000000e+00,-1.000000000000000000e+00,-1.000000000000000000e+00,-1.000000000000000000e+00,-1.000000000000000000e+00,-1.000000000000000000e+00,-1.000000000000000000e+00,-1.000000000000000000e+00,-1.000000000000000000e+00,-1.000000000000000000e+00,-1.000000000000000000e+00,-1.000000000000000000e+00,-1.000000000000000000e+00,-1.000000000000000000e+00,-1.000000000000000000e+00,-1.000000000000000000e+00,-1.000000000000000000e+00,-1.000000000000000000e+00,-1.000000000000000000e+00,-1.000000000000000000e+00,-1.000000000000000000e+00,-1.000000000000000000e+00,-1.000000000000000000e+00,-1.000000000000000000e+00,-1.000000000000000000e+00,-1.000000000000000000e+00,-1.000000000000000000e+00,-1.000000000000000000e+00,-1.000000000000000000e+00,-1.000000000000000000e+00,-1.000000000000000000e+00,-1.000000000000000000e+00,-1.000000000000000000e+00,-1.000000000000000000e+00,-1.000000000000000000e+00,-1.000000000000000000e+00,-1.000000000000000000e+00,-1.000000000000000000e+00
8.992812037467956543e-01,6.325721740722656250e-01,-7.529452261678670766e-08,8.792463541030883789e-01,7.014217972755432129e-01,3.467726334929466248e-02,8.893516659736633301e-01,7.611321210861206055e-01,5.279670655727386475e-02,8.928650617599487305e-01,8.023160696029663086e-01,5.983485281467437744e-02,8.914406299591064453e-01,8.379839062690734863e-01,6.686988472938537598e-02,9.523289203643798828e-01,7.848567366600036621e-01,6.011211127042770386e-02,9.420772790908813477e-01,8.531093597412109375e-01,6.085140630602836609e-02,9.097817540168762207e-01,8.747641444206237793e-01,5.457882210612297058e-02,8.827375173568725586e-01,8.756144642829895020e-01,5.109027400612831116e-02,9.594101905822753906e-01,7.815524339675903320e-01,3.921113908290863037e-02,9.476521015167236328e-01,8.617048263549804688e-01,4.043835774064064026e-02,9.118407368659973145e-01,8.818662166595458984e-01,3.330032154917716980e-02,8.845571279525756836e-01,8.789941072463989258e-01,2.876427583396434784e-02,9.548448920249938965e-01,7.793233990669250488e-01,1.759951934218406677e-02,9.474241733551025391e-01,8.616964817047119141e-01,1.833834499120712280e-02,9.103195071220397949e-01,8.829065561294555664e-01,1.393311377614736557e-02,8.821436166763305664e-01,8.795644044876098633e-01,1.120161730796098709e-02,9.416547417640686035e-01,7.808474898338317871e-01,-2.180449198931455612e-03,9.395717382431030273e-01,8.514958620071411133e-01,-6.417955737560987473e-04,9.126891493797302246e-01,8.694609403610229492e-01,5.948386969976127148e-04,8.873602747917175293e-01,8.660479784011840820e-01,1.525366096757352352e-03,-1.000000000000000000e+00,-1.000000000000000000e+00,-1.000000000000000000e+00,-1.000000000000000000e+00,-1.000000000000000000e+00,-1.000000000000000000e+00,-1.000000000000000000e+00,-1.000000000000000000e+00,-1.000000000000000000e+00,-1.000000000000000000e+00,-1.000000000000000000e+00,-1.000000000000000000e+00,-1.000000000000000000e+00,-1.000000000000000000e+00,-1.000000000000000000e+00,-1.000000000000000000e+00,-1.000000000000000000e+00,-1.000000000000000000e+00,-1.000000000000000000e+00,-1.000000000000000000e+00,-1.000000000000000000e+00,-1.000000000000000000e+00,-1.000000000000000000e+00,-1.000000000000000000e+00,-1.000000000000000000e+00,-1.000000000000000000e+00,-1.000000000000000000e+00,-1.000000000000000000e+00,-1.000000000000000000e+00,-1.000000000000000000e+00,-1.000000000000000000e+00,-1.000000000000000000e+00,-1.000000000000000000e+00,-1.000000000000000000e+00,-1.000000000000000000e+00,-1.000000000000000000e+00,-1.000000000000000000e+00,-1.000000000000000000e+00,-1.000000000000000000e+00,-1.000000000000000000e+00,-1.000000000000000000e+00,-1.000000000000000000e+00,-1.000000000000000000e+00,-1.000000000000000000e+00,-1.000000000000000000e+00,-1.000000000000000000e+00,-1.000000000000000000e+00,-1.000000000000000000e+00,-1.000000000000000000e+00,-1.000000000000000000e+00,-1.000000000000000000e+00,-1.000000000000000000e+00,-1.000000000000000000e+00,-1.000000000000000000e+00,-1.000000000000000000e+00,-1.000000000000000000e+00,-1.000000000000000000e+00,-1.000000000000000000e+00,-1.000000000000000000e+00,-1.000000000000000000e+00,-1.000000000000000000e+00,-1.000000000000000000e+00,-1.000000000000000000e+00
8.821063041687011719e-01,6.363388299942016602e-01,2.740759974528828025e-08,8.534411787986755371e-01,7.115920782089233398e-01,3.113730065524578094e-02,8.585957288742065430e-01,7.729827165603637695e-01,4.743884131312370300e-02,8.590480089187622070e-01,8.179893493652343750e-01,5.393577367067337036e-02,8.583088517189025879e-01,8.570960164070129395e-01,6.084516644477844238e-02,9.276651144027709961e-01,7.952564954757690430e-01,6.260120123624801636e-02,9.191550612449645996e-01,8.613541126251220703e-01,7.003990560770034790e-02,8.913901448249816895e-01,8.909790515899658203e-01,6.681780517101287842e-02,8.684176802635192871e-01,9.044517278671264648e-01,6.300935149192810059e-02,9.334585666656494141e-01,7.948232293128967285e-01,4.418819397687911987e-02,9.209098219871520996e-01,8.697630167007446289e-01,5.335606262087821960e-02,8.931717276573181152e-01,8.987922668457031250e-01,4.825469851493835449e-02,8.704189658164978027e-01,9.117186665534973145e-01,4.243819415569305420e-02,9.267526268959045410e-01,7.943011522293090820e-01,2.508654259145259857e-02,9.172910451889038086e-01,8.720097541809082031e-01,3.382783383131027222e-02,8.883503675460815430e-01,9.008425474166870117e-01,3.256678581237792969e-02,8.651899099349975586e-01,9.113014340400695801e-01,2.904646284878253937e-02,9.084577560424804688e-01,7.937309145927429199e-01,7.011982612311840057e-03,9.018427133560180664e-01,8.615244030952453613e-01,1.701731048524379730e-02,8.808786273002624512e-01,8.860578536987304688e-01,2.284374833106994629e-02,8.612127304077148438e-01,8.909543156623840332e-01,2.498133666813373566e-02,-1.000000000000000000e+00,-1.000000000000000000e+00,-1.000000000000000000e+00,-1.000000000000000000e+00,-1.000000000000000000e+00,-1.000000000000000000e+00,-1.000000000000000000e+00,-1.000000000000000000e+00,-1.000000000000000000e+00,-1.000000000000000000e+00,-1.000000000000000000e+00,-1.000000000000000000e+00,-1.000000000000000000e+00,-1.000000000000000000e+00,-1.000000000000000000e+00,-1.000000000000000000e+00,-1.000000000000000000e+00,-1.000000000000000000e+00,-1.000000000000000000e+00,-1.000000000000000000e+00,-1.000000000000000000e+00,-1.000000000000000000e+00,-1.000000000000000000e+00,-1.000000000000000000e+00,-1.000000000000000000e+00,-1.000000000000000000e+00,-1.000000000000000000e+00,-1.000000000000000000e+00,-1.000000000000000000e+00,-1.000000000000000000e+00,-1.000000000000000000e+00,-1.000000000000000000e+00,-1.000000000000000000e+00,-1.000000000000000000e+00,-1.000000000000000000e+00,-1.000000000000000000e+00,-1.000000000000000000e+00,-1.000000000000000000e+00,-1.000000000000000000e+00,-1.000000000000000000e+00,-1.000000000000000000e+00,-1.000000000000000000e+00,-1.000000000000000000e+00,-1.000000000000000000e+00,-1.000000000000000000e+00,-1.000000000000000000e+00,-1.000000000000000000e+00,-1.000000000000000000e+00,-1.000000000000000000e+00,-1.000000000000000000e+00,-1.000000000000000000e+00,-1.000000000000000000e+00,-1.000000000000000000e+00,-1.000000000000000000e+00,-1.000000000000000000e+00,-1.000000000000000000e+00,-1.000000000000000000e+00,-1.000000000000000000e+00,-1.000000000000000000e+00,-1.000000000000000000e+00,-1.000000000000000000e+00,-1.000000000000000000e+00,-1.000000000000000000e+00
8.811740279197692871e-01,6.426284313201904297e-01,1.242032539039428229e-07,8.536841869354248047e-01,7.162232995033264160e-01,2.826943807303905487e-02,8.589484691619873047e-01,7.749259471893310547e-01,4.291331768035888672e-02,8.594369292259216309e-01,8.183785080909729004e-01,4.849335178732872009e-02,8.575552701950073242e-01,8.557571172714233398e-01,5.467597767710685730e-02,9.278416633605957031e-01,7.955430150032043457e-01,5.743843317031860352e-02,9.178535342216491699e-01,8.600479960441589355e-01,6.189636513590812683e-02,8.915776610374450684e-01,8.925059437751770020e-01,5.704331770539283752e-02,8.700404763221740723e-01,9.081572294235229492e-01,5.271324142813682556e-02,9.333894252777099609e-01,7.941657304763793945e-01,4.028553515672683716e-02,9.212329983711242676e-01,8.682084679603576660e-01,4.679435491561889648e-02,8.941542506217956543e-01,8.987752199172973633e-01,4.122608527541160583e-02,8.716528415679931641e-01,9.151120185852050781e-01,3.549073264002799988e-02,9.260569810867309570e-01,7.935335636138916016e-01,2.228649146854877472e-02,9.166389703750610352e-01,8.693376779556274414e-01,2.849974855780601501e-02,8.891044259071350098e-01,8.995886445045471191e-01,2.654330246150493622e-02,8.665890693664550781e-01,9.138333201408386230e-01,2.322592958807945251e-02,9.077918529510498047e-01,7.940312623977661133e-01,5.160337779670953751e-03,9.005954861640930176e-01,8.583631515502929688e-01,1.378686726093292236e-02,8.811780810356140137e-01,8.834657669067382812e-01,1.910408772528171539e-02,8.627344369888305664e-01,8.926635980606079102e-01,2.132099121809005737e-02,-1.000000000000000000e+00,-1.000000000000000000e+00,-1.000000000000000000e+00,-1.000000000000000000e+00,-1.000000000000000000e+00,-1.000000000000000000e+00,-1.000000000000000000e+00,-1.000000000000000000e+00,-1.000000000000000000e+00,-1.000000000000000000e+00,-1.000000000000000000e+00,-1.000000000000000000e+00,-1.000000000000000000e+00,-1.000000000000000000e+00,-1.000000000000000000e+00,-1.000000000000000000e+00,-1.000000000000000000e+00,-1.000000000000000000e+00,-1.000000000000000000e+00,-1.000000000000000000e+00,-1.000000000000000000e+00,-1.000000000000000000e+00,-1.000000000000000000e+00,-1.000000000000000000e+00,-1.000000000000000000e+00,-1.000000000000000000e+00,-1.000000000000000000e+00,-1.000000000000000000e+00,-1.000000000000000000e+00,-1.000000000000000000e+00,-1.000000000000000000e+00,-1.000000000000000000e+00,-1.000000000000000000e+00,-1.000000000000000000e+00,-1.000000000000000000e+00,-1.000000000000000000e+00,-1.000000000000000000e+00,-1.000000000000000000e+00,-1.000000000000000000e+00,-1.000000000000000000e+00,-1.000000000000000000e+00,-1.000000000000000000e+00,-1.000000000000000000e+00,-1.000000000000000000e+00,-1.000000000000000000e+00,-1.000000000000000000e+00,-1.000000000000000000e+00,-1.000000000000000000e+00,-1.000000000000000000e+00,-1.000000000000000000e+00,-1.000000000000000000e+00,-1.000000000000000000e+00,-1.000000000000000000e+00,-1.000000000000000000e+00,-1.000000000000000000e+00,-1.000000000000000000e+00,-1.000000000000000000e+00,-1.000000000000000000e+00,-1.000000000000000000e+00,-1.000000000000000000e+00,-1.000000000000000000e+00,-1.000000000000000000e+00,-1.000000000000000000e+00
8.811740279197692871e-01,6.426284313201904297e-01,1.242032539039428229e-07,8.536841869354248047e-01,7.162232995033264160e-01,2.826943807303905487e-02,8.589484691619873047e-01,7.749259471893310547e-01,4.291331768035888672e-02,8.594369292259216309e-01,8.183785080909729004e-01,4.849335178732872009e-02,8.575552701950073242e-01,8.557571172714233398e-01,5.467597767710685730e-02,9.278416633605957031e-01,7.955430150032043457e-01,5.743843317031860352e-02,9.178535342216491699e-01,8.600479960441589355e-01,6.189636513590812683e-02,8.915776610374450684e-01,8.925059437751770020e-01,5.704331770539283752e-02,8.700404763221740723e-01,9.081572294235229492e-01,5.271324142813682556e-02,9.333894252777099609e-01,7.941657304763793945e-01,4.028553515672683716e-02,9.212329983711242676e-01,8.682084679603576660e-01,4.679435491561889648e-02,8.941542506217956543e-01,8.987752199172973633e-01,4.122608527541160583e-02,8.716528415679931641e-01,9.151120185852050781e-01,3.549073264002799988e-02,9.260569810867309570e-01,7.935335636138916016e-01,2.228649146854877472e-02,9.166389703750610352e-01,8.693376779556274414e-01,2.849974855780601501e-02,8.891044259071350098e-01,8.995886445045471191e-01,2.654330246150493622e-02,8.665890693664550781e-01,9.138333201408386230e-01,2.322592958807945251e-02,9.077918529510498047e-01,7.940312623977661133e-01,5.160337779670953751e-03,9.005954861640930176e-01,8.583631515502929688e-01,1.378686726093292236e-02,8.811780810356140137e-01,8.834657669067382812e-01,1.910408772528171539e-02,8.627344369888305664e-01,8.926635980606079102e-01,2.132099121809005737e-02,-1.000000000000000000e+00,-1.000000000000000000e+00,-1.000000000000000000e+00,-1.000000000000000000e+00,-1.000000000000000000e+00,-1.000000000000000000e+00,-1.000000000000000000e+00,-1.000000000000000000e+00,-1.000000000000000000e+00,-1.000000000000000000e+00,-1.000000000000000000e+00,-1.000000000000000000e+00,-1.000000000000000000e+00,-1.000000000000000000e+00,-1.000000000000000000e+00,-1.000000000000000000e+00,-1.000000000000000000e+00,-1.000000000000000000e+00,-1.000000000000000000e+00,-1.000000000000000000e+00,-1.000000000000000000e+00,-1.000000000000000000e+00,-1.000000000000000000e+00,-1.000000000000000000e+00,-1.000000000000000000e+00,-1.000000000000000000e+00,-1.000000000000000000e+00,-1.000000000000000000e+00,-1.000000000000000000e+00,-1.000000000000000000e+00,-1.000000000000000000e+00,-1.000000000000000000e+00,-1.000000000000000000e+00,-1.000000000000000000e+00,-1.000000000000000000e+00,-1.000000000000000000e+00,-1.000000000000000000e+00,-1.000000000000000000e+00,-1.000000000000000000e+00,-1.000000000000000000e+00,-1.000000000000000000e+00,-1.000000000000000000e+00,-1.000000000000000000e+00,-1.000000000000000000e+00,-1.000000000000000000e+00,-1.000000000000000000e+00,-1.000000000000000000e+00,-1.000000000000000000e+00,-1.000000000000000000e+00,-1.000000000000000000e+00,-1.000000000000000000e+00,-1.000000000000000000e+00,-1.000000000000000000e+00,-1.000000000000000000e+00,-1.000000000000000000e+00,-1.000000000000000000e+00,-1.000000000000000000e+00,-1.000000000000000000e+00,-1.000000000000000000e+00,-1.000000000000000000e+00,-1.000000000000000000e+00,-1.000000000000000000e+00,-1.000000000000000000e+00
8.646108508110046387e-01,6.548017263412475586e-01,2.206623577194477548e-07,8.415882587432861328e-01,7.300220727920532227e-01,2.033665962517261505e-02,8.460038304328918457e-01,7.872414588928222656e-01,2.813979983329772949e-02,8.457106351852416992e-01,8.259982466697692871e-01,2.773896604776382446e-02,8.454464077949523926e-01,8.647493720054626465e-01,2.751200832426548004e-02,9.114425182342529297e-01,8.052480816841125488e-01,4.511615633964538574e-02,9.034891724586486816e-01,8.657408356666564941e-01,4.278071969747543335e-02,8.851829767227172852e-01,9.091894030570983887e-01,3.352468088269233704e-02,8.687287569046020508e-01,9.383178949356079102e-01,2.633567899465560913e-02,9.139178991317749023e-01,8.044309020042419434e-01,2.875495702028274536e-02,9.044594168663024902e-01,8.719974160194396973e-01,2.903975546360015869e-02,8.860098123550415039e-01,9.124076366424560547e-01,2.094680257141590118e-02,8.685385584831237793e-01,9.412780404090881348e-01,1.363871712237596512e-02,9.055741429328918457e-01,8.030866384506225586e-01,1.101413927972316742e-02,8.962557911872863770e-01,8.735600709915161133e-01,1.101569179445505142e-02,8.752925395965576172e-01,9.124704003334045410e-01,8.626164868474006653e-03,8.579486012458801270e-01,9.385823011398315430e-01,5.810245871543884277e-03,8.861178159713745117e-01,8.014740347862243652e-01,-6.537027657032012939e-03,8.754521012306213379e-01,8.656015396118164062e-01,-3.296585520729422569e-03,8.593719601631164551e-01,8.968963027000427246e-01,1.445545232854783535e-03,8.455782532691955566e-01,9.140278100967407227e-01,3.825582098215818405e-03,-1.000000000000000000e+00,-1.000000000000000000e+00,-1.000000000000000000e+00,-1.000000000000000000e+00,-1.000000000000000000e+00,-1.000000000000000000e+00,-1.000000000000000000e+00,-1.000000000000000000e+00,-1.000000000000000000e+00,-1.000000000000000000e+00,-1.000000000000000000e+00,-1.000000000000000000e+00,-1.000000000000000000e+00,-1.000000000000000000e+00,-1.000000000000000000e+00,-1.000000000000000000e+00,-1.000000000000000000e+00,-1.000000000000000000e+00,-1.000000000000000000e+00,-1.000000000000000000e+00,-1.000000000000000000e+00,-1.000000000000000000e+00,-1.000000000000000000e+00,-1.000000000000000000e+00,-1.000000000000000000e+00,-1.000000000000000000e+00,-1.000000000000000000e+00,-1.000000000000000000e+00,-1.000000000000000000e+00,-1.000000000000000000e+00,-1.000000000000000000e+00,-1.000000000000000000e+00,-1.000000000000000000e+00,-1.000000000000000000e+00,-1.000000000000000000e+00,-1.000000000000000000e+00,-1.000000000000000000e+00,-1.000000000000000000e+00,-1.000000000000000000e+00,-1.000000000000000000e+00,-1.000000000000000000e+00,-1.000000000000000000e+00,-1.000000000000000000e+00,-1.000000000000000000e+00,-1.000000000000000000e+00,-1.000000000000000000e+00,-1.000000000000000000e+00,-1.000000000000000000e+00,-1.000000000000000000e+00,-1.000000000000000000e+00,-1.000000000000000000e+00,-1.000000000000000000e+00,-1.000000000000000000e+00,-1.000000000000000000e+00,-1.000000000000000000e+00,-1.000000000000000000e+00,-1.000000000000000000e+00,-1.000000000000000000e+00,-1.000000000000000000e+00,-1.000000000000000000e+00,-1.000000000000000000e+00,-1.000000000000000000e+00,-1.000000000000000000e+00
