6.529597043991088867e-01,5.004222989082336426e-01,-2.133089651579211932e-07,6.519649624824523926e-01,4.610272347927093506e-01,1.156278606504201889e-02,6.425479650497436523e-01,4.308912158012390137e-01,1.156521495431661606e-02,6.256837248802185059e-01,4.164319634437561035e-01,8.404600434005260468e-03,6.111444830894470215e-01,4.180010557174682617e-01,5.267609842121601105e-03,6.485604643821716309e-01,4.043285250663757324e-01,4.790527746081352234e-03,6.093516945838928223e-01,4.003318846225738525e-01,-2.570287615526467562e-04,6.087459325790405273e-01,4.168777763843536377e-01,-3.147862385958433151e-03,6.170379519462585449e-01,4.220968186855316162e-01,-5.046987440437078476e-03,6.432697772979736328e-01,4.108642637729644775e-01,-4.615380428731441498e-03,6.013607382774353027e-01,4.108741283416748047e-01,-6.964712869375944138e-03,6.034779548645019531e-01,4.272053241729736328e-01,-5.103300325572490692e-03,6.128044724464416504e-01,4.311889708042144775e-01,-5.000638775527477264e-03,6.352156996726989746e-01,4.229417443275451660e-01,-1.352355349808931351e-02,5.967802405357360840e-01,4.248111844062805176e-01,-1.312093809247016907e-02,5.998352766036987305e-01,4.407594203948974609e-01,-8.580723777413368225e-03,6.090925335884094238e-01,4.430324435234069824e-01,-7.728447206318378448e-03,6.264507174491882324e-01,4.385144412517547607e-01,-2.209340408444404602e-02,5.965096354484558105e-01,4.439231753349304199e-01,-2.254333533346652985e-02,5.969844460487365723e-01,4.555981755256652832e-01,-2.069525420665740967e-02,6.021909713745117188e-01,4.584811925888061523e-01,-2.002855017781257629e-02,3.880976140499114990e-01,7.304853200912475586e-01,-3.107003578861622373e-07,4.190152287483215332e-01,6.962930560111999512e-01,-1.942514255642890930e-02,4.516342878341674805e-01,6.916825771331787109e-01,-3.397409990429878235e-02,4.761930704116821289e-01,7.138265967369079590e-01,-4.424184560775756836e-02,4.818069934844970703e-01,7.391763925552368164e-01,-5.197124183177947998e-02,4.319222867488861084e-01,7.447758913040161133e-01,-4.812052845954895020e-02,4.819120764732360840e-01,7.523242235183715820e-01,-5.931964889168739319e-02,4.697460234165191650e-01,7.370174527168273926e-01,-5.909104645252227783e-02,4.510924816131591797e-01,7.283021807670593262e-01,-5.763685703277587891e-02,4.240429103374481201e-01,7.766449451446533203e-01,-4.261825233697891235e-02,4.739431440830230713e-01,7.775458693504333496e-01,-5.580720305442810059e-02,4.623927772045135498e-01,7.618001699447631836e-01,-5.499444901943206787e-02,4.442648589611053467e-01,7.563127279281616211e-01,-5.376259610056877136e-02,4.185314774513244629e-01,8.006179928779602051e-01,-3.632681444287300110e-02,4.634803533554077148e-01,8.048859238624572754e-01,-4.529720544815063477e-02,4.546551406383514404e-01,7.907977700233459473e-01,-4.186473786830902100e-02,4.385551810264587402e-01,7.860766053199768066e-01,-3.946582973003387451e-02,4.148224294185638428e-01,8.178288936614990234e-01,-3.109761886298656464e-02,4.496338963508605957e-01,8.308467864990234375e-01,-4.032052308320999146e-02,4.488321244716644287e-01,8.236787915229797363e-01,-4.113847017288208008e-02,4.406727552413940430e-01,8.188322782516479492e-01,-4.049662500619888306e-02
6.529597043991088867e-01,5.004222989082336426e-01,-2.133089651579211932e-07,6.519649624824523926e-01,4.610272347927093506e-01,1.156278606504201889e-02,6.425479650497436523e-01,4.308912158012390137e-01,1.156521495431661606e-02,6.256837248802185059e-01,4.164319634437561035e-01,8.404600434005260468e-03,6.111444830894470215e-01,4.180010557174682617e-01,5.267609842121601105e-03,6.485604643821716309e-01,4.043285250663757324e-01,4.790527746081352234e-03,6.093516945838928223e-01,4.003318846225738525e-01,-2.570287615526467562e-04,6.087459325790405273e-01,4.168777763843536377e-01,-3.147862385958433151e-03,6.170379519462585449e-01,4.220968186855316162e-01,-5.046987440437078476e-03,6.432697772979736328e-01,4.108642637729644775e-01,-4.615380428731441498e-03,6.013607382774353027e-01,4.108741283416748047e-01,-6.964712869375944138e-03,6.034779548645019531e-01,4.272053241729736328e-01,-5.103300325572490692e-03,6.128044724464416504e-01,4.311889708042144775e-01,-5.000638775527477264e-03,6.352156996726989746e-01,4.229417443275451660e-01,-1.352355349808931351e-02,5.967802405357360840e-01,4.248111844062805176e-01,-1.312093809247016907e-02,5.998352766036987305e-01,4.407594203948974609e-01,-8.580723777413368225e-03,6.090925335884094238e-01,4.430324435234069824e-01,-7.728447206318378448e-03,6.264507174491882324e-01,4.385144412517547607e-01,-2.209340408444404602e-02,5.965096354484558105e-01,4.439231753349304199e-01,-2.254333533346652985e-02,5.969844460487365723e-01,4.555981755256652832e-01,-2.069525420665740967e-02,6.021909713745117188e-01,4.584811925888061523e-01,-2.002855017781257629e-02,3.880976140499114990e-01,7.304853200912475586e-01,-3.107003578861622373e-07,4.190152287483215332e-01,6.962930560111999512e-01,-1.942514255642890930e-02,4.516342878341674805e-01,6.916825771331787109e-01,-3.397409990429878235e-02,4.761930704116821289e-01,7.138265967369079590e-01,-4.424184560775756836e-02,4.818069934844970703e-01,7.391763925552368164e-01,-5.197124183177947998e-02,4.319222867488861084e-01,7.447758913040161133e-01,-4.812052845954895020e-02,4.819120764732360840e-01,7.523242235183715820e-01,-5.931964889168739319e-02,4.697460234165191650e-01,7.370174527168273926e-01,-5.909104645252227783e-02,4.510924816131591797e-01,7.283021807670593262e-01,-5.763685703277587891e-02,4.240429103374481201e-01,7.766449451446533203e-01,-4.261825233697891235e-02,4.739431440830230713e-01,7.775458693504333496e-01,-5.580720305442810059e-02,4.623927772045135498e-01,7.618001699447631836e-01,-5.499444901943206787e-02,4.442648589611053467e-01,7.563127279281616211e-01,-5.376259610056877136e-02,4.185314774513244629e-01,8.006179928779602051e-01,-3.632681444287300110e-02,4.634803533554077148e-01,8.048859238624572754e-01,-4.529720544815063477e-02,4.546551406383514404e-01,7.907977700233459473e-01,-4.186473786830902100e-02,4.385551810264587402e-01,7.860766053199768066e-01,-3.946582973003387451e-02,4.148224294185638428e-01,8.178288936614990234e-01,-3.109761886298656464e-02,4.496338963508605957e-01,8.308467864990234375e-01,-4.032052308320999146e-02,4.488321244716644287e-01,8.236787915229797363e-01,-4.113847017288208008e-02,4.406727552413940430e-01,8.188322782516479492e-01,-4.049662500619888306e-02
-1.000000000000000000e+00,-1.000000000000000000e+00,-1.000000000000000000e+00,-1.000000000000000000e+00,-1.000000000000000000e+00,-1.000000000000000000e+00,-1.000000000000000000e+00,-1.000000000000000000e+00,-1.000000000000000000e+00,-1.000000000000000000e+00,-1.000000000000000000e+00,-1.000000000000000000e+00,-1.000000000000000000e+00,-1.000000000000000000e+00,-1.000000000000000000e+00,-1.000000000000000000e+00,-1.000000000000000000e+00,-1.000000000000000000e+00,-1.000000000000000000e+00,-1.000000000000000000e+00,-1.000000000000000000e+00,-1.000000000000000000e+00,-1.000000000000000000e+00,-1.000000000000000000e+00,-1.000000000000000000e+00,-1.000000000000000000e+00,-1.000000000000000000e+00,-1.000000000000000000e+00,-1.000000000000000000e+00,-1.000000000000000000e+00,-1.000000000000000000e+00,-1.000000000000000000e+00,-1.000000000000000000e+00,-1.000000000000000000e+00,-1.000000000000000000e+00,-1.000000000000000000e+00,-1.000000000000000000e+00,-1.000000000000000000e+00,-1.000000000000000000e+00,-1.000000000000000000e+00,-1.000000000000000000e+00,-1.000000000000000000e+00,-1.000000000000000000e+00,-1.000000000000000000e+00,-1.000000000000000000e+00,-1.000000000000000000e+00,-1.000000000000000000e+00,-1.000000000000000000e+00,-1.000000000000000000e+00,-1.000000000000000000e+00,-1.000000000000000000e+00,-1.000000000000000000e+00,-1.000000000000000000e+00,-1.000000000000000000e+00,-1.000000000000000000e+00,-1.000000000000000000e+00,-1.000000000000000000e+00,-1.000000000000000000e+00,-1.000000000000000000e+00,-1.000000000000000000e+00,-1.000000000000000000e+00,-1.000000000000000000e+00,-1.000000000000000000e+00,-1.000000000000000000e+00,-1.000000000000000000e+00,-1.000000000000000000e+00,-1.000000000000000000e+00,-1.000000000000000000e+00,-1.000000000000000000e+00,-1.000000000000000000e+00,-1.000000000000000000e+00,-1.000000000000000000e+00,-1.000000000000000000e+00,-1.000000000000000000e+00,-1.000000000000000000e+00,-1.000000000000000000e+00,-1.000000000000000000e+00,-1.000000000000000000e+00,-1.000000000000000000e+00,-1.000000000000000000e+00,-1.000000000000000000e+00,-1.000000000000000000e+00,-1.000000000000000000e+00,-1.000000000000000000e+00,-1.000000000000000000e+00,-1.000000000000000000e+00,-1.000000000000000000e+00,-1.000000000000000000e+00,-1.000000000000000000e+00,-1.000000000000000000e+00,-1.000000000000000000e+00,-1.000000000000000000e+00,-1.000000000000000000e+00,-1.000000000000000000e+00,-1.000000000000000000e+00,-1.000000000000000000e+00,-1.000000000000000000e+00,-1.000000000000000000e+00,-1.000000000000000000e+00,-1.000000000000000000e+00,-1.000000000000000000e+00,-1.000000000000000000e+00,-1.000000000000000000e+00,-1.000000000000000000e+00,-1.000000000000000000e+00,-1.000000000000000000e+00,-1.000000000000000000e+00,-1.000000000000000000e+00,-1.000000000000000000e+00,-1.000000000000000000e+00,-1.000000000000000000e+00,-1.000000000000000000e+00,-1.000000000000000000e+00,-1.000000000000000000e+00,-1.000000000000000000e+00,-1.000000000000000000e+00,-1.000000000000000000e+00,-1.000000000000000000e+00,-1.000000000000000000e+00,-1.000000000000000000e+00,-1.000000000000000000e+00,-1.000000000000000000e+00,-1.000000000000000000e+00,-1.000000000000000000e+00,-1.000000000000000000e+00,-1.000000000000000000e+00
6.874212026596069336e-01,4.765159189701080322e-01,-1.485777261223120149e-07,6.952717900276184082e-01,4.272976815700531006e-01,4.845089744776487350e-03,6.916149258613586426e-01,3.801097571849822998e-01,9.761168621480464935e-04,6.793470382690429688e-01,3.494458496570587158e-01,-4.430528730154037476e-03,6.689472198486328125e-01,3.408651053905487061e-01,-9.547235444188117981e-03,7.030256390571594238e-01,3.445862233638763428e-01,-1.018662657588720322e-02,6.559543013572692871e-01,3.178927600383758545e-01,-1.781014539301395416e-02,6.510508656501770020e-01,3.433018326759338379e-01,-2.007278054952621460e-02,6.619673967361450195e-01,3.559766113758087158e-01,-2.181686460971832275e-02,6.959658861160278320e-01,3.622826635837554932e-01,-1.807376928627490997e-02,6.406295299530029297e-01,3.416273593902587891e-01,-2.214188873767852783e-02,6.422082781791687012e-01,3.661128580570220947e-01,-1.909153163433074951e-02,6.552424430847167969e-01,3.763538300991058350e-01,-1.877680234611034393e-02,6.817963719367980957e-01,3.861636817455291748e-01,-2.523251436650753021e-02,6.307805180549621582e-01,3.707429170608520508e-01,-2.592180296778678894e-02,6.341609954833984375e-01,3.910705447196960449e-01,-2.017495036125183105e-02,6.477676033973693848e-01,3.986116945743560791e-01,-1.908222585916519165e-02,6.652593016624450684e-01,4.123049378395080566e-01,-3.244568035006523132e-02,6.260511875152587891e-01,4.022569954395294189e-01,-3.409286588430404663e-02,6.302091479301452637e-01,4.142065644264221191e-01,-3.162659332156181335e-02,6.411826610565185547e-01,4.193645417690277100e-01,-3.047963231801986694e-02,2.762856185436248779e-01,4.384916424751281738e-01,-1.192571374986073351e-07,2.621359527111053467e-01,4.012960791587829590e-01,1.678998116403818130e-03,2.651055753231048584e-01,3.565001189708709717e-01,-4.133436828851699829e-03,2.810877859592437744e-01,3.296119570732116699e-01,-1.126551255583763123e-02,2.984281182289123535e-01,3.183265328407287598e-01,-1.629371382296085358e-02,2.525607645511627197e-01,3.343793451786041260e-01,-1.277593150734901428e-02,2.877288758754730225e-01,2.960569858551025391e-01,-2.381336688995361328e-02,2.926982343196868896e-01,3.176530599594116211e-01,-2.824370004236698151e-02,2.851979434490203857e-01,3.317685425281524658e-01,-2.964158169925212860e-02,2.641361057758331299e-01,3.457605242729187012e-01,-1.955865696072578430e-02,3.049581646919250488e-01,3.123988211154937744e-01,-2.625568956136703491e-02,3.064644038677215576e-01,3.350401520729064941e-01,-2.441370487213134766e-02,2.954368889331817627e-01,3.464379906654357910e-01,-2.320843003690242767e-02,2.788767814636230469e-01,3.605461716651916504e-01,-2.627706341445446014e-02,3.178782463073730469e-01,3.336425125598907471e-01,-3.006053343415260315e-02,3.163915276527404785e-01,3.551039099693298340e-01,-2.238802611827850342e-02,3.048642575740814209e-01,3.650670349597930908e-01,-1.783327944576740265e-02,2.937993407249450684e-01,3.777893483638763428e-01,-3.313259035348892212e-02,3.247945606708526611e-01,3.568701446056365967e-01,-3.332731872797012329e-02,3.231779932975769043e-01,3.745315670967102051e-01,-2.603138983249664307e-02,3.136284947395324707e-01,3.847081959247589111e-01,-2.136334218084812164e-02
6.871945858001708984e-01,4.718533158302307129e-01,-2.125528197893800098e-07,6.953091025352478027e-01,4.226926863193511963e-01,7.205656263977289200e-03,6.901551485061645508e-01,3.797960579395294189e-01,1.166397938504815102e-03,6.754656434059143066e-01,3.507087230682373047e-01,-6.782499141991138458e-03,6.599929332733154297e-01,3.436256349086761475e-01,-1.468034833669662476e-02,7.032307386398315430e-01,3.434795141220092773e-01,-1.505629252642393112e-02,6.556996107101440430e-01,3.185260891914367676e-01,-2.532042935490608215e-02,6.537017226219177246e-01,3.436909615993499756e-01,-2.739463187754154205e-02,6.649228334426879883e-01,3.534320294857025146e-01,-2.825141139328479767e-02,6.943514943122863770e-01,3.635486960411071777e-01,-2.497234754264354706e-02,6.417879462242126465e-01,3.414593040943145752e-01,-3.256002813577651978e-02,6.445696949958801270e-01,3.648855090141296387e-01,-2.740402892231941223e-02,6.575106978416442871e-01,3.738298714160919189e-01,-2.502435445785522461e-02,6.795119643211364746e-01,3.873493671417236328e-01,-3.396631777286529541e-02,6.318898200988769531e-01,3.717695474624633789e-01,-3.719273954629898071e-02,6.367624402046203613e-01,3.924087882041931152e-01,-2.778131887316703796e-02,6.505131721496582031e-01,3.997987210750579834e-01,-2.373501472175121307e-02,6.629182696342468262e-01,4.116936326026916504e-01,-4.263113811612129211e-02,6.269827485084533691e-01,4.007370769977569580e-01,-4.463027417659759521e-02,6.318153142929077148e-01,4.154700040817260742e-01,-3.939469903707504272e-02,6.432475447654724121e-01,4.217016994953155518e-01,-3.627010807394981384e-02,2.786448001861572266e-01,4.488916099071502686e-01,-1.186129239272304403e-07,2.651207149028778076e-01,4.088516533374786377e-01,4.769239109009504318e-03,2.646213173866271973e-01,3.620966970920562744e-01,8.866913412930443883e-05,2.768761813640594482e-01,3.308102488517761230e-01,-6.810453254729509354e-03,2.902077734470367432e-01,3.150518238544464111e-01,-1.242066454142332077e-02,2.539153695106506348e-01,3.366147577762603760e-01,-8.190211839973926544e-03,2.876357734203338623e-01,2.981695830821990967e-01,-1.906836032867431641e-02,2.944535315036773682e-01,3.181065917015075684e-01,-2.430197037756443024e-02,2.879458367824554443e-01,3.338770866394042969e-01,-2.719186991453170776e-02,2.643861174583435059e-01,3.475628495216369629e-01,-1.739591918885707855e-02,3.050175607204437256e-01,3.138647675514221191e-01,-2.350185252726078033e-02,3.086042404174804688e-01,3.345189988613128662e-01,-2.233693562448024750e-02,2.990538775920867920e-01,3.463378846645355225e-01,-2.251280285418033600e-02,2.784468531608581543e-01,3.627221286296844482e-01,-2.650600671768188477e-02,3.178210556507110596e-01,3.335363268852233887e-01,-2.982665784657001495e-02,3.187325298786163330e-01,3.534828722476959229e-01,-2.344910427927970886e-02,3.079029917716979980e-01,3.632942438125610352e-01,-2.057342976331710815e-02,2.942988872528076172e-01,3.807279169559478760e-01,-3.567709773778915405e-02,3.269559144973754883e-01,3.560751676559448242e-01,-3.505538403987884521e-02,3.258597552776336670e-01,3.741044104099273682e-01,-2.831953391432762146e-02,3.151409029960632324e-01,3.849497735500335693e-01,-2.444174513220787048e-02
6.839776635169982910e-01,4.864904284477233887e-01,-2.613259084682795219e-07,6.745591163635253906e-01,4.368812441825866699e-01,6.253970786929130554e-04,6.681722402572631836e-01,3.912380039691925049e-01,-6.357003469020128250e-03,6.593909263610839844e-01,3.628487884998321533e-01,-1.457293983548879623e-02,6.532159447669982910e-01,3.529525101184844971e-01,-2.186402492225170135e-02,6.917695403099060059e-01,3.476602733135223389e-01,-1.206528581678867340e-02,6.404354572296142578e-01,3.357711136341094971e-01,-2.550034224987030029e-02,6.378729343414306641e-01,3.621529638767242432e-01,-3.246093541383743286e-02,6.496288180351257324e-01,3.706256151199340820e-01,-3.668729960918426514e-02,6.926498413085937500e-01,3.666968643665313721e-01,-1.933139562606811523e-02,6.338077187538146973e-01,3.630074858665466309e-01,-3.009624406695365906e-02,6.375127434730529785e-01,3.864724636077880859e-01,-2.950866147875785828e-02,6.506471037864685059e-01,3.929849267005920410e-01,-2.963627502322196960e-02,6.865687370300292969e-01,3.924442231655120850e-01,-2.699963003396987915e-02,6.313745379447937012e-01,3.939922749996185303e-01,-3.399965912103652954e-02,6.366136074066162109e-01,4.151072800159454346e-01,-2.870242670178413391e-02,6.504736542701721191e-01,4.192870855331420898e-01,-2.633133903145790100e-02,6.771637797355651855e-01,4.206461310386657715e-01,-3.506435453891754150e-02,6.332265734672546387e-01,4.230110049247741699e-01,-3.985437378287315369e-02,6.367408037185668945e-01,4.369440078735351562e-01,-3.756943345069885254e-02,6.481069922447204590e-01,4.400396049022674561e-01,-3.589333966374397278e-02,2.895147800445556641e-01,4.693722426891326904e-01,-1.587503817290780717e-07,2.946352064609527588e-01,4.254733920097351074e-01,3.846909850835800171e-03,2.970096468925476074e-01,3.801747858524322510e-01,-1.263784244656562805e-03,3.014503717422485352e-01,3.498277366161346436e-01,-8.793069981038570404e-03,3.064424097537994385e-01,3.321044147014617920e-01,-1.468069292604923248e-02,2.700898647308349609e-01,3.424437940120697021e-01,-7.083167787641286850e-03,3.108986318111419678e-01,3.143030405044555664e-01,-1.874040439724922180e-02,3.160083591938018799e-01,3.366568982601165771e-01,-2.472714148461818695e-02,3.071472644805908203e-01,3.505886197090148926e-01,-2.880203723907470703e-02,2.720003128051757812e-01,3.572016656398773193e-01,-1.622808538377285004e-02,3.226121366024017334e-01,3.327326476573944092e-01,-2.542155049741268158e-02,3.233465850353240967e-01,3.555532693862915039e-01,-2.529168687760829926e-02,3.122855126857757568e-01,3.668690621852874756e-01,-2.620058134198188782e-02,2.797068655490875244e-01,3.773155212402343750e-01,-2.554017864167690277e-02,3.280101120471954346e-01,3.585523068904876709e-01,-3.102707304060459137e-02,3.264424502849578857e-01,3.789896070957183838e-01,-2.533395774662494659e-02,3.148789703845977783e-01,3.868829905986785889e-01,-2.307164296507835388e-02,2.909587025642395020e-01,3.995195627212524414e-01,-3.513531014323234558e-02,3.291920423507690430e-01,3.841950297355651855e-01,-3.550323843955993652e-02,3.266974985599517822e-01,4.003971219062805176e-01,-3.022539615631103516e-02,3.148011267185211182e-01,4.074374437332153320e-01,-2.788468822836875916e-02
6.839776635169982910e-01,4.864904284477233887e-01,-2.613259084682795219e-07,6.745591163635253906e-01,4.368812441825866699e-01,6.253970786929130554e-04,6.681722402572631836e-01,3.912380039691925049e-01,-6.357003469020128250e-03,6.593909263610839844e-01,3.628487884998321533e-01,-1.457293983548879623e-02,6.532159447669982910e-01,3.529525101184844971e-01,-2.186402492225170135e-02,6.917695403099060059e-01,3.476602733135223389e-01,-1.206528581678867340e-02,6.404354572296142578e-01,3.357711136341094971e-01,-2.550034224987030029e-02,6.378729343414306641e-01,3.621529638767242432e-01,-3.246093541383743286e-02,6.496288180351257324e-01,3.706256151199340820e-01,-3.668729960918426514e-02,6.926498413085937500e-01,3.666968643665313721e-01,-1.933139562606811523e-02,6.338077187538146973e-01,3.630074858665466309e-01,-3.009624406695365906e-02,6.375127434730529785e-01,3.864724636077880859e-01,-2.950866147875785828e-02,6.506471037864685059e-01,3.929849267005920410e-01,-2.963627502322196960e-02,6.865687370300292969e-01,3.924442231655120850e-01,-2.699963003396987915e-02,6.313745379447937012e-01,3.939922749996185303e-01,-3.399965912103652954e-02,6.366136074066162109e-01,4.151072800159454346e-01,-2.870242670178413391e-02,6.504736542701721191e-01,4.192870855331420898e-01,-2.633133903145790100e-02,6.771637797355651855e-01,4.206461310386657715e-01,-3.506435453891754150e-02,6.332265734672546387e-01,4.230110049247741699e-01,-3.985437378287315369e-02,6.367408037185668945e-01,4.369440078735351562e-01,-3.756943345069885254e-02,6.481069922447204590e-01,4.400396049022674561e-01,-3.589333966374397278e-02,2.895147800445556641e-01,4.693722426891326904e-01,-1.587503817290780717e-07,2.946352064609527588e-01,4.254733920097351074e-01,3.846909850835800171e-03,2.970096468925476074e-01,3.801747858524322510e-01,-1.263784244656562805e-03,3.014503717422485352e-01,3.498277366161346436e-01,-8.793069981038570404e-03,3.064424097537994385e-01,3.321044147014617920e-01,-1.468069292604923248e-02,2.700898647308349609e-01,3.424437940120697021e-01,-7.083167787641286850e-03,3.108986318111419678e-01,3.143030405044555664e-01,-1.874040439724922180e-02,3.160083591938018799e-01,3.366568982601165771e-01,-2.472714148461818695e-02,3.071472644805908203e-01,3.505886197090148926e-01,-2.880203723907470703e-02,2.720003128051757812e-01,3.572016656398773193e-01,-1.622808538377285004e-02,3.226121366024017334e-01,3.327326476573944092e-01,-2.542155049741268158e-02,3.233465850353240967e-01,3.555532693862915039e-01,-2.529168687760829926e-02,3.122855126857757568e-01,3.668690621852874756e-01,-2.620058134198188782e-02,2.797068655490875244e-01,3.773155212402343750e-01,-2.554017864167690277e-02,3.280101120471954346e-01,3.585523068904876709e-01,-3.102707304060459137e-02,3.264424502849578857e-01,3.789896070957183838e-01,-2.533395774662494659e-02,3.148789703845977783e-01,3.868829905986785889e-01,-2.307164296507835388e-02,2.909587025642395020e-01,3.995195627212524414e-01,-3.513531014323234558e-02,3.291920423507690430e-01,3.841950297355651855e-01,-3.550323843955993652e-02,3.266974985599517822e-01,4.003971219062805176e-01,-3.022539615631103516e-02,3.148011267185211182e-01,4.074374437332153320e-01,-2.788468822836875916e-02
6.701843738555908203e-01,5.003278851509094238e-01,-2.460755865740793524e-07,6.458916664123535156e-01,4.528466165065765381e-01,-1.798617653548717499e-03,6.357682943344116211e-01,4.103326201438903809e-01,-9.133453480899333954e-03,6.292858719825744629e-01,3.848259449005126953e-01,-1.722774654626846313e-02,6.259878873825073242e-01,3.798900842666625977e-01,-2.389582060277462006e-02,6.697604060173034668e-01,3.618835508823394775e-01,-1.060223486274480820e-02,6.209710836410522461e-01,3.561905026435852051e-01,-2.196890115737915039e-02,6.168704032897949219e-01,3.823916316032409668e-01,-2.769708260893821716e-02,6.271942853927612305e-01,3.938461244106292725e-01,-3.122295998036861420e-02,6.767247319221496582e-01,3.797421753406524658e-01,-1.703111082315444946e-02,6.224178671836853027e-01,3.865204751491546631e-01,-2.693410962820053101e-02,6.250434517860412598e-01,4.080885946750640869e-01,-2.743093855679035187e-02,6.381924748420715332e-01,4.134025871753692627e-01,-2.813978493213653564e-02,6.759273409843444824e-01,4.057052135467529297e-01,-2.395876310765743256e-02,6.252745985984802246e-01,4.171043634414672852e-01,-3.064032830297946930e-02,6.289583444595336914e-01,4.357308745384216309e-01,-2.574464865028858185e-02,6.422297954559326172e-01,4.366852939128875732e-01,-2.339487709105014801e-02,6.700166463851928711e-01,4.344998002052307129e-01,-3.157685324549674988e-02,6.304064989089965820e-01,4.425285458564758301e-01,-3.565679118037223816e-02,6.328219771385192871e-01,4.556055665016174316e-01,-3.244509547948837280e-02,6.437771320343017578e-01,4.560137987136840820e-01,-2.986989356577396393e-02,3.046114444732666016e-01,4.909875988960266113e-01,-2.764109012787230313e-07,3.368997871875762939e-01,4.425614476203918457e-01,1.376995583996176720e-03,3.456785082817077637e-01,4.008569717407226562e-01,-2.819115063175559044e-03,3.470354676246643066e-01,3.705579936504364014e-01,-9.537743404507637024e-03,3.461570739746093750e-01,3.497991561889648438e-01,-1.467985287308692932e-02,3.117923438549041748e-01,3.542635738849639893e-01,-2.419896190986037254e-03,3.521755933761596680e-01,3.482699990272521973e-01,-1.640459150075912476e-02,3.620812594890594482e-01,3.745516538619995117e-01,-2.547945640981197357e-02,3.602074980735778809e-01,3.889432847499847412e-01,-3.124151378870010376e-02,3.033340871334075928e-01,3.688822090625762939e-01,-1.061289198696613312e-02,3.517616093158721924e-01,3.700398504734039307e-01,-2.237482555210590363e-02,3.590308725833892822e-01,3.962955474853515625e-01,-2.537917345762252808e-02,3.538521826267242432e-01,4.083812236785888672e-01,-2.750440873205661774e-02,2.993344366550445557e-01,3.908456265926361084e-01,-1.981680095195770264e-02,3.465331494808197021e-01,3.952434360980987549e-01,-2.966124005615711212e-02,3.500103056430816650e-01,4.182869791984558105e-01,-2.649038098752498627e-02,3.413825035095214844e-01,4.281382560729980469e-01,-2.426749095320701599e-02,2.991117238998413086e-01,4.157430529594421387e-01,-2.963244542479515076e-02,3.369677364826202393e-01,4.169259369373321533e-01,-3.500726819038391113e-02,3.404367864131927490e-01,4.342423677444458008e-01,-3.181653097271919250e-02,3.322719335556030273e-01,4.427261948585510254e-01,-2.933644689619541168e-02
6.661998629570007324e-01,4.954396486282348633e-01,-2.273772423677655752e-07,6.366120576858520508e-01,4.509983062744140625e-01,-4.464922472834587097e-03,6.271951794624328613e-01,4.135105013847351074e-01,-1.270029880106449127e-02,6.236116290092468262e-01,3.899102509021759033e-01,-2.084120176732540131e-02,6.217309236526489258e-01,3.773436248302459717e-01,-2.762918174266815186e-02,6.630073785781860352e-01,3.633432388305664062e-01,-1.592088676989078522e-02,6.159359812736511230e-01,3.594227135181427002e-01,-2.710810489952564240e-02,6.094372272491455078e-01,3.836019337177276611e-01,-3.226932510733604431e-02,6.172882914543151855e-01,3.949932754039764404e-01,-3.554221615195274353e-02,6.713317632675170898e-01,3.803779184818267822e-01,-2.059887163341045380e-02,6.172204017639160156e-01,3.890555202960968018e-01,-3.066281788051128387e-02,6.186757087707519531e-01,4.106929898262023926e-01,-3.100548684597015381e-02,6.312080025672912598e-01,4.160229861736297607e-01,-3.182205557823181152e-02,6.725166440010070801e-01,4.054856002330780029e-01,-2.563644759356975555e-02,6.202712655067443848e-01,4.199016094207763672e-01,-3.223346546292304993e-02,6.230125427246093750e-01,4.385937750339508057e-01,-2.706373482942581177e-02,6.355652213096618652e-01,4.396469593048095703e-01,-2.498689666390419006e-02,6.680635809898376465e-01,4.335416555404663086e-01,-3.150038421154022217e-02,6.259533762931823730e-01,4.450942277908325195e-01,-3.683745488524436951e-02,6.286716461181640625e-01,4.583850800991058350e-01,-3.423320129513740540e-02,6.403408050537109375e-01,4.584166407585144043e-01,-3.210120275616645813e-02,3.189513683319091797e-01,4.905005395412445068e-01,-7.660153755750798155e-08,3.493987023830413818e-01,4.444912672042846680e-01,-1.294588204473257065e-03,3.590640425682067871e-01,4.061582982540130615e-01,-6.587238982319831848e-03,3.602760732173919678e-01,3.752839863300323486e-01,-1.391183212399482727e-02,3.587644100189208984e-01,3.542843163013458252e-01,-1.951090060174465179e-02,3.239798545837402344e-01,3.588294386863708496e-01,-2.830494428053498268e-03,3.617142140865325928e-01,3.573971986770629883e-01,-1.812603883445262909e-02,3.744572997093200684e-01,3.817561566829681396e-01,-2.690395712852478027e-02,3.771083354949951172e-01,3.998747766017913818e-01,-3.118888661265373230e-02,3.126708567142486572e-01,3.720099925994873047e-01,-9.220958687365055084e-03,3.587420880794525146e-01,3.806383609771728516e-01,-2.309428714215755463e-02,3.664672970771789551e-01,4.060920476913452148e-01,-2.685411646962165833e-02,3.634320497512817383e-01,4.178228974342346191e-01,-2.821823768317699432e-02,3.057825565338134766e-01,3.931164443492889404e-01,-1.701320335268974304e-02,3.519878089427947998e-01,4.036768078804016113e-01,-2.996313758194446564e-02,3.531958162784576416e-01,4.261942207813262939e-01,-2.807254157960414886e-02,3.449686169624328613e-01,4.339336752891540527e-01,-2.502383477985858917e-02,3.021636605262756348e-01,4.182914495468139648e-01,-2.528908103704452515e-02,3.401048481464385986e-01,4.241875410079956055e-01,-3.275757282972335815e-02,3.431178629398345947e-01,4.404622912406921387e-01,-3.005130402743816376e-02,3.361786603927612305e-01,4.462286233901977539e-01,-2.661016583442687988e-02
6.661998629570007324e-01,4.954396486282348633e-01,-2.273772423677655752e-07,6.366120576858520508e-01,4.509983062744140625e-01,-4.464922472834587097e-03,6.271951794624328613e-01,4.135105013847351074e-01,-1.270029880106449127e-02,6.236116290092468262e-01,3.899102509021759033e-01,-2.084120176732540131e-02,6.217309236526489258e-01,3.773436248302459717e-01,-2.762918174266815186e-02,6.630073785781860352e-01,3.633432388305664062e-01,-1.592088676989078522e-02,6.159359812736511230e-01,3.594227135181427002e-01,-2.710810489952564240e-02,6.094372272491455078e-01,3.836019337177276611e-01,-3.226932510733604431e-02,6.172882914543151855e-01,3.949932754039764404e-01,-3.554221615195274353e-02,6.713317632675170898e-01,3.803779184818267822e-01,-2.059887163341045380e-02,6.172204017639160156e-01,3.890555202960968018e-01,-3.066281788051128387e-02,6.186757087707519531e-01,4.106929898262023926e-01,-3.100548684597015381e-02,6.312080025672912598e-01,4.160229861736297607e-01,-3.182205557823181152e-02,6.725166440010070801e-01,4.054856002330780029e-01,-2.563644759356975555e-02,6.202712655067443848e-01,4.199016094207763672e-01,-3.223346546292304993e-02,6.230125427246093750e-01,4.385937750339508057e-01,-2.706373482942581177e-02,6.355652213096618652e-01,4.396469593048095703e-01,-2.498689666390419006e-02,6.680635809898376465e-01,4.335416555404663086e-01,-3.150038421154022217e-02,6.259533762931823730e-01,4.450942277908325195e-01,-3.683745488524436951e-02,6.286716461181640625e-01,4.583850800991058350e-01,-3.423320129513740540e-02,6.403408050537109375e-01,4.584166407585144043e-01,-3.210120275616645813e-02,3.189513683319091797e-01,4.905005395412445068e-01,-7.660153755750798155e-08,3.493987023830413818e-01,4.444912672042846680e-01,-1.294588204473257065e-03,3.590640425682067871e-01,4.061582982540130615e-01,-6.587238982319831848e-03,3.602760732173919678e-01,3.752839863300323486e-01,-1.391183212399482727e-02,3.587644100189208984e-01,3.542843163013458252e-01,-1.951090060174465179e-02,3.239798545837402344e-01,3.588294386863708496e-01,-2.830494428053498268e-03,3.617142140865325928e-01,3.573971986770629883e-01,-1.812603883445262909e-02,3.744572997093200684e-01,3.817561566829681396e-01,-2.690395712852478027e-02,3.771083354949951172e-01,3.998747766017913818e-01,-3.118888661265373230e-02,3.126708567142486572e-01,3.720099925994873047e-01,-9.220958687365055084e-03,3.587420880794525146e-01,3.806383609771728516e-01,-2.309428714215755463e-02,3.664672970771789551e-01,4.060920476913452148e-01,-2.685411646962165833e-02,3.634320497512817383e-01,4.178228974342346191e-01,-2.821823768317699432e-02,3.057825565338134766e-01,3.931164443492889404e-01,-1.701320335268974304e-02,3.519878089427947998e-01,4.036768078804016113e-01,-2.996313758194446564e-02,3.531958162784576416e-01,4.261942207813262939e-01,-2.807254157960414886e-02,3.449686169624328613e-01,4.339336752891540527e-01,-2.502383477985858917e-02,3.021636605262756348e-01,4.182914495468139648e-01,-2.528908103704452515e-02,3.401048481464385986e-01,4.241875410079956055e-01,-3.275757282972335815e-02,3.431178629398345947e-01,4.404622912406921387e-01,-3.005130402743816376e-02,3.361786603927612305e-01,4.462286233901977539e-01,-2.661016583442687988e-02
6.565580368041992188e-01,5.009191036224365234e-01,-2.422013665182021214e-07,6.210005283355712891e-01,4.621764421463012695e-01,-6.745533552020788193e-03,6.087955832481384277e-01,4.296130537986755371e-01,-1.468033809214830399e-02,6.016390919685363770e-01,4.090186655521392822e-01,-2.245077863335609436e-02,5.988195538520812988e-01,3.981224000453948975e-01,-2.844323031604290009e-02,6.509761810302734375e-01,3.705043494701385498e-01,-1.160295773297548294e-02,6.080543994903564453e-01,3.721575140953063965e-01,-2.405442669987678528e-02,6.041759848594665527e-01,3.985081911087036133e-01,-3.096792101860046387e-02,6.126806735992431641e-01,4.079752564430236816e-01,-3.509448096156120300e-02,6.611562371253967285e-01,3.855669498443603516e-01,-1.526165939867496490e-02,6.115530729293823242e-01,3.972775042057037354e-01,-2.685748599469661713e-02,6.105790734291076660e-01,4.207988381385803223e-01,-2.866823971271514893e-02,6.206399202346801758e-01,4.251253008842468262e-01,-2.938497625291347504e-02,6.644399762153625488e-01,4.095147550106048584e-01,-2.010150253772735596e-02,6.169121265411376953e-01,4.255139827728271484e-01,-2.923206239938735962e-02,6.172545552253723145e-01,4.436162114143371582e-01,-2.523751184344291687e-02,6.274266839027404785e-01,4.435404539108276367e-01,-2.232064306735992432e-02,6.618075966835021973e-01,4.370285570621490479e-01,-2.600966580212116241e-02,6.237791180610656738e-01,4.493721723556518555e-01,-3.149135038256645203e-02,6.243134140968322754e-01,4.612190723419189453e-01,-2.882294729351997375e-02,6.338008642196655273e-01,4.600328803062438965e-01,-2.593657001852989197e-02,3.292157948017120361e-01,4.974687993526458740e-01,-1.619415286313596880e-07,3.616772294044494629e-01,4.635354578495025635e-01,-4.504770506173372269e-03,3.780056834220886230e-01,4.372557401657104492e-01,-1.339897233992815018e-02,3.863599598407745361e-01,4.201576709747314453e-01,-2.429534681141376495e-02,3.882336020469665527e-01,4.184770286083221436e-01,-3.345946595072746277e-02,3.456047773361206055e-01,3.689533174037933350e-01,-5.632231011986732483e-03,3.847599625587463379e-01,3.722414970397949219e-01,-2.193270064890384674e-02,3.872162699699401855e-01,4.031180441379547119e-01,-3.212001547217369080e-02,3.806025385856628418e-01,4.143269062042236328e-01,-3.854019939899444580e-02,3.306454420089721680e-01,3.797148764133453369e-01,-1.242939755320549011e-02,3.761133849620819092e-01,3.970745205879211426e-01,-2.704199030995368958e-02,3.776127994060516357e-01,4.286921024322509766e-01,-3.143900632858276367e-02,3.699044585227966309e-01,4.326446354389190674e-01,-3.364061936736106873e-02,3.206686377525329590e-01,4.000697731971740723e-01,-2.081878855824470520e-02,3.649109303951263428e-01,4.189940094947814941e-01,-3.392791002988815308e-02,3.655024468898773193e-01,4.458670616149902344e-01,-3.159092739224433899e-02,3.555951416492462158e-01,4.499019682407379150e-01,-2.867304719984531403e-02,3.143779933452606201e-01,4.250924587249755859e-01,-3.013947978615760803e-02,3.496133983135223389e-01,4.356717169284820557e-01,-3.701932728290557861e-02,3.532620668411254883e-01,4.550558924674987793e-01,-3.333106637001037598e-02,3.460282981395721436e-01,4.605337977409362793e-01,-2.952892892062664032e-02
6.318926215171813965e-01,5.210217237472534180e-01,-2.506477869701484451e-07,5.937930345535278320e-01,4.899234771728515625e-01,-7.565489970147609711e-03,5.790315270423889160e-01,4.561576545238494873e-01,-1.318035740405321121e-02,5.742169022560119629e-01,4.317903220653533936e-01,-1.907156780362129211e-02,5.708592534065246582e-01,4.182888567447662354e-01,-2.307259291410446167e-02,6.164735555648803711e-01,3.994692862033843994e-01,-1.377827255055308342e-03,5.833272337913513184e-01,4.067527651786804199e-01,-1.408082246780395508e-02,5.839787721633911133e-01,4.308369457721710205e-01,-2.383638545870780945e-02,5.939671993255615234e-01,4.355174303054809570e-01,-3.019582666456699371e-02,6.288442015647888184e-01,4.075793623924255371e-01,-4.911161959171295166e-03,5.890139341354370117e-01,4.215094745159149170e-01,-1.590883359313011169e-02,5.899840593338012695e-01,4.443052709102630615e-01,-1.931561157107353210e-02,5.999096632003784180e-01,4.470539987087249756e-01,-2.080127596855163574e-02,6.362089514732360840e-01,4.255146086215972900e-01,-1.074628531932830811e-02,5.964443087577819824e-01,4.437362551689147949e-01,-2.054759860038757324e-02,5.973064899444580078e-01,4.641624689102172852e-01,-1.722256653010845184e-02,6.070038676261901855e-01,4.644887745380401611e-01,-1.409751828759908676e-02,6.393339633941650391e-01,4.483673274517059326e-01,-1.821823790669441223e-02,6.061664819717407227e-01,4.660293459892272949e-01,-2.415472455322742462e-02,6.071693897247314453e-01,4.802959561347961426e-01,-2.202949300408363342e-02,6.164596080780029297e-01,4.798862338066101074e-01,-1.922987401485443115e-02,3.384200632572174072e-01,5.274422168731689453e-01,-3.293936288173426874e-07,3.767555356025695801e-01,5.081089138984680176e-01,-5.524769425392150879e-03,3.992056548595428467e-01,4.863812327384948730e-01,-1.246204786002635956e-02,4.138239622116088867e-01,4.702733755111694336e-01,-2.051299996674060822e-02,4.278143942356109619e-01,4.611769914627075195e-01,-2.673017233610153198e-02,3.883798420429229736e-01,4.132499992847442627e-01,-5.285323131829500198e-03,4.305138587951660156e-01,4.331582486629486084e-01,-1.930233463644981384e-02,4.247871339321136475e-01,4.579225778579711914e-01,-2.850943244993686676e-02,4.146460890769958496e-01,4.642227590084075928e-01,-3.465637564659118652e-02,3.780562877655029297e-01,4.178628027439117432e-01,-1.003666687756776810e-02,4.232956767082214355e-01,4.473232030868530273e-01,-2.075436897575855255e-02,4.145298004150390625e-01,4.730396568775177002e-01,-2.288885600864887238e-02,4.056296944618225098e-01,4.767154753208160400e-01,-2.437927201390266418e-02,3.696983456611633301e-01,4.326294064521789551e-01,-1.654502563178539276e-02,4.120661616325378418e-01,4.604333043098449707e-01,-2.560080960392951965e-02,4.038705229759216309e-01,4.805106520652770996e-01,-2.331914007663726807e-02,3.939822316169738770e-01,4.832027256488800049e-01,-2.140918932855129242e-02,3.635659813880920410e-01,4.529437124729156494e-01,-2.432120032608509064e-02,3.964248895645141602e-01,4.735383689403533936e-01,-2.925762720406055450e-02,3.915585875511169434e-01,4.880113601684570312e-01,-2.735753916203975677e-02,3.818649053573608398e-01,4.896416068077087402e-01,-2.550312317907810211e-02
6.261096000671386719e-01,5.161364078521728516e-01,-2.343280982586293248e-07,5.923212170600891113e-01,4.874533712863922119e-01,-6.004264112561941147e-03,5.776055455207824707e-01,4.547353684902191162e-01,-1.122326124459505081e-02,5.722148418426513672e-01,4.294867515563964844e-01,-1.680374890565872192e-02,5.735498666763305664e-01,4.182934165000915527e-01,-2.013062313199043274e-02,6.146935820579528809e-01,4.003441333770751953e-01,-1.259623328223824501e-03,5.813060998916625977e-01,4.066179990768432617e-01,-1.478421688079833984e-02,5.828588008880615234e-01,4.304019808769226074e-01,-2.333631925284862518e-02,5.925278067588806152e-01,4.343673586845397949e-01,-2.811517752707004547e-02,6.270793676376342773e-01,4.085903763771057129e-01,-4.938723053783178329e-03,5.877992510795593262e-01,4.217360019683837891e-01,-1.700180210173130035e-02,5.898710489273071289e-01,4.448220729827880859e-01,-1.907228678464889526e-02,5.991486907005310059e-01,4.474544227123260498e-01,-1.878085173666477203e-02,6.346390247344970703e-01,4.254857599735260010e-01,-1.086596213281154633e-02,5.959532260894775391e-01,4.435844719409942627e-01,-2.212589792907238007e-02,5.979775190353393555e-01,4.643042683601379395e-01,-1.789968647062778473e-02,6.067190766334533691e-01,4.649716615676879883e-01,-1.317184045910835266e-02,6.374856829643249512e-01,4.472552537918090820e-01,-1.800508797168731689e-02,6.054434776306152344e-01,4.642474949359893799e-01,-2.442026510834693909e-02,6.068649888038635254e-01,4.792967438697814941e-01,-2.172566764056682587e-02,6.151489615440368652e-01,4.802858233451843262e-01,-1.797738485038280487e-02,3.546472787857055664e-01,5.237355232238769531e-01,-5.088581289669491525e-08,3.914302587509155273e-01,5.060392618179321289e-01,-5.794356111437082291e-03,4.134829640388488770e-01,4.920148551464080811e-01,-1.661410182714462280e-02,4.295708239078521729e-01,4.794635772705078125e-01,-2.937960810959339142e-02,4.328610897064208984e-01,4.768744111061096191e-01,-4.008715599775314331e-02,3.972785770893096924e-01,4.125680923461914062e-01,-6.500831339508295059e-03,4.331164658069610596e-01,4.291842579841613770e-01,-2.125390246510505676e-02,4.262974262237548828e-01,4.530628025531768799e-01,-3.013509139418601990e-02,4.161507785320281982e-01,4.580600857734680176e-01,-3.528307750821113586e-02,3.850549757480621338e-01,4.190113842487335205e-01,-1.219399273395538330e-02,4.269024729728698730e-01,4.471190869808197021e-01,-2.416894398629665375e-02,4.180426597595214844e-01,4.721361696720123291e-01,-2.575707063078880310e-02,4.085255861282348633e-01,4.743201732635498047e-01,-2.610493265092372894e-02,3.754407167434692383e-01,4.334823489189147949e-01,-1.969076693058013916e-02,4.165560901165008545e-01,4.610324501991271973e-01,-3.032576106488704681e-02,4.082917571067810059e-01,4.823062717914581299e-01,-2.646378055214881897e-02,3.974286913871765137e-01,4.862170517444610596e-01,-2.275810763239860535e-02,3.680638968944549561e-01,4.534502625465393066e-01,-2.834287285804748535e-02,4.022586345672607422e-01,4.733448624610900879e-01,-3.322356566786766052e-02,3.968945145606994629e-01,4.902288913726806641e-01,-2.914394810795783997e-02,3.865338861942291260e-01,4.946990311145782471e-01,-2.544758655130863190e-02
6.261096000671386719e-01,5.161364078521728516e-01,-2.343280982586293248e-07,5.923212170600891113e-01,4.874533712863922119e-01,-6.004264112561941147e-03,5.776055455207824707e-01,4.547353684902191162e-01,-1.122326124459505081e-02,5.722148418426513672e-01,4.294867515563964844e-01,-1.680374890565872192e-02,5.735498666763305664e-01,4.182934165000915527e-01,-2.013062313199043274e-02,6.146935820579528809e-01,4.003441333770751953e-01,-1.259623328223824501e-03,5.813060998916625977e-01,4.066179990768432617e-01,-1.478421688079833984e-02,5.828588008880615234e-01,4.304019808769226074e-01,-2.333631925284862518e-02,5.925278067588806152e-01,4.343673586845397949e-01,-2.811517752707004547e-02,6.270793676376342773e-01,4.085903763771057129e-01,-4.938723053783178329e-03,5.877992510795593262e-01,4.217360019683837891e-01,-1.700180210173130035e-02,5.898710489273071289e-01,4.448220729827880859e-01,-1.907228678464889526e-02,5.991486907005310059e-01,4.474544227123260498e-01,-1.878085173666477203e-02,6.346390247344970703e-01,4.254857599735260010e-01,-1.086596213281154633e-02,5.959532260894775391e-01,4.435844719409942627e-01,-2.212589792907238007e-02,5.979775190353393555e-01,4.643042683601379395e-01,-1.789968647062778473e-02,6.067190766334533691e-01,4.649716615676879883e-01,-1.317184045910835266e-02,6.374856829643249512e-01,4.472552537918090820e-01,-1.800508797168731689e-02,6.054434776306152344e-01,4.642474949359893799e-01,-2.442026510834693909e-02,6.068649888038635254e-01,4.792967438697814941e-01,-2.172566764056682587e-02,6.151489615440368652e-01,4.802858233451843262e-01,-1.797738485038280487e-02,3.546472787857055664e-01,5.237355232238769531e-01,-5.088581289669491525e-08,3.914302587509155273e-01,5.060392618179321289e-01,-5.794356111437082291e-03,4.134829640388488770e-01,4.920148551464080811e-01,-1.661410182714462280e-02,4.295708239078521729e-01,4.794635772705078125e-01,-2.937960810959339142e-02,4.328610897064208984e-01,4.768744111061096191e-01,-4.008715599775314331e-02,3.972785770893096924e-01,4.125680923461914062e-01,-6.500831339508295059e-03,4.331164658069610596e-01,4.291842579841613770e-01,-2.125390246510505676e-02,4.262974262237548828e-01,4.530628025531768799e-01,-3.013509139418601990e-02,4.161507785320281982e-01,4.580600857734680176e-01,-3.528307750821113586e-02,3.850549757480621338e-01,4.190113842487335205e-01,-1.219399273395538330e-02,4.269024729728698730e-01,4.471190869808197021e-01,-2.416894398629665375e-02,4.180426597595214844e-01,4.721361696720123291e-01,-2.575707063078880310e-02,4.085255861282348633e-01,4.743201732635498047e-01,-2.610493265092372894e-02,3.754407167434692383e-01,4.334823489189147949e-01,-1.969076693058013916e-02,4.165560901165008545e-01,4.610324501991271973e-01,-3.032576106488704681e-02,4.082917571067810059e-01,4.823062717914581299e-01,-2.646378055214881897e-02,3.974286913871765137e-01,4.862170517444610596e-01,-2.275810763239860535e-02,3.680638968944549561e-01,4.534502625465393066e-01,-2.834287285804748535e-02,4.022586345672607422e-01,4.733448624610900879e-01,-3.322356566786766052e-02,3.968945145606994629e-01,4.902288913726806641e-01,-2.914394810795783997e-02,3.865338861942291260e-01,4.946990311145782471e-01,-2.544758655130863190e-02
6.184896230697631836e-01,5.271248817443847656e-01,-2.263766845089776325e-07,5.855263471603393555e-01,4.976022541522979736e-01,-6.042489781975746155e-03,5.726953744888305664e-01,4.709258973598480225e-01,-1.183511316776275635e-02,5.664578080177307129e-01,4.506164193153381348e-01,-1.805635541677474976e-02,5.616316199302673340e-01,4.381547868251800537e-01,-2.225065045058727264e-02,6.039143204689025879e-01,4.179904162883758545e-01,-1.151529606431722641e-03,5.703657865524291992e-01,4.235983788967132568e-01,-1.427175942808389664e-02,5.722110271453857422e-01,4.471354484558105469e-01,-2.337070927023887634e-02,5.819892883300781250e-01,4.518555998802185059e-01,-2.879910729825496674e-02,6.149120330810546875e-01,4.236508309841156006e-01,-4.769645165652036667e-03,5.746560096740722656e-01,4.356716573238372803e-01,-1.682129874825477600e-02,5.769500136375427246e-01,4.592550098896026611e-01,-1.999642699956893921e-02,5.865296721458435059e-01,4.619020819664001465e-01,-2.068137750029563904e-02,6.211605072021484375e-01,4.381811320781707764e-01,-1.047054957598447800e-02,5.818747282028198242e-01,4.551275074481964111e-01,-2.114954218268394470e-02,5.845364928245544434e-01,4.759042859077453613e-01,-1.781829819083213806e-02,5.936393737792968750e-01,4.764959216117858887e-01,-1.410542614758014679e-02,6.230696439743041992e-01,4.579901695251464844e-01,-1.743829436600208282e-02,5.909394025802612305e-01,4.752218127250671387e-01,-2.362356707453727722e-02,5.927529335021972656e-01,4.899942278861999512e-01,-2.136504091322422028e-02,6.012915372848510742e-01,4.906283617019653320e-01,-1.813211850821971893e-02,3.650376498699188232e-01,5.321500897407531738e-01,-1.725878462366381427e-07,4.047611057758331299e-01,5.182009935379028320e-01,3.030334832146763802e-03,4.262914657592773438e-01,5.036914944648742676e-01,-1.712333993054926395e-03,4.433887004852294922e-01,4.955488145351409912e-01,-9.844912216067314148e-03,4.585943818092346191e-01,4.971860349178314209e-01,-1.669604331254959106e-02,4.144929945468902588e-01,4.370927810668945312e-01,2.866218332201242447e-03,4.516101777553558350e-01,4.524836540222167969e-01,-7.483955938369035721e-03,4.462107121944427490e-01,4.739590287208557129e-01,-1.455773413181304932e-02,4.365326464176177979e-01,4.811595082283020020e-01,-1.942745596170425415e-02,4.066784977912902832e-01,4.405222535133361816e-01,-5.567436106503009796e-03,4.476783275604248047e-01,4.683805704116821289e-01,-1.326353941112756729e-02,4.391441643238067627e-01,4.896866679191589355e-01,-1.510764006525278091e-02,4.288419783115386963e-01,4.913763999938964844e-01,-1.673791371285915375e-02,4.012168645858764648e-01,4.533506631851196289e-01,-1.495415344834327698e-02,4.394225478172302246e-01,4.819074869155883789e-01,-2.057093195617198944e-02,4.306288957595825195e-01,4.997011423110961914e-01,-1.755739748477935791e-02,4.193306565284729004e-01,5.006752014160156250e-01,-1.595279574394226074e-02,3.976787328720092773e-01,4.715992808341979980e-01,-2.491797506809234619e-02,4.278248250484466553e-01,4.925521016120910645e-01,-2.666599676012992859e-02,4.231507778167724609e-01,5.065000057220458984e-01,-2.321015670895576477e-02,4.145597219467163086e-01,5.082796812057495117e-01,-2.101254649460315704e-02
6.135728955268859863e-01,5.289523005485534668e-01,-2.233369826853959239e-07,5.822820067405700684e-01,5.036976337432861328e-01,-4.830851219594478607e-03,5.688284635543823242e-01,4.785721302032470703e-01,-1.018668245524168015e-02,5.615335702896118164e-01,4.591860175132751465e-01,-1.597201637923717499e-02,5.605877041816711426e-01,4.487991333007812500e-01,-1.989097334444522858e-02,5.995291471481323242e-01,4.254873394966125488e-01,-2.274832688271999359e-03,5.672655701637268066e-01,4.322109222412109375e-01,-1.382978074252605438e-02,5.679820179939270020e-01,4.549176990985870361e-01,-2.085114456713199615e-02,5.765071511268615723e-01,4.619113504886627197e-01,-2.462727017700672150e-02,6.095328927040100098e-01,4.316309690475463867e-01,-5.666347686201334000e-03,5.714126229286193848e-01,4.450762271881103516e-01,-1.646017096936702728e-02,5.729389190673828125e-01,4.680930078029632568e-01,-1.861017197370529175e-02,5.814403295516967773e-01,4.724642336368560791e-01,-1.863067969679832458e-02,6.150482892990112305e-01,4.457297027111053467e-01,-1.070474460721015930e-02,5.777040719985961914e-01,4.633066058158874512e-01,-2.042297832667827606e-02,5.799083113670349121e-01,4.836456477642059326e-01,-1.705474033951759338e-02,5.878300070762634277e-01,4.866556823253631592e-01,-1.332565676420927048e-02,6.163188219070434570e-01,4.647841155529022217e-01,-1.671067997813224792e-02,5.867124199867248535e-01,4.813574254512786865e-01,-2.228500135242938995e-02,5.885084867477416992e-01,4.960919022560119629e-01,-2.006660774350166321e-02,5.962117910385131836e-01,4.984407424926757812e-01,-1.689168997108936310e-02,3.728815317153930664e-01,5.361009836196899414e-01,-9.135681722227673163e-08,4.098109006881713867e-01,5.245611071586608887e-01,3.406318835914134979e-03,4.313057959079742432e-01,5.117470622062683105e-01,-1.104721566662192345e-03,4.484200775623321533e-01,5.072229504585266113e-01,-8.594340644776821136e-03,4.621984958648681641e-01,5.102341175079345703e-01,-1.416317187249660492e-02,4.202263653278350830e-01,4.449901282787322998e-01,6.291719619184732437e-04,4.588676989078521729e-01,4.581212997436523438e-01,-8.488748222589492798e-03,4.549140930175781250e-01,4.794663190841674805e-01,-1.418677438050508499e-02,4.455669522285461426e-01,4.868965148925781250e-01,-1.771968975663185120e-02,4.146082103252410889e-01,4.485070705413818359e-01,-6.985162384808063507e-03,4.556721448898315430e-01,4.769929647445678711e-01,-1.344177126884460449e-02,4.481197893619537354e-01,4.967449009418487549e-01,-1.434910483658313751e-02,4.382530450820922852e-01,4.981593787670135498e-01,-1.541820447891950607e-02,4.109978675842285156e-01,4.616126418113708496e-01,-1.521047856658697128e-02,4.491917192935943604e-01,4.918832480907440186e-01,-1.918770186603069305e-02,4.413261413574218750e-01,5.077958106994628906e-01,-1.569932140409946442e-02,4.309589862823486328e-01,5.091480612754821777e-01,-1.390965376049280167e-02,4.094498753547668457e-01,4.800428748130798340e-01,-2.389745041728019714e-02,4.391957521438598633e-01,5.029746294021606445e-01,-2.405207790434360504e-02,4.364306628704071045e-01,5.153676271438598633e-01,-2.027788013219833374e-02,4.302887320518493652e-01,5.176463127136230469e-01,-1.794009283185005188e-02
6.131971478462219238e-01,5.308403968811035156e-01,-2.246618606704942067e-07,5.835239887237548828e-01,5.092965364456176758e-01,-4.334013443440198898e-03,5.693699121475219727e-01,4.854779839515686035e-01,-9.164568968117237091e-03,5.612434744834899902e-01,4.670213460922241211e-01,-1.422235462814569473e-02,5.578743815422058105e-01,4.515427947044372559e-01,-1.741956360638141632e-02,5.984882712364196777e-01,4.309703707695007324e-01,-2.853030804544687271e-03,5.654720067977905273e-01,4.412541389465332031e-01,-1.445442717522382736e-02,5.674973726272583008e-01,4.630423188209533691e-01,-2.159111574292182922e-02,5.764802694320678711e-01,4.687225520610809326e-01,-2.537387609481811523e-02,6.068639755249023438e-01,4.369821846485137939e-01,-6.110023241490125656e-03,5.677896738052368164e-01,4.517472088336944580e-01,-1.646100357174873352e-02,5.705950260162353516e-01,4.741015434265136719e-01,-1.831743679940700531e-02,5.794822573661804199e-01,4.782370030879974365e-01,-1.829261332750320435e-02,6.107821464538574219e-01,4.507854878902435303e-01,-1.089418865740299225e-02,5.735363364219665527e-01,4.699505269527435303e-01,-2.052539214491844177e-02,5.767603516578674316e-01,4.903033971786499023e-01,-1.710076257586479187e-02,5.847461223602294922e-01,4.931293427944183350e-01,-1.336992438882589340e-02,6.109529733657836914e-01,4.695307016372680664e-01,-1.652853190898895264e-02,5.817991495132446289e-01,4.873726367950439453e-01,-2.247125841677188873e-02,5.836029052734375000e-01,5.027997493743896484e-01,-2.044257894158363342e-02,5.905041694641113281e-01,5.055350661277770996e-01,-1.735330373048782349e-02,3.761222958564758301e-01,5.419892668724060059e-01,-1.251242451871803496e-07,4.117663800716400146e-01,5.304367542266845703e-01,4.974947310984134674e-03,4.342005848884582520e-01,5.173166990280151367e-01,1.740747131407260895e-03,4.526768922805786133e-01,5.135958194732666016e-01,-4.607934039086103439e-03,4.666450321674346924e-01,5.164670944213867188e-01,-9.263113141059875488e-03,4.254821538925170898e-01,4.509180784225463867e-01,3.666516626253724098e-03,4.626320302486419678e-01,4.697599709033966064e-01,-3.562966827303171158e-03,4.561099410057067871e-01,4.893921911716461182e-01,-9.085648693144321442e-03,4.457815289497375488e-01,4.943946003913879395e-01,-1.313864532858133316e-02,4.208114743232727051e-01,4.548855721950531006e-01,-4.343641456216573715e-03,4.614280462265014648e-01,4.849317669868469238e-01,-8.929594419896602631e-03,4.527739286422729492e-01,5.025332570075988770e-01,-9.920939803123474121e-03,4.423340857028961182e-01,5.036723613739013672e-01,-1.155458670109510422e-02,4.178687036037445068e-01,4.683550000190734863e-01,-1.275225821882486343e-02,4.556424021720886230e-01,4.988865852355957031e-01,-1.487064361572265625e-02,4.465163946151733398e-01,5.130763053894042969e-01,-1.166567299515008926e-02,4.352981746196746826e-01,5.136530399322509766e-01,-1.066742092370986938e-02,4.165421426296234131e-01,4.869365394115447998e-01,-2.150800451636314392e-02,4.455480873584747314e-01,5.109243988990783691e-01,-2.027808129787445068e-02,4.406414926052093506e-01,5.219488143920898438e-01,-1.651193387806415558e-02,4.331899583339691162e-01,5.226773023605346680e-01,-1.467467285692691803e-02
6.131971478462219238e-01,5.308403968811035156e-01,-2.246618606704942067e-07,5.835239887237548828e-01,5.092965364456176758e-01,-4.334013443440198898e-03,5.693699121475219727e-01,4.854779839515686035e-01,-9.164568968117237091e-03,5.612434744834899902e-01,4.670213460922241211e-01,-1.422235462814569473e-02,5.578743815422058105e-01,4.515427947044372559e-01,-1.741956360638141632e-02,5.984882712364196777e-01,4.309703707695007324e-01,-2.853030804544687271e-03,5.654720067977905273e-01,4.412541389465332031e-01,-1.445442717522382736e-02,5.674973726272583008e-01,4.630423188209533691e-01,-2.159111574292182922e-02,5.764802694320678711e-01,4.687225520610809326e-01,-2.537387609481811523e-02,6.068639755249023438e-01,4.369821846485137939e-01,-6.110023241490125656e-03,5.677896738052368164e-01,4.517472088336944580e-01,-1.646100357174873352e-02,5.705950260162353516e-01,4.741015434265136719e-01,-1.831743679940700531e-02,5.794822573661804199e-01,4.782370030879974365e-01,-1.829261332750320435e-02,6.107821464538574219e-01,4.507854878902435303e-01,-1.089418865740299225e-02,5.735363364219665527e-01,4.699505269527435303e-01,-2.052539214491844177e-02,5.767603516578674316e-01,4.903033971786499023e-01,-1.710076257586479187e-02,5.847461223602294922e-01,4.931293427944183350e-01,-1.336992438882589340e-02,6.109529733657836914e-01,4.695307016372680664e-01,-1.652853190898895264e-02,5.817991495132446289e-01,4.873726367950439453e-01,-2.247125841677188873e-02,5.836029052734375000e-01,5.027997493743896484e-01,-2.044257894158363342e-02,5.905041694641113281e-01,5.055350661277770996e-01,-1.735330373048782349e-02,3.761222958564758301e-01,5.419892668724060059e-01,-1.251242451871803496e-07,4.117663800716400146e-01,5.304367542266845703e-01,4.974947310984134674e-03,4.342005848884582520e-01,5.173166990280151367e-01,1.740747131407260895e-03,4.526768922805786133e-01,5.135958194732666016e-01,-4.607934039086103439e-03,4.666450321674346924e-01,5.164670944213867188e-01,-9.263113141059875488e-03,4.254821538925170898e-01,4.509180784225463867e-01,3.666516626253724098e-03,4.626320302486419678e-01,4.697599709033966064e-01,-3.562966827303171158e-03,4.561099410057067871e-01,4.893921911716461182e-01,-9.085648693144321442e-03,4.457815289497375488e-01,4.943946003913879395e-01,-1.313864532858133316e-02,4.208114743232727051e-01,4.548855721950531006e-01,-4.343641456216573715e-03,4.614280462265014648e-01,4.849317669868469238e-01,-8.929594419896602631e-03,4.527739286422729492e-01,5.025332570075988770e-01,-9.920939803123474121e-03,4.423340857028961182e-01,5.036723613739013672e-01,-1.155458670109510422e-02,4.178687036037445068e-01,4.683550000190734863e-01,-1.275225821882486343e-02,4.556424021720886230e-01,4.988865852355957031e-01,-1.487064361572265625e-02,4.465163946151733398e-01,5.130763053894042969e-01,-1.166567299515008926e-02,4.352981746196746826e-01,5.136530399322509766e-01,-1.066742092370986938e-02,4.165421426296234131e-01,4.869365394115447998e-01,-2.150800451636314392e-02,4.455480873584747314e-01,5.109243988990783691e-01,-2.027808129787445068e-02,4.406414926052093506e-01,5.219488143920898438e-01,-1.651193387806415558e-02,4.331899583339691162e-01,5.226773023605346680e-01,-1.467467285692691803e-02
6.138737797737121582e-01,5.331119298934936523e-01,-2.260064775327919051e-07,5.832769274711608887e-01,5.126901865005493164e-01,-2.464541001245379448e-03,5.696446895599365234e-01,4.881170690059661865e-01,-6.560344249010086060e-03,5.615945458412170410e-01,4.684588611125946045e-01,-1.115584746003150940e-02,5.560323596000671387e-01,4.527389109134674072e-01,-1.410040725022554398e-02,5.970088243484497070e-01,4.351849853992462158e-01,-2.168444916605949402e-03,5.633461475372314453e-01,4.462058842182159424e-01,-1.324428524821996689e-02,5.664286613464355469e-01,4.674398303031921387e-01,-2.018568478524684906e-02,5.759245157241821289e-01,4.726162850856781006e-01,-2.388028241693973541e-02,6.047167181968688965e-01,4.404746890068054199e-01,-5.973511375486850739e-03,5.654138326644897461e-01,4.569219648838043213e-01,-1.531410217285156250e-02,5.692631602287292480e-01,4.779837429523468018e-01,-1.680137962102890015e-02,5.781314969062805176e-01,4.818661808967590332e-01,-1.690640486776828766e-02,6.081936359405517578e-01,4.538133144378662109e-01,-1.107086520642042160e-02,5.707976222038269043e-01,4.738083779811859131e-01,-1.945150643587112427e-02,5.751026868820190430e-01,4.934286773204803467e-01,-1.596430875360965729e-02,5.832666158676147461e-01,4.964716732501983643e-01,-1.266861986368894577e-02,6.081567406654357910e-01,4.720323085784912109e-01,-1.688717678189277649e-02,5.786938071250915527e-01,4.900796115398406982e-01,-2.222125418484210968e-02,5.807879567146301270e-01,5.051313042640686035e-01,-2.045148797333240509e-02,5.875457525253295898e-01,5.081275701522827148e-01,-1.783834211528301239e-02,3.797941207885742188e-01,5.443642735481262207e-01,-1.041013675262547622e-07,4.153566658496856689e-01,5.344366431236267090e-01,3.304618410766124725e-03,4.382421076297760010e-01,5.216273665428161621e-01,-4.403448256198316813e-04,4.552725553512573242e-01,5.181928873062133789e-01,-6.739359349012374878e-03,4.670886993408203125e-01,5.217252373695373535e-01,-1.134661026298999786e-02,4.318949878215789795e-01,4.551900029182434082e-01,3.346517216414213181e-03,4.657129049301147461e-01,4.799944758415222168e-01,-3.190202871337532997e-03,4.583422541618347168e-01,4.958711266517639160e-01,-8.848845027387142181e-03,4.472860097885131836e-01,4.973971247673034668e-01,-1.333725452423095703e-02,4.277659356594085693e-01,4.600015878677368164e-01,-3.745916532352566719e-03,4.653297662734985352e-01,4.931147694587707520e-01,-7.566771004348993301e-03,4.565860629081726074e-01,5.070770978927612305e-01,-8.796462789177894592e-03,4.460827708244323730e-01,5.057786703109741211e-01,-1.093786302953958511e-02,4.246988296508789062e-01,4.740874767303466797e-01,-1.133993174880743027e-02,4.604693055152893066e-01,5.063703656196594238e-01,-1.293535344302654266e-02,4.511940479278564453e-01,5.178906917572021484e-01,-1.032796874642372131e-02,4.397500455379486084e-01,5.164431929588317871e-01,-1.005015894770622253e-02,4.230625331401824951e-01,4.933533370494842529e-01,-1.943251118063926697e-02,4.501768350601196289e-01,5.187701582908630371e-01,-1.807092316448688507e-02,4.443660378456115723e-01,5.281317234039306641e-01,-1.489814743399620056e-02,4.362407028675079346e-01,5.270577073097229004e-01,-1.374891400337219238e-02
6.165860891342163086e-01,5.352028608322143555e-01,-2.184716265674069291e-07,5.852742195129394531e-01,5.152828693389892578e-01,-4.190969339106231928e-04,5.713521838188171387e-01,4.908734560012817383e-01,-3.969711717218160629e-03,5.623711943626403809e-01,4.721148014068603516e-01,-8.513036184012889862e-03,5.557591915130615234e-01,4.579797387123107910e-01,-1.154600735753774643e-02,5.962905883789062500e-01,4.368986189365386963e-01,-8.756791066844016314e-05,5.615951418876647949e-01,4.502834081649780273e-01,-1.107970066368579865e-02,5.661181211471557617e-01,4.710974395275115967e-01,-1.821405068039894104e-02,5.764552354812622070e-01,4.751896560192108154e-01,-2.201002091169357300e-02,6.032728552818298340e-01,4.416800737380981445e-01,-4.818566143512725830e-03,5.632733106613159180e-01,4.619021713733673096e-01,-1.381696108728647232e-02,5.688384175300598145e-01,4.826470613479614258e-01,-1.534942165017127991e-02,5.783401727676391602e-01,4.855674505233764648e-01,-1.545455399900674820e-02,6.063070893287658691e-01,4.545653462409973145e-01,-1.069180294871330261e-02,5.687558054924011230e-01,4.787586629390716553e-01,-1.802389509975910187e-02,5.746016502380371094e-01,4.982345700263977051e-01,-1.451056264340877533e-02,5.831115841865539551e-01,5.003937482833862305e-01,-1.146623492240905762e-02,6.061890721321105957e-01,4.729452431201934814e-01,-1.722372695803642273e-02,5.770143270492553711e-01,4.951654374599456787e-01,-2.164192497730255127e-02,5.803615450859069824e-01,5.103194117546081543e-01,-1.974369771778583527e-02,5.876347422599792480e-01,5.122468471527099609e-01,-1.717282086610794067e-02,3.848650753498077393e-01,5.459862351417541504e-01,-8.557898212302461616e-08,4.175721108913421631e-01,5.389376878738403320e-01,2.297169296070933342e-03,4.399130046367645264e-01,5.291879177093505859e-01,-1.638350775465369225e-03,4.561101496219635010e-01,5.272191762924194336e-01,-7.784774992614984512e-03,4.682635664939880371e-01,5.291416049003601074e-01,-1.214055530726909637e-02,4.359495043754577637e-01,4.616139233112335205e-01,3.242585109546780586e-03,4.679107069969177246e-01,4.880836606025695801e-01,-3.006360726431012154e-03,4.601875841617584229e-01,5.027155280113220215e-01,-8.869108743965625763e-03,4.491325616836547852e-01,5.038428902626037598e-01,-1.344580482691526413e-02,4.327736496925354004e-01,4.657804667949676514e-01,-2.994760638102889061e-03,4.674022793769836426e-01,4.995848536491394043e-01,-6.532467436045408249e-03,4.588523805141448975e-01,5.115361213684082031e-01,-8.437215350568294525e-03,4.491306841373443604e-01,5.104777216911315918e-01,-1.095363218337297440e-02,4.303761124610900879e-01,4.790725111961364746e-01,-9.716806001961231232e-03,4.631765186786651611e-01,5.111219882965087891e-01,-1.103716343641281128e-02,4.545888900756835938e-01,5.213818550109863281e-01,-8.861596696078777313e-03,4.440623223781585693e-01,5.206593871116638184e-01,-8.762592449784278870e-03,4.291510581970214844e-01,4.974599778652191162e-01,-1.700584404170513153e-02,4.539960324764251709e-01,5.229343175888061523e-01,-1.570974290370941162e-02,4.495113492012023926e-01,5.329604148864746094e-01,-1.265674550086259842e-02,4.432422816753387451e-01,5.336769223213195801e-01,-1.135591138154268265e-02
6.166383624076843262e-01,5.345242619514465332e-01,-2.111033126084294054e-07,5.850750803947448730e-01,5.153765082359313965e-01,-1.228910055942833424e-03,5.711958408355712891e-01,4.910866320133209229e-01,-4.880881868302822113e-03,5.632401108741760254e-01,4.721194505691528320e-01,-9.391648694872856140e-03,5.580096244812011719e-01,4.574980139732360840e-01,-1.228976529091596603e-02,5.961548686027526855e-01,4.373020827770233154e-01,-4.357580910436809063e-04,5.613931417465209961e-01,4.507763087749481201e-01,-1.187942456454038620e-02,5.654854774475097656e-01,4.709829986095428467e-01,-1.923240721225738525e-02,5.755786895751953125e-01,4.751431643962860107e-01,-2.314747497439384460e-02,6.032407879829406738e-01,4.417802989482879639e-01,-4.764779936522245407e-03,5.632434487342834473e-01,4.624961912631988525e-01,-1.430027093738317490e-02,5.687119960784912109e-01,4.825332164764404297e-01,-1.618669740855693817e-02,5.783209204673767090e-01,4.841322004795074463e-01,-1.652270182967185974e-02,6.063042879104614258e-01,4.544529914855957031e-01,-1.036980748176574707e-02,5.686022639274597168e-01,4.790768027305603027e-01,-1.817893423140048981e-02,5.743689537048339844e-01,4.976412057876586914e-01,-1.467804424464702606e-02,5.829202532768249512e-01,4.983605146408081055e-01,-1.162009127438068390e-02,6.061947941780090332e-01,4.726503491401672363e-01,-1.670351065695285797e-02,5.771048069000244141e-01,4.955748319625854492e-01,-2.172443643212318420e-02,5.806301236152648926e-01,5.102671980857849121e-01,-1.996053010225296021e-02,5.879657268524169922e-01,5.112407207489013672e-01,-1.743132062256336212e-02,3.880289196968078613e-01,5.452675819396972656e-01,-8.691807096283810097e-08,4.200227856636047363e-01,5.404674410820007324e-01,3.913392312824726105e-03,4.414956271648406982e-01,5.323292613029479980e-01,8.170618093572556973e-04,4.575926065444946289e-01,5.309364199638366699e-01,-4.837511572986841202e-03,4.691500961780548096e-01,5.312268733978271484e-01,-8.754160255193710327e-03,4.368569552898406982e-01,4.640991091728210449e-01,4.823395516723394394e-03,4.682071805000305176e-01,4.904452562332153320e-01,-1.061469782143831253e-03,4.586848318576812744e-01,5.060052871704101562e-01,-6.708592642098665237e-03,4.471682906150817871e-01,5.069009661674499512e-01,-1.112290285527706146e-02,4.334304928779602051e-01,4.666480123996734619e-01,-2.010869793593883514e-03,4.685811698436737061e-01,5.027290582656860352e-01,-5.389151629060506821e-03,4.586563408374786377e-01,5.149021744728088379e-01,-7.119234185665845871e-03,4.483338594436645508e-01,5.131859779357910156e-01,-9.518222883343696594e-03,4.311258494853973389e-01,4.784290492534637451e-01,-9.223494678735733032e-03,4.644732773303985596e-01,5.131754875183105469e-01,-1.018379535526037216e-02,4.549527466297149658e-01,5.242241024971008301e-01,-7.480876054614782333e-03,4.439876377582550049e-01,5.237770676612854004e-01,-7.044735364615917206e-03,4.301752448081970215e-01,4.954679310321807861e-01,-1.690479181706905365e-02,4.568679332733154297e-01,5.226113796234130859e-01,-1.531471777707338333e-02,4.533805847167968750e-01,5.335829257965087891e-01,-1.191850937902927399e-02,4.481986463069915771e-01,5.354336500167846680e-01,-1.037089433521032333e-02
6.166383624076843262e-01,5.345242619514465332e-01,-2.111033126084294054e-07,5.850750803947448730e-01,5.153765082359313965e-01,-1.228910055942833424e-03,5.711958408355712891e-01,4.910866320133209229e-01,-4.880881868302822113e-03,5.632401108741760254e-01,4.721194505691528320e-01,-9.391648694872856140e-03,5.580096244812011719e-01,4.574980139732360840e-01,-1.228976529091596603e-02,5.961548686027526855e-01,4.373020827770233154e-01,-4.357580910436809063e-04,5.613931417465209961e-01,4.507763087749481201e-01,-1.187942456454038620e-02,5.654854774475097656e-01,4.709829986095428467e-01,-1.923240721225738525e-02,5.755786895751953125e-01,4.751431643962860107e-01,-2.314747497439384460e-02,6.032407879829406738e-01,4.417802989482879639e-01,-4.764779936522245407e-03,5.632434487342834473e-01,4.624961912631988525e-01,-1.430027093738317490e-02,5.687119960784912109e-01,4.825332164764404297e-01,-1.618669740855693817e-02,5.783209204673767090e-01,4.841322004795074463e-01,-1.652270182967185974e-02,6.063042879104614258e-01,4.544529914855957031e-01,-1.036980748176574707e-02,5.686022639274597168e-01,4.790768027305603027e-01,-1.817893423140048981e-02,5.743689537048339844e-01,4.976412057876586914e-01,-1.467804424464702606e-02,5.829202532768249512e-01,4.983605146408081055e-01,-1.162009127438068390e-02,6.061947941780090332e-01,4.726503491401672363e-01,-1.670351065695285797e-02,5.771048069000244141e-01,4.955748319625854492e-01,-2.172443643212318420e-02,5.806301236152648926e-01,5.102671980857849121e-01,-1.996053010225296021e-02,5.879657268524169922e-01,5.112407207489013672e-01,-1.743132062256336212e-02,3.880289196968078613e-01,5.452675819396972656e-01,-8.691807096283810097e-08,4.200227856636047363e-01,5.404674410820007324e-01,3.913392312824726105e-03,4.414956271648406982e-01,5.323292613029479980e-01,8.170618093572556973e-04,4.575926065444946289e-01,5.309364199638366699e-01,-4.837511572986841202e-03,4.691500961780548096e-01,5.312268733978271484e-01,-8.754160255193710327e-03,4.368569552898406982e-01,4.640991091728210449e-01,4.823395516723394394e-03,4.682071805000305176e-01,4.904452562332153320e-01,-1.061469782143831253e-03,4.586848318576812744e-01,5.060052871704101562e-01,-6.708592642098665237e-03,4.471682906150817871e-01,5.069009661674499512e-01,-1.112290285527706146e-02,4.334304928779602051e-01,4.666480123996734619e-01,-2.010869793593883514e-03,4.685811698436737061e-01,5.027290582656860352e-01,-5.389151629060506821e-03,4.586563408374786377e-01,5.149021744728088379e-01,-7.119234185665845871e-03,4.483338594436645508e-01,5.131859779357910156e-01,-9.518222883343696594e-03,4.311258494853973389e-01,4.784290492534637451e-01,-9.223494678735733032e-03,4.644732773303985596e-01,5.131754875183105469e-01,-1.018379535526037216e-02,4.549527466297149658e-01,5.242241024971008301e-01,-7.480876054614782333e-03,4.439876377582550049e-01,5.237770676612854004e-01,-7.044735364615917206e-03,4.301752448081970215e-01,4.954679310321807861e-01,-1.690479181706905365e-02,4.568679332733154297e-01,5.226113796234130859e-01,-1.531471777707338333e-02,4.533805847167968750e-01,5.335829257965087891e-01,-1.191850937902927399e-02,4.481986463069915771e-01,5.354336500167846680e-01,-1.037089433521032333e-02
6.172037720680236816e-01,5.348623394966125488e-01,-2.244348848989830003e-07,5.876428484916687012e-01,5.159273743629455566e-01,-2.561783883720636368e-03,5.728813409805297852e-01,4.910171926021575928e-01,-6.314855068922042847e-03,5.648915171623229980e-01,4.724834263324737549e-01,-1.036056783050298691e-02,5.591793656349182129e-01,4.574406147003173828e-01,-1.278237532824277878e-02,5.971156954765319824e-01,4.380119740962982178e-01,-3.239925950765609741e-03,5.638935565948486328e-01,4.543591737747192383e-01,-1.358402054756879807e-02,5.678461790084838867e-01,4.740798175334930420e-01,-2.007791399955749512e-02,5.775002837181091309e-01,4.763984680175781250e-01,-2.365818247199058533e-02,6.054837107658386230e-01,4.455758333206176758e-01,-6.925490219146013260e-03,5.677447915077209473e-01,4.709188342094421387e-01,-1.537369191646575928e-02,5.733297467231750488e-01,4.885506927967071533e-01,-1.659897342324256897e-02,5.824437737464904785e-01,4.889035820960998535e-01,-1.694286055862903595e-02,6.097320914268493652e-01,4.606246352195739746e-01,-1.181813795119524002e-02,5.741956233978271484e-01,4.863805174827575684e-01,-1.969953253865242004e-02,5.794865489006042480e-01,5.035057663917541504e-01,-1.624466292560100555e-02,5.874456763267517090e-01,5.039293766021728516e-01,-1.319293025881052017e-02,6.110525727272033691e-01,4.803264141082763672e-01,-1.739645563066005707e-02,5.826445817947387695e-01,5.008358359336853027e-01,-2.289837412536144257e-02,5.859113931655883789e-01,5.143636465072631836e-01,-2.117263153195381165e-02,5.927911400794982910e-01,5.153669714927673340e-01,-1.861454360187053680e-02,3.896491527557373047e-01,5.472657680511474609e-01,-1.025387774689079379e-07,4.190314114093780518e-01,5.388401150703430176e-01,2.700635697692632675e-03,4.409225583076477051e-01,5.267424583435058594e-01,3.190241404809057713e-04,4.563127160072326660e-01,5.212078094482421875e-01,-4.116769880056381226e-03,4.642315506935119629e-01,5.180402398109436035e-01,-7.031086832284927368e-03,4.388381838798522949e-01,4.674871861934661865e-01,4.834689199924468994e-03,4.692179560661315918e-01,5.005990862846374512e-01,-1.351386541500687599e-03,4.597842693328857422e-01,5.145949125289916992e-01,-7.394098676741123199e-03,4.473768472671508789e-01,5.130455493927001953e-01,-1.185406465083360672e-02,4.369938969612121582e-01,4.701151251792907715e-01,-7.918706396594643593e-04,4.696964025497436523e-01,5.102322101593017578e-01,-4.766064696013927460e-03,4.591895341873168945e-01,5.216100811958312988e-01,-6.684712599962949753e-03,4.478593170642852783e-01,5.196742415428161621e-01,-8.670129813253879547e-03,4.358902275562286377e-01,4.810268878936767578e-01,-6.940193008631467819e-03,4.663195013999938965e-01,5.185483098030090332e-01,-8.710214868187904358e-03,4.561089277267456055e-01,5.303111076354980469e-01,-6.411011330783367157e-03,4.453442394733428955e-01,5.305336713790893555e-01,-5.536526907235383987e-03,4.354188442230224609e-01,4.972497820854187012e-01,-1.361913513392210007e-02,4.592941105365753174e-01,5.248741507530212402e-01,-1.251402962952852249e-02,4.535224139690399170e-01,5.363586544990539551e-01,-9.283328428864479065e-03,4.466945528984069824e-01,5.385769009590148926e-01,-7.378224749118089676e-03
6.170526146888732910e-01,5.370547771453857422e-01,-2.233651912320055999e-07,5.876422524452209473e-01,5.169551968574523926e-01,-4.116690717637538910e-03,5.726125836372375488e-01,4.920589923858642578e-01,-8.347209542989730835e-03,5.658411383628845215e-01,4.737805128097534180e-01,-1.266617327928543091e-02,5.634443163871765137e-01,4.596595168113708496e-01,-1.519111823290586472e-02,5.993242859840393066e-01,4.380410313606262207e-01,-4.379869904369115829e-03,5.651140809059143066e-01,4.553167521953582764e-01,-1.538747642189264297e-02,5.682893991470336914e-01,4.765887856483459473e-01,-2.165306732058525085e-02,5.779986381530761719e-01,4.793293476104736328e-01,-2.500862628221511841e-02,6.092670559883117676e-01,4.468933045864105225e-01,-7.791797164827585220e-03,5.701974034309387207e-01,4.713885188102722168e-01,-1.771217957139015198e-02,5.751000642776489258e-01,4.900404214859008789e-01,-1.889341510832309723e-02,5.841651558876037598e-01,4.903050065040588379e-01,-1.879252679646015167e-02,6.144506931304931641e-01,4.633116126060485840e-01,-1.263183448463678360e-02,5.773879289627075195e-01,4.868101179599761963e-01,-2.250915020704269409e-02,5.816804170608520508e-01,5.043581128120422363e-01,-1.879689097404479980e-02,5.896481871604919434e-01,5.048488378524780273e-01,-1.494392566382884979e-02,6.163824796676635742e-01,4.845700263977050781e-01,-1.819687522947788239e-02,5.866680145263671875e-01,5.027061700820922852e-01,-2.519560046494007111e-02,5.887392759323120117e-01,5.163052678108215332e-01,-2.345664612948894501e-02,5.954990386962890625e-01,5.175768733024597168e-01,-2.045663446187973022e-02,3.912804722785949707e-01,5.453665256500244141e-01,-9.790504407192202052e-08,4.189079105854034424e-01,5.389126539230346680e-01,4.281611181795597076e-03,4.406236112117767334e-01,5.294117927551269531e-01,2.567138057202100754e-03,4.570141434669494629e-01,5.261262655258178711e-01,-1.382207265123724937e-03,4.662224054336547852e-01,5.263066291809082031e-01,-3.881080541759729385e-03,4.390001296997070312e-01,4.690884947776794434e-01,6.847035605460405350e-03,4.683742523193359375e-01,5.025403499603271484e-01,2.062206622213125229e-03,4.589696228504180908e-01,5.165675282478332520e-01,-3.216352546587586403e-03,4.468911290168762207e-01,5.161523818969726562e-01,-7.258531171828508377e-03,4.386523663997650146e-01,4.721859991550445557e-01,6.760004325769841671e-04,4.701557755470275879e-01,5.107275247573852539e-01,-2.258179942145943642e-03,4.600412249565124512e-01,5.229596495628356934e-01,-4.102336242794990540e-03,4.490243792533874512e-01,5.228026509284973145e-01,-5.919068120419979095e-03,4.386260211467742920e-01,4.836089015007019043e-01,-5.796348676085472107e-03,4.674883782863616943e-01,5.198225378990173340e-01,-6.485532037913799286e-03,4.581356048583984375e-01,5.318627953529357910e-01,-4.434621427208185196e-03,4.478061497211456299e-01,5.324474573135375977e-01,-3.823665902018547058e-03,4.391096234321594238e-01,5.004904270172119141e-01,-1.261614076793193817e-02,4.618725478649139404e-01,5.276134610176086426e-01,-1.046606246381998062e-02,4.556183815002441406e-01,5.386345982551574707e-01,-7.054873276501893997e-03,4.483137130737304688e-01,5.404364466667175293e-01,-5.232671275734901428e-03
6.201840043067932129e-01,5.414618253707885742e-01,-2.083090606674886658e-07,5.908971428871154785e-01,5.215705633163452148e-01,-5.318134091794490814e-03,5.745832920074462891e-01,4.968045949935913086e-01,-1.047228649258613586e-02,5.665103793144226074e-01,4.797652065753936768e-01,-1.559005212038755417e-02,5.637554526329040527e-01,4.672099351882934570e-01,-1.870984211564064026e-02,6.018436551094055176e-01,4.402649998664855957e-01,-5.260237492620944977e-03,5.675818920135498047e-01,4.579173326492309570e-01,-1.745059713721275330e-02,5.704580545425415039e-01,4.777652025222778320e-01,-2.446756698191165924e-02,5.801758170127868652e-01,4.796967506408691406e-01,-2.830627188086509705e-02,6.129179000854492188e-01,4.485050439834594727e-01,-8.719584904611110687e-03,5.735246539115905762e-01,4.713705480098724365e-01,-1.976730488240718842e-02,5.784627199172973633e-01,4.896143674850463867e-01,-2.152394130825996399e-02,5.881959199905395508e-01,4.891849160194396973e-01,-2.155373990535736084e-02,6.195274591445922852e-01,4.650206267833709717e-01,-1.377924252301454544e-02,5.817967057228088379e-01,4.896099567413330078e-01,-2.369592525064945221e-02,5.865682959556579590e-01,5.055161118507385254e-01,-2.010230347514152527e-02,5.952810645103454590e-01,5.037055611610412598e-01,-1.647091098129749298e-02,6.223165392875671387e-01,4.868654012680053711e-01,-1.982866041362285614e-02,5.928193926811218262e-01,5.076437592506408691e-01,-2.648241631686687469e-02,5.953491330146789551e-01,5.194070935249328613e-01,-2.486755885183811188e-02,6.028621792793273926e-01,5.183382034301757812e-01,-2.207867242395877838e-02,3.920364975929260254e-01,5.429449081420898438e-01,-1.005266625497824862e-07,4.147826433181762695e-01,5.321220755577087402e-01,6.004319526255130768e-03,4.374817609786987305e-01,5.200048089027404785e-01,5.446802824735641479e-03,4.544237852096557617e-01,5.174205899238586426e-01,2.573755336925387383e-03,4.637387990951538086e-01,5.211937427520751953e-01,9.675977635197341442e-04,4.404275715351104736e-01,4.683870971202850342e-01,9.275946766138076782e-03,4.693376421928405762e-01,5.036473274230957031e-01,5.823185201734304428e-03,4.593864083290100098e-01,5.151059031486511230e-01,1.445746165700256824e-03,4.472838342189788818e-01,5.122764110565185547e-01,-2.123045967891812325e-03,4.417887032032012939e-01,4.723071157932281494e-01,2.702256664633750916e-03,4.714315533638000488e-01,5.116751790046691895e-01,1.613315776921808720e-03,4.603133499622344971e-01,5.212278962135314941e-01,8.425118285231292248e-04,4.493197202682495117e-01,5.185015201568603516e-01,-5.856106290593743324e-04,4.426566958427429199e-01,4.842497706413269043e-01,-4.084499552845954895e-03,4.700302481651306152e-01,5.206269621849060059e-01,-3.558026859536767006e-03,4.589095115661621094e-01,5.309671759605407715e-01,-9.394508088007569313e-04,4.483098387718200684e-01,5.292332768440246582e-01,-3.231021983083337545e-04,4.434667825698852539e-01,5.012546777725219727e-01,-1.105656288564205170e-02,4.658708274364471436e-01,5.282899141311645508e-01,-8.215853013098239899e-03,4.569308757781982422e-01,5.381578207015991211e-01,-4.322142805904150009e-03,4.477667510509490967e-01,5.378711223602294922e-01,-2.377464435994625092e-03
6.201840043067932129e-01,5.414618253707885742e-01,-2.083090606674886658e-07,5.908971428871154785e-01,5.215705633163452148e-01,-5.318134091794490814e-03,5.745832920074462891e-01,4.968045949935913086e-01,-1.047228649258613586e-02,5.665103793144226074e-01,4.797652065753936768e-01,-1.559005212038755417e-02,5.637554526329040527e-01,4.672099351882934570e-01,-1.870984211564064026e-02,6.018436551094055176e-01,4.402649998664855957e-01,-5.260237492620944977e-03,5.675818920135498047e-01,4.579173326492309570e-01,-1.745059713721275330e-02,5.704580545425415039e-01,4.777652025222778320e-01,-2.446756698191165924e-02,5.801758170127868652e-01,4.796967506408691406e-01,-2.830627188086509705e-02,6.129179000854492188e-01,4.485050439834594727e-01,-8.719584904611110687e-03,5.735246539115905762e-01,4.713705480098724365e-01,-1.976730488240718842e-02,5.784627199172973633e-01,4.896143674850463867e-01,-2.152394130825996399e-02,5.881959199905395508e-01,4.891849160194396973e-01,-2.155373990535736084e-02,6.195274591445922852e-01,4.650206267833709717e-01,-1.377924252301454544e-02,5.817967057228088379e-01,4.896099567413330078e-01,-2.369592525064945221e-02,5.865682959556579590e-01,5.055161118507385254e-01,-2.010230347514152527e-02,5.952810645103454590e-01,5.037055611610412598e-01,-1.647091098129749298e-02,6.223165392875671387e-01,4.868654012680053711e-01,-1.982866041362285614e-02,5.928193926811218262e-01,5.076437592506408691e-01,-2.648241631686687469e-02,5.953491330146789551e-01,5.194070935249328613e-01,-2.486755885183811188e-02,6.028621792793273926e-01,5.183382034301757812e-01,-2.207867242395877838e-02,3.920364975929260254e-01,5.429449081420898438e-01,-1.005266625497824862e-07,4.147826433181762695e-01,5.321220755577087402e-01,6.004319526255130768e-03,4.374817609786987305e-01,5.200048089027404785e-01,5.446802824735641479e-03,4.544237852096557617e-01,5.174205899238586426e-01,2.573755336925387383e-03,4.637387990951538086e-01,5.211937427520751953e-01,9.675977635197341442e-04,4.404275715351104736e-01,4.683870971202850342e-01,9.275946766138076782e-03,4.693376421928405762e-01,5.036473274230957031e-01,5.823185201734304428e-03,4.593864083290100098e-01,5.151059031486511230e-01,1.445746165700256824e-03,4.472838342189788818e-01,5.122764110565185547e-01,-2.123045967891812325e-03,4.417887032032012939e-01,4.723071157932281494e-01,2.702256664633750916e-03,4.714315533638000488e-01,5.116751790046691895e-01,1.613315776921808720e-03,4.603133499622344971e-01,5.212278962135314941e-01,8.425118285231292248e-04,4.493197202682495117e-01,5.185015201568603516e-01,-5.856106290593743324e-04,4.426566958427429199e-01,4.842497706413269043e-01,-4.084499552845954895e-03,4.700302481651306152e-01,5.206269621849060059e-01,-3.558026859536767006e-03,4.589095115661621094e-01,5.309671759605407715e-01,-9.394508088007569313e-04,4.483098387718200684e-01,5.292332768440246582e-01,-3.231021983083337545e-04,4.434667825698852539e-01,5.012546777725219727e-01,-1.105656288564205170e-02,4.658708274364471436e-01,5.282899141311645508e-01,-8.215853013098239899e-03,4.569308757781982422e-01,5.381578207015991211e-01,-4.322142805904150009e-03,4.477667510509490967e-01,5.378711223602294922e-01,-2.377464435994625092e-03
6.223928332328796387e-01,5.494724512100219727e-01,-2.252394750712483074e-07,5.925671458244323730e-01,5.278066396713256836e-01,-5.835855379700660706e-03,5.766255259513854980e-01,5.024548172950744629e-01,-1.145299617201089859e-02,5.698266029357910156e-01,4.838957488536834717e-01,-1.700437441468238831e-02,5.717476010322570801e-01,4.728043675422668457e-01,-2.076697908341884613e-02,6.064134240150451660e-01,4.480049610137939453e-01,-6.384692154824733734e-03,5.736764669418334961e-01,4.647140502929687500e-01,-1.769175007939338684e-02,5.750647187232971191e-01,4.852481484413146973e-01,-2.449188008904457092e-02,5.836063027381896973e-01,4.872324466705322266e-01,-2.857632189989089966e-02,6.185500621795654297e-01,4.574854373931884766e-01,-9.756829589605331421e-03,5.801976323127746582e-01,4.795830249786376953e-01,-1.970697380602359772e-02,5.827630162239074707e-01,4.978873133659362793e-01,-2.130642533302307129e-02,5.915548205375671387e-01,4.975380897521972656e-01,-2.164214104413986206e-02,6.260049343109130859e-01,4.756324589252471924e-01,-1.465453486889600754e-02,5.886712670326232910e-01,4.988498687744140625e-01,-2.420356497168540955e-02,5.915766954421997070e-01,5.143342018127441406e-01,-2.103924192488193512e-02,6.003670096397399902e-01,5.125849246978759766e-01,-1.790267415344715118e-02,6.291406154632568359e-01,4.983178377151489258e-01,-2.051492966711521149e-02,5.994904637336730957e-01,5.171561837196350098e-01,-2.718890085816383362e-02,6.001732945442199707e-01,5.285780429840087891e-01,-2.573335543274879456e-02,6.072328090667724609e-01,5.283747315406799316e-01,-2.324692904949188232e-02,3.940452039241790771e-01,5.384604334831237793e-01,-8.656173378085441072e-08,4.131864011287689209e-01,5.196877121925354004e-01,8.074999786913394928e-03,4.355002343654632568e-01,5.065074563026428223e-01,8.104279637336730957e-03,4.527193605899810791e-01,5.065877437591552734e-01,5.310927983373403549e-03,4.636900126934051514e-01,5.141199231147766113e-01,3.353911917656660080e-03,4.449499845504760742e-01,4.666568636894226074e-01,1.010814774781465530e-02,4.738875627517700195e-01,5.009289383888244629e-01,6.620186381042003632e-03,4.647270739078521729e-01,5.139966607093811035e-01,2.667559310793876648e-03,4.522365629673004150e-01,5.137290954589843750e-01,-2.181277668569236994e-04,4.470499455928802490e-01,4.715349078178405762e-01,2.628969727084040642e-03,4.762933552265167236e-01,5.102992057800292969e-01,2.349285874515771866e-03,4.661120772361755371e-01,5.216601490974426270e-01,2.599462866783142090e-03,4.543149173259735107e-01,5.207799673080444336e-01,2.072578296065330505e-03,4.475082755088806152e-01,4.838459193706512451e-01,-4.993647336959838867e-03,4.749621748924255371e-01,5.209663510322570801e-01,-4.272387828677892685e-03,4.638244509696960449e-01,5.330781340599060059e-01,-1.080999267287552357e-03,4.522208273410797119e-01,5.320522189140319824e-01,2.206654753535985947e-04,4.468933641910552979e-01,5.011765956878662109e-01,-1.260975375771522522e-02,4.691829085350036621e-01,5.293446779251098633e-01,-9.838943369686603546e-03,4.593578279018402100e-01,5.404828190803527832e-01,-5.460301414132118225e-03,4.484786689281463623e-01,5.405847430229187012e-01,-2.883348148316144943e-03
6.234985589981079102e-01,5.490725636482238770e-01,-1.895295724807510851e-07,5.930660367012023926e-01,5.279181003570556641e-01,-6.471466738730669022e-03,5.774505734443664551e-01,5.037015080451965332e-01,-1.228911243379116058e-02,5.709831714630126953e-01,4.864642024040222168e-01,-1.793036237359046936e-02,5.706963539123535156e-01,4.745733141899108887e-01,-2.149285003542900085e-02,6.068670749664306641e-01,4.480106234550476074e-01,-5.991679150611162186e-03,5.723381638526916504e-01,4.648011922836303711e-01,-1.855548657476902008e-02,5.746377110481262207e-01,4.856325387954711914e-01,-2.610679902136325836e-02,5.842435956001281738e-01,4.866004884243011475e-01,-3.039623051881790161e-02,6.182856559753417969e-01,4.570372700691223145e-01,-9.131055325269699097e-03,5.791925787925720215e-01,4.787230491638183594e-01,-2.050733007490634918e-02,5.834289193153381348e-01,4.969606399536132812e-01,-2.262223511934280396e-02,5.932676196098327637e-01,4.953295290470123291e-01,-2.287578396499156952e-02,6.251756548881530762e-01,4.744592607021331787e-01,-1.401584129780530930e-02,5.878760218620300293e-01,4.977518916130065918e-01,-2.385326288640499115e-02,5.918895602226257324e-01,5.137348771095275879e-01,-2.021048404276371002e-02,6.009532213211059570e-01,5.109201073646545410e-01,-1.661767251789569855e-02,6.281714439392089844e-01,4.967063367366790771e-01,-2.006112784147262573e-02,5.986939668655395508e-01,5.166592001914978027e-01,-2.638392336666584015e-02,6.008762717247009277e-01,5.277230739593505859e-01,-2.467008121311664581e-02,6.089296936988830566e-01,5.256131887435913086e-01,-2.189987525343894958e-02,3.930675387382507324e-01,5.396836400032043457e-01,-8.815587193566898350e-08,4.137611687183380127e-01,5.240820050239562988e-01,6.696751806885004044e-03,4.375110864639282227e-01,5.103927850723266602e-01,6.468353793025016785e-03,4.548145234584808350e-01,5.089241266250610352e-01,3.730909898877143860e-03,4.653797447681427002e-01,5.141778588294982910e-01,2.220687922090291977e-03,4.449548125267028809e-01,4.654974937438964844e-01,9.351176209747791290e-03,4.734843373298645020e-01,4.998041391372680664e-01,5.557994358241558075e-03,4.647847712039947510e-01,5.126786231994628906e-01,1.452959026210010052e-03,4.529971480369567871e-01,5.107660889625549316e-01,-1.619865535758435726e-03,4.470593035221099854e-01,4.699396789073944092e-01,2.550405217334628105e-03,4.756944477558135986e-01,5.095950961112976074e-01,1.448501716367900372e-03,4.655612707138061523e-01,5.209561586380004883e-01,1.233933493494987488e-03,4.543567895889282227e-01,5.184736251831054688e-01,4.605326394084841013e-04,4.477122128009796143e-01,4.821336269378662109e-01,-4.499276634305715561e-03,4.746380150318145752e-01,5.196787118911743164e-01,-4.028860945254564285e-03,4.637318253517150879e-01,5.318445563316345215e-01,-8.339466294273734093e-04,4.529098570346832275e-01,5.301088094711303711e-01,4.473326844163239002e-04,4.473929405212402344e-01,4.997072815895080566e-01,-1.171621307730674744e-02,4.690608680248260498e-01,5.294974446296691895e-01,-8.725266903638839722e-03,4.596277773380279541e-01,5.402929186820983887e-01,-4.480720032006502151e-03,4.497695863246917725e-01,5.395567417144775391e-01,-2.066991291940212250e-03
6.314066648483276367e-01,5.602571368217468262e-01,-2.164045156405336456e-07,5.997467637062072754e-01,5.359352827072143555e-01,-5.068455822765827179e-03,5.834573507308959961e-01,5.116242170333862305e-01,-1.087486650794744492e-02,5.743451714515686035e-01,4.952363073825836182e-01,-1.678022928535938263e-02,5.754599571228027344e-01,4.867300391197204590e-01,-2.078779600560665131e-02,6.135525107383728027e-01,4.583706855773925781e-01,-5.753234494477510452e-03,5.806196331977844238e-01,4.755898714065551758e-01,-1.681496761739253998e-02,5.834196209907531738e-01,4.969355463981628418e-01,-2.374562434852123260e-02,5.926795005798339844e-01,4.984577596187591553e-01,-2.824361249804496765e-02,6.250975131988525391e-01,4.684606492519378662e-01,-9.752125479280948639e-03,5.854035019874572754e-01,4.904157221317291260e-01,-1.970274560153484344e-02,5.893505215644836426e-01,5.086251497268676758e-01,-2.123017609119415283e-02,5.991409420967102051e-01,5.070977210998535156e-01,-2.164177037775516510e-02,6.317688226699829102e-01,4.868975877761840820e-01,-1.517898309975862503e-02,5.934323072433471680e-01,5.095688700675964355e-01,-2.414372377097606659e-02,5.971057415008544922e-01,5.245217084884643555e-01,-2.059094980359077454e-02,6.062619686126708984e-01,5.214170217514038086e-01,-1.744567416608333588e-02,6.342070698738098145e-01,5.099600553512573242e-01,-2.158671244978904724e-02,6.036914587020874023e-01,5.291499495506286621e-01,-2.740558609366416931e-02,6.051425337791442871e-01,5.392396450042724609e-01,-2.546137757599353790e-02,6.124864816665649414e-01,5.370175838470458984e-01,-2.290078811347484589e-02,3.977034986019134521e-01,5.314010977745056152e-01,-6.937595031786258915e-08,4.259043037891387939e-01,5.253604054450988770e-01,6.881336215883493423e-03,4.523146748542785645e-01,5.168114304542541504e-01,5.998964887112379074e-03,4.705824851989746094e-01,5.151915550231933594e-01,2.583914203569293022e-03,4.806344509124755859e-01,5.169255733489990234e-01,5.689025856554508209e-04,4.582719802856445312e-01,4.579607546329498291e-01,7.162326015532016754e-03,4.894392490386962891e-01,4.946332573890686035e-01,3.363449126482009888e-03,4.779030382633209229e-01,5.083458423614501953e-01,3.591464701457880437e-05,4.657720625400543213e-01,5.051137208938598633e-01,-2.868429059162735939e-03,4.578250348567962646e-01,4.615554213523864746e-01,-3.128091630060225725e-04,4.887473881244659424e-01,5.080769062042236328e-01,-2.281771594425663352e-04,4.763889014720916748e-01,5.179614424705505371e-01,1.189164235256612301e-03,4.662301242351531982e-01,5.123061537742614746e-01,4.777670837938785553e-04,4.555574655532836914e-01,4.748930335044860840e-01,-8.011713624000549316e-03,4.842889308929443359e-01,5.211448669433593750e-01,-6.033489946275949478e-03,4.708954691886901855e-01,5.302474498748779297e-01,-1.687166048213839531e-03,4.602754712104797363e-01,5.243600010871887207e-01,-1.077475259080529213e-03,4.529937505722045898e-01,4.944337904453277588e-01,-1.598548702895641327e-02,4.739836752414703369e-01,5.321982502937316895e-01,-1.201887242496013641e-02,4.621902406215667725e-01,5.399779677391052246e-01,-7.858717814087867737e-03,4.515769183635711670e-01,5.347299575805664062e-01,-6.476406008005142212e-03
6.314066648483276367e-01,5.602571368217468262e-01,-2.164045156405336456e-07,5.997467637062072754e-01,5.359352827072143555e-01,-5.068455822765827179e-03,5.834573507308959961e-01,5.116242170333862305e-01,-1.087486650794744492e-02,5.743451714515686035e-01,4.952363073825836182e-01,-1.678022928535938263e-02,5.754599571228027344e-01,4.867300391197204590e-01,-2.078779600560665131e-02,6.135525107383728027e-01,4.583706855773925781e-01,-5.753234494477510452e-03,5.806196331977844238e-01,4.755898714065551758e-01,-1.681496761739253998e-02,5.834196209907531738e-01,4.969355463981628418e-01,-2.374562434852123260e-02,5.926795005798339844e-01,4.984577596187591553e-01,-2.824361249804496765e-02,6.250975131988525391e-01,4.684606492519378662e-01,-9.752125479280948639e-03,5.854035019874572754e-01,4.904157221317291260e-01,-1.970274560153484344e-02,5.893505215644836426e-01,5.086251497268676758e-01,-2.123017609119415283e-02,5.991409420967102051e-01,5.070977210998535156e-01,-2.164177037775516510e-02,6.317688226699829102e-01,4.868975877761840820e-01,-1.517898309975862503e-02,5.934323072433471680e-01,5.095688700675964355e-01,-2.414372377097606659e-02,5.971057415008544922e-01,5.245217084884643555e-01,-2.059094980359077454e-02,6.062619686126708984e-01,5.214170217514038086e-01,-1.744567416608333588e-02,6.342070698738098145e-01,5.099600553512573242e-01,-2.158671244978904724e-02,6.036914587020874023e-01,5.291499495506286621e-01,-2.740558609366416931e-02,6.051425337791442871e-01,5.392396450042724609e-01,-2.546137757599353790e-02,6.124864816665649414e-01,5.370175838470458984e-01,-2.290078811347484589e-02,3.977034986019134521e-01,5.314010977745056152e-01,-6.937595031786258915e-08,4.259043037891387939e-01,5.253604054450988770e-01,6.881336215883493423e-03,4.523146748542785645e-01,5.168114304542541504e-01,5.998964887112379074e-03,4.705824851989746094e-01,5.151915550231933594e-01,2.583914203569293022e-03,4.806344509124755859e-01,5.169255733489990234e-01,5.689025856554508209e-04,4.582719802856445312e-01,4.579607546329498291e-01,7.162326015532016754e-03,4.894392490386962891e-01,4.946332573890686035e-01,3.363449126482009888e-03,4.779030382633209229e-01,5.083458423614501953e-01,3.591464701457880437e-05,4.657720625400543213e-01,5.051137208938598633e-01,-2.868429059162735939e-03,4.578250348567962646e-01,4.615554213523864746e-01,-3.128091630060225725e-04,4.887473881244659424e-01,5.080769062042236328e-01,-2.281771594425663352e-04,4.763889014720916748e-01,5.179614424705505371e-01,1.189164235256612301e-03,4.662301242351531982e-01,5.123061537742614746e-01,4.777670837938785553e-04,4.555574655532836914e-01,4.748930335044860840e-01,-8.011713624000549316e-03,4.842889308929443359e-01,5.211448669433593750e-01,-6.033489946275949478e-03,4.708954691886901855e-01,5.302474498748779297e-01,-1.687166048213839531e-03,4.602754712104797363e-01,5.243600010871887207e-01,-1.077475259080529213e-03,4.529937505722045898e-01,4.944337904453277588e-01,-1.598548702895641327e-02,4.739836752414703369e-01,5.321982502937316895e-01,-1.201887242496013641e-02,4.621902406215667725e-01,5.399779677391052246e-01,-7.858717814087867737e-03,4.515769183635711670e-01,5.347299575805664062e-01,-6.476406008005142212e-03
6.335430741310119629e-01,5.638246536254882812e-01,-1.967580516293310211e-07,6.040078401565551758e-01,5.380946397781372070e-01,-5.009436979889869690e-03,5.881758332252502441e-01,5.125376582145690918e-01,-1.042583864182233810e-02,5.788813829421997070e-01,4.965314269065856934e-01,-1.585125178098678589e-02,5.797431468963623047e-01,4.899872839450836182e-01,-1.929055899381637573e-02,6.173403859138488770e-01,4.622611403465270996e-01,-6.051689852029085159e-03,5.823881626129150391e-01,4.773691594600677490e-01,-1.731589436531066895e-02,5.845680236816406250e-01,4.975007772445678711e-01,-2.334421128034591675e-02,5.936774015426635742e-01,4.996638596057891846e-01,-2.666788361966609955e-02,6.272163391113281250e-01,4.736930429935455322e-01,-9.695684537291526794e-03,5.860458612442016602e-01,4.947171807289123535e-01,-2.018010057508945465e-02,5.912095904350280762e-01,5.122878551483154297e-01,-2.140438370406627655e-02,6.011646389961242676e-01,5.105369091033935547e-01,-2.116295136511325836e-02,6.325095891952514648e-01,4.923674464225769043e-01,-1.470944192260503769e-02,5.934447050094604492e-01,5.150980353355407715e-01,-2.374869398772716522e-02,5.985876321792602539e-01,5.284428596496582031e-01,-2.009481005370616913e-02,6.076617240905761719e-01,5.244793891906738281e-01,-1.659007743000984192e-02,6.337208151817321777e-01,5.154577493667602539e-01,-2.063797973096370697e-02,6.026926636695861816e-01,5.347465872764587402e-01,-2.609551697969436646e-02,6.055002212524414062e-01,5.439645648002624512e-01,-2.402375079691410065e-02,6.130116581916809082e-01,5.405962467193603516e-01,-2.121030539274215698e-02,4.015153348445892334e-01,5.257924199104309082e-01,-6.782202177646468044e-08,4.314324855804443359e-01,5.207634568214416504e-01,4.566063173115253448e-03,4.575853943824768066e-01,5.162075757980346680e-01,1.519344979897141457e-03,4.769908189773559570e-01,5.215113759040832520e-01,-4.046238493174314499e-03,4.888741374015808105e-01,5.279489755630493164e-01,-8.028981275856494904e-03,4.654052555561065674e-01,4.561614990234375000e-01,3.574751084670424461e-03,4.981456398963928223e-01,4.906515479087829590e-01,-3.280864097177982330e-03,4.860908091068267822e-01,5.059698224067687988e-01,-8.214530535042285919e-03,4.735103249549865723e-01,5.056253075599670410e-01,-1.146426703780889511e-02,4.635471403598785400e-01,4.599737226963043213e-01,-3.457604441791772842e-03,4.960241019725799561e-01,5.069598555564880371e-01,-6.288503296673297882e-03,4.825167953968048096e-01,5.193989872932434082e-01,-5.760836880654096603e-03,4.719335436820983887e-01,5.151669383049011230e-01,-6.450885906815528870e-03,4.599394798278808594e-01,4.732645750045776367e-01,-1.095406617969274521e-02,4.893756210803985596e-01,5.204541087150573730e-01,-1.108451839536428452e-02,4.754444360733032227e-01,5.302729010581970215e-01,-6.867919582873582840e-03,4.645615518093109131e-01,5.250858664512634277e-01,-5.590537097305059433e-03,4.561617076396942139e-01,4.923271536827087402e-01,-1.889936439692974091e-02,4.771239757537841797e-01,5.297102928161621094e-01,-1.560582034289836884e-02,4.656053781509399414e-01,5.376721024513244629e-01,-1.095804199576377869e-02,4.558880925178527832e-01,5.333123803138732910e-01,-8.827919140458106995e-03
6.357424259185791016e-01,5.726518630981445312e-01,-1.790808710211422294e-07,6.066447496414184570e-01,5.471406579017639160e-01,-5.154054611921310425e-03,5.921367406845092773e-01,5.215886235237121582e-01,-1.033473014831542969e-02,5.844303369522094727e-01,5.051243305206298828e-01,-1.532069593667984009e-02,5.824852585792541504e-01,4.947308301925659180e-01,-1.824512332677841187e-02,6.203604340553283691e-01,4.715600013732910156e-01,-6.241383031010627747e-03,5.863728523254394531e-01,4.869253039360046387e-01,-1.709832623600959778e-02,5.900230407714843750e-01,5.058005452156066895e-01,-2.319770865142345428e-02,5.997524857521057129e-01,5.064777135848999023e-01,-2.668881230056285858e-02,6.298308968544006348e-01,4.828436970710754395e-01,-9.458100423216819763e-03,5.896490812301635742e-01,5.043344497680664062e-01,-1.923982240259647369e-02,5.953965783119201660e-01,5.204018354415893555e-01,-2.037394233047962189e-02,6.054466366767883301e-01,5.177526473999023438e-01,-2.035434916615486145e-02,6.347759366035461426e-01,5.012742877006530762e-01,-1.403573714196681976e-02,5.968238115310668945e-01,5.235709547996520996e-01,-2.247295528650283813e-02,6.018536090850830078e-01,5.364540815353393555e-01,-1.863006316125392914e-02,6.107395887374877930e-01,5.327920913696289062e-01,-1.521906815469264984e-02,6.358076333999633789e-01,5.239191055297851562e-01,-1.959154009819030762e-02,6.057908535003662109e-01,5.425173640251159668e-01,-2.519232034683227539e-02,6.088069081306457520e-01,5.514266490936279297e-01,-2.336586639285087585e-02,6.164737939834594727e-01,5.481985807418823242e-01,-2.073924988508224487e-02,4.111321270465850830e-01,5.153343677520751953e-01,-7.169689553165881080e-08,4.446257650852203369e-01,5.179825425148010254e-01,2.560165477916598320e-03,4.716916382312774658e-01,5.191087126731872559e-01,-2.677217591553926468e-03,4.906694293022155762e-01,5.279598832130432129e-01,-1.045650895684957504e-02,4.994601905345916748e-01,5.378493070602416992e-01,-1.646375842392444611e-02,4.882927536964416504e-01,4.516904950141906738e-01,5.257133670966140926e-05,5.169723033905029297e-01,4.907874464988708496e-01,-8.745556697249412537e-03,5.032932758331298828e-01,5.041165947914123535e-01,-1.409631874412298203e-02,4.916611909866333008e-01,5.011612176895141602e-01,-1.757992804050445557e-02,4.809844195842742920e-01,4.537900388240814209e-01,-7.336169015616178513e-03,5.085690021514892578e-01,5.089960098266601562e-01,-1.210037246346473694e-02,4.936498105525970459e-01,5.187299847602844238e-01,-1.150542031973600388e-02,4.852096438407897949e-01,5.111374855041503906e-01,-1.240172702819108963e-02,4.717838466167449951e-01,4.659516811370849609e-01,-1.543850358575582504e-02,4.978521168231964111e-01,5.217402577400207520e-01,-1.812742464244365692e-02,4.832651913166046143e-01,5.276205539703369141e-01,-1.391331199556589127e-02,4.736894071102142334e-01,5.191734433174133301e-01,-1.256258226931095123e-02,4.622451961040496826e-01,4.835464060306549072e-01,-2.411923930048942566e-02,4.819422662258148193e-01,5.283622741699218750e-01,-2.255685254931449890e-02,4.703064262866973877e-01,5.337445735931396484e-01,-1.811826787889003754e-02,4.615182578563690186e-01,5.268242955207824707e-01,-1.611057668924331665e-02
6.357424259185791016e-01,5.726518630981445312e-01,-1.790808710211422294e-07,6.066447496414184570e-01,5.471406579017639160e-01,-5.154054611921310425e-03,5.921367406845092773e-01,5.215886235237121582e-01,-1.033473014831542969e-02,5.844303369522094727e-01,5.051243305206298828e-01,-1.532069593667984009e-02,5.824852585792541504e-01,4.947308301925659180e-01,-1.824512332677841187e-02,6.203604340553283691e-01,4.715600013732910156e-01,-6.241383031010627747e-03,5.863728523254394531e-01,4.869253039360046387e-01,-1.709832623600959778e-02,5.900230407714843750e-01,5.058005452156066895e-01,-2.319770865142345428e-02,5.997524857521057129e-01,5.064777135848999023e-01,-2.668881230056285858e-02,6.298308968544006348e-01,4.828436970710754395e-01,-9.458100423216819763e-03,5.896490812301635742e-01,5.043344497680664062e-01,-1.923982240259647369e-02,5.953965783119201660e-01,5.204018354415893555e-01,-2.037394233047962189e-02,6.054466366767883301e-01,5.177526473999023438e-01,-2.035434916615486145e-02,6.347759366035461426e-01,5.012742877006530762e-01,-1.403573714196681976e-02,5.968238115310668945e-01,5.235709547996520996e-01,-2.247295528650283813e-02,6.018536090850830078e-01,5.364540815353393555e-01,-1.863006316125392914e-02,6.107395887374877930e-01,5.327920913696289062e-01,-1.521906815469264984e-02,6.358076333999633789e-01,5.239191055297851562e-01,-1.959154009819030762e-02,6.057908535003662109e-01,5.425173640251159668e-01,-2.519232034683227539e-02,6.088069081306457520e-01,5.514266490936279297e-01,-2.336586639285087585e-02,6.164737939834594727e-01,5.481985807418823242e-01,-2.073924988508224487e-02,4.111321270465850830e-01,5.153343677520751953e-01,-7.169689553165881080e-08,4.446257650852203369e-01,5.179825425148010254e-01,2.560165477916598320e-03,4.716916382312774658e-01,5.191087126731872559e-01,-2.677217591553926468e-03,4.906694293022155762e-01,5.279598832130432129e-01,-1.045650895684957504e-02,4.994601905345916748e-01,5.378493070602416992e-01,-1.646375842392444611e-02,4.882927536964416504e-01,4.516904950141906738e-01,5.257133670966140926e-05,5.169723033905029297e-01,4.907874464988708496e-01,-8.745556697249412537e-03,5.032932758331298828e-01,5.041165947914123535e-01,-1.409631874412298203e-02,4.916611909866333008e-01,5.011612176895141602e-01,-1.757992804050445557e-02,4.809844195842742920e-01,4.537900388240814209e-01,-7.336169015616178513e-03,5.085690021514892578e-01,5.089960098266601562e-01,-1.210037246346473694e-02,4.936498105525970459e-01,5.187299847602844238e-01,-1.150542031973600388e-02,4.852096438407897949e-01,5.111374855041503906e-01,-1.240172702819108963e-02,4.717838466167449951e-01,4.659516811370849609e-01,-1.543850358575582504e-02,4.978521168231964111e-01,5.217402577400207520e-01,-1.812742464244365692e-02,4.832651913166046143e-01,5.276205539703369141e-01,-1.391331199556589127e-02,4.736894071102142334e-01,5.191734433174133301e-01,-1.256258226931095123e-02,4.622451961040496826e-01,4.835464060306549072e-01,-2.411923930048942566e-02,4.819422662258148193e-01,5.283622741699218750e-01,-2.255685254931449890e-02,4.703064262866973877e-01,5.337445735931396484e-01,-1.811826787889003754e-02,4.615182578563690186e-01,5.268242955207824707e-01,-1.611057668924331665e-02
6.395652294158935547e-01,5.853831171989440918e-01,-1.950851498122574412e-07,6.111276149749755859e-01,5.585020780563354492e-01,-3.903689561411738396e-03,5.957594513893127441e-01,5.320678949356079102e-01,-9.559802711009979248e-03,5.865330696105957031e-01,5.155045986175537109e-01,-1.515023689717054367e-02,5.849297642707824707e-01,5.036664009094238281e-01,-1.890854910016059875e-02,6.245872378349304199e-01,4.829340875148773193e-01,-7.395953405648469925e-03,5.897669792175292969e-01,4.985917806625366211e-01,-1.795274391770362854e-02,5.934851765632629395e-01,5.174542665481567383e-01,-2.437078021466732025e-02,6.028024554252624512e-01,5.180781483650207520e-01,-2.850488200783729553e-02,6.343201398849487305e-01,4.942912161350250244e-01,-1.137984171509742737e-02,5.938594937324523926e-01,5.139844417572021484e-01,-2.017335779964923859e-02,5.991816520690917969e-01,5.301163792610168457e-01,-2.129315584897994995e-02,6.089492440223693848e-01,5.281440019607543945e-01,-2.190313860774040222e-02,6.392576098442077637e-01,5.134214758872985840e-01,-1.636330224573612213e-02,6.010168194770812988e-01,5.337810516357421875e-01,-2.368979342281818390e-02,6.054717898368835449e-01,5.471286177635192871e-01,-1.978414878249168396e-02,6.143673062324523926e-01,5.437184572219848633e-01,-1.703161932528018951e-02,6.402451395988464355e-01,5.366297960281372070e-01,-2.214586362242698669e-02,6.100682020187377930e-01,5.548314452171325684e-01,-2.734337933361530304e-02,6.129512190818786621e-01,5.636070370674133301e-01,-2.537413127720355988e-02,6.205664277076721191e-01,5.601564645767211914e-01,-2.308123186230659485e-02,4.173205494880676270e-01,5.005956888198852539e-01,-8.855074185021294397e-08,4.564330577850341797e-01,5.080027580261230469e-01,6.234144093468785286e-04,4.892508983612060547e-01,5.088856220245361328e-01,-4.400421865284442902e-03,5.139210820198059082e-01,5.092440247535705566e-01,-1.123978011310100555e-02,5.316237211227416992e-01,5.078118443489074707e-01,-1.621470600366592407e-02,5.091616511344909668e-01,4.487949013710021973e-01,-4.682740196585655212e-03,5.349196791648864746e-01,5.015059113502502441e-01,-1.511480566114187241e-02,5.197145938873291016e-01,5.159512162208557129e-01,-2.022022008895874023e-02,5.088174343109130859e-01,5.112031698226928711e-01,-2.359481714665889740e-02,4.957177042961120605e-01,4.503536820411682129e-01,-1.190434396266937256e-02,5.225539803504943848e-01,5.185816884040832520e-01,-1.949037052690982819e-02,5.073412656784057617e-01,5.282905101776123047e-01,-1.948495022952556610e-02,4.993351697921752930e-01,5.196974277496337891e-01,-2.035929262638092041e-02,4.799795746803283691e-01,4.610540568828582764e-01,-1.981686800718307495e-02,5.042579770088195801e-01,5.286149382591247559e-01,-2.638787031173706055e-02,4.912469387054443359e-01,5.345250964164733887e-01,-2.281908690929412842e-02,4.836952388286590576e-01,5.239859819412231445e-01,-2.114358544349670410e-02,4.635459482669830322e-01,4.774150252342224121e-01,-2.812181413173675537e-02,4.826777875423431396e-01,5.284348726272583008e-01,-3.108659945428371429e-02,4.728338420391082764e-01,5.314793586730957031e-01,-2.807258069515228271e-02,4.652020037174224854e-01,5.200116038322448730e-01,-2.616607025265693665e-02
6.392496824264526367e-01,5.852699875831604004e-01,-1.737025172587891575e-07,6.111538410186767578e-01,5.583032369613647461e-01,-4.623749293386936188e-03,5.958402752876281738e-01,5.321812629699707031e-01,-1.004444435238838196e-02,5.862278938293457031e-01,5.151532292366027832e-01,-1.534430868923664093e-02,5.830988287925720215e-01,5.021917223930358887e-01,-1.855622418224811554e-02,6.250184774398803711e-01,4.835339784622192383e-01,-6.149954162538051605e-03,5.901412367820739746e-01,4.976899623870849609e-01,-1.758179441094398499e-02,5.940186977386474609e-01,5.170307755470275879e-01,-2.430933341383934021e-02,6.038963198661804199e-01,5.186837911605834961e-01,-2.819417230784893036e-02,6.344531774520874023e-01,4.940919876098632812e-01,-9.569242596626281738e-03,5.942358970642089844e-01,5.134852528572082520e-01,-1.935961656272411346e-02,5.999264121055603027e-01,5.300107598304748535e-01,-2.061634324491024017e-02,6.099837422370910645e-01,5.281462669372558594e-01,-2.081539295613765717e-02,6.391090154647827148e-01,5.123357176780700684e-01,-1.432774029672145844e-02,6.014967560768127441e-01,5.333518981933593750e-01,-2.242193557322025299e-02,6.061365604400634766e-01,5.465924143791198730e-01,-1.820532605051994324e-02,6.147872805595397949e-01,5.433836579322814941e-01,-1.475640386343002319e-02,6.396722793579101562e-01,5.349536538124084473e-01,-2.004217728972434998e-02,6.102628707885742188e-01,5.541526079177856445e-01,-2.547696232795715332e-02,6.127896308898925781e-01,5.630061030387878418e-01,-2.363443933427333832e-02,6.200528740882873535e-01,5.596492886543273926e-01,-2.111609280109405518e-02,4.163076877593994141e-01,5.001564025878906250e-01,-1.153946769250069337e-07,4.558897912502288818e-01,5.047972202301025391e-01,1.457266625948250294e-03,4.906906783580780029e-01,5.008003711700439453e-01,-2.992749214172363281e-03,5.173607468605041504e-01,4.959119260311126709e-01,-9.185309521853923798e-03,5.387161374092102051e-01,4.895984828472137451e-01,-1.343495678156614304e-02,5.089849829673767090e-01,4.515739083290100098e-01,-7.273471914231777191e-03,5.342803597450256348e-01,4.983749985694885254e-01,-1.879092864692211151e-02,5.190184712409973145e-01,5.134152770042419434e-01,-2.350229956209659576e-02,5.083121061325073242e-01,5.105088353157043457e-01,-2.613716386258602142e-02,4.956095218658447266e-01,4.537290334701538086e-01,-1.484266296029090881e-02,5.214997529983520508e-01,5.190477371215820312e-01,-2.328045666217803955e-02,5.052125453948974609e-01,5.288656949996948242e-01,-2.218998968601226807e-02,4.976311624050140381e-01,5.213983058929443359e-01,-2.226337790489196777e-02,4.794179797172546387e-01,4.636452198028564453e-01,-2.302679978311061859e-02,5.041432976722717285e-01,5.297719836235046387e-01,-3.054379671812057495e-02,4.894031286239624023e-01,5.341668725013732910e-01,-2.554424852132797241e-02,4.816339910030364990e-01,5.239216685295104980e-01,-2.278458885848522186e-02,4.619517922401428223e-01,4.782658815383911133e-01,-3.144948929548263550e-02,4.827669858932495117e-01,5.295931100845336914e-01,-3.519095107913017273e-02,4.716481268405914307e-01,5.319940447807312012e-01,-3.145905211567878723e-02,4.633276760578155518e-01,5.210090875625610352e-01,-2.897128276526927948e-02
6.392496824264526367e-01,5.852699875831604004e-01,-1.737025172587891575e-07,6.111538410186767578e-01,5.583032369613647461e-01,-4.623749293386936188e-03,5.958402752876281738e-01,5.321812629699707031e-01,-1.004444435238838196e-02,5.862278938293457031e-01,5.151532292366027832e-01,-1.534430868923664093e-02,5.830988287925720215e-01,5.021917223930358887e-01,-1.855622418224811554e-02,6.250184774398803711e-01,4.835339784622192383e-01,-6.149954162538051605e-03,5.901412367820739746e-01,4.976899623870849609e-01,-1.758179441094398499e-02,5.940186977386474609e-01,5.170307755470275879e-01,-2.430933341383934021e-02,6.038963198661804199e-01,5.186837911605834961e-01,-2.819417230784893036e-02,6.344531774520874023e-01,4.940919876098632812e-01,-9.569242596626281738e-03,5.942358970642089844e-01,5.134852528572082520e-01,-1.935961656272411346e-02,5.999264121055603027e-01,5.300107598304748535e-01,-2.061634324491024017e-02,6.099837422370910645e-01,5.281462669372558594e-01,-2.081539295613765717e-02,6.391090154647827148e-01,5.123357176780700684e-01,-1.432774029672145844e-02,6.014967560768127441e-01,5.333518981933593750e-01,-2.242193557322025299e-02,6.061365604400634766e-01,5.465924143791198730e-01,-1.820532605051994324e-02,6.147872805595397949e-01,5.433836579322814941e-01,-1.475640386343002319e-02,6.396722793579101562e-01,5.349536538124084473e-01,-2.004217728972434998e-02,6.102628707885742188e-01,5.541526079177856445e-01,-2.547696232795715332e-02,6.127896308898925781e-01,5.630061030387878418e-01,-2.363443933427333832e-02,6.200528740882873535e-01,5.596492886543273926e-01,-2.111609280109405518e-02,4.163076877593994141e-01,5.001564025878906250e-01,-1.153946769250069337e-07,4.558897912502288818e-01,5.047972202301025391e-01,1.457266625948250294e-03,4.906906783580780029e-01,5.008003711700439453e-01,-2.992749214172363281e-03,5.173607468605041504e-01,4.959119260311126709e-01,-9.185309521853923798e-03,5.387161374092102051e-01,4.895984828472137451e-01,-1.343495678156614304e-02,5.089849829673767090e-01,4.515739083290100098e-01,-7.273471914231777191e-03,5.342803597450256348e-01,4.983749985694885254e-01,-1.879092864692211151e-02,5.190184712409973145e-01,5.134152770042419434e-01,-2.350229956209659576e-02,5.083121061325073242e-01,5.105088353157043457e-01,-2.613716386258602142e-02,4.956095218658447266e-01,4.537290334701538086e-01,-1.484266296029090881e-02,5.214997529983520508e-01,5.190477371215820312e-01,-2.328045666217803955e-02,5.052125453948974609e-01,5.288656949996948242e-01,-2.218998968601226807e-02,4.976311624050140381e-01,5.213983058929443359e-01,-2.226337790489196777e-02,4.794179797172546387e-01,4.636452198028564453e-01,-2.302679978311061859e-02,5.041432976722717285e-01,5.297719836235046387e-01,-3.054379671812057495e-02,4.894031286239624023e-01,5.341668725013732910e-01,-2.554424852132797241e-02,4.816339910030364990e-01,5.239216685295104980e-01,-2.278458885848522186e-02,4.619517922401428223e-01,4.782658815383911133e-01,-3.144948929548263550e-02,4.827669858932495117e-01,5.295931100845336914e-01,-3.519095107913017273e-02,4.716481268405914307e-01,5.319940447807312012e-01,-3.145905211567878723e-02,4.633276760578155518e-01,5.210090875625610352e-01,-2.897128276526927948e-02
6.401194930076599121e-01,5.881693363189697266e-01,-1.757214249664684758e-07,6.130796074867248535e-01,5.603303909301757812e-01,-3.960254136472940445e-03,5.976386070251464844e-01,5.345425009727478027e-01,-9.514259174466133118e-03,5.873258113861083984e-01,5.189625620841979980e-01,-1.505608670413494110e-02,5.837308764457702637e-01,5.083315372467041016e-01,-1.852282509207725525e-02,6.260387897491455078e-01,4.863269925117492676e-01,-7.370352279394865036e-03,5.910838246345520020e-01,4.997260272502899170e-01,-1.843952573835849762e-02,5.954350829124450684e-01,5.190810561180114746e-01,-2.472981438040733337e-02,6.055880188941955566e-01,5.203221440315246582e-01,-2.846948802471160889e-02,6.355066895484924316e-01,4.982085824012756348e-01,-1.131662819534540176e-02,5.945978760719299316e-01,5.183742046356201172e-01,-2.081456035375595093e-02,6.014580130577087402e-01,5.339308381080627441e-01,-2.184716984629631042e-02,6.120448708534240723e-01,5.309454798698425293e-01,-2.210573107004165649e-02,6.406670808792114258e-01,5.174971818923950195e-01,-1.635643467307090759e-02,6.022858023643493652e-01,5.383640527725219727e-01,-2.339032664895057678e-02,6.080399155616760254e-01,5.503118038177490234e-01,-1.892359741032123566e-02,6.172975897789001465e-01,5.462811589241027832e-01,-1.571251265704631805e-02,6.419060230255126953e-01,5.410881638526916504e-01,-2.233065664768218994e-02,6.116021871566772461e-01,5.583992004394531250e-01,-2.673383615911006927e-02,6.149741411209106445e-01,5.660611391067504883e-01,-2.435560338199138641e-02,6.229856610298156738e-01,5.624796748161315918e-01,-2.172091417014598846e-02,4.178411066532135010e-01,4.949807822704315186e-01,-4.765411176776979119e-08,4.568572640419006348e-01,4.997904896736145020e-01,2.254300285130739212e-03,4.889801442623138428e-01,5.017167925834655762e-01,-4.542457871139049530e-03,5.129110217094421387e-01,5.070629715919494629e-01,-1.357796881347894669e-02,5.266436338424682617e-01,5.110388398170471191e-01,-2.086688950657844543e-02,5.126460790634155273e-01,4.506858587265014648e-01,-1.121545210480690002e-02,5.376831293106079102e-01,5.003038048744201660e-01,-2.493481710553169250e-02,5.238092541694641113e-01,5.232869386672973633e-01,-2.971540205180644989e-02,5.126569271087646484e-01,5.269057154655456543e-01,-3.153638914227485657e-02,4.971945285797119141e-01,4.514158964157104492e-01,-2.011503838002681732e-02,5.221986770629882812e-01,5.190562605857849121e-01,-3.020045347511768341e-02,5.063083767890930176e-01,5.373237133026123047e-01,-2.813734486699104309e-02,4.991692006587982178e-01,5.345237255096435547e-01,-2.705847099423408508e-02,4.786738455295562744e-01,4.603070020675659180e-01,-2.943185716867446899e-02,5.023923516273498535e-01,5.288773775100708008e-01,-3.796970471739768982e-02,4.880228340625762939e-01,5.385003089904785156e-01,-3.173936530947685242e-02,4.801385700702667236e-01,5.293305516242980957e-01,-2.768168412148952484e-02,4.593948125839233398e-01,4.739271700382232666e-01,-3.891569748520851135e-02,4.800179898738861084e-01,5.286929011344909668e-01,-4.193106666207313538e-02,4.707551598548889160e-01,5.342251062393188477e-01,-3.654988110065460205e-02,4.631549715995788574e-01,5.236365795135498047e-01,-3.281041607260704041e-02
6.457942128181457520e-01,5.969080328941345215e-01,-1.725191225432354258e-07,6.195001602172851562e-01,5.675764083862304688e-01,-3.367955796420574188e-03,6.049651503562927246e-01,5.419819355010986328e-01,-9.775058366358280182e-03,5.935139060020446777e-01,5.270194411277770996e-01,-1.635415293276309967e-02,5.885066986083984375e-01,5.202276110649108887e-01,-2.126116305589675903e-02,6.314371824264526367e-01,4.960443973541259766e-01,-8.959934115409851074e-03,5.942692160606384277e-01,5.096868276596069336e-01,-1.964635215699672699e-02,5.978283882141113281e-01,5.277249217033386230e-01,-2.558005414903163910e-02,6.076070666313171387e-01,5.291485786437988281e-01,-2.910549752414226532e-02,6.403988599777221680e-01,5.082465410232543945e-01,-1.332128793001174927e-02,5.987693667411804199e-01,5.268672108650207520e-01,-2.215243875980377197e-02,6.052531003952026367e-01,5.414053797721862793e-01,-2.299887873232364655e-02,6.155660152435302734e-01,5.394618511199951172e-01,-2.350545302033424377e-02,6.449530124664306641e-01,5.280168056488037109e-01,-1.845929212868213654e-02,6.055539846420288086e-01,5.477008819580078125e-01,-2.487310394644737244e-02,6.113315224647521973e-01,5.591402053833007812e-01,-2.085395529866218567e-02,6.208442449569702148e-01,5.552071928977966309e-01,-1.833797805011272430e-02,6.456649899482727051e-01,5.517384409904479980e-01,-2.436842583119869232e-02,6.142825484275817871e-01,5.673564672470092773e-01,-2.794063463807106018e-02,6.176261901855468750e-01,5.744189620018005371e-01,-2.530306018888950348e-02,6.256944537162780762e-01,5.709761977195739746e-01,-2.292783372104167938e-02,4.190602004528045654e-01,5.014057159423828125e-01,-7.722755412942206021e-08,4.590467214584350586e-01,5.152196288108825684e-01,1.404745969921350479e-03,4.876126050949096680e-01,5.230866670608520508e-01,-7.888559252023696899e-03,5.081965923309326172e-01,5.368917584419250488e-01,-2.009273134171962738e-02,5.101794600486755371e-01,5.447546839714050293e-01,-3.053825348615646362e-02,5.165647864341735840e-01,4.514341652393341064e-01,-1.112834550440311432e-02,5.372614860534667969e-01,5.010160207748413086e-01,-2.607151307165622711e-02,5.190762281417846680e-01,5.216913819313049316e-01,-3.156708553433418274e-02,5.069754123687744141e-01,5.206590294837951660e-01,-3.450626879930496216e-02,4.983935356140136719e-01,4.450046122074127197e-01,-2.207703515887260437e-02,5.178878307342529297e-01,5.127802491188049316e-01,-3.537794575095176697e-02,4.961037635803222656e-01,5.297557711601257324e-01,-3.476688638329505920e-02,4.875710308551788330e-01,5.209203362464904785e-01,-3.402406722307205200e-02,4.769797623157501221e-01,4.504085779190063477e-01,-3.351747617125511169e-02,4.952633976936340332e-01,5.167657732963562012e-01,-4.513407498598098755e-02,4.765160083770751953e-01,5.275202989578247070e-01,-3.877307847142219543e-02,4.680381119251251221e-01,5.135436654090881348e-01,-3.406417369842529297e-02,4.542733728885650635e-01,4.621922373771667480e-01,-4.527792707085609436e-02,4.711172580718994141e-01,5.158231258392333984e-01,-4.996176809072494507e-02,4.596983790397644043e-01,5.248113274574279785e-01,-4.361580312252044678e-02,4.522107839584350586e-01,5.134281516075134277e-01,-3.894810751080513000e-02
6.457942128181457520e-01,5.969080328941345215e-01,-1.725191225432354258e-07,6.195001602172851562e-01,5.675764083862304688e-01,-3.367955796420574188e-03,6.049651503562927246e-01,5.419819355010986328e-01,-9.775058366358280182e-03,5.935139060020446777e-01,5.270194411277770996e-01,-1.635415293276309967e-02,5.885066986083984375e-01,5.202276110649108887e-01,-2.126116305589675903e-02,6.314371824264526367e-01,4.960443973541259766e-01,-8.959934115409851074e-03,5.942692160606384277e-01,5.096868276596069336e-01,-1.964635215699672699e-02,5.978283882141113281e-01,5.277249217033386230e-01,-2.558005414903163910e-02,6.076070666313171387e-01,5.291485786437988281e-01,-2.910549752414226532e-02,6.403988599777221680e-01,5.082465410232543945e-01,-1.332128793001174927e-02,5.987693667411804199e-01,5.268672108650207520e-01,-2.215243875980377197e-02,6.052531003952026367e-01,5.414053797721862793e-01,-2.299887873232364655e-02,6.155660152435302734e-01,5.394618511199951172e-01,-2.350545302033424377e-02,6.449530124664306641e-01,5.280168056488037109e-01,-1.845929212868213654e-02,6.055539846420288086e-01,5.477008819580078125e-01,-2.487310394644737244e-02,6.113315224647521973e-01,5.591402053833007812e-01,-2.085395529866218567e-02,6.208442449569702148e-01,5.552071928977966309e-01,-1.833797805011272430e-02,6.456649899482727051e-01,5.517384409904479980e-01,-2.436842583119869232e-02,6.142825484275817871e-01,5.673564672470092773e-01,-2.794063463807106018e-02,6.176261901855468750e-01,5.744189620018005371e-01,-2.530306018888950348e-02,6.256944537162780762e-01,5.709761977195739746e-01,-2.292783372104167938e-02,4.190602004528045654e-01,5.014057159423828125e-01,-7.722755412942206021e-08,4.590467214584350586e-01,5.152196288108825684e-01,1.404745969921350479e-03,4.876126050949096680e-01,5.230866670608520508e-01,-7.888559252023696899e-03,5.081965923309326172e-01,5.368917584419250488e-01,-2.009273134171962738e-02,5.101794600486755371e-01,5.447546839714050293e-01,-3.053825348615646362e-02,5.165647864341735840e-01,4.514341652393341064e-01,-1.112834550440311432e-02,5.372614860534667969e-01,5.010160207748413086e-01,-2.607151307165622711e-02,5.190762281417846680e-01,5.216913819313049316e-01,-3.156708553433418274e-02,5.069754123687744141e-01,5.206590294837951660e-01,-3.450626879930496216e-02,4.983935356140136719e-01,4.450046122074127197e-01,-2.207703515887260437e-02,5.178878307342529297e-01,5.127802491188049316e-01,-3.537794575095176697e-02,4.961037635803222656e-01,5.297557711601257324e-01,-3.476688638329505920e-02,4.875710308551788330e-01,5.209203362464904785e-01,-3.402406722307205200e-02,4.769797623157501221e-01,4.504085779190063477e-01,-3.351747617125511169e-02,4.952633976936340332e-01,5.167657732963562012e-01,-4.513407498598098755e-02,4.765160083770751953e-01,5.275202989578247070e-01,-3.877307847142219543e-02,4.680381119251251221e-01,5.135436654090881348e-01,-3.406417369842529297e-02,4.542733728885650635e-01,4.621922373771667480e-01,-4.527792707085609436e-02,4.711172580718994141e-01,5.158231258392333984e-01,-4.996176809072494507e-02,4.596983790397644043e-01,5.248113274574279785e-01,-4.361580312252044678e-02,4.522107839584350586e-01,5.134281516075134277e-01,-3.894810751080513000e-02
6.444836258888244629e-01,5.977269411087036133e-01,-1.490087697675335221e-07,6.198887825012207031e-01,5.701401233673095703e-01,-4.313638433814048767e-03,6.041446924209594727e-01,5.448690056800842285e-01,-1.057611033320426941e-02,5.913116335868835449e-01,5.317707657814025879e-01,-1.678145676851272583e-02,5.848811268806457520e-01,5.253859758377075195e-01,-2.102353237569332123e-02,6.317416429519653320e-01,4.964672029018402100e-01,-8.342933841049671173e-03,5.943800210952758789e-01,5.106317996978759766e-01,-1.991168782114982605e-02,5.992779731750488281e-01,5.296355485916137695e-01,-2.659839019179344177e-02,6.102308034896850586e-01,5.300914049148559570e-01,-3.047666884958744049e-02,6.404674649238586426e-01,5.079473257064819336e-01,-1.203187555074691772e-02,5.991011261940002441e-01,5.283446907997131348e-01,-2.180675789713859558e-02,6.064888834953308105e-01,5.431479215621948242e-01,-2.308033779263496399e-02,6.170992851257324219e-01,5.394859910011291504e-01,-2.352592162787914276e-02,6.448062658309936523e-01,5.270053148269653320e-01,-1.673641614615917206e-02,6.064782738685607910e-01,5.479758977890014648e-01,-2.353380993008613586e-02,6.124565601348876953e-01,5.596482157707214355e-01,-1.893001422286033630e-02,6.214194297790527344e-01,5.555239915847778320e-01,-1.565541140735149384e-02,6.452662348747253418e-01,5.504817962646484375e-01,-2.241922914981842041e-02,6.154547929763793945e-01,5.671430826187133789e-01,-2.626469358801841736e-02,6.190209388732910156e-01,5.743515491485595703e-01,-2.354975044727325439e-02,6.269403100013732910e-01,5.705503821372985840e-01,-2.073332853615283966e-02,4.189013242721557617e-01,4.990046918392181396e-01,-9.483106566676724469e-08,4.578467309474945068e-01,5.152155160903930664e-01,6.998314638622105122e-04,4.864527285099029541e-01,5.247156023979187012e-01,-7.301632780581712723e-03,5.062891840934753418e-01,5.382381677627563477e-01,-1.794743165373802185e-02,5.096292495727539062e-01,5.461498498916625977e-01,-2.699728310108184814e-02,5.155416131019592285e-01,4.507337510585784912e-01,-8.001230657100677490e-03,5.358871221542358398e-01,5.004049539566040039e-01,-2.138733305037021637e-02,5.184692144393920898e-01,5.192273855209350586e-01,-2.701366320252418518e-02,5.076225996017456055e-01,5.175614953041076660e-01,-3.040695562958717346e-02,4.980967342853546143e-01,4.450729489326477051e-01,-1.753887347877025604e-02,5.172011852264404297e-01,5.120535492897033691e-01,-2.890416979789733887e-02,4.966685473918914795e-01,5.285252332687377930e-01,-2.890203334391117096e-02,4.881933927536010742e-01,5.208207964897155762e-01,-2.895486168563365936e-02,4.773741066455841064e-01,4.505794644355773926e-01,-2.770210057497024536e-02,4.955993890762329102e-01,5.160609483718872070e-01,-3.775376453995704651e-02,4.778349995613098145e-01,5.272348523139953613e-01,-3.260857611894607544e-02,4.688359797000885010e-01,5.156306624412536621e-01,-2.892662212252616882e-02,4.555369615554809570e-01,4.626345336437225342e-01,-3.830903768539428711e-02,4.714463651180267334e-01,5.146864056587219238e-01,-4.210005328059196472e-02,4.604639410972595215e-01,5.232185721397399902e-01,-3.674162924289703369e-02,4.529707729816436768e-01,5.132421255111694336e-01,-3.283341228961944580e-02
6.465344429016113281e-01,5.983184576034545898e-01,-1.589499589726983686e-07,6.217721104621887207e-01,5.695480108261108398e-01,-3.761294530704617500e-03,6.061906218528747559e-01,5.441266894340515137e-01,-1.000646781176328659e-02,5.936397314071655273e-01,5.292602777481079102e-01,-1.621096208691596985e-02,5.875419378280639648e-01,5.206207036972045898e-01,-2.040937170386314392e-02,6.336104273796081543e-01,4.973081350326538086e-01,-8.825470693409442902e-03,5.971632599830627441e-01,5.107834339141845703e-01,-1.960786245763301849e-02,6.016167998313903809e-01,5.298754572868347168e-01,-2.537225373089313507e-02,6.121349334716796875e-01,5.301696658134460449e-01,-2.882467210292816162e-02,6.427167057991027832e-01,5.093597173690795898e-01,-1.291417051106691360e-02,6.016976833343505859e-01,5.292040705680847168e-01,-2.230825088918209076e-02,6.086251139640808105e-01,5.442889928817749023e-01,-2.301716245710849762e-02,6.189544796943664551e-01,5.413619875907897949e-01,-2.318048477172851562e-02,6.473031044006347656e-01,5.289487838745117188e-01,-1.788508147001266479e-02,6.090228557586669922e-01,5.497632622718811035e-01,-2.446193993091583252e-02,6.151002645492553711e-01,5.611464977264404297e-01,-1.979335211217403412e-02,6.243749260902404785e-01,5.569257140159606934e-01,-1.666872762143611908e-02,6.480854153633117676e-01,5.528554320335388184e-01,-2.373885549604892731e-02,6.179291009902954102e-01,5.696477293968200684e-01,-2.774491347372531891e-02,6.217070221900939941e-01,5.765028595924377441e-01,-2.522717975080013275e-02,6.299771666526794434e-01,5.724506378173828125e-01,-2.265237271785736084e-02,4.188976883888244629e-01,4.903705120086669922e-01,-6.979531974593555788e-08,4.559399187564849854e-01,5.013926625251770020e-01,3.791557624936103821e-03,4.855621159076690674e-01,5.073906779289245605e-01,-2.661164151504635811e-03,5.062137246131896973e-01,5.176982283592224121e-01,-1.203484740108251572e-02,5.171783566474914551e-01,5.290824770927429199e-01,-1.951300166547298431e-02,5.129696726799011230e-01,4.384930133819580078e-01,-6.077768746763467789e-03,5.383440852165222168e-01,4.865098297595977783e-01,-1.745443046092987061e-02,5.223394632339477539e-01,5.047616958618164062e-01,-2.102980948984622955e-02,5.101812481880187988e-01,5.042899250984191895e-01,-2.253412269055843353e-02,4.981377124786376953e-01,4.361327588558197021e-01,-1.582203432917594910e-02,5.226593017578125000e-01,5.024288296699523926e-01,-2.449377253651618958e-02,5.030974149703979492e-01,5.167885422706604004e-01,-2.223603613674640656e-02,4.944185018539428711e-01,5.099511742591857910e-01,-2.096166647970676422e-02,4.800581634044647217e-01,4.440929889678955078e-01,-2.598401717841625214e-02,5.019469261169433594e-01,5.095047354698181152e-01,-3.330623731017112732e-02,4.842519760131835938e-01,5.183227658271789551e-01,-2.688009291887283325e-02,4.752210378646850586e-01,5.081551671028137207e-01,-2.275188639760017395e-02,4.611730575561523438e-01,4.581893086433410645e-01,-3.630711510777473450e-02,4.827322363853454590e-01,5.109729766845703125e-01,-3.777021169662475586e-02,4.708785712718963623e-01,5.179522037506103516e-01,-3.158379718661308289e-02,4.616560339927673340e-01,5.086970329284667969e-01,-2.752829715609550476e-02
6.472293734550476074e-01,5.960420370101928711e-01,-1.338451482979508000e-07,6.233990192413330078e-01,5.672969222068786621e-01,-4.327894188463687897e-03,6.071618795394897461e-01,5.427026152610778809e-01,-1.118090376257896423e-02,5.937591195106506348e-01,5.309399366378784180e-01,-1.793351955711841583e-02,5.885664820671081543e-01,5.274078249931335449e-01,-2.282662875950336456e-02,6.343319416046142578e-01,4.969652891159057617e-01,-1.003727968782186508e-02,5.973857641220092773e-01,5.107128024101257324e-01,-2.114241756498813629e-02,6.016624569892883301e-01,5.293188691139221191e-01,-2.743896283209323883e-02,6.122283339500427246e-01,5.296666026115417480e-01,-3.130600601434707642e-02,6.434322595596313477e-01,5.092421770095825195e-01,-1.387259736657142639e-02,6.021711230278015137e-01,5.301006436347961426e-01,-2.343443781137466431e-02,6.093997359275817871e-01,5.438905358314514160e-01,-2.452213317155838013e-02,6.200340986251831055e-01,5.401458144187927246e-01,-2.513073571026325226e-02,6.478827595710754395e-01,5.291416645050048828e-01,-1.858139410614967346e-02,6.094594597816467285e-01,5.502536296844482422e-01,-2.487259358167648315e-02,6.155529022216796875e-01,5.606320500373840332e-01,-2.038907259702682495e-02,6.249903440475463867e-01,5.562171339988708496e-01,-1.754847727715969086e-02,6.484116315841674805e-01,5.529786348342895508e-01,-2.423181943595409393e-02,6.182449460029602051e-01,5.688169002532958984e-01,-2.777271904051303864e-02,6.219463348388671875e-01,5.745785832405090332e-01,-2.519615180790424347e-02,6.301889419555664062e-01,5.701310038566589355e-01,-2.280337922275066376e-02,4.163272976875305176e-01,4.923886358737945557e-01,-7.009126079537963960e-08,4.570917785167694092e-01,5.045398473739624023e-01,4.102409351617097855e-03,4.863618910312652588e-01,5.030450224876403809e-01,-6.962585612200200558e-04,5.073484778404235840e-01,5.003458857536315918e-01,-8.322353474795818329e-03,5.208568572998046875e-01,4.965259134769439697e-01,-1.411003712564706802e-02,5.053957104682922363e-01,4.335487186908721924e-01,-3.153560683131217957e-03,5.367112159729003906e-01,4.756253957748413086e-01,-1.427025347948074341e-02,5.232818126678466797e-01,4.952213168144226074e-01,-1.955969445407390594e-02,5.114676952362060547e-01,4.955362677574157715e-01,-2.250281348824501038e-02,4.948291480541229248e-01,4.344805777072906494e-01,-1.237954013049602509e-02,5.264960527420043945e-01,4.953151047229766846e-01,-2.040895260870456696e-02,5.098802447319030762e-01,5.121451616287231445e-01,-1.919335499405860901e-02,5.000491738319396973e-01,5.072236657142639160e-01,-1.889017038047313690e-02,4.811250865459442139e-01,4.453191459178924561e-01,-2.218218706548213959e-02,5.095128417015075684e-01,5.064638853073120117e-01,-2.791705541312694550e-02,4.931376576423645020e-01,5.163586139678955078e-01,-2.154618129134178162e-02,4.827814102172851562e-01,5.070841312408447266e-01,-1.816306635737419128e-02,4.661659002304077148e-01,4.621523916721343994e-01,-3.226084634661674500e-02,4.894749820232391357e-01,5.111225247383117676e-01,-3.315884247422218323e-02,4.770301878452301025e-01,5.175677537918090820e-01,-2.721805125474929810e-02,4.667820334434509277e-01,5.082303881645202637e-01,-2.374476194381713867e-02
6.472293734550476074e-01,5.960420370101928711e-01,-1.338451482979508000e-07,6.233990192413330078e-01,5.672969222068786621e-01,-4.327894188463687897e-03,6.071618795394897461e-01,5.427026152610778809e-01,-1.118090376257896423e-02,5.937591195106506348e-01,5.309399366378784180e-01,-1.793351955711841583e-02,5.885664820671081543e-01,5.274078249931335449e-01,-2.282662875950336456e-02,6.343319416046142578e-01,4.969652891159057617e-01,-1.003727968782186508e-02,5.973857641220092773e-01,5.107128024101257324e-01,-2.114241756498813629e-02,6.016624569892883301e-01,5.293188691139221191e-01,-2.743896283209323883e-02,6.122283339500427246e-01,5.296666026115417480e-01,-3.130600601434707642e-02,6.434322595596313477e-01,5.092421770095825195e-01,-1.387259736657142639e-02,6.021711230278015137e-01,5.301006436347961426e-01,-2.343443781137466431e-02,6.093997359275817871e-01,5.438905358314514160e-01,-2.452213317155838013e-02,6.200340986251831055e-01,5.401458144187927246e-01,-2.513073571026325226e-02,6.478827595710754395e-01,5.291416645050048828e-01,-1.858139410614967346e-02,6.094594597816467285e-01,5.502536296844482422e-01,-2.487259358167648315e-02,6.155529022216796875e-01,5.606320500373840332e-01,-2.038907259702682495e-02,6.249903440475463867e-01,5.562171339988708496e-01,-1.754847727715969086e-02,6.484116315841674805e-01,5.529786348342895508e-01,-2.423181943595409393e-02,6.182449460029602051e-01,5.688169002532958984e-01,-2.777271904051303864e-02,6.219463348388671875e-01,5.745785832405090332e-01,-2.519615180790424347e-02,6.301889419555664062e-01,5.701310038566589355e-01,-2.280337922275066376e-02,4.163272976875305176e-01,4.923886358737945557e-01,-7.009126079537963960e-08,4.570917785167694092e-01,5.045398473739624023e-01,4.102409351617097855e-03,4.863618910312652588e-01,5.030450224876403809e-01,-6.962585612200200558e-04,5.073484778404235840e-01,5.003458857536315918e-01,-8.322353474795818329e-03,5.208568572998046875e-01,4.965259134769439697e-01,-1.411003712564706802e-02,5.053957104682922363e-01,4.335487186908721924e-01,-3.153560683131217957e-03,5.367112159729003906e-01,4.756253957748413086e-01,-1.427025347948074341e-02,5.232818126678466797e-01,4.952213168144226074e-01,-1.955969445407390594e-02,5.114676952362060547e-01,4.955362677574157715e-01,-2.250281348824501038e-02,4.948291480541229248e-01,4.344805777072906494e-01,-1.237954013049602509e-02,5.264960527420043945e-01,4.953151047229766846e-01,-2.040895260870456696e-02,5.098802447319030762e-01,5.121451616287231445e-01,-1.919335499405860901e-02,5.000491738319396973e-01,5.072236657142639160e-01,-1.889017038047313690e-02,4.811250865459442139e-01,4.453191459178924561e-01,-2.218218706548213959e-02,5.095128417015075684e-01,5.064638853073120117e-01,-2.791705541312694550e-02,4.931376576423645020e-01,5.163586139678955078e-01,-2.154618129134178162e-02,4.827814102172851562e-01,5.070841312408447266e-01,-1.816306635737419128e-02,4.661659002304077148e-01,4.621523916721343994e-01,-3.226084634661674500e-02,4.894749820232391357e-01,5.111225247383117676e-01,-3.315884247422218323e-02,4.770301878452301025e-01,5.175677537918090820e-01,-2.721805125474929810e-02,4.667820334434509277e-01,5.082303881645202637e-01,-2.374476194381713867e-02
6.470107436180114746e-01,5.949996113777160645e-01,-1.353294152295347885e-07,6.227269172668457031e-01,5.667720437049865723e-01,-4.183910321444272995e-03,6.068420410156250000e-01,5.422666668891906738e-01,-1.088340021669864655e-02,5.942190885543823242e-01,5.300540924072265625e-01,-1.754136569797992706e-02,5.902227759361267090e-01,5.263559818267822266e-01,-2.237900719046592712e-02,6.343674659729003906e-01,4.966719448566436768e-01,-9.760799817740917206e-03,5.978188514709472656e-01,5.105322003364562988e-01,-2.060564607381820679e-02,6.021395325660705566e-01,5.294618010520935059e-01,-2.671042270958423615e-02,6.128647327423095703e-01,5.299388766288757324e-01,-3.046691417694091797e-02,6.433674693107604980e-01,5.089905858039855957e-01,-1.361567247658967972e-02,6.027477383613586426e-01,5.299942493438720703e-01,-2.291266992688179016e-02,6.097671985626220703e-01,5.438448190689086914e-01,-2.394927293062210083e-02,6.203191280364990234e-01,5.401365756988525391e-01,-2.452595345675945282e-02,6.478626728057861328e-01,5.288051962852478027e-01,-1.829587481915950775e-02,6.098267436027526855e-01,5.498262047767639160e-01,-2.442353591322898865e-02,6.157659292221069336e-01,5.603635311126708984e-01,-2.000653557479381561e-02,6.251620054244995117e-01,5.560802221298217773e-01,-1.720839738845825195e-02,6.484616994857788086e-01,5.526110529899597168e-01,-2.390499413013458252e-02,6.186376810073852539e-01,5.686494112014770508e-01,-2.729118801653385162e-02,6.222731471061706543e-01,5.745003223419189453e-01,-2.466106787323951721e-02,6.305538415908813477e-01,5.701915621757507324e-01,-2.222049608826637268e-02,4.149748682975769043e-01,4.929095804691314697e-01,-1.083393570411317341e-07,4.577863812446594238e-01,5.027323365211486816e-01,5.054438486695289612e-03,4.880096614360809326e-01,4.991428554058074951e-01,1.039682538248598576e-03,5.090048909187316895e-01,4.924496412277221680e-01,-5.947207566350698471e-03,5.229026079177856445e-01,4.856846034526824951e-01,-1.121064182370901108e-02,5.050677657127380371e-01,4.324907064437866211e-01,-2.659135730937123299e-03,5.364801883697509766e-01,4.748007059097290039e-01,-1.365315634757280350e-02,5.234377980232238770e-01,4.937827289104461670e-01,-1.865823194384574890e-02,5.116829276084899902e-01,4.937335252761840820e-01,-2.140469849109649658e-02,4.947817027568817139e-01,4.337202906608581543e-01,-1.222714129835367203e-02,5.266728997230529785e-01,4.966001212596893311e-01,-2.003182470798492432e-02,5.096377134323120117e-01,5.117181539535522461e-01,-1.841420494019985199e-02,4.992472827434539795e-01,5.052778720855712891e-01,-1.793120801448822021e-02,4.811810255050659180e-01,4.448762834072113037e-01,-2.231665514409542084e-02,5.100451111793518066e-01,5.076695084571838379e-01,-2.792163752019405365e-02,4.930263459682464600e-01,5.161277055740356445e-01,-2.150171622633934021e-02,4.823329746723175049e-01,5.062251687049865723e-01,-1.823741756379604340e-02,4.662285149097442627e-01,4.618543684482574463e-01,-3.262815624475479126e-02,4.890336096286773682e-01,5.111751556396484375e-01,-3.378020226955413818e-02,4.760722815990447998e-01,5.162773132324218750e-01,-2.824598550796508789e-02,4.656587243080139160e-01,5.061166882514953613e-01,-2.507080510258674622e-02
6.333013772964477539e-01,5.760273337364196777e-01,-1.411347909652249655e-07,6.067307591438293457e-01,5.433478951454162598e-01,-3.819881472736597061e-03,5.929497480392456055e-01,5.143818259239196777e-01,-8.232619613409042358e-03,5.877879261970520020e-01,4.926528334617614746e-01,-1.262369379401206970e-02,5.901924967765808105e-01,4.804442226886749268e-01,-1.535131689161062241e-02,6.277759671211242676e-01,4.698301553726196289e-01,-4.297339357435703278e-03,5.989170670509338379e-01,4.814370870590209961e-01,-1.271499320864677429e-02,6.014478802680969238e-01,4.983135461807250977e-01,-1.835163496434688568e-02,6.102464199066162109e-01,4.995653629302978516e-01,-2.230299450457096100e-02,6.399224400520324707e-01,4.811226725578308105e-01,-7.560335099697113037e-03,6.047229170799255371e-01,4.974166154861450195e-01,-1.369250286370515823e-02,6.082051396369934082e-01,5.113741159439086914e-01,-1.477555651217699051e-02,6.162759661674499512e-01,5.094824433326721191e-01,-1.586916111409664154e-02,6.478760838508605957e-01,5.002036094665527344e-01,-1.179306488484144211e-02,6.126589775085449219e-01,5.176448225975036621e-01,-1.631048507988452911e-02,6.153250336647033691e-01,5.287701487541198730e-01,-1.135218329727649689e-02,6.222833395004272461e-01,5.265235304832458496e-01,-8.492147549986839294e-03,6.519439816474914551e-01,5.244575142860412598e-01,-1.697814278304576874e-02,6.222279071807861328e-01,5.369200706481933594e-01,-2.040999568998813629e-02,6.244916915893554688e-01,5.441361069679260254e-01,-1.730538159608840942e-02,6.323918104171752930e-01,5.422229766845703125e-01,-1.436956785619258881e-02,4.034119844436645508e-01,5.216908454895019531e-01,-1.664328266315351357e-07,4.242461919784545898e-01,4.842063784599304199e-01,1.086932886391878128e-02,4.527590274810791016e-01,4.666799604892730713e-01,1.001203618943691254e-02,4.760098159313201904e-01,4.705106914043426514e-01,5.179102998226881027e-03,4.900992214679718018e-01,4.823557436466217041e-01,1.255034469068050385e-03,4.760620594024658203e-01,4.415587782859802246e-01,6.345322355628013611e-03,5.110628604888916016e-01,4.710546135902404785e-01,1.420864136889576912e-03,5.021403431892395020e-01,4.842961430549621582e-01,-1.647310447879135609e-03,4.898796081542968750e-01,4.840731024742126465e-01,-3.579606302082538605e-03,4.763475358486175537e-01,4.499424695968627930e-01,-3.613479668274521828e-03,5.088993906974792480e-01,4.926947355270385742e-01,-4.315958358347415924e-03,4.949451982975006104e-01,5.037161111831665039e-01,-2.416832838207483292e-03,4.829422533512115479e-01,4.969359040260314941e-01,-2.421200042590498924e-03,4.739137291908264160e-01,4.664001464843750000e-01,-1.337912306189537048e-02,5.041142106056213379e-01,5.101141929626464844e-01,-1.050739921629428864e-02,4.899949431419372559e-01,5.180259943008422852e-01,-4.910921212285757065e-03,4.785782694816589355e-01,5.091068744659423828e-01,-3.686783369630575180e-03,4.699583053588867188e-01,4.874020516872406006e-01,-2.317033708095550537e-02,4.928629994392395020e-01,5.228690505027770996e-01,-1.701714470982551575e-02,4.802113175392150879e-01,5.288112163543701172e-01,-1.038167439401149750e-02,4.697157144546508789e-01,5.215207934379577637e-01,-7.408733945339918137e-03
6.284836530685424805e-01,5.605789422988891602e-01,-1.657739829852289404e-07,6.028190255165100098e-01,5.341373085975646973e-01,-8.943224325776100159e-03,5.887355208396911621e-01,5.080570578575134277e-01,-1.576937548816204071e-02,5.841424465179443359e-01,4.898599982261657715e-01,-2.149091660976409912e-02,5.863101482391357422e-01,4.801499843597412109e-01,-2.477973885834217072e-02,6.268675923347473145e-01,4.588300287723541260e-01,-1.017620693892240524e-02,5.975418686866760254e-01,4.740761816501617432e-01,-2.032477967441082001e-02,5.981714129447937012e-01,4.948743581771850586e-01,-2.612446248531341553e-02,6.068959832191467285e-01,4.962908029556274414e-01,-3.003791160881519318e-02,6.401197910308837891e-01,4.722608327865600586e-01,-1.186420489102602005e-02,6.048290729522705078e-01,4.941114187240600586e-01,-2.027493342757225037e-02,6.073168516159057617e-01,5.088543891906738281e-01,-2.139266580343246460e-02,6.165781617164611816e-01,5.057043433189392090e-01,-2.207132801413536072e-02,6.484931707382202148e-01,4.937963485717773438e-01,-1.503301225602626801e-02,6.132347583770751953e-01,5.171141028404235840e-01,-2.141992375254631042e-02,6.147920489311218262e-01,5.282721519470214844e-01,-1.689395681023597717e-02,6.230765581130981445e-01,5.238820314407348633e-01,-1.387824490666389465e-02,6.527451276779174805e-01,5.183829665184020996e-01,-1.974141597747802734e-02,6.234245896339416504e-01,5.362548828125000000e-01,-2.424061857163906097e-02,6.245527863502502441e-01,5.420468449592590332e-01,-2.220365032553672791e-02,6.328003406524658203e-01,5.369274616241455078e-01,-1.982417888939380646e-02,4.001190662384033203e-01,5.217552781105041504e-01,-1.257601240922667785e-07,4.203814864158630371e-01,4.855529665946960449e-01,8.344338275492191315e-03,4.513732492923736572e-01,4.676952958106994629e-01,7.069434504956007004e-03,4.766479730606079102e-01,4.712929427623748779e-01,2.358526224270462990e-03,4.914481043815612793e-01,4.805336594581604004e-01,-1.278213341720402241e-03,4.750259220600128174e-01,4.416505992412567139e-01,6.375351455062627792e-03,5.096364021301269531e-01,4.748184084892272949e-01,4.623694694600999355e-04,4.994937777519226074e-01,4.869714975357055664e-01,-3.967243712395429611e-03,4.866451025009155273e-01,4.841617643833160400e-01,-7.219110149890184402e-03,4.756075143814086914e-01,4.494428932666778564e-01,-2.815354382619261742e-03,5.102274417877197266e-01,4.933001995086669922e-01,-4.701802972704172134e-03,4.969514906406402588e-01,5.040691494941711426e-01,-3.772959578782320023e-03,4.850857257843017578e-01,4.973290860652923584e-01,-4.383642692118883133e-03,4.735731482505798340e-01,4.650897681713104248e-01,-1.220638584345579147e-02,5.046302080154418945e-01,5.092397928237915039e-01,-1.112823188304901123e-02,4.898927807807922363e-01,5.180778503417968750e-01,-6.092671304941177368e-03,4.784096479415893555e-01,5.096082091331481934e-01,-4.690975882112979889e-03,4.699930250644683838e-01,4.859911799430847168e-01,-2.192013338208198547e-02,4.941897094249725342e-01,5.218752026557922363e-01,-1.735829934477806091e-02,4.812623858451843262e-01,5.279875993728637695e-01,-1.150848064571619034e-02,4.706473946571350098e-01,5.203365087509155273e-01,-8.746920153498649597e-03
6.284836530685424805e-01,5.605789422988891602e-01,-1.657739829852289404e-07,6.028190255165100098e-01,5.341373085975646973e-01,-8.943224325776100159e-03,5.887355208396911621e-01,5.080570578575134277e-01,-1.576937548816204071e-02,5.841424465179443359e-01,4.898599982261657715e-01,-2.149091660976409912e-02,5.863101482391357422e-01,4.801499843597412109e-01,-2.477973885834217072e-02,6.268675923347473145e-01,4.588300287723541260e-01,-1.017620693892240524e-02,5.975418686866760254e-01,4.740761816501617432e-01,-2.032477967441082001e-02,5.981714129447937012e-01,4.948743581771850586e-01,-2.612446248531341553e-02,6.068959832191467285e-01,4.962908029556274414e-01,-3.003791160881519318e-02,6.401197910308837891e-01,4.722608327865600586e-01,-1.186420489102602005e-02,6.048290729522705078e-01,4.941114187240600586e-01,-2.027493342757225037e-02,6.073168516159057617e-01,5.088543891906738281e-01,-2.139266580343246460e-02,6.165781617164611816e-01,5.057043433189392090e-01,-2.207132801413536072e-02,6.484931707382202148e-01,4.937963485717773438e-01,-1.503301225602626801e-02,6.132347583770751953e-01,5.171141028404235840e-01,-2.141992375254631042e-02,6.147920489311218262e-01,5.282721519470214844e-01,-1.689395681023597717e-02,6.230765581130981445e-01,5.238820314407348633e-01,-1.387824490666389465e-02,6.527451276779174805e-01,5.183829665184020996e-01,-1.974141597747802734e-02,6.234245896339416504e-01,5.362548828125000000e-01,-2.424061857163906097e-02,6.245527863502502441e-01,5.420468449592590332e-01,-2.220365032553672791e-02,6.328003406524658203e-01,5.369274616241455078e-01,-1.982417888939380646e-02,4.001190662384033203e-01,5.217552781105041504e-01,-1.257601240922667785e-07,4.203814864158630371e-01,4.855529665946960449e-01,8.344338275492191315e-03,4.513732492923736572e-01,4.676952958106994629e-01,7.069434504956007004e-03,4.766479730606079102e-01,4.712929427623748779e-01,2.358526224270462990e-03,4.914481043815612793e-01,4.805336594581604004e-01,-1.278213341720402241e-03,4.750259220600128174e-01,4.416505992412567139e-01,6.375351455062627792e-03,5.096364021301269531e-01,4.748184084892272949e-01,4.623694694600999355e-04,4.994937777519226074e-01,4.869714975357055664e-01,-3.967243712395429611e-03,4.866451025009155273e-01,4.841617643833160400e-01,-7.219110149890184402e-03,4.756075143814086914e-01,4.494428932666778564e-01,-2.815354382619261742e-03,5.102274417877197266e-01,4.933001995086669922e-01,-4.701802972704172134e-03,4.969514906406402588e-01,5.040691494941711426e-01,-3.772959578782320023e-03,4.850857257843017578e-01,4.973290860652923584e-01,-4.383642692118883133e-03,4.735731482505798340e-01,4.650897681713104248e-01,-1.220638584345579147e-02,5.046302080154418945e-01,5.092397928237915039e-01,-1.112823188304901123e-02,4.898927807807922363e-01,5.180778503417968750e-01,-6.092671304941177368e-03,4.784096479415893555e-01,5.096082091331481934e-01,-4.690975882112979889e-03,4.699930250644683838e-01,4.859911799430847168e-01,-2.192013338208198547e-02,4.941897094249725342e-01,5.218752026557922363e-01,-1.735829934477806091e-02,4.812623858451843262e-01,5.279875993728637695e-01,-1.150848064571619034e-02,4.706473946571350098e-01,5.203365087509155273e-01,-8.746920153498649597e-03
6.275299191474914551e-01,5.582214593887329102e-01,-1.611356310604605824e-07,6.039751172065734863e-01,5.317437052726745605e-01,-9.805463254451751709e-03,5.908140540122985840e-01,5.058128237724304199e-01,-1.701518893241882324e-02,5.851170420646667480e-01,4.880463778972625732e-01,-2.284420281648635864e-02,5.840187668800354004e-01,4.745528995990753174e-01,-2.632021903991699219e-02,6.277329325675964355e-01,4.587687551975250244e-01,-1.093433052301406860e-02,5.973756909370422363e-01,4.751772880554199219e-01,-2.246254310011863708e-02,5.988506674766540527e-01,4.938701391220092773e-01,-3.019001707434654236e-02,6.085342764854431152e-01,4.940907955169677734e-01,-3.518947213888168335e-02,6.410248875617980957e-01,4.728921949863433838e-01,-1.203790958970785141e-02,6.052588224411010742e-01,4.941631555557250977e-01,-2.089186944067478180e-02,6.079494953155517578e-01,5.073928236961364746e-01,-2.285946346819400787e-02,6.175875067710876465e-01,5.038155317306518555e-01,-2.409205585718154907e-02,6.492937207221984863e-01,4.945331811904907227e-01,-1.475390512496232986e-02,6.140293478965759277e-01,5.153168439865112305e-01,-2.140785194933414459e-02,6.155016422271728516e-01,5.251321196556091309e-01,-1.733623631298542023e-02,6.239930391311645508e-01,5.208996534347534180e-01,-1.452507358044385910e-02,6.533971428871154785e-01,5.192204117774963379e-01,-1.907234638929367065e-02,6.240713596343994141e-01,5.352638363838195801e-01,-2.402816526591777802e-02,6.255465149879455566e-01,5.402318835258483887e-01,-2.225754037499427795e-02,6.342551708221435547e-01,5.354741215705871582e-01,-1.986730657517910004e-02,4.007563591003417969e-01,5.229926705360412598e-01,-1.254580297427310143e-07,4.203191697597503662e-01,4.857655465602874756e-01,8.894071914255619049e-03,4.508806467056274414e-01,4.675733149051666260e-01,8.109363727271556854e-03,4.759903848171234131e-01,4.700424671173095703e-01,3.826870582997798920e-03,4.906421899795532227e-01,4.791174232959747314e-01,7.612428162246942520e-04,4.752526283264160156e-01,4.413968920707702637e-01,7.716689258813858032e-03,5.093556046485900879e-01,4.730255901813507080e-01,2.832500962540507317e-03,4.987940192222595215e-01,4.856554865837097168e-01,-1.210681279189884663e-03,4.861147105693817139e-01,4.833709895610809326e-01,-4.353598225861787796e-03,4.765239059925079346e-01,4.491528570652008057e-01,-1.446675392799079418e-03,5.096085071563720703e-01,4.928001165390014648e-01,-2.266894094645977020e-03,4.963251948356628418e-01,5.029817223548889160e-01,-1.316680572926998138e-03,4.847256243228912354e-01,4.961502552032470703e-01,-2.120066201314330101e-03,4.748069941997528076e-01,4.648098349571228027e-01,-1.073422934859991074e-02,5.041201114654541016e-01,5.092177987098693848e-01,-8.473636582493782043e-03,4.898969233036041260e-01,5.171768665313720703e-01,-3.614723915234208107e-03,4.788689911365509033e-01,5.086224675178527832e-01,-2.702483907341957092e-03,4.712948203086853027e-01,4.856415390968322754e-01,-2.035531774163246155e-02,4.934928715229034424e-01,5.221400856971740723e-01,-1.504610478878021240e-02,4.804942309856414795e-01,5.272500514984130859e-01,-9.323650039732456207e-03,4.699325561523437500e-01,5.191456079483032227e-01,-6.830309517681598663e-03
6.185220479965209961e-01,5.306309461593627930e-01,-5.576386996608562185e-08,5.939215421676635742e-01,5.050155520439147949e-01,-1.132082752883434296e-02,5.780383348464965820e-01,4.785525500774383545e-01,-1.918191835284233093e-02,5.692067742347717285e-01,4.609648585319519043e-01,-2.495743148028850555e-02,5.705946683883666992e-01,4.491332471370697021e-01,-2.840892411768436432e-02,6.126064658164978027e-01,4.258853793144226074e-01,-1.216481905430555344e-02,5.787242650985717773e-01,4.476006925106048584e-01,-2.158108726143836975e-02,5.808104872703552246e-01,4.621509015560150146e-01,-2.826161496341228485e-02,5.915743708610534668e-01,4.605164527893066406e-01,-3.298726305365562439e-02,6.285020112991333008e-01,4.399292767047882080e-01,-1.195127610117197037e-02,5.898264646530151367e-01,4.663311243057250977e-01,-1.829338073730468750e-02,5.950697660446166992e-01,4.781453907489776611e-01,-2.029711194336414337e-02,6.067629456520080566e-01,4.718882441520690918e-01,-2.225534804165363312e-02,6.389722824096679688e-01,4.627548754215240479e-01,-1.300913374871015549e-02,6.021914482116699219e-01,4.877839386463165283e-01,-1.686582714319229126e-02,6.049268841743469238e-01,4.963013827800750732e-01,-1.246744021773338318e-02,6.133072972297668457e-01,4.903317689895629883e-01,-1.024642959237098694e-02,6.448671221733093262e-01,4.898432195186614990e-01,-1.587156951427459717e-02,6.152543425559997559e-01,5.075720548629760742e-01,-1.958925649523735046e-02,6.171545982360839844e-01,5.105923414230346680e-01,-1.758383028209209442e-02,6.252138018608093262e-01,5.037474632263183594e-01,-1.526057813316583633e-02,3.971301019191741943e-01,5.370811820030212402e-01,-1.339359698704356560e-07,4.169186651706695557e-01,4.996351599693298340e-01,8.148002438247203827e-03,4.426540434360504150e-01,4.795629382133483887e-01,6.453394889831542969e-03,4.637320041656494141e-01,4.800697863101959229e-01,1.441603759303689003e-03,4.766806960105895996e-01,4.891667962074279785e-01,-2.469417639076709747e-03,4.617104828357696533e-01,4.501518607139587402e-01,6.218871101737022400e-03,4.924832582473754883e-01,4.757371544837951660e-01,6.964817875996232033e-04,4.871026873588562012e-01,4.910238683223724365e-01,-3.484298009425401688e-03,4.763253033161163330e-01,4.943891465663909912e-01,-6.195882800966501236e-03,4.646657705307006836e-01,4.603649973869323730e-01,-2.570822602137923241e-03,4.964264631271362305e-01,4.946097731590270996e-01,-4.453959409147500992e-03,4.870853126049041748e-01,5.079622268676757812e-01,-4.474508576095104218e-03,4.753702580928802490e-01,5.064773559570312500e-01,-5.196345504373311996e-03,4.653654694557189941e-01,4.775139391422271729e-01,-1.139563601464033127e-02,4.944583475589752197e-01,5.139685869216918945e-01,-1.034429110586643219e-02,4.843423366546630859e-01,5.243505239486694336e-01,-6.681629922240972519e-03,4.735685884952545166e-01,5.196213126182556152e-01,-5.731432698667049408e-03,4.639592468738555908e-01,4.991806447505950928e-01,-2.034531533718109131e-02,4.862988293170928955e-01,5.294241309165954590e-01,-1.560521032661199570e-02,4.766212403774261475e-01,5.372534990310668945e-01,-1.006941404193639755e-02,4.668693542480468750e-01,5.326340198516845703e-01,-7.209263741970062256e-03
6.185220479965209961e-01,5.306309461593627930e-01,-5.576386996608562185e-08,5.939215421676635742e-01,5.050155520439147949e-01,-1.132082752883434296e-02,5.780383348464965820e-01,4.785525500774383545e-01,-1.918191835284233093e-02,5.692067742347717285e-01,4.609648585319519043e-01,-2.495743148028850555e-02,5.705946683883666992e-01,4.491332471370697021e-01,-2.840892411768436432e-02,6.126064658164978027e-01,4.258853793144226074e-01,-1.216481905430555344e-02,5.787242650985717773e-01,4.476006925106048584e-01,-2.158108726143836975e-02,5.808104872703552246e-01,4.621509015560150146e-01,-2.826161496341228485e-02,5.915743708610534668e-01,4.605164527893066406e-01,-3.298726305365562439e-02,6.285020112991333008e-01,4.399292767047882080e-01,-1.195127610117197037e-02,5.898264646530151367e-01,4.663311243057250977e-01,-1.829338073730468750e-02,5.950697660446166992e-01,4.781453907489776611e-01,-2.029711194336414337e-02,6.067629456520080566e-01,4.718882441520690918e-01,-2.225534804165363312e-02,6.389722824096679688e-01,4.627548754215240479e-01,-1.300913374871015549e-02,6.021914482116699219e-01,4.877839386463165283e-01,-1.686582714319229126e-02,6.049268841743469238e-01,4.963013827800750732e-01,-1.246744021773338318e-02,6.133072972297668457e-01,4.903317689895629883e-01,-1.024642959237098694e-02,6.448671221733093262e-01,4.898432195186614990e-01,-1.587156951427459717e-02,6.152543425559997559e-01,5.075720548629760742e-01,-1.958925649523735046e-02,6.171545982360839844e-01,5.105923414230346680e-01,-1.758383028209209442e-02,6.252138018608093262e-01,5.037474632263183594e-01,-1.526057813316583633e-02,3.971301019191741943e-01,5.370811820030212402e-01,-1.339359698704356560e-07,4.169186651706695557e-01,4.996351599693298340e-01,8.148002438247203827e-03,4.426540434360504150e-01,4.795629382133483887e-01,6.453394889831542969e-03,4.637320041656494141e-01,4.800697863101959229e-01,1.441603759303689003e-03,4.766806960105895996e-01,4.891667962074279785e-01,-2.469417639076709747e-03,4.617104828357696533e-01,4.501518607139587402e-01,6.218871101737022400e-03,4.924832582473754883e-01,4.757371544837951660e-01,6.964817875996232033e-04,4.871026873588562012e-01,4.910238683223724365e-01,-3.484298009425401688e-03,4.763253033161163330e-01,4.943891465663909912e-01,-6.195882800966501236e-03,4.646657705307006836e-01,4.603649973869323730e-01,-2.570822602137923241e-03,4.964264631271362305e-01,4.946097731590270996e-01,-4.453959409147500992e-03,4.870853126049041748e-01,5.079622268676757812e-01,-4.474508576095104218e-03,4.753702580928802490e-01,5.064773559570312500e-01,-5.196345504373311996e-03,4.653654694557189941e-01,4.775139391422271729e-01,-1.139563601464033127e-02,4.944583475589752197e-01,5.139685869216918945e-01,-1.034429110586643219e-02,4.843423366546630859e-01,5.243505239486694336e-01,-6.681629922240972519e-03,4.735685884952545166e-01,5.196213126182556152e-01,-5.731432698667049408e-03,4.639592468738555908e-01,4.991806447505950928e-01,-2.034531533718109131e-02,4.862988293170928955e-01,5.294241309165954590e-01,-1.560521032661199570e-02,4.766212403774261475e-01,5.372534990310668945e-01,-1.006941404193639755e-02,4.668693542480468750e-01,5.326340198516845703e-01,-7.209263741970062256e-03
6.143543124198913574e-01,5.190525054931640625e-01,-1.519444339237452368e-07,5.916107892990112305e-01,4.970263540744781494e-01,-1.265866309404373169e-02,5.752890110015869141e-01,4.729537367820739746e-01,-2.172371000051498413e-02,5.665528774261474609e-01,4.563952684402465820e-01,-2.870158851146697998e-02,5.711265206336975098e-01,4.452530741691589355e-01,-3.297652304172515869e-02,6.141166687011718750e-01,4.196196794509887695e-01,-1.464775763452053070e-02,5.817010402679443359e-01,4.441112577915191650e-01,-2.621441334486007690e-02,5.833336114883422852e-01,4.621898829936981201e-01,-3.350927680730819702e-02,5.931977033615112305e-01,4.600974917411804199e-01,-3.819792345166206360e-02,6.294302940368652344e-01,4.346115887165069580e-01,-1.454015169292688370e-02,5.911850929260253906e-01,4.643987715244293213e-01,-2.371267043054103851e-02,5.952543020248413086e-01,4.764205515384674072e-01,-2.566551230847835541e-02,6.056276559829711914e-01,4.705891907215118408e-01,-2.671783417463302612e-02,6.394096016883850098e-01,4.579012095928192139e-01,-1.599823310971260071e-02,6.024168729782104492e-01,4.851104021072387695e-01,-2.290540747344493866e-02,6.051908135414123535e-01,4.927872717380523682e-01,-1.872566901147365570e-02,6.139631867408752441e-01,4.867067635059356689e-01,-1.551898848265409470e-02,6.447772979736328125e-01,4.845117330551147461e-01,-1.922973245382308960e-02,6.147076487541198730e-01,5.043352246284484863e-01,-2.448060549795627594e-02,6.168435215950012207e-01,5.066927671432495117e-01,-2.272925339639186859e-02,6.256109476089477539e-01,4.996165633201599121e-01,-2.002862095832824707e-02,3.974061310291290283e-01,5.364955067634582520e-01,-1.156486604259043816e-07,4.166378080844879150e-01,5.019840002059936523e-01,7.923153229057788849e-03,4.434856772422790527e-01,4.829638898372650146e-01,6.850474979728460312e-03,4.651726484298706055e-01,4.853725731372833252e-01,2.648196183145046234e-03,4.771666228771209717e-01,4.955683350563049316e-01,-3.622731310315430164e-04,4.615936279296875000e-01,4.505600333213806152e-01,8.371179923415184021e-03,4.920482635498046875e-01,4.783663749694824219e-01,3.535118419677019119e-03,4.837387800216674805e-01,4.928005039691925049e-01,-7.643967401236295700e-04,4.717311859130859375e-01,4.952528178691864014e-01,-3.970091696828603745e-03,4.653008580207824707e-01,4.599381089210510254e-01,-7.122455281205475330e-05,4.959579110145568848e-01,4.963544905185699463e-01,-1.664604642428457737e-03,4.854989051818847656e-01,5.084196925163269043e-01,-2.063740510493516922e-03,4.739112555980682373e-01,5.072128176689147949e-01,-3.113636514171957970e-03,4.664096534252166748e-01,4.765912890434265137e-01,-8.661623112857341766e-03,4.942207932472229004e-01,5.154847502708435059e-01,-7.439945358783006668e-03,4.822025895118713379e-01,5.249729752540588379e-01,-3.931201528757810593e-03,4.713372290134429932e-01,5.207092165946960449e-01,-3.080584574490785599e-03,4.654465019702911377e-01,4.981431961059570312e-01,-1.754770986735820770e-02,4.858047366142272949e-01,5.306653976440429688e-01,-1.328519545495510101e-02,4.744832515716552734e-01,5.375500917434692383e-01,-8.670599199831485748e-03,4.646133184432983398e-01,5.327159762382507324e-01,-6.400999613106250763e-03
6.107776165008544922e-01,5.006726980209350586e-01,-7.979261340551602188e-08,5.871005058288574219e-01,4.788298606872558594e-01,-2.039739862084388733e-02,5.702528357505798340e-01,4.498267471790313721e-01,-3.331601619720458984e-02,5.585430264472961426e-01,4.282684028148651123e-01,-4.264612495899200439e-02,5.497479438781738281e-01,4.103443324565887451e-01,-4.830958321690559387e-02,6.022816896438598633e-01,3.801421821117401123e-01,-2.190643921494483948e-02,5.778438448905944824e-01,4.198211431503295898e-01,-3.837171196937561035e-02,5.760653614997863770e-01,4.361171722412109375e-01,-4.630461335182189941e-02,5.826674103736877441e-01,4.292605817317962646e-01,-5.094740167260169983e-02,6.230115294456481934e-01,3.917361497879028320e-01,-1.983084902167320251e-02,5.972548127174377441e-01,4.370083808898925781e-01,-3.459906205534934998e-02,5.935639739036560059e-01,4.534616470336914062e-01,-3.623256459832191467e-02,6.016387343406677246e-01,4.393126666545867920e-01,-3.583502024412155151e-02,6.398721337318420410e-01,4.145606756210327148e-01,-2.031884714961051941e-02,6.154873967170715332e-01,4.570055603981018066e-01,-3.288067504763603210e-02,6.097043752670288086e-01,4.702908694744110107e-01,-2.569057233631610870e-02,6.160749793052673340e-01,4.593701362609863281e-01,-1.952882297337055206e-02,6.524273157119750977e-01,4.415496885776519775e-01,-2.355615608394145966e-02,6.323226094245910645e-01,4.740823805332183838e-01,-3.263185173273086548e-02,6.246701478958129883e-01,4.842965602874755859e-01,-2.970367297530174255e-02,6.287642121315002441e-01,4.773091375827789307e-01,-2.540499158203601837e-02,3.977875113487243652e-01,5.539444088935852051e-01,-1.396214344140389585e-07,4.156185388565063477e-01,5.215559601783752441e-01,8.074399083852767944e-03,4.377878606319427490e-01,5.000578761100769043e-01,6.579384673386812210e-03,4.566892087459564209e-01,4.972781240940093994e-01,1.578911324031651020e-03,4.678850471973419189e-01,5.026195645332336426e-01,-2.293045166879892349e-03,4.498064219951629639e-01,4.659197032451629639e-01,7.830242626368999481e-03,4.793200492858886719e-01,4.841556251049041748e-01,1.141688204370439053e-03,4.728258550167083740e-01,4.996855556964874268e-01,-4.344604909420013428e-03,4.614493548870086670e-01,5.047478675842285156e-01,-7.633681409060955048e-03,4.533956050872802734e-01,4.743291139602661133e-01,-8.687025401741266251e-04,4.848207533359527588e-01,5.043406486511230469e-01,-4.174889530986547470e-03,4.752925038337707520e-01,5.175158381462097168e-01,-5.421323236078023911e-03,4.634773731231689453e-01,5.158901810646057129e-01,-6.553271319717168808e-03,4.558993577957153320e-01,4.895800054073333740e-01,-9.827486239373683929e-03,4.855659902095794678e-01,5.219925045967102051e-01,-1.037680543959140778e-02,4.755536913871765137e-01,5.330932736396789551e-01,-7.488180417567491531e-03,4.649184346199035645e-01,5.291510224342346191e-01,-6.504546850919723511e-03,4.569117128849029541e-01,5.094260573387145996e-01,-1.883553713560104370e-02,4.802499711513519287e-01,5.372590422630310059e-01,-1.544679049402475357e-02,4.704763591289520264e-01,5.462221503257751465e-01,-1.044675149023532867e-02,4.605975151062011719e-01,5.426410436630249023e-01,-7.649173028767108917e-03
6.072756648063659668e-01,4.904775917530059814e-01,-2.055321601801551878e-07,5.841968655586242676e-01,4.736347496509552002e-01,-2.228093519806861877e-02,5.642231702804565430e-01,4.429501295089721680e-01,-3.513902425765991211e-02,5.503881573677062988e-01,4.228031039237976074e-01,-4.449393972754478455e-02,5.492458939552307129e-01,4.125266373157501221e-01,-5.019244179129600525e-02,6.022939085960388184e-01,3.720722198486328125e-01,-2.129526436328887939e-02,5.808868408203125000e-01,4.144829809665679932e-01,-3.849035874009132385e-02,5.775263309478759766e-01,4.388346374034881592e-01,-4.703431949019432068e-02,5.834571123123168945e-01,4.322609901428222656e-01,-5.215796083211898804e-02,6.269903182983398438e-01,3.851400315761566162e-01,-1.889277249574661255e-02,6.031120419502258301e-01,4.339003264904022217e-01,-3.487537428736686707e-02,5.949142575263977051e-01,4.553837776184082031e-01,-3.676737472414970398e-02,5.999523997306823730e-01,4.414723515510559082e-01,-3.610297664999961853e-02,6.455351114273071289e-01,4.093925654888153076e-01,-1.958585157990455627e-02,6.217357516288757324e-01,4.545913338661193848e-01,-3.395023569464683533e-02,6.110770106315612793e-01,4.701435565948486328e-01,-2.860816195607185364e-02,6.147820949554443359e-01,4.573307335376739502e-01,-2.316460199654102325e-02,6.581331491470336914e-01,4.367859959602355957e-01,-2.298074215650558472e-02,6.393460035324096680e-01,4.727512001991271973e-01,-3.256648778915405273e-02,6.291790008544921875e-01,4.845722317695617676e-01,-3.070895932614803314e-02,6.311707496643066406e-01,4.758117496967315674e-01,-2.726700529456138611e-02,3.964919745922088623e-01,5.580915212631225586e-01,-1.219752903125481680e-07,4.142119884490966797e-01,5.296081900596618652e-01,6.075734738260507584e-03,4.377891719341278076e-01,5.095701813697814941e-01,4.271211568266153336e-03,4.581650495529174805e-01,5.064516067504882812e-01,-2.611031231936067343e-04,4.701787829399108887e-01,5.113135576248168945e-01,-3.504272317513823509e-03,4.474005401134490967e-01,4.716703295707702637e-01,6.784629542380571365e-03,4.803520143032073975e-01,4.984214007854461670e-01,4.417843883857131004e-04,4.716882407665252686e-01,5.104725360870361328e-01,-5.252188537269830704e-03,4.592292308807373047e-01,5.095009803771972656e-01,-9.407574310898780823e-03,4.502127170562744141e-01,4.786118865013122559e-01,-7.911120774224400520e-04,4.837636053562164307e-01,5.119935274124145508e-01,-3.829735796898603439e-03,4.736229777336120605e-01,5.219822525978088379e-01,-4.815848078578710556e-03,4.624921679496765137e-01,5.187178254127502441e-01,-6.376995705068111420e-03,4.521414339542388916e-01,4.929745793342590332e-01,-8.761473000049591064e-03,4.830131232738494873e-01,5.259715318679809570e-01,-8.920658379793167114e-03,4.717707931995391846e-01,5.350795388221740723e-01,-5.466504022479057312e-03,4.609114825725555420e-01,5.303187966346740723e-01,-4.583822097629308701e-03,4.536435902118682861e-01,5.122253894805908203e-01,-1.708200946450233459e-02,4.780934751033782959e-01,5.386680960655212402e-01,-1.392743829637765884e-02,4.672513902187347412e-01,5.464342236518859863e-01,-9.320329874753952026e-03,4.568356573581695557e-01,5.420083999633789062e-01,-7.125205826014280319e-03
6.102076172828674316e-01,4.969266653060913086e-01,-2.500020457318896661e-07,5.843644142150878906e-01,4.753407239913940430e-01,-2.183293737471103668e-02,5.628997683525085449e-01,4.430147409439086914e-01,-3.493651375174522400e-02,5.484210848808288574e-01,4.252376556396484375e-01,-4.484543204307556152e-02,5.455454587936401367e-01,4.145744144916534424e-01,-5.105226114392280579e-02,6.025083065032958984e-01,3.709482550621032715e-01,-2.373864129185676575e-02,5.826473832130432129e-01,4.111109673976898193e-01,-4.102088883519172668e-02,5.773093104362487793e-01,4.372447133064270020e-01,-4.882764443755149841e-02,5.814118385314941406e-01,4.335803389549255371e-01,-5.346142500638961792e-02,6.273700594902038574e-01,3.846569657325744629e-01,-2.198652736842632294e-02,6.028210520744323730e-01,4.328838884830474854e-01,-3.878480195999145508e-02,5.927352905273437500e-01,4.538424611091613770e-01,-4.075342789292335510e-02,5.968309044837951660e-01,4.424053728580474854e-01,-4.025967419147491455e-02,6.457124948501586914e-01,4.100151360034942627e-01,-2.310943976044654846e-02,6.206490397453308105e-01,4.552558958530426025e-01,-3.892684355378150940e-02,6.092949509620666504e-01,4.717078804969787598e-01,-3.436163440346717834e-02,6.128233075141906738e-01,4.616627395153045654e-01,-2.917760424315929413e-02,6.583767533302307129e-01,4.379481077194213867e-01,-2.677825465798377991e-02,6.385379433631896973e-01,4.735789597034454346e-01,-3.696953877806663513e-02,6.271554827690124512e-01,4.860939085483551025e-01,-3.518179059028625488e-02,6.280083060264587402e-01,4.791119992733001709e-01,-3.177082166075706482e-02,3.990679383277893066e-01,5.543085336685180664e-01,-1.110572256379782630e-07,4.150804579257965088e-01,5.261150598526000977e-01,6.817467045038938522e-03,4.379438459873199463e-01,5.077459216117858887e-01,5.354543682187795639e-03,4.575229287147521973e-01,5.064495801925659180e-01,1.028093742206692696e-03,4.688564538955688477e-01,5.136911273002624512e-01,-2.093312563374638557e-03,4.478440284729003906e-01,4.715950191020965576e-01,7.020928896963596344e-03,4.802703261375427246e-01,4.984746873378753662e-01,1.336344634182751179e-03,4.710482954978942871e-01,5.108944773674011230e-01,-3.449939889833331108e-03,4.581923484802246094e-01,5.103121399879455566e-01,-6.969701964408159256e-03,4.507753252983093262e-01,4.780678451061248779e-01,-8.320866036228835583e-04,4.836797118186950684e-01,5.105654597282409668e-01,-3.383367555215954781e-03,4.730866551399230957e-01,5.210984945297241211e-01,-3.834531875327229500e-03,4.616753458976745605e-01,5.186860561370849609e-01,-4.865992348641157150e-03,4.528584480285644531e-01,4.919441342353820801e-01,-8.933036588132381439e-03,4.836879372596740723e-01,5.241875648498535156e-01,-8.937445469200611115e-03,4.724039137363433838e-01,5.344176888465881348e-01,-5.305645987391471863e-03,4.613727629184722900e-01,5.305799245834350586e-01,-4.160689190030097961e-03,4.545307457447052002e-01,5.111406445503234863e-01,-1.729223690927028656e-02,4.779690504074096680e-01,5.382161140441894531e-01,-1.416909787803888321e-02,4.672589302062988281e-01,5.469090342521667480e-01,-9.562866762280464172e-03,4.569490253925323486e-01,5.431865453720092773e-01,-7.242365740239620209e-03
6.102076172828674316e-01,4.969266653060913086e-01,-2.500020457318896661e-07,5.843644142150878906e-01,4.753407239913940430e-01,-2.183293737471103668e-02,5.628997683525085449e-01,4.430147409439086914e-01,-3.493651375174522400e-02,5.484210848808288574e-01,4.252376556396484375e-01,-4.484543204307556152e-02,5.455454587936401367e-01,4.145744144916534424e-01,-5.105226114392280579e-02,6.025083065032958984e-01,3.709482550621032715e-01,-2.373864129185676575e-02,5.826473832130432129e-01,4.111109673976898193e-01,-4.102088883519172668e-02,5.773093104362487793e-01,4.372447133064270020e-01,-4.882764443755149841e-02,5.814118385314941406e-01,4.335803389549255371e-01,-5.346142500638961792e-02,6.273700594902038574e-01,3.846569657325744629e-01,-2.198652736842632294e-02,6.028210520744323730e-01,4.328838884830474854e-01,-3.878480195999145508e-02,5.927352905273437500e-01,4.538424611091613770e-01,-4.075342789292335510e-02,5.968309044837951660e-01,4.424053728580474854e-01,-4.025967419147491455e-02,6.457124948501586914e-01,4.100151360034942627e-01,-2.310943976044654846e-02,6.206490397453308105e-01,4.552558958530426025e-01,-3.892684355378150940e-02,6.092949509620666504e-01,4.717078804969787598e-01,-3.436163440346717834e-02,6.128233075141906738e-01,4.616627395153045654e-01,-2.917760424315929413e-02,6.583767533302307129e-01,4.379481077194213867e-01,-2.677825465798377991e-02,6.385379433631896973e-01,4.735789597034454346e-01,-3.696953877806663513e-02,6.271554827690124512e-01,4.860939085483551025e-01,-3.518179059028625488e-02,6.280083060264587402e-01,4.791119992733001709e-01,-3.177082166075706482e-02,3.990679383277893066e-01,5.543085336685180664e-01,-1.110572256379782630e-07,4.150804579257965088e-01,5.261150598526000977e-01,6.817467045038938522e-03,4.379438459873199463e-01,5.077459216117858887e-01,5.354543682187795639e-03,4.575229287147521973e-01,5.064495801925659180e-01,1.028093742206692696e-03,4.688564538955688477e-01,5.136911273002624512e-01,-2.093312563374638557e-03,4.478440284729003906e-01,4.715950191020965576e-01,7.020928896963596344e-03,4.802703261375427246e-01,4.984746873378753662e-01,1.336344634182751179e-03,4.710482954978942871e-01,5.108944773674011230e-01,-3.449939889833331108e-03,4.581923484802246094e-01,5.103121399879455566e-01,-6.969701964408159256e-03,4.507753252983093262e-01,4.780678451061248779e-01,-8.320866036228835583e-04,4.836797118186950684e-01,5.105654597282409668e-01,-3.383367555215954781e-03,4.730866551399230957e-01,5.210984945297241211e-01,-3.834531875327229500e-03,4.616753458976745605e-01,5.186860561370849609e-01,-4.865992348641157150e-03,4.528584480285644531e-01,4.919441342353820801e-01,-8.933036588132381439e-03,4.836879372596740723e-01,5.241875648498535156e-01,-8.937445469200611115e-03,4.724039137363433838e-01,5.344176888465881348e-01,-5.305645987391471863e-03,4.613727629184722900e-01,5.305799245834350586e-01,-4.160689190030097961e-03,4.545307457447052002e-01,5.111406445503234863e-01,-1.729223690927028656e-02,4.779690504074096680e-01,5.382161140441894531e-01,-1.416909787803888321e-02,4.672589302062988281e-01,5.469090342521667480e-01,-9.562866762280464172e-03,4.569490253925323486e-01,5.431865453720092773e-01,-7.242365740239620209e-03
6.166899204254150391e-01,4.980204701423645020e-01,-2.146616537856971263e-07,5.867857336997985840e-01,4.763775169849395752e-01,-2.309328876435756683e-02,5.621579289436340332e-01,4.464974105358123779e-01,-3.782266750931739807e-02,5.476449131965637207e-01,4.275355041027069092e-01,-4.920211806893348694e-02,5.561214089393615723e-01,4.177626073360443115e-01,-5.658296123147010803e-02,5.998743176460266113e-01,3.690142035484313965e-01,-2.584978938102722168e-02,5.739955902099609375e-01,4.103867411613464355e-01,-4.327818006277084351e-02,5.729600191116333008e-01,4.378066360950469971e-01,-5.045577511191368103e-02,5.810130238533020020e-01,4.345855414867401123e-01,-5.435033515095710754e-02,6.241368055343627930e-01,3.836113810539245605e-01,-2.327149547636508942e-02,5.941538810729980469e-01,4.301750063896179199e-01,-3.908522427082061768e-02,5.890179276466369629e-01,4.534674882888793945e-01,-3.951492905616760254e-02,5.970431566238403320e-01,4.418681263923645020e-01,-3.801292553544044495e-02,6.426928043365478516e-01,4.093944430351257324e-01,-2.359818853437900543e-02,6.135911345481872559e-01,4.520576000213623047e-01,-3.853003680706024170e-02,6.064186096191406250e-01,4.699523448944091797e-01,-3.245462477207183838e-02,6.130483150482177734e-01,4.610842168331146240e-01,-2.627592720091342926e-02,6.556708812713623047e-01,4.381931126117706299e-01,-2.656964585185050964e-02,6.338304877281188965e-01,4.704666137695312500e-01,-3.576947003602981567e-02,6.244420409202575684e-01,4.833747744560241699e-01,-3.298715129494667053e-02,6.270689368247985840e-01,4.780823886394500732e-01,-2.877470850944519043e-02,4.011794328689575195e-01,5.599275231361389160e-01,-9.010545198862018879e-08,4.170115292072296143e-01,5.347197055816650391e-01,3.819419071078300476e-03,4.389058947563171387e-01,5.157380104064941406e-01,1.357945613563060760e-03,4.578135907649993896e-01,5.115925669670104980e-01,-3.310573287308216095e-03,4.688593149185180664e-01,5.156111717224121094e-01,-6.662781815975904465e-03,4.458924233913421631e-01,4.777761101722717285e-01,4.258302040398120880e-03,4.788758158683776855e-01,5.061541795730590820e-01,-3.042421769350767136e-03,4.709482192993164062e-01,5.169137716293334961e-01,-9.119210764765739441e-03,4.584785699844360352e-01,5.144951343536376953e-01,-1.335901860147714615e-02,4.479791224002838135e-01,4.841990470886230469e-01,-2.178096910938620567e-03,4.818041026592254639e-01,5.164384841918945312e-01,-6.692911032587289810e-03,4.725068807601928711e-01,5.263993144035339355e-01,-7.858002558350563049e-03,4.616067409515380859e-01,5.233757495880126953e-01,-9.088980033993721008e-03,4.497498273849487305e-01,4.977321624755859375e-01,-9.182538837194442749e-03,4.811455905437469482e-01,5.283571481704711914e-01,-1.134175807237625122e-02,4.710351526737213135e-01,5.386628508567810059e-01,-8.144880644977092743e-03,4.605126380920410156e-01,5.354352593421936035e-01,-6.675673648715019226e-03,4.515288472175598145e-01,5.165283679962158203e-01,-1.658585295081138611e-02,4.768391549587249756e-01,5.413547158241271973e-01,-1.544501818716526031e-02,4.673935770988464355e-01,5.503505468368530273e-01,-1.148537825793027878e-02,4.574161171913146973e-01,5.478038191795349121e-01,-9.202685207128524780e-03
6.174709200859069824e-01,4.961718916893005371e-01,-2.269230350293582887e-07,5.850415825843811035e-01,4.731128513813018799e-01,-2.202271856367588043e-02,5.602807402610778809e-01,4.407949447631835938e-01,-3.487487137317657471e-02,5.437082648277282715e-01,4.216502308845520020e-01,-4.459459334611892700e-02,5.458785891532897949e-01,4.141709506511688232e-01,-5.091143026947975159e-02,5.982555150985717773e-01,3.707894384860992432e-01,-2.196660637855529785e-02,5.703094005584716797e-01,4.140178561210632324e-01,-3.905117884278297424e-02,5.715073347091674805e-01,4.408882558345794678e-01,-4.774561151862144470e-02,5.803661942481994629e-01,4.373375773429870605e-01,-5.276789143681526184e-02,6.228546500205993652e-01,3.844766616821289062e-01,-1.957153901457786560e-02,5.892328619956970215e-01,4.333604574203491211e-01,-3.427213802933692932e-02,5.867288112640380859e-01,4.552006721496582031e-01,-3.555312380194664001e-02,5.943059921264648438e-01,4.448594450950622559e-01,-3.492422774434089661e-02,6.410495042800903320e-01,4.102126657962799072e-01,-2.023957855999469757e-02,6.079515814781188965e-01,4.556005597114562988e-01,-3.419952094554901123e-02,6.028105616569519043e-01,4.711226820945739746e-01,-2.913008816540241241e-02,6.092221736907958984e-01,4.613111019134521484e-01,-2.367321029305458069e-02,6.535741090774536133e-01,4.387403130531311035e-01,-2.351934276521205902e-02,6.279271841049194336e-01,4.728668630123138428e-01,-3.231212869286537170e-02,6.204628348350524902e-01,4.840620160102844238e-01,-2.999460697174072266e-02,6.235342621803283691e-01,4.780002832412719727e-01,-2.616264671087265015e-02,3.993389010429382324e-01,5.605828762054443359e-01,-1.070133421876562352e-07,4.144431650638580322e-01,5.364384055137634277e-01,6.627682596445083618e-03,4.366081655025482178e-01,5.182730555534362793e-01,6.050236988812685013e-03,4.540980160236358643e-01,5.154297351837158203e-01,2.907438902184367180e-03,4.631434977054595947e-01,5.211802721023559570e-01,8.693742565810680389e-04,4.444115459918975830e-01,4.803835451602935791e-01,8.466340601444244385e-03,4.754629135131835938e-01,5.084955096244812012e-01,4.103825893253087997e-03,4.675692915916442871e-01,5.194789767265319824e-01,-3.978546883445233107e-04,4.552997350692749023e-01,5.164601802825927734e-01,-4.122877959161996841e-03,4.479560554027557373e-01,4.857979416847229004e-01,8.877772488631308079e-04,4.794563353061676025e-01,5.160803198814392090e-01,-7.647517486475408077e-04,4.704630374908447266e-01,5.260115265846252441e-01,-1.056833309121429920e-03,4.596576988697052002e-01,5.229920148849487305e-01,-2.111820969730615616e-03,4.505107402801513672e-01,4.989359974861145020e-01,-6.982545834034681320e-03,4.806098639965057373e-01,5.270071625709533691e-01,-6.672018673270940781e-03,4.706314802169799805e-01,5.381790995597839355e-01,-3.080937080085277557e-03,4.602038264274597168e-01,5.347885489463806152e-01,-2.003658330067992210e-03,4.526233673095703125e-01,5.184319615364074707e-01,-1.514403428882360458e-02,4.760733544826507568e-01,5.421296954154968262e-01,-1.231719087809324265e-02,4.661543071269989014e-01,5.515563488006591797e-01,-7.999567314982414246e-03,4.559755325317382812e-01,5.486093759536743164e-01,-5.935025401413440704e-03
6.197060942649841309e-01,5.033673644065856934e-01,-2.003569079533917829e-07,5.851312279701232910e-01,4.806615710258483887e-01,-1.982034929096698761e-02,5.606196522712707520e-01,4.569010436534881592e-01,-3.408239781856536865e-02,5.462267398834228516e-01,4.450410306453704834e-01,-4.572027549147605896e-02,5.544182658195495605e-01,4.454171657562255859e-01,-5.460896715521812439e-02,5.989120602607727051e-01,3.834588527679443359e-01,-2.435555681586265564e-02,5.663895010948181152e-01,4.206734597682952881e-01,-4.077932238578796387e-02,5.698782205581665039e-01,4.467933177947998047e-01,-5.061602219939231873e-02,5.816069245338439941e-01,4.424124062061309814e-01,-5.709508061408996582e-02,6.213246583938598633e-01,3.977820873260498047e-01,-2.317923121154308319e-02,5.833849310874938965e-01,4.403166472911834717e-01,-3.625312447547912598e-02,5.838095545768737793e-01,4.596418142318725586e-01,-3.848569467663764954e-02,5.934320092201232910e-01,4.505542516708374023e-01,-3.982287272810935974e-02,6.373962163925170898e-01,4.236953258514404297e-01,-2.431163378059864044e-02,6.003614068031311035e-01,4.623903930187225342e-01,-3.589366376399993896e-02,5.988007187843322754e-01,4.764017760753631592e-01,-3.142490983009338379e-02,6.078131198883056641e-01,4.694644212722778320e-01,-2.752496674656867981e-02,6.478545665740966797e-01,4.522297382354736328e-01,-2.785511873662471771e-02,6.186871528625488281e-01,4.809255003929138184e-01,-3.467125073075294495e-02,6.145878434181213379e-01,4.897270202636718750e-01,-3.192290663719177246e-02,6.201623082160949707e-01,4.854128956794738770e-01,-2.863339893519878387e-02,3.978644311428070068e-01,5.688481926918029785e-01,-9.553934887662762776e-08,4.158025979995727539e-01,5.483610630035400391e-01,5.767995025962591171e-03,4.395003914833068848e-01,5.312489271163940430e-01,4.731664434075355530e-03,4.575064480304718018e-01,5.270925164222717285e-01,1.264454098418354988e-03,4.677163660526275635e-01,5.297995209693908691e-01,-9.297482902184128761e-04,4.452813267707824707e-01,4.888251423835754395e-01,7.423581089824438095e-03,4.773809313774108887e-01,5.195387005805969238e-01,2.426188439130783081e-03,4.690189063549041748e-01,5.297445058822631836e-01,-2.238892018795013428e-03,4.566287398338317871e-01,5.260382294654846191e-01,-5.903659854084253311e-03,4.471914768218994141e-01,4.936156570911407471e-01,3.535827854648232460e-04,4.803443551063537598e-01,5.267145037651062012e-01,-2.069416688755154610e-03,4.707064330577850342e-01,5.356130599975585938e-01,-2.227274468168616295e-03,4.595034718513488770e-01,5.321453213691711426e-01,-3.110097022727131844e-03,4.484048187732696533e-01,5.058213472366333008e-01,-7.119180634617805481e-03,4.796547293663024902e-01,5.363862514495849609e-01,-7.444665301591157913e-03,4.691932499408721924e-01,5.471473932266235352e-01,-3.726518014445900917e-03,4.584236741065979004e-01,5.444386005401611328e-01,-2.391193993389606476e-03,4.493820071220397949e-01,5.242528319358825684e-01,-1.493336074054241180e-02,4.741916060447692871e-01,5.490409731864929199e-01,-1.259470358490943909e-02,4.647661447525024414e-01,5.584577918052673340e-01,-8.486867882311344147e-03,4.546834826469421387e-01,5.563602447509765625e-01,-6.464799866080284119e-03
6.235215663909912109e-01,5.157846212387084961e-01,-2.081357450833820621e-07,5.914416909217834473e-01,4.922255277633666992e-01,-1.456863991916179657e-02,5.684941411018371582e-01,4.699238240718841553e-01,-2.665258944034576416e-02,5.542850494384765625e-01,4.557563364505767822e-01,-3.674871101975440979e-02,5.576410293579101562e-01,4.482498168945312500e-01,-4.436591267585754395e-02,6.008031964302062988e-01,4.012758731842041016e-01,-1.985399983823299408e-02,5.686104893684387207e-01,4.336442649364471436e-01,-3.489008918404579163e-02,5.736618638038635254e-01,4.537815451622009277e-01,-4.545287415385246277e-02,5.848413109779357910e-01,4.495535194873809814e-01,-5.266192927956581116e-02,6.204168200492858887e-01,4.145503640174865723e-01,-2.051177434623241425e-02,5.823422670364379883e-01,4.540195465087890625e-01,-3.123456612229347229e-02,5.866037607192993164e-01,4.673117101192474365e-01,-3.423441946506500244e-02,5.966253280639648438e-01,4.600277245044708252e-01,-3.686572983860969543e-02,6.349191069602966309e-01,4.389397799968719482e-01,-2.290666289627552032e-02,5.971704125404357910e-01,4.768240153789520264e-01,-3.141642734408378601e-02,5.997559428215026855e-01,4.851938784122467041e-01,-2.727508358657360077e-02,6.090002655982971191e-01,4.775890707969665527e-01,-2.466375380754470825e-02,6.438767313957214355e-01,4.667936861515045166e-01,-2.734008058905601501e-02,6.122034192085266113e-01,4.956918358802795410e-01,-3.330337256193161011e-02,6.133323907852172852e-01,4.990226924419403076e-01,-3.114111907780170441e-02,6.213406324386596680e-01,4.908019304275512695e-01,-2.871416881680488586e-02,3.980760872364044189e-01,5.701447725296020508e-01,-7.322672246345973690e-08,4.141695499420166016e-01,5.468074679374694824e-01,5.033421330153942108e-03,4.383440613746643066e-01,5.294967889785766602e-01,3.857302945107221603e-03,4.575726687908172607e-01,5.277288556098937988e-01,5.223962944000959396e-04,4.697322249412536621e-01,5.329852700233459473e-01,-1.419084612280130386e-03,4.462446868419647217e-01,4.902215301990509033e-01,6.867417134344577789e-03,4.778129160404205322e-01,5.167433619499206543e-01,2.049850067123770714e-03,4.702484905719757080e-01,5.275540351867675781e-01,-2.205182565376162529e-03,4.584625661373138428e-01,5.263014435768127441e-01,-5.387194454669952393e-03,4.485942125320434570e-01,4.958407878875732422e-01,4.006945528090000153e-04,4.807242751121520996e-01,5.260329842567443848e-01,-1.747568487189710140e-03,4.716489911079406738e-01,5.356392860412597656e-01,-2.052590250968933105e-03,4.611655175685882568e-01,5.337678194046020508e-01,-2.906773472204804420e-03,4.498254060745239258e-01,5.086073875427246094e-01,-6.479374598711729050e-03,4.797280430793762207e-01,5.383990406990051270e-01,-6.327189505100250244e-03,4.697604775428771973e-01,5.479155778884887695e-01,-3.144693793728947639e-03,4.596198201179504395e-01,5.450472235679626465e-01,-2.118745818734169006e-03,4.505283534526824951e-01,5.270405411720275879e-01,-1.373502612113952637e-02,4.728139936923980713e-01,5.516680479049682617e-01,-1.082424540072679520e-02,4.639903306961059570e-01,5.599368214607238770e-01,-7.025997620075941086e-03,4.548247158527374268e-01,5.572054982185363770e-01,-5.176449194550514221e-03
6.235215663909912109e-01,5.157846212387084961e-01,-2.081357450833820621e-07,5.914416909217834473e-01,4.922255277633666992e-01,-1.456863991916179657e-02,5.684941411018371582e-01,4.699238240718841553e-01,-2.665258944034576416e-02,5.542850494384765625e-01,4.557563364505767822e-01,-3.674871101975440979e-02,5.576410293579101562e-01,4.482498168945312500e-01,-4.436591267585754395e-02,6.008031964302062988e-01,4.012758731842041016e-01,-1.985399983823299408e-02,5.686104893684387207e-01,4.336442649364471436e-01,-3.489008918404579163e-02,5.736618638038635254e-01,4.537815451622009277e-01,-4.545287415385246277e-02,5.848413109779357910e-01,4.495535194873809814e-01,-5.266192927956581116e-02,6.204168200492858887e-01,4.145503640174865723e-01,-2.051177434623241425e-02,5.823422670364379883e-01,4.540195465087890625e-01,-3.123456612229347229e-02,5.866037607192993164e-01,4.673117101192474365e-01,-3.423441946506500244e-02,5.966253280639648438e-01,4.600277245044708252e-01,-3.686572983860969543e-02,6.349191069602966309e-01,4.389397799968719482e-01,-2.290666289627552032e-02,5.971704125404357910e-01,4.768240153789520264e-01,-3.141642734408378601e-02,5.997559428215026855e-01,4.851938784122467041e-01,-2.727508358657360077e-02,6.090002655982971191e-01,4.775890707969665527e-01,-2.466375380754470825e-02,6.438767313957214355e-01,4.667936861515045166e-01,-2.734008058905601501e-02,6.122034192085266113e-01,4.956918358802795410e-01,-3.330337256193161011e-02,6.133323907852172852e-01,4.990226924419403076e-01,-3.114111907780170441e-02,6.213406324386596680e-01,4.908019304275512695e-01,-2.871416881680488586e-02,3.980760872364044189e-01,5.701447725296020508e-01,-7.322672246345973690e-08,4.141695499420166016e-01,5.468074679374694824e-01,5.033421330153942108e-03,4.383440613746643066e-01,5.294967889785766602e-01,3.857302945107221603e-03,4.575726687908172607e-01,5.277288556098937988e-01,5.223962944000959396e-04,4.697322249412536621e-01,5.329852700233459473e-01,-1.419084612280130386e-03,4.462446868419647217e-01,4.902215301990509033e-01,6.867417134344577789e-03,4.778129160404205322e-01,5.167433619499206543e-01,2.049850067123770714e-03,4.702484905719757080e-01,5.275540351867675781e-01,-2.205182565376162529e-03,4.584625661373138428e-01,5.263014435768127441e-01,-5.387194454669952393e-03,4.485942125320434570e-01,4.958407878875732422e-01,4.006945528090000153e-04,4.807242751121520996e-01,5.260329842567443848e-01,-1.747568487189710140e-03,4.716489911079406738e-01,5.356392860412597656e-01,-2.052590250968933105e-03,4.611655175685882568e-01,5.337678194046020508e-01,-2.906773472204804420e-03,4.498254060745239258e-01,5.086073875427246094e-01,-6.479374598711729050e-03,4.797280430793762207e-01,5.383990406990051270e-01,-6.327189505100250244e-03,4.697604775428771973e-01,5.479155778884887695e-01,-3.144693793728947639e-03,4.596198201179504395e-01,5.450472235679626465e-01,-2.118745818734169006e-03,4.505283534526824951e-01,5.270405411720275879e-01,-1.373502612113952637e-02,4.728139936923980713e-01,5.516680479049682617e-01,-1.082424540072679520e-02,4.639903306961059570e-01,5.599368214607238770e-01,-7.025997620075941086e-03,4.548247158527374268e-01,5.572054982185363770e-01,-5.176449194550514221e-03
6.231579780578613281e-01,5.208345055580139160e-01,-1.736281944886286510e-07,5.943339467048645020e-01,4.971441924571990967e-01,-1.110778283327817917e-02,5.737734436988830566e-01,4.755351543426513672e-01,-2.112727425992488861e-02,5.602465867996215820e-01,4.611212313175201416e-01,-2.958882227540016174e-02,5.591619610786437988e-01,4.505837261676788330e-01,-3.555630147457122803e-02,6.022029519081115723e-01,4.122819304466247559e-01,-1.559550408273935318e-02,5.685734748840332031e-01,4.455594122409820557e-01,-2.897612564265727997e-02,5.750113725662231445e-01,4.613367915153503418e-01,-3.862784057855606079e-02,5.866734385490417480e-01,4.552794694900512695e-01,-4.489319398999214172e-02,6.187499761581420898e-01,4.263066947460174561e-01,-1.713536307215690613e-02,5.807026028633117676e-01,4.646765291690826416e-01,-2.611784823238849640e-02,5.881516337394714355e-01,4.733202159404754639e-01,-2.894682809710502625e-02,5.980326533317565918e-01,4.650178551673889160e-01,-3.148179128766059875e-02,6.313254833221435547e-01,4.497410356998443604e-01,-2.007913589477539062e-02,5.942463874816894531e-01,4.855619370937347412e-01,-2.691639214754104614e-02,5.996292233467102051e-01,4.915117621421813965e-01,-2.331939712166786194e-02,6.080570220947265625e-01,4.833735227584838867e-01,-2.113700658082962036e-02,6.398590803146362305e-01,4.778728187084197998e-01,-2.465541847050189972e-02,6.088815927505493164e-01,5.040574073791503906e-01,-2.957589551806449890e-02,6.117343306541442871e-01,5.051262378692626953e-01,-2.756439894437789917e-02,6.193352341651916504e-01,4.961615800857543945e-01,-2.518602088093757629e-02,3.980169594287872314e-01,5.692851543426513672e-01,-7.281029468231281498e-08,4.141450524330139160e-01,5.447514653205871582e-01,5.218350328505039215e-03,4.388683438301086426e-01,5.278905630111694336e-01,3.736738348379731178e-03,4.589924514293670654e-01,5.271459817886352539e-01,-7.903831283329054713e-05,4.716447889804840088e-01,5.322598814964294434e-01,-2.547048032283782959e-03,4.487026333808898926e-01,4.899536371231079102e-01,6.456653121858835220e-03,4.796343445777893066e-01,5.144444108009338379e-01,1.340938615612685680e-03,4.723475873470306396e-01,5.261816382408142090e-01,-3.218774218112230301e-03,4.605745077133178711e-01,5.247683525085449219e-01,-6.650839466601610184e-03,4.501337110996246338e-01,4.959799945354461670e-01,-4.017566388938575983e-04,4.824529886245727539e-01,5.242246389389038086e-01,-2.581848530098795891e-03,4.737477898597717285e-01,5.348405241966247559e-01,-2.973719500005245209e-03,4.630862772464752197e-01,5.322450399398803711e-01,-4.074172116816043854e-03,4.504183530807495117e-01,5.092985033988952637e-01,-7.629647385329008102e-03,4.812995195388793945e-01,5.370412468910217285e-01,-7.749082520604133606e-03,4.718203544616699219e-01,5.475190877914428711e-01,-4.267412703484296799e-03,4.612998962402343750e-01,5.439693927764892578e-01,-3.167691640555858612e-03,4.499321281909942627e-01,5.283020734786987305e-01,-1.520756911486387253e-02,4.736037254333496094e-01,5.522505640983581543e-01,-1.259247586131095886e-02,4.648058414459228516e-01,5.607159137725830078e-01,-8.454306051135063171e-03,4.550972580909729004e-01,5.571584701538085938e-01,-6.431621033698320389e-03
6.280837655067443848e-01,5.303204655647277832e-01,-1.579948332164349267e-07,6.008918881416320801e-01,5.060142278671264648e-01,-1.016405597329139709e-02,5.806496739387512207e-01,4.846823811531066895e-01,-2.021813206374645233e-02,5.670125484466552734e-01,4.725583791732788086e-01,-2.862179651856422424e-02,5.675189495086669922e-01,4.650022089481353760e-01,-3.458879515528678894e-02,6.054118871688842773e-01,4.253371357917785645e-01,-1.783441938459873199e-02,5.700470209121704102e-01,4.565539360046386719e-01,-2.999535202980041504e-02,5.769413113594055176e-01,4.711757600307464600e-01,-3.785673901438713074e-02,5.877035260200500488e-01,4.669583439826965332e-01,-4.307870939373970032e-02,6.209517121315002441e-01,4.399209320545196533e-01,-1.971855759620666504e-02,5.809460878372192383e-01,4.768987894058227539e-01,-2.811677381396293640e-02,5.907167792320251465e-01,4.850990176200866699e-01,-2.991643920540809631e-02,6.013406515121459961e-01,4.772801399230957031e-01,-3.183987364172935486e-02,6.327988505363464355e-01,4.641479253768920898e-01,-2.256058715283870697e-02,5.944650769233703613e-01,4.986897408962249756e-01,-2.836539968848228455e-02,6.025577783584594727e-01,5.029978156089782715e-01,-2.407667785882949829e-02,6.120266914367675781e-01,4.948763549327850342e-01,-2.176476456224918365e-02,6.405876874923706055e-01,4.933080673217773438e-01,-2.681385166943073273e-02,6.092376112937927246e-01,5.164698362350463867e-01,-3.149084374308586121e-02,6.141962409019470215e-01,5.163174867630004883e-01,-2.899834699928760529e-02,6.228663921356201172e-01,5.071421265602111816e-01,-2.640626579523086548e-02,3.986109495162963867e-01,5.669024586677551270e-01,-6.168023958252888406e-08,4.140124917030334473e-01,5.398674607276916504e-01,4.212880507111549377e-03,4.398694634437561035e-01,5.216888785362243652e-01,2.019438194110989571e-03,4.611039757728576660e-01,5.206386446952819824e-01,-2.301179105415940285e-03,4.737792313098907471e-01,5.257201790809631348e-01,-5.158661399036645889e-03,4.520743191242218018e-01,4.869757294654846191e-01,3.967728465795516968e-03,4.841082096099853516e-01,5.116919279098510742e-01,-1.567912055179476738e-03,4.760023057460784912e-01,5.229820013046264648e-01,-5.695826839655637741e-03,4.647214412689208984e-01,5.216194987297058105e-01,-8.891548030078411102e-03,4.520760178565979004e-01,4.940992295742034912e-01,-2.595167839899659157e-03,4.863470494747161865e-01,5.244725942611694336e-01,-5.315130576491355896e-03,4.760428667068481445e-01,5.340479612350463867e-01,-4.852877464145421982e-03,4.658140242099761963e-01,5.306892991065979004e-01,-5.394866224378347397e-03,4.511077404022216797e-01,5.084315538406372070e-01,-9.598620235919952393e-03,4.839108884334564209e-01,5.390611290931701660e-01,-1.004305854439735413e-02,4.729084968566894531e-01,5.473409891128540039e-01,-6.048543378710746765e-03,4.628424644470214844e-01,5.425544977188110352e-01,-4.702084697782993317e-03,4.497434496879577637e-01,5.280655026435852051e-01,-1.704613305628299713e-02,4.744715988636016846e-01,5.539798140525817871e-01,-1.449802890419960022e-02,4.647209644317626953e-01,5.600795149803161621e-01,-1.041277125477790833e-02,4.554781317710876465e-01,5.547928810119628906e-01,-8.558004163205623627e-03
6.453486680984497070e-01,5.440284609794616699e-01,-1.783823080359070445e-07,6.172996163368225098e-01,5.166351199150085449e-01,-4.753095563501119614e-03,5.959151387214660645e-01,4.918322563171386719e-01,-1.132284104824066162e-02,5.779694318771362305e-01,4.797377586364746094e-01,-1.720704883337020874e-02,5.679382085800170898e-01,4.734356999397277832e-01,-2.120327576994895935e-02,6.119993329048156738e-01,4.429090023040771484e-01,-1.275269128382205963e-02,5.775083303451538086e-01,4.714108109474182129e-01,-2.255072630941867828e-02,5.838981270790100098e-01,4.855036437511444092e-01,-2.833798341453075409e-02,5.937724113464355469e-01,4.820411205291748047e-01,-3.197219222784042358e-02,6.251751780509948730e-01,4.575851261615753174e-01,-1.631936803460121155e-02,5.850751399993896484e-01,4.925343990325927734e-01,-2.282735332846641541e-02,5.949912667274475098e-01,5.008325576782226562e-01,-2.357783727347850800e-02,6.054070591926574707e-01,4.950405657291412354e-01,-2.474770322442054749e-02,6.353886723518371582e-01,4.806945025920867920e-01,-2.029533311724662781e-02,5.974259376525878906e-01,5.150279998779296875e-01,-2.436518669128417969e-02,6.059035062789916992e-01,5.202822089195251465e-01,-2.020888775587081909e-02,6.150802969932556152e-01,5.135045051574707031e-01,-1.826587691903114319e-02,6.421874165534973145e-01,5.077289342880249023e-01,-2.516877651214599609e-02,6.116054654121398926e-01,5.327531099319458008e-01,-2.808594703674316406e-02,6.164636015892028809e-01,5.350868105888366699e-01,-2.507819235324859619e-02,6.243085861206054688e-01,5.286008119583129883e-01,-2.245716378092765808e-02,3.999722599983215332e-01,5.614970922470092773e-01,-6.391731233179598348e-08,4.180383682250976562e-01,5.339238643646240234e-01,4.922353196889162064e-03,4.461665749549865723e-01,5.169705748558044434e-01,2.655074466019868851e-03,4.694144129753112793e-01,5.175683498382568359e-01,-1.688534510321915150e-03,4.828380644321441650e-01,5.230693221092224121e-01,-4.507881123572587967e-03,4.584175348281860352e-01,4.797980189323425293e-01,1.734303077682852745e-03,4.933619201183319092e-01,5.104027390480041504e-01,-3.864315105602145195e-03,4.832228422164916992e-01,5.220237970352172852e-01,-7.267599459737539291e-03,4.711275398731231689e-01,5.199730396270751953e-01,-9.862400591373443604e-03,4.565882980823516846e-01,4.878735244274139404e-01,-5.055319517850875854e-03,4.928613901138305664e-01,5.259527564048767090e-01,-7.361789233982563019e-03,4.806180298328399658e-01,5.349803566932678223e-01,-5.787281319499015808e-03,4.703621268272399902e-01,5.306398272514343262e-01,-5.990897305309772491e-03,4.534998536109924316e-01,5.039759278297424316e-01,-1.204885542392730713e-02,4.881467521190643311e-01,5.414204001426696777e-01,-1.189660374075174332e-02,4.756613969802856445e-01,5.486345291137695312e-01,-7.229400333017110825e-03,4.657255113124847412e-01,5.429208874702453613e-01,-5.777650047093629837e-03,4.500936269760131836e-01,5.248356461524963379e-01,-1.937097869813442230e-02,4.767468869686126709e-01,5.544963479042053223e-01,-1.567704789340496063e-02,4.659831225872039795e-01,5.592251420021057129e-01,-1.092809438705444336e-02,4.564121961593627930e-01,5.529896020889282227e-01,-8.931566029787063599e-03
6.539092659950256348e-01,5.582890510559082031e-01,-1.870072168230763054e-07,6.285579800605773926e-01,5.287919044494628906e-01,-8.074738434515893459e-04,6.082351207733154297e-01,5.018504261970520020e-01,-5.996143911033868790e-03,5.910378694534301758e-01,4.892995357513427734e-01,-1.163376495242118835e-02,5.825384259223937988e-01,4.836175441741943359e-01,-1.588346622884273529e-02,6.180949807167053223e-01,4.554567635059356689e-01,-7.674056105315685272e-03,5.833504796028137207e-01,4.854269325733184814e-01,-1.782315969467163086e-02,5.913453102111816406e-01,5.001500844955444336e-01,-2.405015379190444946e-02,6.023369431495666504e-01,4.954948723316192627e-01,-2.783402241766452789e-02,6.285807490348815918e-01,4.699674546718597412e-01,-1.308943517506122589e-02,5.879545211791992188e-01,5.047658085823059082e-01,-2.018799819052219391e-02,5.985307097434997559e-01,5.151047110557556152e-01,-2.066750638186931610e-02,6.086196899414062500e-01,5.097535848617553711e-01,-2.139344066381454468e-02,6.362974047660827637e-01,4.919281005859375000e-01,-1.888815499842166901e-02,5.976796746253967285e-01,5.241951346397399902e-01,-2.359720692038536072e-02,6.071063280105590820e-01,5.316300392150878906e-01,-1.927569881081581116e-02,6.164604425430297852e-01,5.249877572059631348e-01,-1.700974814593791962e-02,6.422154307365417480e-01,5.182335376739501953e-01,-2.514683082699775696e-02,6.110488772392272949e-01,5.399628281593322754e-01,-2.775026485323905945e-02,6.177029013633728027e-01,5.437561273574829102e-01,-2.419108338654041290e-02,6.266356706619262695e-01,5.386803746223449707e-01,-2.121470682322978973e-02,3.997758030891418457e-01,5.560360550880432129e-01,-8.280498775548039703e-08,4.205622673034667969e-01,5.288070440292358398e-01,3.648253390565514565e-03,4.494455754756927490e-01,5.116418004035949707e-01,1.041635288856923580e-03,4.724045991897583008e-01,5.104362964630126953e-01,-3.523558611050248146e-03,4.859294891357421875e-01,5.131114125251770020e-01,-6.464999169111251831e-03,4.646554589271545410e-01,4.759204983711242676e-01,-3.482020110823214054e-04,4.995396435260772705e-01,5.091997981071472168e-01,-7.300885859876871109e-03,4.884183108806610107e-01,5.211918354034423828e-01,-1.131268497556447983e-02,4.760546088218688965e-01,5.181940197944641113e-01,-1.416139490902423859e-02,4.614973664283752441e-01,4.849134683609008789e-01,-6.988759618252515793e-03,4.970685243606567383e-01,5.285245180130004883e-01,-1.009741239249706268e-02,4.837529063224792480e-01,5.364820957183837891e-01,-8.403381332755088806e-03,4.734321832656860352e-01,5.307617783546447754e-01,-8.629719726741313934e-03,4.565867781639099121e-01,5.017077922821044922e-01,-1.403817534446716309e-02,4.904449284076690674e-01,5.439456701278686523e-01,-1.495204772800207138e-02,4.773901104927062988e-01,5.493862628936767578e-01,-1.007213257253170013e-02,4.675713479518890381e-01,5.428928732872009277e-01,-8.386093191802501678e-03,4.506095349788665771e-01,5.226289629936218262e-01,-2.155839279294013977e-02,4.767551124095916748e-01,5.551849007606506348e-01,-1.894021406769752502e-02,4.659502804279327393e-01,5.582886338233947754e-01,-1.430964376777410507e-02,4.562729597091674805e-01,5.511699318885803223e-01,-1.217322237789630890e-02
6.539092659950256348e-01,5.582890510559082031e-01,-1.870072168230763054e-07,6.285579800605773926e-01,5.287919044494628906e-01,-8.074738434515893459e-04,6.082351207733154297e-01,5.018504261970520020e-01,-5.996143911033868790e-03,5.910378694534301758e-01,4.892995357513427734e-01,-1.163376495242118835e-02,5.825384259223937988e-01,4.836175441741943359e-01,-1.588346622884273529e-02,6.180949807167053223e-01,4.554567635059356689e-01,-7.674056105315685272e-03,5.833504796028137207e-01,4.854269325733184814e-01,-1.782315969467163086e-02,5.913453102111816406e-01,5.001500844955444336e-01,-2.405015379190444946e-02,6.023369431495666504e-01,4.954948723316192627e-01,-2.783402241766452789e-02,6.285807490348815918e-01,4.699674546718597412e-01,-1.308943517506122589e-02,5.879545211791992188e-01,5.047658085823059082e-01,-2.018799819052219391e-02,5.985307097434997559e-01,5.151047110557556152e-01,-2.066750638186931610e-02,6.086196899414062500e-01,5.097535848617553711e-01,-2.139344066381454468e-02,6.362974047660827637e-01,4.919281005859375000e-01,-1.888815499842166901e-02,5.976796746253967285e-01,5.241951346397399902e-01,-2.359720692038536072e-02,6.071063280105590820e-01,5.316300392150878906e-01,-1.927569881081581116e-02,6.164604425430297852e-01,5.249877572059631348e-01,-1.700974814593791962e-02,6.422154307365417480e-01,5.182335376739501953e-01,-2.514683082699775696e-02,6.110488772392272949e-01,5.399628281593322754e-01,-2.775026485323905945e-02,6.177029013633728027e-01,5.437561273574829102e-01,-2.419108338654041290e-02,6.266356706619262695e-01,5.386803746223449707e-01,-2.121470682322978973e-02,3.997758030891418457e-01,5.560360550880432129e-01,-8.280498775548039703e-08,4.205622673034667969e-01,5.288070440292358398e-01,3.648253390565514565e-03,4.494455754756927490e-01,5.116418004035949707e-01,1.041635288856923580e-03,4.724045991897583008e-01,5.104362964630126953e-01,-3.523558611050248146e-03,4.859294891357421875e-01,5.131114125251770020e-01,-6.464999169111251831e-03,4.646554589271545410e-01,4.759204983711242676e-01,-3.482020110823214054e-04,4.995396435260772705e-01,5.091997981071472168e-01,-7.300885859876871109e-03,4.884183108806610107e-01,5.211918354034423828e-01,-1.131268497556447983e-02,4.760546088218688965e-01,5.181940197944641113e-01,-1.416139490902423859e-02,4.614973664283752441e-01,4.849134683609008789e-01,-6.988759618252515793e-03,4.970685243606567383e-01,5.285245180130004883e-01,-1.009741239249706268e-02,4.837529063224792480e-01,5.364820957183837891e-01,-8.403381332755088806e-03,4.734321832656860352e-01,5.307617783546447754e-01,-8.629719726741313934e-03,4.565867781639099121e-01,5.017077922821044922e-01,-1.403817534446716309e-02,4.904449284076690674e-01,5.439456701278686523e-01,-1.495204772800207138e-02,4.773901104927062988e-01,5.493862628936767578e-01,-1.007213257253170013e-02,4.675713479518890381e-01,5.428928732872009277e-01,-8.386093191802501678e-03,4.506095349788665771e-01,5.226289629936218262e-01,-2.155839279294013977e-02,4.767551124095916748e-01,5.551849007606506348e-01,-1.894021406769752502e-02,4.659502804279327393e-01,5.582886338233947754e-01,-1.430964376777410507e-02,4.562729597091674805e-01,5.511699318885803223e-01,-1.217322237789630890e-02
6.528363823890686035e-01,5.578361749649047852e-01,-1.668801701271149796e-07,6.294162273406982422e-01,5.293704271316528320e-01,-2.181490417569875717e-03,6.079416871070861816e-01,5.040915608406066895e-01,-7.507558446377515793e-03,5.894227027893066406e-01,4.927470088005065918e-01,-1.293189078569412231e-02,5.792724490165710449e-01,4.877551198005676270e-01,-1.670002005994319916e-02,6.179164052009582520e-01,4.554822444915771484e-01,-8.471679873764514923e-03,5.838878154754638672e-01,4.861999452114105225e-01,-1.875319145619869232e-02,5.923951864242553711e-01,5.005246400833129883e-01,-2.454856410622596741e-02,6.033254265785217285e-01,4.955676496028900146e-01,-2.806517109274864197e-02,6.279776692390441895e-01,4.692935347557067871e-01,-1.306774001568555832e-02,5.879573822021484375e-01,5.056536793708801270e-01,-2.124298736453056335e-02,5.990589261054992676e-01,5.158610343933105469e-01,-2.178211510181427002e-02,6.089876890182495117e-01,5.094489455223083496e-01,-2.227568440139293671e-02,6.351118683815002441e-01,4.904803335666656494e-01,-1.817209273576736450e-02,5.975700020790100098e-01,5.247385501861572266e-01,-2.421597577631473541e-02,6.075056195259094238e-01,5.314624309539794922e-01,-1.961662247776985168e-02,6.165161728858947754e-01,5.243645310401916504e-01,-1.672128401696681976e-02,6.403501033782958984e-01,5.165172219276428223e-01,-2.384142018854618073e-02,6.105967164039611816e-01,5.407069325447082520e-01,-2.775005809962749481e-02,6.171271204948425293e-01,5.449255704879760742e-01,-2.473434060811996460e-02,6.252669692039489746e-01,5.395233631134033203e-01,-2.185936830937862396e-02,3.995201885700225830e-01,5.573791265487670898e-01,-8.951266039503025240e-08,4.214989840984344482e-01,5.299643874168395996e-01,4.495937842875719070e-03,4.511789679527282715e-01,5.126551985740661621e-01,1.514696399681270123e-03,4.751950502395629883e-01,5.108475685119628906e-01,-3.680997528135776520e-03,4.896994233131408691e-01,5.118938088417053223e-01,-7.449768483638763428e-03,4.639371633529663086e-01,4.773455858230590820e-01,-2.024755114689469337e-03,4.997705817222595215e-01,5.072253346443176270e-01,-9.434277191758155823e-03,4.895506203174591064e-01,5.199772715568542480e-01,-1.318743731826543808e-02,4.777018129825592041e-01,5.175705552101135254e-01,-1.571403630077838898e-02,4.601227641105651855e-01,4.864044487476348877e-01,-9.400865994393825531e-03,4.974839687347412109e-01,5.268434286117553711e-01,-1.268614362925291061e-02,4.845626354217529297e-01,5.371705889701843262e-01,-1.038716733455657959e-02,4.746847748756408691e-01,5.314339399337768555e-01,-1.020334754139184952e-02,4.552872478961944580e-01,5.027124285697937012e-01,-1.705004088580608368e-02,4.901289045810699463e-01,5.432703495025634766e-01,-1.800359040498733521e-02,4.772185087203979492e-01,5.502322912216186523e-01,-1.247641444206237793e-02,4.673769474029541016e-01,5.430302619934082031e-01,-1.052558049559593201e-02,4.494901597499847412e-01,5.228331685066223145e-01,-2.503594942390918732e-02,4.770001769065856934e-01,5.550768375396728516e-01,-2.219632267951965332e-02,4.667845070362091064e-01,5.595243573188781738e-01,-1.694232970476150513e-02,4.575749635696411133e-01,5.524113774299621582e-01,-1.458392571657896042e-02
6.645845174789428711e-01,5.710260868072509766e-01,-1.765611017390256166e-07,6.496434807777404785e-01,5.377409458160400391e-01,-6.783162825740873814e-04,6.288401484489440918e-01,5.139019489288330078e-01,-6.739509757608175278e-03,6.079589724540710449e-01,5.047789812088012695e-01,-1.345965638756752014e-02,5.971381068229675293e-01,5.038759708404541016e-01,-1.913756877183914185e-02,6.285682916641235352e-01,4.746140837669372559e-01,-9.589335881173610687e-03,5.896454453468322754e-01,4.969126880168914795e-01,-2.102979086339473724e-02,5.965384840965270996e-01,5.126636028289794922e-01,-2.688077092170715332e-02,6.079152822494506836e-01,5.107517838478088379e-01,-3.029915504157543182e-02,6.338534951210021973e-01,4.886212348937988281e-01,-1.521210093051195145e-02,5.900289416313171387e-01,5.148667693138122559e-01,-2.534688822925090790e-02,6.003173589706420898e-01,5.280886292457580566e-01,-2.569425106048583984e-02,6.118173003196716309e-01,5.253599882125854492e-01,-2.568528801202774048e-02,6.372051835060119629e-01,5.092648863792419434e-01,-2.127039246261119843e-02,5.976213812828063965e-01,5.367026925086975098e-01,-2.882361598312854767e-02,6.086077690124511719e-01,5.468399524688720703e-01,-2.436614595353603363e-02,6.195115447044372559e-01,5.412271022796630859e-01,-2.145195379853248596e-02,6.401821374893188477e-01,5.332564711570739746e-01,-2.765949070453643799e-02,6.099680066108703613e-01,5.545477867126464844e-01,-3.273849561810493469e-02,6.179100871086120605e-01,5.611964464187622070e-01,-3.008209913969039917e-02,6.272616386413574219e-01,5.567920207977294922e-01,-2.755962684750556946e-02,4.005812108516693115e-01,5.276087522506713867e-01,-7.122138612203343655e-08,4.309888780117034912e-01,5.055458545684814453e-01,3.878683550283312798e-03,4.631879627704620361e-01,4.972515702247619629e-01,9.995156142394989729e-05,4.858365952968597412e-01,5.025419592857360840e-01,-6.158472970128059387e-03,4.968246221542358398e-01,5.098303556442260742e-01,-1.141882035881280899e-02,4.841020703315734863e-01,4.660241007804870605e-01,-5.240963771939277649e-03,5.173308849334716797e-01,5.111878514289855957e-01,-1.437458582222461700e-02,5.032297372817993164e-01,5.236455798149108887e-01,-1.885469444096088409e-02,4.910203516483306885e-01,5.174930691719055176e-01,-2.220127731561660767e-02,4.728005230426788330e-01,4.744695127010345459e-01,-1.382365077733993530e-02,5.069686174392700195e-01,5.338421463966369629e-01,-1.922685280442237854e-02,4.908736348152160645e-01,5.393619537353515625e-01,-1.823568530380725861e-02,4.814888238906860352e-01,5.283401608467102051e-01,-1.932737790048122406e-02,4.592078924179077148e-01,4.909246265888214111e-01,-2.248506061732769012e-02,4.907241761684417725e-01,5.485191941261291504e-01,-2.579622529447078705e-02,4.766303598880767822e-01,5.512832403182983398e-01,-2.128950320184230804e-02,4.680371582508087158e-01,5.401414632797241211e-01,-1.998344250023365021e-02,4.453142583370208740e-01,5.114787817001342773e-01,-3.146944567561149597e-02,4.702958166599273682e-01,5.557566285133361816e-01,-3.092362917959690094e-02,4.596147239208221436e-01,5.562719106674194336e-01,-2.641185931861400604e-02,4.509289860725402832e-01,5.453512072563171387e-01,-2.435588464140892029e-02
6.655092239379882812e-01,5.800659656524658203e-01,-1.738222721314741648e-07,6.539314985275268555e-01,5.460038781166076660e-01,-1.019872608594596386e-03,6.343059539794921875e-01,5.184253454208374023e-01,-5.763869266957044601e-03,6.149497628211975098e-01,5.066694617271423340e-01,-1.098451670259237289e-02,6.026604771614074707e-01,5.053828358650207520e-01,-1.501301024109125137e-02,6.328789591789245605e-01,4.836982190608978271e-01,-7.586026564240455627e-03,5.949081182479858398e-01,5.058506727218627930e-01,-1.874747313559055328e-02,6.017615795135498047e-01,5.198358893394470215e-01,-2.429950051009654999e-02,6.125199794769287109e-01,5.173195600509643555e-01,-2.719151973724365234e-02,6.364011168479919434e-01,4.975404441356658936e-01,-1.223786640912294388e-02,5.953927040100097656e-01,5.251803398132324219e-01,-2.212721295654773712e-02,6.053417921066284180e-01,5.361194014549255371e-01,-2.266975305974483490e-02,6.159572601318359375e-01,5.316703915596008301e-01,-2.278622612357139587e-02,6.383966803550720215e-01,5.175973176956176758e-01,-1.751908846199512482e-02,6.006438732147216797e-01,5.432778596878051758e-01,-2.602430246770381927e-02,6.111339330673217773e-01,5.530982017517089844e-01,-2.230089902877807617e-02,6.216242909431457520e-01,5.476229190826416016e-01,-1.943611912429332733e-02,6.400850415229797363e-01,5.405234098434448242e-01,-2.309128828346729279e-02,6.121084094047546387e-01,5.612115263938903809e-01,-2.941038273274898529e-02,6.203398108482360840e-01,5.680234432220458984e-01,-2.797119319438934326e-02,6.297909021377563477e-01,5.632139444351196289e-01,-2.600734308362007141e-02,4.008964598178863525e-01,5.194063186645507812e-01,-7.327660256351009593e-08,4.348955154418945312e-01,5.020031332969665527e-01,1.430754316970705986e-03,4.708671569824218750e-01,4.994316697120666504e-01,-5.476134363561868668e-03,4.964967072010040283e-01,5.081098079681396484e-01,-1.403666194528341293e-02,5.078908205032348633e-01,5.155949592590332031e-01,-2.127860859036445618e-02,4.918930530548095703e-01,4.666888713836669922e-01,-1.586989499628543854e-02,5.210528969764709473e-01,5.208664536476135254e-01,-2.801235578954219818e-02,5.060945153236389160e-01,5.380375981330871582e-01,-3.202255442738533020e-02,4.935828447341918945e-01,5.343480110168457031e-01,-3.444818034768104553e-02,4.760041832923889160e-01,4.736607968807220459e-01,-2.451688982546329498e-02,5.056450366973876953e-01,5.438172817230224609e-01,-3.323595225811004639e-02,4.889847040176391602e-01,5.509496927261352539e-01,-3.093835338950157166e-02,4.804258644580841064e-01,5.392288565635681152e-01,-3.097369149327278137e-02,4.583080410957336426e-01,4.872981011867523193e-01,-3.309679031372070312e-02,4.845289885997772217e-01,5.552631616592407227e-01,-3.893474116921424866e-02,4.686904549598693848e-01,5.547989010810852051e-01,-3.244655579328536987e-02,4.610792696475982666e-01,5.395089387893676758e-01,-2.989689633250236511e-02,4.402597546577453613e-01,5.041527748107910156e-01,-4.209114611148834229e-02,4.633111059665679932e-01,5.570543408393859863e-01,-4.349493980407714844e-02,4.520933032035827637e-01,5.562074184417724609e-01,-3.815611824393272400e-02,4.439602792263031006e-01,5.426226258277893066e-01,-3.552044183015823364e-02
6.661420464515686035e-01,5.846908688545227051e-01,-1.745445388223743066e-07,6.548276543617248535e-01,5.529470443725585938e-01,-1.193491509184241295e-03,6.365572214126586914e-01,5.259878635406494141e-01,-5.861065816134214401e-03,6.175661683082580566e-01,5.125607252120971680e-01,-1.095637306571006775e-02,6.056538224220275879e-01,5.094237327575683594e-01,-1.480108220130205154e-02,6.354253292083740234e-01,4.901259541511535645e-01,-7.742365356534719467e-03,5.969522595405578613e-01,5.100020766258239746e-01,-1.849600113928318024e-02,6.026887297630310059e-01,5.254135131835937500e-01,-2.331818826496601105e-02,6.135962009429931641e-01,5.252286791801452637e-01,-2.568170800805091858e-02,6.393559575080871582e-01,5.015665888786315918e-01,-1.189664751291275024e-02,5.982763171195983887e-01,5.300091505050659180e-01,-2.129826508462429047e-02,6.074764132499694824e-01,5.427790880203247070e-01,-2.140464261174201965e-02,6.178728342056274414e-01,5.392832756042480469e-01,-2.128065004944801331e-02,6.411929726600646973e-01,5.202980637550354004e-01,-1.668679900467395782e-02,6.036913394927978516e-01,5.475101470947265625e-01,-2.466635592281818390e-02,6.136754751205444336e-01,5.586532950401306152e-01,-2.077469602227210999e-02,6.237441301345825195e-01,5.540680885314941406e-01,-1.798921823501586914e-02,6.422829627990722656e-01,5.427588224411010742e-01,-2.178577892482280731e-02,6.144257783889770508e-01,5.652843117713928223e-01,-2.793781831860542297e-02,6.222347617149353027e-01,5.729354023933410645e-01,-2.677501551806926727e-02,6.311663985252380371e-01,5.687252283096313477e-01,-2.506483718752861023e-02,3.998817503452301025e-01,5.161154270172119141e-01,-9.092393327136960579e-08,4.353463947772979736e-01,5.055304169654846191e-01,-2.551310462877154350e-04,4.728097617626190186e-01,5.059453845024108887e-01,-7.081096060574054718e-03,5.005012154579162598e-01,5.165039896965026855e-01,-1.524460781365633011e-02,5.168598890304565430e-01,5.222868323326110840e-01,-2.174228802323341370e-02,4.944860637187957764e-01,4.685833156108856201e-01,-1.651390083134174347e-02,5.203052163124084473e-01,5.272083878517150879e-01,-3.050105646252632141e-02,5.040101408958435059e-01,5.447812676429748535e-01,-3.599561750888824463e-02,4.914599061012268066e-01,5.409566760063171387e-01,-3.919468447566032410e-02,4.759232401847839355e-01,4.726386070251464844e-01,-2.458072826266288757e-02,4.999889731407165527e-01,5.477220416069030762e-01,-3.478818759322166443e-02,4.824409186840057373e-01,5.557378530502319336e-01,-3.366068378090858459e-02,4.748471975326538086e-01,5.448481440544128418e-01,-3.442616015672683716e-02,4.554257392883300781e-01,4.848423004150390625e-01,-3.288215026259422302e-02,4.770762622356414795e-01,5.568628311157226562e-01,-4.090362414717674255e-02,4.605206251144409180e-01,5.565776228904724121e-01,-3.485332056879997253e-02,4.532863795757293701e-01,5.408744215965270996e-01,-3.211532905697822571e-02,4.343944489955902100e-01,5.006788372993469238e-01,-4.167021065950393677e-02,4.531975984573364258e-01,5.569658279418945312e-01,-4.512400925159454346e-02,4.423503577709197998e-01,5.563415288925170898e-01,-4.023959860205650330e-02,4.353493154048919678e-01,5.418673753738403320e-01,-3.745001181960105896e-02
6.689277887344360352e-01,5.930908322334289551e-01,-1.827251736585822073e-07,6.559653282165527344e-01,5.634421706199645996e-01,9.477139974478632212e-05,6.382626295089721680e-01,5.362086892127990723e-01,-4.159602336585521698e-03,6.221859455108642578e-01,5.217584371566772461e-01,-9.114192798733711243e-03,6.120295524597167969e-01,5.178736448287963867e-01,-1.281122211366891861e-02,6.404846906661987305e-01,4.984876811504364014e-01,-5.819979123771190643e-03,6.037649512290954590e-01,5.172694325447082520e-01,-1.706414297223091125e-02,6.104739308357238770e-01,5.318559408187866211e-01,-2.263781242072582245e-02,6.217369437217712402e-01,5.308802723884582520e-01,-2.545573562383651733e-02,6.440670490264892578e-01,5.101280212402343750e-01,-1.116395369172096252e-02,6.027306318283081055e-01,5.332595109939575195e-01,-2.113715745508670807e-02,6.126981377601623535e-01,5.457782745361328125e-01,-2.147181890904903412e-02,6.237159371376037598e-01,5.426766872406005859e-01,-2.112735062837600708e-02,6.458335518836975098e-01,5.286215543746948242e-01,-1.717218011617660522e-02,6.077378988265991211e-01,5.519549846649169922e-01,-2.574186213314533234e-02,6.184177994728088379e-01,5.633293390274047852e-01,-2.160835452377796173e-02,6.290408968925476074e-01,5.584959387779235840e-01,-1.833721250295639038e-02,6.470083594322204590e-01,5.510900616645812988e-01,-2.339023724198341370e-02,6.178393959999084473e-01,5.707954764366149902e-01,-2.976795285940170288e-02,6.261985898017883301e-01,5.791313052177429199e-01,-2.793529629707336426e-02,6.359546184539794922e-01,5.753604769706726074e-01,-2.556720562279224396e-02,3.948195576667785645e-01,5.064353942871093750e-01,-7.590258377376812859e-08,4.332409799098968506e-01,5.046705007553100586e-01,-1.481342944316565990e-03,4.697047770023345947e-01,5.123550891876220703e-01,-1.006916444748640060e-02,4.927187860012054443e-01,5.294119715690612793e-01,-1.970535516738891602e-02,5.039689540863037109e-01,5.397183895111083984e-01,-2.773561142385005951e-02,4.947810173034667969e-01,4.742126166820526123e-01,-2.335913106799125671e-02,5.166589021682739258e-01,5.416042208671569824e-01,-3.907485678791999817e-02,4.961964488029479980e-01,5.554921030998229980e-01,-4.533911868929862976e-02,4.840235412120819092e-01,5.444236397743225098e-01,-4.956314712762832642e-02,4.705812633037567139e-01,4.743666648864746094e-01,-3.197075799107551575e-02,4.896253049373626709e-01,5.609487891197204590e-01,-4.603117331862449646e-02,4.722075164318084717e-01,5.698400735855102539e-01,-4.679641500115394592e-02,4.664227068424224854e-01,5.589926838874816895e-01,-4.904084280133247375e-02,4.446725249290466309e-01,4.837103784084320068e-01,-4.023016616702079773e-02,4.599163532257080078e-01,5.673041343688964844e-01,-5.008467286825180054e-02,4.462335705757141113e-01,5.681351423263549805e-01,-4.397221654653549194e-02,4.406638145446777344e-01,5.519450306892395020e-01,-4.117373749613761902e-02,4.196176230907440186e-01,4.977357387542724609e-01,-4.904813691973686218e-02,4.359266161918640137e-01,5.644080638885498047e-01,-5.335864052176475525e-02,4.295049011707305908e-01,5.661967396736145020e-01,-4.808894917368888855e-02,4.248257875442504883e-01,5.518401861190795898e-01,-4.501529410481452942e-02
6.689277887344360352e-01,5.930908322334289551e-01,-1.827251736585822073e-07,6.559653282165527344e-01,5.634421706199645996e-01,9.477139974478632212e-05,6.382626295089721680e-01,5.362086892127990723e-01,-4.159602336585521698e-03,6.221859455108642578e-01,5.217584371566772461e-01,-9.114192798733711243e-03,6.120295524597167969e-01,5.178736448287963867e-01,-1.281122211366891861e-02,6.404846906661987305e-01,4.984876811504364014e-01,-5.819979123771190643e-03,6.037649512290954590e-01,5.172694325447082520e-01,-1.706414297223091125e-02,6.104739308357238770e-01,5.318559408187866211e-01,-2.263781242072582245e-02,6.217369437217712402e-01,5.308802723884582520e-01,-2.545573562383651733e-02,6.440670490264892578e-01,5.101280212402343750e-01,-1.116395369172096252e-02,6.027306318283081055e-01,5.332595109939575195e-01,-2.113715745508670807e-02,6.126981377601623535e-01,5.457782745361328125e-01,-2.147181890904903412e-02,6.237159371376037598e-01,5.426766872406005859e-01,-2.112735062837600708e-02,6.458335518836975098e-01,5.286215543746948242e-01,-1.717218011617660522e-02,6.077378988265991211e-01,5.519549846649169922e-01,-2.574186213314533234e-02,6.184177994728088379e-01,5.633293390274047852e-01,-2.160835452377796173e-02,6.290408968925476074e-01,5.584959387779235840e-01,-1.833721250295639038e-02,6.470083594322204590e-01,5.510900616645812988e-01,-2.339023724198341370e-02,6.178393959999084473e-01,5.707954764366149902e-01,-2.976795285940170288e-02,6.261985898017883301e-01,5.791313052177429199e-01,-2.793529629707336426e-02,6.359546184539794922e-01,5.753604769706726074e-01,-2.556720562279224396e-02,3.948195576667785645e-01,5.064353942871093750e-01,-7.590258377376812859e-08,4.332409799098968506e-01,5.046705007553100586e-01,-1.481342944316565990e-03,4.697047770023345947e-01,5.123550891876220703e-01,-1.006916444748640060e-02,4.927187860012054443e-01,5.294119715690612793e-01,-1.970535516738891602e-02,5.039689540863037109e-01,5.397183895111083984e-01,-2.773561142385005951e-02,4.947810173034667969e-01,4.742126166820526123e-01,-2.335913106799125671e-02,5.166589021682739258e-01,5.416042208671569824e-01,-3.907485678791999817e-02,4.961964488029479980e-01,5.554921030998229980e-01,-4.533911868929862976e-02,4.840235412120819092e-01,5.444236397743225098e-01,-4.956314712762832642e-02,4.705812633037567139e-01,4.743666648864746094e-01,-3.197075799107551575e-02,4.896253049373626709e-01,5.609487891197204590e-01,-4.603117331862449646e-02,4.722075164318084717e-01,5.698400735855102539e-01,-4.679641500115394592e-02,4.664227068424224854e-01,5.589926838874816895e-01,-4.904084280133247375e-02,4.446725249290466309e-01,4.837103784084320068e-01,-4.023016616702079773e-02,4.599163532257080078e-01,5.673041343688964844e-01,-5.008467286825180054e-02,4.462335705757141113e-01,5.681351423263549805e-01,-4.397221654653549194e-02,4.406638145446777344e-01,5.519450306892395020e-01,-4.117373749613761902e-02,4.196176230907440186e-01,4.977357387542724609e-01,-4.904813691973686218e-02,4.359266161918640137e-01,5.644080638885498047e-01,-5.335864052176475525e-02,4.295049011707305908e-01,5.661967396736145020e-01,-4.808894917368888855e-02,4.248257875442504883e-01,5.518401861190795898e-01,-4.501529410481452942e-02
6.712301373481750488e-01,5.959095954895019531e-01,-1.615799618548408034e-07,6.613429784774780273e-01,5.645539760589599609e-01,-4.287667688913643360e-04,6.437750458717346191e-01,5.381717681884765625e-01,-5.091921892017126083e-03,6.255047321319580078e-01,5.252227783203125000e-01,-1.023937668651342392e-02,6.137393116950988770e-01,5.224550366401672363e-01,-1.436811592429876328e-02,6.451591849327087402e-01,5.034165978431701660e-01,-7.426938042044639587e-03,6.066196560859680176e-01,5.188905000686645508e-01,-1.770289614796638489e-02,6.116380691528320312e-01,5.340295433998107910e-01,-2.276813611388206482e-02,6.225812435150146484e-01,5.350381135940551758e-01,-2.534737065434455872e-02,6.486436724662780762e-01,5.150157213211059570e-01,-1.166105177253484726e-02,6.069839596748352051e-01,5.376765131950378418e-01,-2.018611133098602295e-02,6.156671047210693359e-01,5.502472519874572754e-01,-2.026618272066116333e-02,6.262493133544921875e-01,5.478387475013732910e-01,-2.029755339026451111e-02,6.496053934097290039e-01,5.334622859954833984e-01,-1.637129299342632294e-02,6.116774678230285645e-01,5.559033751487731934e-01,-2.337405271828174591e-02,6.211080551147460938e-01,5.669205784797668457e-01,-1.969683170318603516e-02,6.314597725868225098e-01,5.630079507827758789e-01,-1.731552369892597198e-02,6.494650840759277344e-01,5.556628108024597168e-01,-2.125934511423110962e-02,6.201269626617431641e-01,5.741246342658996582e-01,-2.665421552956104279e-02,6.277820467948913574e-01,5.822905302047729492e-01,-2.517038397490978241e-02,6.374045014381408691e-01,5.791573524475097656e-01,-2.340875752270221710e-02,3.922938108444213867e-01,5.054360628128051758e-01,-6.710286015731981024e-08,4.304909408092498779e-01,5.057310461997985840e-01,-3.805962856858968735e-03,4.672131240367889404e-01,5.153521299362182617e-01,-1.408485695719718933e-02,4.881477952003479004e-01,5.318368673324584961e-01,-2.512238360941410065e-02,4.966336786746978760e-01,5.415920019149780273e-01,-3.434538096189498901e-02,4.915183186531066895e-01,4.774485230445861816e-01,-2.762087807059288025e-02,5.109063982963562012e-01,5.476641654968261719e-01,-4.501916840672492981e-02,4.900818765163421631e-01,5.551915764808654785e-01,-5.176446959376335144e-02,4.803024232387542725e-01,5.406342744827270508e-01,-5.625473707914352417e-02,4.663070142269134521e-01,4.767400622367858887e-01,-3.616752848029136658e-02,4.818896949291229248e-01,5.685513019561767578e-01,-5.229519307613372803e-02,4.631502926349639893e-01,5.657597780227661133e-01,-5.272074788808822632e-02,4.588184058666229248e-01,5.474529862403869629e-01,-5.447344481945037842e-02,4.390607774257659912e-01,4.856869876384735107e-01,-4.454401135444641113e-02,4.503771364688873291e-01,5.738586187362670898e-01,-5.573961138725280762e-02,4.363553822040557861e-01,5.665462613105773926e-01,-4.888488724827766418e-02,4.333697259426116943e-01,5.466040968894958496e-01,-4.559757187962532043e-02,4.122171700000762939e-01,4.991444647312164307e-01,-5.377229303121566772e-02,4.255324602127075195e-01,5.702475309371948242e-01,-5.908238887786865234e-02,4.176284968852996826e-01,5.650255084037780762e-01,-5.375878140330314636e-02,4.130691885948181152e-01,5.458454489707946777e-01,-5.069907382130622864e-02
6.721821427345275879e-01,6.046705842018127441e-01,-1.494231298693193821e-07,6.615517139434814453e-01,5.744832754135131836e-01,-1.660302630625665188e-03,6.447899341583251953e-01,5.465726852416992188e-01,-6.578707601875066757e-03,6.276182532310485840e-01,5.316156148910522461e-01,-1.168263610452413559e-02,6.167343854904174805e-01,5.257958173751831055e-01,-1.560916658490896225e-02,6.529142856597900391e-01,5.112185478210449219e-01,-8.899113163352012634e-03,6.133760213851928711e-01,5.237206220626831055e-01,-1.896820031106472015e-02,6.180777549743652344e-01,5.391896963119506836e-01,-2.386601269245147705e-02,6.290727853775024414e-01,5.398230552673339844e-01,-2.644115872681140900e-02,6.564506888389587402e-01,5.235621333122253418e-01,-1.251913141459226608e-02,6.135820150375366211e-01,5.438299179077148438e-01,-2.088087052106857300e-02,6.221475005149841309e-01,5.564191937446594238e-01,-2.087510377168655396e-02,6.327629685401916504e-01,5.540511012077331543e-01,-2.092468366026878357e-02,6.567915678024291992e-01,5.421819686889648438e-01,-1.664806529879570007e-02,6.178450584411621094e-01,5.615803599357604980e-01,-2.308036945760250092e-02,6.267558932304382324e-01,5.728282332420349121e-01,-1.919064857065677643e-02,6.369689702987670898e-01,5.698264241218566895e-01,-1.679319515824317932e-02,6.557742357254028320e-01,5.642311573028564453e-01,-2.115008793771266937e-02,6.260048747062683105e-01,5.797258019447326660e-01,-2.608663775026798248e-02,6.329897642135620117e-01,5.878735184669494629e-01,-2.467380650341510773e-02,6.422640085220336914e-01,5.856759548187255859e-01,-2.304326929152011871e-02,3.921568989753723145e-01,4.938762187957763672e-01,1.517223147118329507e-08,4.282005131244659424e-01,5.010427832603454590e-01,-8.411242626607418060e-03,4.630892872810363770e-01,5.185638666152954102e-01,-2.212722785770893097e-02,4.835404157638549805e-01,5.452660918235778809e-01,-3.528350591659545898e-02,4.964573979377746582e-01,5.613759160041809082e-01,-4.695647954940795898e-02,4.896439313888549805e-01,4.807029962539672852e-01,-3.925326466560363770e-02,4.999183416366577148e-01,5.592021346092224121e-01,-5.658404156565666199e-02,4.814603626728057861e-01,5.670098662376403809e-01,-6.147927790880203247e-02,4.735551774501800537e-01,5.529084205627441406e-01,-6.453710794448852539e-02,4.631004333496093750e-01,4.774379730224609375e-01,-4.582311213016510010e-02,4.703194499015808105e-01,5.744569301605224609e-01,-6.039929017424583435e-02,4.534801542758941650e-01,5.722995400428771973e-01,-5.727842450141906738e-02,4.505471587181091309e-01,5.546636581420898438e-01,-5.694954097270965576e-02,4.346422851085662842e-01,4.830788075923919678e-01,-5.222665518522262573e-02,4.379281997680664062e-01,5.728281736373901367e-01,-6.205385178327560425e-02,4.253267645835876465e-01,5.634434819221496582e-01,-5.261520668864250183e-02,4.230655729770660400e-01,5.425397753715515137e-01,-4.815789312124252319e-02,4.069840312004089355e-01,4.923340380191802979e-01,-5.989656224846839905e-02,4.122690558433532715e-01,5.631503462791442871e-01,-6.473124772310256958e-02,4.058990180492401123e-01,5.558099150657653809e-01,-5.870223790407180786e-02,4.023776352405548096e-01,5.363559126853942871e-01,-5.543987825512886047e-02
6.721821427345275879e-01,6.046705842018127441e-01,-1.494231298693193821e-07,6.615517139434814453e-01,5.744832754135131836e-01,-1.660302630625665188e-03,6.447899341583251953e-01,5.465726852416992188e-01,-6.578707601875066757e-03,6.276182532310485840e-01,5.316156148910522461e-01,-1.168263610452413559e-02,6.167343854904174805e-01,5.257958173751831055e-01,-1.560916658490896225e-02,6.529142856597900391e-01,5.112185478210449219e-01,-8.899113163352012634e-03,6.133760213851928711e-01,5.237206220626831055e-01,-1.896820031106472015e-02,6.180777549743652344e-01,5.391896963119506836e-01,-2.386601269245147705e-02,6.290727853775024414e-01,5.398230552673339844e-01,-2.644115872681140900e-02,6.564506888389587402e-01,5.235621333122253418e-01,-1.251913141459226608e-02,6.135820150375366211e-01,5.438299179077148438e-01,-2.088087052106857300e-02,6.221475005149841309e-01,5.564191937446594238e-01,-2.087510377168655396e-02,6.327629685401916504e-01,5.540511012077331543e-01,-2.092468366026878357e-02,6.567915678024291992e-01,5.421819686889648438e-01,-1.664806529879570007e-02,6.178450584411621094e-01,5.615803599357604980e-01,-2.308036945760250092e-02,6.267558932304382324e-01,5.728282332420349121e-01,-1.919064857065677643e-02,6.369689702987670898e-01,5.698264241218566895e-01,-1.679319515824317932e-02,6.557742357254028320e-01,5.642311573028564453e-01,-2.115008793771266937e-02,6.260048747062683105e-01,5.797258019447326660e-01,-2.608663775026798248e-02,6.329897642135620117e-01,5.878735184669494629e-01,-2.467380650341510773e-02,6.422640085220336914e-01,5.856759548187255859e-01,-2.304326929152011871e-02,3.921568989753723145e-01,4.938762187957763672e-01,1.517223147118329507e-08,4.282005131244659424e-01,5.010427832603454590e-01,-8.411242626607418060e-03,4.630892872810363770e-01,5.185638666152954102e-01,-2.212722785770893097e-02,4.835404157638549805e-01,5.452660918235778809e-01,-3.528350591659545898e-02,4.964573979377746582e-01,5.613759160041809082e-01,-4.695647954940795898e-02,4.896439313888549805e-01,4.807029962539672852e-01,-3.925326466560363770e-02,4.999183416366577148e-01,5.592021346092224121e-01,-5.658404156565666199e-02,4.814603626728057861e-01,5.670098662376403809e-01,-6.147927790880203247e-02,4.735551774501800537e-01,5.529084205627441406e-01,-6.453710794448852539e-02,4.631004333496093750e-01,4.774379730224609375e-01,-4.582311213016510010e-02,4.703194499015808105e-01,5.744569301605224609e-01,-6.039929017424583435e-02,4.534801542758941650e-01,5.722995400428771973e-01,-5.727842450141906738e-02,4.505471587181091309e-01,5.546636581420898438e-01,-5.694954097270965576e-02,4.346422851085662842e-01,4.830788075923919678e-01,-5.222665518522262573e-02,4.379281997680664062e-01,5.728281736373901367e-01,-6.205385178327560425e-02,4.253267645835876465e-01,5.634434819221496582e-01,-5.261520668864250183e-02,4.230655729770660400e-01,5.425397753715515137e-01,-4.815789312124252319e-02,4.069840312004089355e-01,4.923340380191802979e-01,-5.989656224846839905e-02,4.122690558433532715e-01,5.631503462791442871e-01,-6.473124772310256958e-02,4.058990180492401123e-01,5.558099150657653809e-01,-5.870223790407180786e-02,4.023776352405548096e-01,5.363559126853942871e-01,-5.543987825512886047e-02
6.745096445083618164e-01,6.089757084846496582e-01,-1.655393049304620945e-07,6.631916165351867676e-01,5.793934464454650879e-01,-5.201075691729784012e-04,6.463496088981628418e-01,5.512308478355407715e-01,-5.172455217689275742e-03,6.291717886924743652e-01,5.364994406700134277e-01,-1.028429530560970306e-02,6.184563040733337402e-01,5.319378376007080078e-01,-1.413211505860090256e-02,6.552479863166809082e-01,5.136409997940063477e-01,-7.650899700820446014e-03,6.156952381134033203e-01,5.260132551193237305e-01,-1.811269670724868774e-02,6.208820343017578125e-01,5.424588322639465332e-01,-2.333863824605941772e-02,6.321358680725097656e-01,5.443666577339172363e-01,-2.622850611805915833e-02,6.592197418212890625e-01,5.255656838417053223e-01,-1.251351926475763321e-02,6.154760718345642090e-01,5.435071587562561035e-01,-2.139075472950935364e-02,6.246110200881958008e-01,5.576791167259216309e-01,-2.165790833532810211e-02,6.356450319290161133e-01,5.564922094345092773e-01,-2.174004539847373962e-02,6.603813171386718750e-01,5.444301962852478027e-01,-1.784929819405078888e-02,6.202170252799987793e-01,5.629758834838867188e-01,-2.473865821957588196e-02,6.294087767601013184e-01,5.759654045104980469e-01,-2.047645673155784607e-02,6.399577856063842773e-01,5.733439326286315918e-01,-1.774694956839084625e-02,6.599321365356445312e-01,5.677751302719116211e-01,-2.348064817488193512e-02,6.280148029327392578e-01,5.829735398292541504e-01,-2.899411693215370178e-02,6.351537704467773438e-01,5.915489196777343750e-01,-2.724222838878631592e-02,6.451725363731384277e-01,5.891517400741577148e-01,-2.526380494236946106e-02,3.982431590557098389e-01,4.904659390449523926e-01,1.154009936499278410e-07,4.327253401279449463e-01,4.951075911521911621e-01,-5.653048865497112274e-03,4.666140377521514893e-01,5.112821459770202637e-01,-1.696423813700675964e-02,4.853141605854034424e-01,5.369735956192016602e-01,-2.795638516545295715e-02,4.984986484050750732e-01,5.538787841796875000e-01,-3.757227212190628052e-02,4.924750030040740967e-01,4.771476387977600098e-01,-3.527401760220527649e-02,5.029282569885253906e-01,5.493907332420349121e-01,-5.141049250960350037e-02,4.882285296916961670e-01,5.601855516433715820e-01,-5.584664642810821533e-02,4.807178378105163574e-01,5.507742762565612793e-01,-5.866239964962005615e-02,4.675417244434356689e-01,4.705296456813812256e-01,-4.253147915005683899e-02,4.748585522174835205e-01,5.609306693077087402e-01,-5.863564461469650269e-02,4.626353085041046143e-01,5.683444738388061523e-01,-5.797432735562324524e-02,4.607982337474822998e-01,5.603836774826049805e-01,-5.881754308938980103e-02,4.388124346733093262e-01,4.740572571754455566e-01,-4.904392734169960022e-02,4.424642324447631836e-01,5.602260828018188477e-01,-6.109460815787315369e-02,4.306237101554870605e-01,5.580013990402221680e-01,-5.269947275519371033e-02,4.267932772636413574e-01,5.416455864906311035e-01,-4.784064739942550659e-02,4.100558757781982422e-01,4.825259149074554443e-01,-5.637647211551666260e-02,4.152558445930480957e-01,5.528942346572875977e-01,-6.340838968753814697e-02,4.094287157058715820e-01,5.528028607368469238e-01,-5.768463388085365295e-02,4.056520760059356689e-01,5.382376313209533691e-01,-5.371581763029098511e-02
6.745096445083618164e-01,6.089757084846496582e-01,-1.655393049304620945e-07,6.631916165351867676e-01,5.793934464454650879e-01,-5.201075691729784012e-04,6.463496088981628418e-01,5.512308478355407715e-01,-5.172455217689275742e-03,6.291717886924743652e-01,5.364994406700134277e-01,-1.028429530560970306e-02,6.184563040733337402e-01,5.319378376007080078e-01,-1.413211505860090256e-02,6.552479863166809082e-01,5.136409997940063477e-01,-7.650899700820446014e-03,6.156952381134033203e-01,5.260132551193237305e-01,-1.811269670724868774e-02,6.208820343017578125e-01,5.424588322639465332e-01,-2.333863824605941772e-02,6.321358680725097656e-01,5.443666577339172363e-01,-2.622850611805915833e-02,6.592197418212890625e-01,5.255656838417053223e-01,-1.251351926475763321e-02,6.154760718345642090e-01,5.435071587562561035e-01,-2.139075472950935364e-02,6.246110200881958008e-01,5.576791167259216309e-01,-2.165790833532810211e-02,6.356450319290161133e-01,5.564922094345092773e-01,-2.174004539847373962e-02,6.603813171386718750e-01,5.444301962852478027e-01,-1.784929819405078888e-02,6.202170252799987793e-01,5.629758834838867188e-01,-2.473865821957588196e-02,6.294087767601013184e-01,5.759654045104980469e-01,-2.047645673155784607e-02,6.399577856063842773e-01,5.733439326286315918e-01,-1.774694956839084625e-02,6.599321365356445312e-01,5.677751302719116211e-01,-2.348064817488193512e-02,6.280148029327392578e-01,5.829735398292541504e-01,-2.899411693215370178e-02,6.351537704467773438e-01,5.915489196777343750e-01,-2.724222838878631592e-02,6.451725363731384277e-01,5.891517400741577148e-01,-2.526380494236946106e-02,3.982431590557098389e-01,4.904659390449523926e-01,1.154009936499278410e-07,4.327253401279449463e-01,4.951075911521911621e-01,-5.653048865497112274e-03,4.666140377521514893e-01,5.112821459770202637e-01,-1.696423813700675964e-02,4.853141605854034424e-01,5.369735956192016602e-01,-2.795638516545295715e-02,4.984986484050750732e-01,5.538787841796875000e-01,-3.757227212190628052e-02,4.924750030040740967e-01,4.771476387977600098e-01,-3.527401760220527649e-02,5.029282569885253906e-01,5.493907332420349121e-01,-5.141049250960350037e-02,4.882285296916961670e-01,5.601855516433715820e-01,-5.584664642810821533e-02,4.807178378105163574e-01,5.507742762565612793e-01,-5.866239964962005615e-02,4.675417244434356689e-01,4.705296456813812256e-01,-4.253147915005683899e-02,4.748585522174835205e-01,5.609306693077087402e-01,-5.863564461469650269e-02,4.626353085041046143e-01,5.683444738388061523e-01,-5.797432735562324524e-02,4.607982337474822998e-01,5.603836774826049805e-01,-5.881754308938980103e-02,4.388124346733093262e-01,4.740572571754455566e-01,-4.904392734169960022e-02,4.424642324447631836e-01,5.602260828018188477e-01,-6.109460815787315369e-02,4.306237101554870605e-01,5.580013990402221680e-01,-5.269947275519371033e-02,4.267932772636413574e-01,5.416455864906311035e-01,-4.784064739942550659e-02,4.100558757781982422e-01,4.825259149074554443e-01,-5.637647211551666260e-02,4.152558445930480957e-01,5.528942346572875977e-01,-6.340838968753814697e-02,4.094287157058715820e-01,5.528028607368469238e-01,-5.768463388085365295e-02,4.056520760059356689e-01,5.382376313209533691e-01,-5.371581763029098511e-02
6.741748452186584473e-01,6.104665994644165039e-01,-1.749243949689116562e-07,6.577447652816772461e-01,5.821412205696105957e-01,-2.490187063813209534e-03,6.403880119323730469e-01,5.560835599899291992e-01,-7.870265282690525055e-03,6.231619119644165039e-01,5.408812165260314941e-01,-1.327995862811803818e-02,6.119698882102966309e-01,5.323976874351501465e-01,-1.714419387280941010e-02,6.568079590797424316e-01,5.159277319908142090e-01,-9.533315896987915039e-03,6.171013116836547852e-01,5.267233848571777344e-01,-2.036050334572792053e-02,6.205947995185852051e-01,5.442036390304565430e-01,-2.512512169778347015e-02,6.311814785003662109e-01,5.477926731109619141e-01,-2.747984416782855988e-02,6.621674299240112305e-01,5.282106995582580566e-01,-1.361436583101749420e-02,6.178299188613891602e-01,5.445753335952758789e-01,-2.326293848454952240e-02,6.253356337547302246e-01,5.595671534538269043e-01,-2.353592403233051300e-02,6.359136104583740234e-01,5.594106912612915039e-01,-2.336193621158599854e-02,6.640412211418151855e-01,5.472770333290100098e-01,-1.830266416072845459e-02,6.235995888710021973e-01,5.663139224052429199e-01,-2.620971761643886566e-02,6.315978169441223145e-01,5.789364576339721680e-01,-2.172207832336425781e-02,6.415527462959289551e-01,5.764440894126892090e-01,-1.849981956183910370e-02,6.639102697372436523e-01,5.705975294113159180e-01,-2.338338457047939301e-02,6.315199732780456543e-01,5.854996442794799805e-01,-2.923360094428062439e-02,6.375037431716918945e-01,5.939865112304687500e-01,-2.706286497414112091e-02,6.468691825866699219e-01,5.918081998825073242e-01,-2.462829463183879852e-02,4.077099561691284180e-01,4.824479520320892334e-01,7.753283171041402966e-08,4.385545849800109863e-01,4.941391348838806152e-01,-6.309682969003915787e-03,4.698068201541900635e-01,5.145673155784606934e-01,-1.767577417194843292e-02,4.868525266647338867e-01,5.456046462059020996e-01,-2.854870818555355072e-02,4.995714128017425537e-01,5.656074881553649902e-01,-3.791521862149238586e-02,5.000057816505432129e-01,4.665127992630004883e-01,-3.430129215121269226e-02,5.130610466003417969e-01,5.426914095878601074e-01,-4.952083155512809753e-02,4.943147301673889160e-01,5.524815917015075684e-01,-5.406755208969116211e-02,4.860492050647735596e-01,5.412080883979797363e-01,-5.734238028526306152e-02,4.756034016609191895e-01,4.607040882110595703e-01,-4.078812524676322937e-02,4.840491414070129395e-01,5.522770285606384277e-01,-5.614700540900230408e-02,4.689879417419433594e-01,5.558888316154479980e-01,-5.657722055912017822e-02,4.663699865341186523e-01,5.435236096382141113e-01,-5.865749344229698181e-02,4.474770724773406982e-01,4.650032520294189453e-01,-4.650710895657539368e-02,4.531573355197906494e-01,5.496668219566345215e-01,-5.778514966368675232e-02,4.404334425926208496e-01,5.482031106948852539e-01,-5.045871064066886902e-02,4.366962909698486328e-01,5.324492454528808594e-01,-4.672762379050254822e-02,4.195727109909057617e-01,4.735050797462463379e-01,-5.295677855610847473e-02,4.267417192459106445e-01,5.422428846359252930e-01,-5.900388583540916443e-02,4.204750061035156250e-01,5.452458858489990234e-01,-5.352590605616569519e-02,4.161134064197540283e-01,5.325608849525451660e-01,-5.010928586125373840e-02
6.692454814910888672e-01,6.036271452903747559e-01,-1.314539161967331893e-07,6.477183103561401367e-01,5.733055472373962402e-01,-4.200427792966365814e-03,6.313042044639587402e-01,5.475246906280517578e-01,-1.055728085339069366e-02,6.168932318687438965e-01,5.337006449699401855e-01,-1.663153432309627533e-02,6.088166236877441406e-01,5.275536775588989258e-01,-2.111445553600788116e-02,6.536006331443786621e-01,5.039805173873901367e-01,-1.207683421671390533e-02,6.169355511665344238e-01,5.242636799812316895e-01,-2.108228579163551331e-02,6.215999722480773926e-01,5.412529706954956055e-01,-2.483393251895904541e-02,6.320840716361999512e-01,5.399675965309143066e-01,-2.726690471172332764e-02,6.639682650566101074e-01,5.191584825515747070e-01,-1.594492420554161072e-02,6.220923066139221191e-01,5.447928905487060547e-01,-2.433526888489723206e-02,6.298283934593200684e-01,5.564995408058166504e-01,-2.472295239567756653e-02,6.400243043899536133e-01,5.522565245628356934e-01,-2.521297521889209747e-02,6.702209115028381348e-01,5.419156551361083984e-01,-2.020394429564476013e-02,6.308047771453857422e-01,5.666329860687255859e-01,-2.683624625205993652e-02,6.383440494537353516e-01,5.742939114570617676e-01,-2.270099520683288574e-02,6.481876969337463379e-01,5.690922141075134277e-01,-2.016220800578594208e-02,6.735619306564331055e-01,5.682868361473083496e-01,-2.504450455307960510e-02,6.417139172554016113e-01,5.847982764244079590e-01,-3.015944734215736389e-02,6.463057398796081543e-01,5.894419550895690918e-01,-2.810525335371494293e-02,6.553722620010375977e-01,5.852231383323669434e-01,-2.597197145223617554e-02,4.189209342002868652e-01,4.784958064556121826e-01,1.502600781577712041e-07,4.536214470863342285e-01,4.684532582759857178e-01,3.504164051264524460e-04,4.901627898216247559e-01,4.668278992176055908e-01,-6.532424129545688629e-03,5.167981386184692383e-01,4.718865454196929932e-01,-1.400738023221492767e-02,5.353903770446777344e-01,4.805540442466735840e-01,-2.003449574112892151e-02,5.066738128662109375e-01,4.317034184932708740e-01,-2.080487087368965149e-02,5.274940729141235352e-01,4.855769872665405273e-01,-3.213073313236236572e-02,5.193614959716796875e-01,5.063042044639587402e-01,-3.337011858820915222e-02,5.095328092575073242e-01,5.083572864532470703e-01,-3.284988924860954285e-02,4.914130568504333496e-01,4.359213113784790039e-01,-2.819295972585678101e-02,5.193134546279907227e-01,5.020440220832824707e-01,-3.768284618854522705e-02,5.085632801055908203e-01,5.165226459503173828e-01,-3.413974493741989136e-02,4.992336928844451904e-01,5.129039883613586426e-01,-3.170111775398254395e-02,4.719628989696502686e-01,4.497052133083343506e-01,-3.497064858675003052e-02,4.997625350952148438e-01,5.123476386070251465e-01,-4.280457645654678345e-02,4.863233268260955811e-01,5.176984071731567383e-01,-3.476440533995628357e-02,4.761210381984710693e-01,5.064275860786437988e-01,-2.926908805966377258e-02,4.506055712699890137e-01,4.670697152614593506e-01,-4.161497205495834351e-02,4.753535985946655273e-01,5.174883008003234863e-01,-4.489916935563087463e-02,4.670581221580505371e-01,5.190592408180236816e-01,-3.799590468406677246e-02,4.578732848167419434e-01,5.065712928771972656e-01,-3.294921666383743286e-02
6.692454814910888672e-01,6.036271452903747559e-01,-1.314539161967331893e-07,6.477183103561401367e-01,5.733055472373962402e-01,-4.200427792966365814e-03,6.313042044639587402e-01,5.475246906280517578e-01,-1.055728085339069366e-02,6.168932318687438965e-01,5.337006449699401855e-01,-1.663153432309627533e-02,6.088166236877441406e-01,5.275536775588989258e-01,-2.111445553600788116e-02,6.536006331443786621e-01,5.039805173873901367e-01,-1.207683421671390533e-02,6.169355511665344238e-01,5.242636799812316895e-01,-2.108228579163551331e-02,6.215999722480773926e-01,5.412529706954956055e-01,-2.483393251895904541e-02,6.320840716361999512e-01,5.399675965309143066e-01,-2.726690471172332764e-02,6.639682650566101074e-01,5.191584825515747070e-01,-1.594492420554161072e-02,6.220923066139221191e-01,5.447928905487060547e-01,-2.433526888489723206e-02,6.298283934593200684e-01,5.564995408058166504e-01,-2.472295239567756653e-02,6.400243043899536133e-01,5.522565245628356934e-01,-2.521297521889209747e-02,6.702209115028381348e-01,5.419156551361083984e-01,-2.020394429564476013e-02,6.308047771453857422e-01,5.666329860687255859e-01,-2.683624625205993652e-02,6.383440494537353516e-01,5.742939114570617676e-01,-2.270099520683288574e-02,6.481876969337463379e-01,5.690922141075134277e-01,-2.016220800578594208e-02,6.735619306564331055e-01,5.682868361473083496e-01,-2.504450455307960510e-02,6.417139172554016113e-01,5.847982764244079590e-01,-3.015944734215736389e-02,6.463057398796081543e-01,5.894419550895690918e-01,-2.810525335371494293e-02,6.553722620010375977e-01,5.852231383323669434e-01,-2.597197145223617554e-02,4.189209342002868652e-01,4.784958064556121826e-01,1.502600781577712041e-07,4.536214470863342285e-01,4.684532582759857178e-01,3.504164051264524460e-04,4.901627898216247559e-01,4.668278992176055908e-01,-6.532424129545688629e-03,5.167981386184692383e-01,4.718865454196929932e-01,-1.400738023221492767e-02,5.353903770446777344e-01,4.805540442466735840e-01,-2.003449574112892151e-02,5.066738128662109375e-01,4.317034184932708740e-01,-2.080487087368965149e-02,5.274940729141235352e-01,4.855769872665405273e-01,-3.213073313236236572e-02,5.193614959716796875e-01,5.063042044639587402e-01,-3.337011858820915222e-02,5.095328092575073242e-01,5.083572864532470703e-01,-3.284988924860954285e-02,4.914130568504333496e-01,4.359213113784790039e-01,-2.819295972585678101e-02,5.193134546279907227e-01,5.020440220832824707e-01,-3.768284618854522705e-02,5.085632801055908203e-01,5.165226459503173828e-01,-3.413974493741989136e-02,4.992336928844451904e-01,5.129039883613586426e-01,-3.170111775398254395e-02,4.719628989696502686e-01,4.497052133083343506e-01,-3.497064858675003052e-02,4.997625350952148438e-01,5.123476386070251465e-01,-4.280457645654678345e-02,4.863233268260955811e-01,5.176984071731567383e-01,-3.476440533995628357e-02,4.761210381984710693e-01,5.064275860786437988e-01,-2.926908805966377258e-02,4.506055712699890137e-01,4.670697152614593506e-01,-4.161497205495834351e-02,4.753535985946655273e-01,5.174883008003234863e-01,-4.489916935563087463e-02,4.670581221580505371e-01,5.190592408180236816e-01,-3.799590468406677246e-02,4.578732848167419434e-01,5.065712928771972656e-01,-3.294921666383743286e-02
6.585620641708374023e-01,5.863741636276245117e-01,-1.386082573162639164e-07,6.318004131317138672e-01,5.580999255180358887e-01,-6.086953915655612946e-03,6.147044897079467773e-01,5.329775214195251465e-01,-1.263854745775461197e-02,6.030558943748474121e-01,5.155219435691833496e-01,-1.856544055044651031e-02,5.983734130859375000e-01,5.013513565063476562e-01,-2.239670604467391968e-02,6.476190686225891113e-01,4.795818328857421875e-01,-1.008768845349550247e-02,6.148463487625122070e-01,5.017153024673461914e-01,-1.899475604295730591e-02,6.180377602577209473e-01,5.209170579910278320e-01,-2.418231591582298279e-02,6.282207965850830078e-01,5.200474262237548828e-01,-2.793623507022857666e-02,6.623933911323547363e-01,4.919455945491790771e-01,-1.305349729955196381e-02,6.219561100006103516e-01,5.215797424316406250e-01,-1.947857812047004700e-02,6.271815896034240723e-01,5.356479883193969727e-01,-1.955097727477550507e-02,6.371657252311706543e-01,5.306158065795898438e-01,-2.011323533952236176e-02,6.724697947502136230e-01,5.145049095153808594e-01,-1.689135842025279999e-02,6.329864263534545898e-01,5.434592366218566895e-01,-2.157731726765632629e-02,6.370570063591003418e-01,5.531273484230041504e-01,-1.564019732177257538e-02,6.453639268875122070e-01,5.484995841979980469e-01,-1.219481602311134338e-02,6.786088347434997559e-01,5.421478152275085449e-01,-2.189734391868114471e-02,6.470413804054260254e-01,5.627795457839965820e-01,-2.620179392397403717e-02,6.497775316238403320e-01,5.667091012001037598e-01,-2.319625765085220337e-02,6.584436297416687012e-01,5.619367361068725586e-01,-2.011583745479583740e-02,4.293732047080993652e-01,4.831544756889343262e-01,-2.376337526754923601e-08,4.539992213249206543e-01,4.584707915782928467e-01,9.257415309548377991e-03,4.862304031848907471e-01,4.534956216812133789e-01,5.607873667031526566e-03,5.085667967796325684e-01,4.627305865287780762e-01,-1.154628931544721127e-03,5.209401249885559082e-01,4.736301302909851074e-01,-7.111033890396356583e-03,5.059399008750915527e-01,4.263915419578552246e-01,-7.492568809539079666e-03,5.398898124694824219e-01,4.670237302780151367e-01,-1.636345684528350830e-02,5.274612307548522949e-01,4.790289700031280518e-01,-1.878466270864009857e-02,5.152584910392761230e-01,4.738953411579132080e-01,-1.960499212145805359e-02,4.973852336406707764e-01,4.351077675819396973e-01,-1.822315156459808350e-02,5.319503545761108398e-01,4.879418313503265381e-01,-2.382787503302097321e-02,5.172223448753356934e-01,4.975604414939880371e-01,-1.982790231704711914e-02,5.069653987884521484e-01,4.897381961345672607e-01,-1.756859011948108673e-02,4.858749806880950928e-01,4.523416161537170410e-01,-2.820541337132453918e-02,5.194165110588073730e-01,5.039975643157958984e-01,-3.126128390431404114e-02,5.047914981842041016e-01,5.111994147300720215e-01,-2.282096818089485168e-02,4.944632351398468018e-01,5.014602541923522949e-01,-1.790053397417068481e-02,4.725941717624664307e-01,4.735532701015472412e-01,-3.774188831448554993e-02,5.000749826431274414e-01,5.151480436325073242e-01,-3.488126397132873535e-02,4.884585738182067871e-01,5.190529823303222656e-01,-2.606625482439994812e-02,4.781627357006072998e-01,5.096794962882995605e-01,-2.070252597332000732e-02
6.604241132736206055e-01,5.833926200866699219e-01,-1.722375344570536981e-07,6.347352862358093262e-01,5.575121045112609863e-01,-9.175144135951995850e-03,6.168298125267028809e-01,5.335782766342163086e-01,-1.749108731746673584e-02,6.035463213920593262e-01,5.179633498191833496e-01,-2.450076676905155182e-02,6.001514196395874023e-01,5.048416256904602051e-01,-2.887520194053649902e-02,6.490699648857116699e-01,4.772321879863739014e-01,-1.304012443870306015e-02,6.150845289230346680e-01,5.023170709609985352e-01,-2.415167726576328278e-02,6.179205775260925293e-01,5.223148465156555176e-01,-3.075920790433883667e-02,6.280183196067810059e-01,5.206682682037353516e-01,-3.515055403113365173e-02,6.637157201766967773e-01,4.908346235752105713e-01,-1.490255817770957947e-02,6.223021149635314941e-01,5.218836069107055664e-01,-2.376915886998176575e-02,6.272907853126525879e-01,5.367275476455688477e-01,-2.521327324211597443e-02,6.378197073936462402e-01,5.313145518302917480e-01,-2.621034346520900726e-02,6.735605597496032715e-01,5.136532783508300781e-01,-1.797837018966674805e-02,6.335488557815551758e-01,5.431338548660278320e-01,-2.429809980094432831e-02,6.373013854026794434e-01,5.536633133888244629e-01,-1.965050771832466125e-02,6.464319825172424316e-01,5.476638078689575195e-01,-1.666438579559326172e-02,6.791318655014038086e-01,5.407326221466064453e-01,-2.252671308815479279e-02,6.468405723571777344e-01,5.630650520324707031e-01,-2.745913341641426086e-02,6.488387584686279297e-01,5.679314732551574707e-01,-2.546283416450023651e-02,6.574260592460632324e-01,5.620412826538085938e-01,-2.288674190640449524e-02,4.247445464134216309e-01,4.837595224380493164e-01,-1.011788555160819669e-07,4.515207111835479736e-01,4.578985273838043213e-01,9.994516149163246155e-03,4.843269288539886475e-01,4.512477815151214600e-01,7.284468971192836761e-03,5.070870518684387207e-01,4.603128731250762939e-01,1.232284004800021648e-03,5.205635428428649902e-01,4.716690778732299805e-01,-4.059038124978542328e-03,5.053681135177612305e-01,4.272146522998809814e-01,-5.756098777055740356e-03,5.402432680130004883e-01,4.672576785087585449e-01,-1.383407600224018097e-02,5.273604393005371094e-01,4.788014292716979980e-01,-1.596768759191036224e-02,5.148802399635314941e-01,4.736487567424774170e-01,-1.695288531482219696e-02,4.968864619731903076e-01,4.367401897907257080e-01,-1.677316986024379730e-02,5.315823554992675781e-01,4.891914427280426025e-01,-2.099764160811901093e-02,5.158785581588745117e-01,4.966423809528350830e-01,-1.688915304839611053e-02,5.062515735626220703e-01,4.870459735393524170e-01,-1.534675341099500656e-02,4.853710234165191650e-01,4.541078507900238037e-01,-2.705847285687923431e-02,5.187652111053466797e-01,5.054221749305725098e-01,-2.904411032795906067e-02,5.041027069091796875e-01,5.098245739936828613e-01,-2.135787717998027802e-02,4.944359660148620605e-01,4.987211823463439941e-01,-1.776671595871448517e-02,4.718959927558898926e-01,4.749537110328674316e-01,-3.693124651908874512e-02,5.004590153694152832e-01,5.160586237907409668e-01,-3.400808200240135193e-02,4.885715246200561523e-01,5.181179642677307129e-01,-2.594841457903385162e-02,4.782005250453948975e-01,5.079272985458374023e-01,-2.147644571959972382e-02
6.554577350616455078e-01,5.675104856491088867e-01,-1.496648991405891138e-07,6.307446956634521484e-01,5.444147586822509766e-01,-1.019518915563821793e-02,6.133019924163818359e-01,5.215380191802978516e-01,-1.864559762179851532e-02,6.011367440223693848e-01,5.065451860427856445e-01,-2.563603408634662628e-02,5.938496589660644531e-01,4.942422211170196533e-01,-2.994390204548835754e-02,6.452590227127075195e-01,4.621122479438781738e-01,-1.307383459061384201e-02,6.124315857887268066e-01,4.856438636779785156e-01,-2.496083267033100128e-02,6.151693463325500488e-01,5.060248970985412598e-01,-3.217018395662307739e-02,6.256141662597656250e-01,5.036542415618896484e-01,-3.679174557328224182e-02,6.610962152481079102e-01,4.756062626838684082e-01,-1.463369838893413544e-02,6.208412051200866699e-01,5.082207918167114258e-01,-2.376101538538932800e-02,6.257138252258300781e-01,5.226688385009765625e-01,-2.546145208179950714e-02,6.362548470497131348e-01,5.148298144340515137e-01,-2.648463658988475800e-02,6.720254421234130859e-01,4.993016123771667480e-01,-1.765581406652927399e-02,6.334520578384399414e-01,5.318162441253662109e-01,-2.386225014925003052e-02,6.370972990989685059e-01,5.421210527420043945e-01,-1.889716275036334991e-02,6.460193991661071777e-01,5.352806448936462402e-01,-1.555170677602291107e-02,6.788339018821716309e-01,5.268390774726867676e-01,-2.236685343086719513e-02,6.471745967864990234e-01,5.508749485015869141e-01,-2.708752080798149109e-02,6.493790745735168457e-01,5.547428727149963379e-01,-2.496083080768585205e-02,6.580345630645751953e-01,5.474397540092468262e-01,-2.221244201064109802e-02,4.217281937599182129e-01,5.020850300788879395e-01,-1.378589047362765996e-07,4.466912746429443359e-01,4.714109301567077637e-01,1.609702035784721375e-02,4.780338108539581299e-01,4.592971801757812500e-01,1.539450418204069138e-02,4.995809793472290039e-01,4.616349637508392334e-01,1.004546787589788437e-02,5.129168033599853516e-01,4.688089787960052490e-01,5.414821207523345947e-03,4.999608397483825684e-01,4.313183128833770752e-01,1.232395647093653679e-03,5.366146564483642578e-01,4.674740135669708252e-01,-4.599336069077253342e-03,5.241742134094238281e-01,4.774215519428253174e-01,-5.849978886544704437e-03,5.113312005996704102e-01,4.723930954933166504e-01,-6.401650141924619675e-03,4.942425489425659180e-01,4.411153793334960938e-01,-1.248618494719266891e-02,5.313510298728942871e-01,4.877199828624725342e-01,-1.462545245885848999e-02,5.161559581756591797e-01,4.943798482418060303e-01,-9.404879063367843628e-03,5.050248503684997559e-01,4.858739078044891357e-01,-7.322147488594055176e-03,4.856824576854705811e-01,4.591087996959686279e-01,-2.512207441031932831e-02,5.216305851936340332e-01,5.047429203987121582e-01,-2.376524172723293304e-02,5.061949491500854492e-01,5.088774561882019043e-01,-1.413734070956707001e-02,4.949778616428375244e-01,4.986051917076110840e-01,-1.008090842515230179e-02,4.752717614173889160e-01,4.809693396091461182e-01,-3.706904873251914978e-02,5.061511993408203125e-01,5.172992944717407227e-01,-3.067139536142349243e-02,4.928342401981353760e-01,5.190772414207458496e-01,-2.059137076139450073e-02,4.809806048870086670e-01,5.091872215270996094e-01,-1.544444914907217026e-02
6.554577350616455078e-01,5.675104856491088867e-01,-1.496648991405891138e-07,6.307446956634521484e-01,5.444147586822509766e-01,-1.019518915563821793e-02,6.133019924163818359e-01,5.215380191802978516e-01,-1.864559762179851532e-02,6.011367440223693848e-01,5.065451860427856445e-01,-2.563603408634662628e-02,5.938496589660644531e-01,4.942422211170196533e-01,-2.994390204548835754e-02,6.452590227127075195e-01,4.621122479438781738e-01,-1.307383459061384201e-02,6.124315857887268066e-01,4.856438636779785156e-01,-2.496083267033100128e-02,6.151693463325500488e-01,5.060248970985412598e-01,-3.217018395662307739e-02,6.256141662597656250e-01,5.036542415618896484e-01,-3.679174557328224182e-02,6.610962152481079102e-01,4.756062626838684082e-01,-1.463369838893413544e-02,6.208412051200866699e-01,5.082207918167114258e-01,-2.376101538538932800e-02,6.257138252258300781e-01,5.226688385009765625e-01,-2.546145208179950714e-02,6.362548470497131348e-01,5.148298144340515137e-01,-2.648463658988475800e-02,6.720254421234130859e-01,4.993016123771667480e-01,-1.765581406652927399e-02,6.334520578384399414e-01,5.318162441253662109e-01,-2.386225014925003052e-02,6.370972990989685059e-01,5.421210527420043945e-01,-1.889716275036334991e-02,6.460193991661071777e-01,5.352806448936462402e-01,-1.555170677602291107e-02,6.788339018821716309e-01,5.268390774726867676e-01,-2.236685343086719513e-02,6.471745967864990234e-01,5.508749485015869141e-01,-2.708752080798149109e-02,6.493790745735168457e-01,5.547428727149963379e-01,-2.496083080768585205e-02,6.580345630645751953e-01,5.474397540092468262e-01,-2.221244201064109802e-02,4.217281937599182129e-01,5.020850300788879395e-01,-1.378589047362765996e-07,4.466912746429443359e-01,4.714109301567077637e-01,1.609702035784721375e-02,4.780338108539581299e-01,4.592971801757812500e-01,1.539450418204069138e-02,4.995809793472290039e-01,4.616349637508392334e-01,1.004546787589788437e-02,5.129168033599853516e-01,4.688089787960052490e-01,5.414821207523345947e-03,4.999608397483825684e-01,4.313183128833770752e-01,1.232395647093653679e-03,5.366146564483642578e-01,4.674740135669708252e-01,-4.599336069077253342e-03,5.241742134094238281e-01,4.774215519428253174e-01,-5.849978886544704437e-03,5.113312005996704102e-01,4.723930954933166504e-01,-6.401650141924619675e-03,4.942425489425659180e-01,4.411153793334960938e-01,-1.248618494719266891e-02,5.313510298728942871e-01,4.877199828624725342e-01,-1.462545245885848999e-02,5.161559581756591797e-01,4.943798482418060303e-01,-9.404879063367843628e-03,5.050248503684997559e-01,4.858739078044891357e-01,-7.322147488594055176e-03,4.856824576854705811e-01,4.591087996959686279e-01,-2.512207441031932831e-02,5.216305851936340332e-01,5.047429203987121582e-01,-2.376524172723293304e-02,5.061949491500854492e-01,5.088774561882019043e-01,-1.413734070956707001e-02,4.949778616428375244e-01,4.986051917076110840e-01,-1.008090842515230179e-02,4.752717614173889160e-01,4.809693396091461182e-01,-3.706904873251914978e-02,5.061511993408203125e-01,5.172992944717407227e-01,-3.067139536142349243e-02,4.928342401981353760e-01,5.190772414207458496e-01,-2.059137076139450073e-02,4.809806048870086670e-01,5.091872215270996094e-01,-1.544444914907217026e-02
6.508928537368774414e-01,5.428529977798461914e-01,-9.443512993811964407e-08,6.246331334114074707e-01,5.214399695396423340e-01,-1.261436473578214645e-02,6.045941710472106934e-01,4.996618628501892090e-01,-2.178768813610076904e-02,5.915433168411254883e-01,4.854144454002380371e-01,-2.911473996937274933e-02,5.949925780296325684e-01,4.776060283184051514e-01,-3.374011442065238953e-02,6.384671330451965332e-01,4.349523782730102539e-01,-1.229345239698886871e-02,6.077811717987060547e-01,4.650518298149108887e-01,-2.365472912788391113e-02,6.123070120811462402e-01,4.826834201812744141e-01,-3.126819804310798645e-02,6.240098476409912109e-01,4.794428348541259766e-01,-3.617320582270622253e-02,6.573637723922729492e-01,4.475541412830352783e-01,-1.216673851013183594e-02,6.221023201942443848e-01,4.837422966957092285e-01,-2.038966864347457886e-02,6.277628540992736816e-01,4.967884719371795654e-01,-2.262775972485542297e-02,6.385581493377685547e-01,4.879214167594909668e-01,-2.407972700893878937e-02,6.717637777328491211e-01,4.701108038425445557e-01,-1.380110345780849457e-02,6.376184225082397461e-01,5.032625794410705566e-01,-2.006816118955612183e-02,6.405878663063049316e-01,5.127409100532531738e-01,-1.639084517955780029e-02,6.490070223808288574e-01,5.048554539680480957e-01,-1.366151403635740280e-02,6.818820834159851074e-01,4.973834753036499023e-01,-1.728820987045764923e-02,6.545259952545166016e-01,5.203635096549987793e-01,-2.143543772399425507e-02,6.548793911933898926e-01,5.241680145263671875e-01,-1.956393942236900330e-02,6.619687676429748535e-01,5.164894461631774902e-01,-1.696375198662281036e-02,4.187049269676208496e-01,5.275712609291076660e-01,-1.400268416773542413e-07,4.383394122123718262e-01,4.906717240810394287e-01,1.097470428794622421e-02,4.680050015449523926e-01,4.705921411514282227e-01,1.008267793804407120e-02,4.908090829849243164e-01,4.708203673362731934e-01,5.426651332527399063e-03,5.055359601974487305e-01,4.786074161529541016e-01,1.808002591133117676e-03,4.882253408432006836e-01,4.428984224796295166e-01,3.689743112772703171e-03,5.273087024688720703e-01,4.686497747898101807e-01,-2.232830738648772240e-03,5.171256065368652344e-01,4.818667471408843994e-01,-5.301031749695539474e-03,5.042826533317565918e-01,4.801816642284393311e-01,-7.092243060469627380e-03,4.870091080665588379e-01,4.532473087310791016e-01,-6.768581457436084747e-03,5.254603624343872070e-01,4.893673062324523926e-01,-8.501221425831317902e-03,5.124115347862243652e-01,4.990305006504058838e-01,-5.966288503259420395e-03,4.997790455818176270e-01,4.924741983413696289e-01,-5.584446713328361511e-03,4.833238720893859863e-01,4.711735546588897705e-01,-1.690968126058578491e-02,5.198324322700500488e-01,5.076970458030700684e-01,-1.557153835892677307e-02,5.063681602478027344e-01,5.147474408149719238e-01,-8.907117880880832672e-03,4.942353069782257080e-01,5.065250396728515625e-01,-6.650311872363090515e-03,4.781678020954132080e-01,4.935514330863952637e-01,-2.686085551977157593e-02,5.086913108825683594e-01,5.225039720535278320e-01,-2.181414887309074402e-02,4.959415495395660400e-01,5.276498794555664062e-01,-1.393926329910755157e-02,4.834322631359100342e-01,5.204564929008483887e-01,-9.930333122611045837e-03
6.513761878013610840e-01,5.409284234046936035e-01,-1.831562599363678601e-07,6.235751509666442871e-01,5.193630456924438477e-01,-1.524144690483808517e-02,6.036868095397949219e-01,4.975691437721252441e-01,-2.650353498756885529e-02,5.910525321960449219e-01,4.820868670940399170e-01,-3.576591610908508301e-02,5.961109399795532227e-01,4.762852191925048828e-01,-4.223364591598510742e-02,6.403115391731262207e-01,4.336845278739929199e-01,-1.682825945317745209e-02,6.088992953300476074e-01,4.649475812911987305e-01,-3.070062957704067230e-02,6.126829385757446289e-01,4.866071939468383789e-01,-3.949863463640213013e-02,6.237421631813049316e-01,4.836719036102294922e-01,-4.500981420278549194e-02,6.594161391258239746e-01,4.472203850746154785e-01,-1.638613454997539520e-02,6.234576106071472168e-01,4.824689924716949463e-01,-2.673374488949775696e-02,6.265708804130554199e-01,4.989373087882995605e-01,-2.849653363227844238e-02,6.356916427612304688e-01,4.924271106719970703e-01,-2.938136458396911621e-02,6.736285686492919922e-01,4.702326953411102295e-01,-1.801733113825321198e-02,6.391034722328186035e-01,5.022666454315185547e-01,-2.639484964311122894e-02,6.396735906600952148e-01,5.144502520561218262e-01,-2.206315845251083374e-02,6.475821137428283691e-01,5.083761811256408691e-01,-1.848535984754562378e-02,6.835664510726928711e-01,4.968504905700683594e-01,-2.174056321382522583e-02,6.567493081092834473e-01,5.195332169532775879e-01,-2.630398049950599670e-02,6.543390154838562012e-01,5.253831744194030762e-01,-2.390441857278347015e-02,6.598135828971862793e-01,5.198172330856323242e-01,-2.098692767322063446e-02,4.169906079769134521e-01,5.301117300987243652e-01,-1.185396598657462164e-07,4.359464645385742188e-01,4.901441931724548340e-01,1.172834727913141251e-02,4.663370847702026367e-01,4.691258966922760010e-01,1.079363375902175903e-02,4.905958175659179688e-01,4.692885279655456543e-01,5.976173561066389084e-03,5.058915615081787109e-01,4.768932759761810303e-01,1.912870444357395172e-03,4.880433976650238037e-01,4.436335265636444092e-01,3.968682140111923218e-03,5.262622833251953125e-01,4.688233733177185059e-01,-7.327316561713814735e-04,5.176488161087036133e-01,4.831743240356445312e-01,-2.873046556487679482e-03,5.054542422294616699e-01,4.824962317943572998e-01,-4.390595946460962296e-03,4.872741699218750000e-01,4.530099034309387207e-01,-6.784017663449048996e-03,5.271264910697937012e-01,4.884541928768157959e-01,-7.296440657228231430e-03,5.146849751472473145e-01,5.003510117530822754e-01,-4.046677611768245697e-03,5.025590658187866211e-01,4.951038658618927002e-01,-3.318297211080789566e-03,4.840181469917297363e-01,4.704423844814300537e-01,-1.702901348471641541e-02,5.218592882156372070e-01,5.066370368003845215e-01,-1.463102363049983978e-02,5.083723664283752441e-01,5.157790184020996094e-01,-7.946200668811798096e-03,4.961486160755157471e-01,5.088059902191162109e-01,-5.828717257827520370e-03,4.791594743728637695e-01,4.926429986953735352e-01,-2.710754610598087311e-02,5.097163915634155273e-01,5.225157737731933594e-01,-2.118297293782234192e-02,4.978453814983367920e-01,5.290622711181640625e-01,-1.387099176645278931e-02,4.859479665756225586e-01,5.228430032730102539e-01,-1.038072723895311356e-02
6.513761878013610840e-01,5.409284234046936035e-01,-1.831562599363678601e-07,6.235751509666442871e-01,5.193630456924438477e-01,-1.524144690483808517e-02,6.036868095397949219e-01,4.975691437721252441e-01,-2.650353498756885529e-02,5.910525321960449219e-01,4.820868670940399170e-01,-3.576591610908508301e-02,5.961109399795532227e-01,4.762852191925048828e-01,-4.223364591598510742e-02,6.403115391731262207e-01,4.336845278739929199e-01,-1.682825945317745209e-02,6.088992953300476074e-01,4.649475812911987305e-01,-3.070062957704067230e-02,6.126829385757446289e-01,4.866071939468383789e-01,-3.949863463640213013e-02,6.237421631813049316e-01,4.836719036102294922e-01,-4.500981420278549194e-02,6.594161391258239746e-01,4.472203850746154785e-01,-1.638613454997539520e-02,6.234576106071472168e-01,4.824689924716949463e-01,-2.673374488949775696e-02,6.265708804130554199e-01,4.989373087882995605e-01,-2.849653363227844238e-02,6.356916427612304688e-01,4.924271106719970703e-01,-2.938136458396911621e-02,6.736285686492919922e-01,4.702326953411102295e-01,-1.801733113825321198e-02,6.391034722328186035e-01,5.022666454315185547e-01,-2.639484964311122894e-02,6.396735906600952148e-01,5.144502520561218262e-01,-2.206315845251083374e-02,6.475821137428283691e-01,5.083761811256408691e-01,-1.848535984754562378e-02,6.835664510726928711e-01,4.968504905700683594e-01,-2.174056321382522583e-02,6.567493081092834473e-01,5.195332169532775879e-01,-2.630398049950599670e-02,6.543390154838562012e-01,5.253831744194030762e-01,-2.390441857278347015e-02,6.598135828971862793e-01,5.198172330856323242e-01,-2.098692767322063446e-02,4.169906079769134521e-01,5.301117300987243652e-01,-1.185396598657462164e-07,4.359464645385742188e-01,4.901441931724548340e-01,1.172834727913141251e-02,4.663370847702026367e-01,4.691258966922760010e-01,1.079363375902175903e-02,4.905958175659179688e-01,4.692885279655456543e-01,5.976173561066389084e-03,5.058915615081787109e-01,4.768932759761810303e-01,1.912870444357395172e-03,4.880433976650238037e-01,4.436335265636444092e-01,3.968682140111923218e-03,5.262622833251953125e-01,4.688233733177185059e-01,-7.327316561713814735e-04,5.176488161087036133e-01,4.831743240356445312e-01,-2.873046556487679482e-03,5.054542422294616699e-01,4.824962317943572998e-01,-4.390595946460962296e-03,4.872741699218750000e-01,4.530099034309387207e-01,-6.784017663449048996e-03,5.271264910697937012e-01,4.884541928768157959e-01,-7.296440657228231430e-03,5.146849751472473145e-01,5.003510117530822754e-01,-4.046677611768245697e-03,5.025590658187866211e-01,4.951038658618927002e-01,-3.318297211080789566e-03,4.840181469917297363e-01,4.704423844814300537e-01,-1.702901348471641541e-02,5.218592882156372070e-01,5.066370368003845215e-01,-1.463102363049983978e-02,5.083723664283752441e-01,5.157790184020996094e-01,-7.946200668811798096e-03,4.961486160755157471e-01,5.088059902191162109e-01,-5.828717257827520370e-03,4.791594743728637695e-01,4.926429986953735352e-01,-2.710754610598087311e-02,5.097163915634155273e-01,5.225157737731933594e-01,-2.118297293782234192e-02,4.978453814983367920e-01,5.290622711181640625e-01,-1.387099176645278931e-02,4.859479665756225586e-01,5.228430032730102539e-01,-1.038072723895311356e-02
6.471536159515380859e-01,5.246407389640808105e-01,-2.018210949472631910e-07,6.217595338821411133e-01,5.080565810203552246e-01,-1.902568340301513672e-02,6.011229157447814941e-01,4.862639904022216797e-01,-3.088589757680892944e-02,5.902556180953979492e-01,4.695713520050048828e-01,-3.968840464949607849e-02,5.997018218040466309e-01,4.636888206005096436e-01,-4.517002776265144348e-02,6.357893943786621094e-01,4.179998040199279785e-01,-2.154075540602207184e-02,6.101393103599548340e-01,4.539515376091003418e-01,-3.505666181445121765e-02,6.081790328025817871e-01,4.755057692527770996e-01,-4.077037051320075989e-02,6.149421930313110352e-01,4.709689915180206299e-01,-4.398452490568161011e-02,6.585611104965209961e-01,4.314949512481689453e-01,-1.902442611753940582e-02,6.287869811058044434e-01,4.762295186519622803e-01,-3.102195262908935547e-02,6.250754594802856445e-01,4.929671883583068848e-01,-3.181865438818931580e-02,6.305466294288635254e-01,4.828243255615234375e-01,-3.122939728200435638e-02,6.761622428894042969e-01,4.543001651763916016e-01,-1.867524906992912292e-02,6.469832658767700195e-01,4.949139058589935303e-01,-2.968637458980083466e-02,6.423500776290893555e-01,5.062571167945861816e-01,-2.518741041421890259e-02,6.472786068916320801e-01,4.970477223396301270e-01,-2.072096429765224457e-02,6.888039112091064453e-01,4.796941280364990234e-01,-2.050921507179737091e-02,6.659849882125854492e-01,5.093164443969726562e-01,-2.771338634192943573e-02,6.602242588996887207e-01,5.173162221908569336e-01,-2.590911649167537689e-02,6.635922789573669434e-01,5.109481811523437500e-01,-2.268390730023384094e-02,4.156653881072998047e-01,5.468701720237731934e-01,-1.502126991681507207e-07,4.345349073410034180e-01,5.086555480957031250e-01,1.029175799340009689e-02,4.626271724700927734e-01,4.845523834228515625e-01,9.097645059227943420e-03,4.852329790592193604e-01,4.820548593997955322e-01,4.030479118227958679e-03,5.010567903518676758e-01,4.883652925491333008e-01,1.143173285527154803e-04,4.790584444999694824e-01,4.547274112701416016e-01,5.167593713849782944e-03,5.178683400154113770e-01,4.720290601253509521e-01,-1.528655877336859703e-03,5.102640390396118164e-01,4.870272874832153320e-01,-5.761826876550912857e-03,4.974779188632965088e-01,4.884141981601715088e-01,-8.217512629926204681e-03,4.799790680408477783e-01,4.653772711753845215e-01,-5.149620585143566132e-03,5.202341079711914062e-01,4.941146671772003174e-01,-7.680904120206832886e-03,5.092467665672302246e-01,5.067191720008850098e-01,-6.425968371331691742e-03,4.958170950412750244e-01,5.027596354484558105e-01,-6.513988599181175232e-03,4.794319272041320801e-01,4.829873442649841309e-01,-1.538671273738145828e-02,5.179189443588256836e-01,5.134993791580200195e-01,-1.443223189562559128e-02,5.065289139747619629e-01,5.233272910118103027e-01,-8.838140405714511871e-03,4.938444793224334717e-01,5.173256993293762207e-01,-6.970032118260860443e-03,4.774165451526641846e-01,5.048964619636535645e-01,-2.557996474206447601e-02,5.082368254661560059e-01,5.300723910331726074e-01,-2.076736278831958771e-02,4.979487955570220947e-01,5.377265810966491699e-01,-1.395751070231199265e-02,4.862411022186279297e-01,5.324512124061584473e-01,-1.047167647629976273e-02
6.440953612327575684e-01,5.258953571319580078e-01,-2.057528405430275598e-07,6.223948001861572266e-01,5.134543776512145996e-01,-2.713479660451412201e-02,6.014519333839416504e-01,4.900582432746887207e-01,-4.360239952802658081e-02,5.924393534660339355e-01,4.750373363494873047e-01,-5.560790002346038818e-02,6.089951395988464355e-01,4.674578905105590820e-01,-6.317811459302902222e-02,6.354218125343322754e-01,4.119814336299896240e-01,-2.920824103057384491e-02,6.236262917518615723e-01,4.569472372531890869e-01,-4.718193411827087402e-02,6.200866103172302246e-01,4.802771210670471191e-01,-5.495531111955642700e-02,6.230800747871398926e-01,4.718976020812988281e-01,-5.988524854183197021e-02,6.624884605407714844e-01,4.206039905548095703e-01,-2.462229877710342407e-02,6.477900743484497070e-01,4.778200685977935791e-01,-4.360636696219444275e-02,6.397596597671508789e-01,4.955158829689025879e-01,-4.646185785531997681e-02,6.414346098899841309e-01,4.786530137062072754e-01,-4.626361280679702759e-02,6.839579939842224121e-01,4.402692317962646484e-01,-2.312139049172401428e-02,6.676039099693298340e-01,4.961231350898742676e-01,-4.010888561606407166e-02,6.579225063323974609e-01,5.098677277565002441e-01,-3.499772027134895325e-02,6.589400768280029297e-01,4.946087896823883057e-01,-2.925743721425533295e-02,6.994463801383972168e-01,4.634111523628234863e-01,-2.465044520795345306e-02,6.862046718597412109e-01,5.057253241539001465e-01,-3.665679320693016052e-02,6.756985187530517578e-01,5.189700126647949219e-01,-3.560350835323333740e-02,6.742932796478271484e-01,5.092371702194213867e-01,-3.231187909841537476e-02,4.176529049873352051e-01,5.709392428398132324e-01,-1.381917513754160609e-07,4.342470169067382812e-01,5.315023064613342285e-01,7.525519002228975296e-03,4.570823907852172852e-01,5.055896043777465820e-01,5.042777862399816513e-03,4.788559079170227051e-01,5.003929138183593750e-01,-9.370112093165516853e-04,4.936982691287994385e-01,5.057495832443237305e-01,-5.808573681861162186e-03,4.697006046772003174e-01,4.755440652370452881e-01,3.762363921850919724e-03,5.068006515502929688e-01,4.887500703334808350e-01,-3.947767429053783417e-03,5.018754601478576660e-01,5.052921772003173828e-01,-8.686063811182975769e-03,4.898971617221832275e-01,5.113067030906677246e-01,-1.112674456089735031e-02,4.711548388004302979e-01,4.853918850421905518e-01,-4.972268827259540558e-03,5.101299285888671875e-01,5.066193342208862305e-01,-9.673221036791801453e-03,5.025461316108703613e-01,5.223324894905090332e-01,-9.851657785475254059e-03,4.895310401916503906e-01,5.239416360855102539e-01,-1.005811709910631180e-02,4.721858501434326172e-01,5.009837746620178223e-01,-1.388955768197774887e-02,5.099691748619079590e-01,5.241514444351196289e-01,-1.535498443990945816e-02,5.017213225364685059e-01,5.383100509643554688e-01,-1.091719977557659149e-02,4.896568059921264648e-01,5.375282764434814453e-01,-8.740285411477088928e-03,4.724740386009216309e-01,5.210860371589660645e-01,-2.286843955516815186e-02,5.027692914009094238e-01,5.421668291091918945e-01,-2.037484012544155121e-02,4.948207139968872070e-01,5.534054636955261230e-01,-1.473267190158367157e-02,4.840097129344940186e-01,5.518461465835571289e-01,-1.127805281430482864e-02
6.462668776512145996e-01,5.300217866897583008e-01,-2.234887404028995661e-07,6.238784790039062500e-01,5.148792266845703125e-01,-2.522337436676025391e-02,6.026967763900756836e-01,4.893008768558502197e-01,-4.116391763091087341e-02,5.949268341064453125e-01,4.730537235736846924e-01,-5.324807390570640564e-02,6.100523471832275391e-01,4.649601876735687256e-01,-6.080824509263038635e-02,6.368056535720825195e-01,4.106394648551940918e-01,-2.711378037929534912e-02,6.248871088027954102e-01,4.521580636501312256e-01,-4.447300732135772705e-02,6.210978031158447266e-01,4.770923256874084473e-01,-5.083042383193969727e-02,6.245469450950622559e-01,4.702216386795043945e-01,-5.456671118736267090e-02,6.631719470024108887e-01,4.202086627483367920e-01,-2.355845831334590912e-02,6.485118269920349121e-01,4.752907454967498779e-01,-4.201133176684379578e-02,6.400026082992553711e-01,4.960980415344238281e-01,-4.384753108024597168e-02,6.422160863876342773e-01,4.800415337085723877e-01,-4.278011247515678406e-02,6.842305660247802734e-01,4.403147101402282715e-01,-2.305867709219455719e-02,6.681170463562011719e-01,4.950330555438995361e-01,-4.022361710667610168e-02,6.573321819305419922e-01,5.113266110420227051e-01,-3.523943200707435608e-02,6.575713157653808594e-01,4.970287680625915527e-01,-2.945488877594470978e-02,7.000546455383300781e-01,4.636870324611663818e-01,-2.535636909306049347e-02,6.865172982215881348e-01,5.055752396583557129e-01,-3.710833191871643066e-02,6.752617359161376953e-01,5.202097296714782715e-01,-3.608824685215950012e-02,6.730901002883911133e-01,5.110112428665161133e-01,-3.281486406922340393e-02,4.192787110805511475e-01,5.691879391670227051e-01,-1.117178172194144281e-07,4.344434440135955811e-01,5.319785475730895996e-01,7.760296110063791275e-03,4.576117992401123047e-01,5.081310272216796875e-01,5.453032441437244415e-03,4.797246754169464111e-01,5.035526752471923828e-01,-4.318465071264654398e-04,4.936367571353912354e-01,5.080360770225524902e-01,-5.299788434058427811e-03,4.696511030197143555e-01,4.790116846561431885e-01,5.433105397969484329e-03,5.069049000740051270e-01,4.932431578636169434e-01,-2.546325791627168655e-03,5.004115104675292969e-01,5.081458687782287598e-01,-8.304785005748271942e-03,4.872191846370697021e-01,5.122218132019042969e-01,-1.175798103213310242e-02,4.710292220115661621e-01,4.877470731735229492e-01,-3.625529818236827850e-03,5.106382369995117188e-01,5.092409253120422363e-01,-7.745314855128526688e-03,5.022498369216918945e-01,5.229358673095703125e-01,-8.125899359583854675e-03,4.896781146526336670e-01,5.225623250007629395e-01,-9.005220606923103333e-03,4.721076488494873047e-01,5.031142234802246094e-01,-1.300479285418987274e-02,5.100035071372985840e-01,5.258044600486755371e-01,-1.403130125254392624e-02,5.004469752311706543e-01,5.384985208511352539e-01,-9.371622465550899506e-03,4.883396029472351074e-01,5.362253785133361816e-01,-7.450880948454141617e-03,4.729138910770416260e-01,5.232299566268920898e-01,-2.256383746862411499e-02,5.037282109260559082e-01,5.431848764419555664e-01,-1.969728805124759674e-02,4.948073625564575195e-01,5.532739162445068359e-01,-1.402861811220645905e-02,4.837568104267120361e-01,5.510553121566772461e-01,-1.091607660055160522e-02
6.502469182014465332e-01,5.326820611953735352e-01,-2.308447477616937249e-07,6.258462667465209961e-01,5.178787112236022949e-01,-2.314948476850986481e-02,6.039585471153259277e-01,4.931450188159942627e-01,-3.843570128083229065e-02,5.956631898880004883e-01,4.793413579463958740e-01,-5.027563869953155518e-02,6.094080805778503418e-01,4.740248918533325195e-01,-5.786791443824768066e-02,6.355234384536743164e-01,4.122822582721710205e-01,-2.505908161401748657e-02,6.249420642852783203e-01,4.524756371974945068e-01,-4.262163862586021423e-02,6.219031810760498047e-01,4.789130687713623047e-01,-4.983482509851455688e-02,6.251633167266845703e-01,4.718294441699981689e-01,-5.424582585692405701e-02,6.621652245521545410e-01,4.199397861957550049e-01,-2.267993614077568054e-02,6.495848298072814941e-01,4.728949666023254395e-01,-4.117855802178382874e-02,6.416960954666137695e-01,4.965083003044128418e-01,-4.379398003220558167e-02,6.434245705604553223e-01,4.816996753215789795e-01,-4.337475076317787170e-02,6.839911341667175293e-01,4.387303292751312256e-01,-2.318251691758632660e-02,6.706347465515136719e-01,4.913088083267211914e-01,-4.042254015803337097e-02,6.596434712409973145e-01,5.104067921638488770e-01,-3.602811321616172791e-02,6.586694121360778809e-01,4.964770078659057617e-01,-3.073349408805370331e-02,7.011280059814453125e-01,4.615380764007568359e-01,-2.623546496033668518e-02,6.896657347679138184e-01,5.021388530731201172e-01,-3.731525689363479614e-02,6.779984831809997559e-01,5.184768438339233398e-01,-3.595294058322906494e-02,6.747058629989624023e-01,5.090424418449401855e-01,-3.265571221709251404e-02,4.199045300483703613e-01,5.852770805358886719e-01,-1.201129151695567998e-07,4.337708353996276855e-01,5.482041835784912109e-01,7.203495595604181290e-03,4.541618227958679199e-01,5.239927172660827637e-01,5.205279681831598282e-03,4.742206633090972900e-01,5.183225870132446289e-01,-1.290130167035385966e-04,4.880729019641876221e-01,5.221518278121948242e-01,-4.519206937402486801e-03,4.629685580730438232e-01,4.946382939815521240e-01,4.423012491315603256e-03,4.986300468444824219e-01,5.074812173843383789e-01,-2.922493731603026390e-03,4.954010248184204102e-01,5.249085426330566406e-01,-7.735596038401126862e-03,4.842508733272552490e-01,5.320665240287780762e-01,-1.032478362321853638e-02,4.660194218158721924e-01,5.024926662445068359e-01,-3.962179645895957947e-03,5.041356086730957031e-01,5.215548872947692871e-01,-8.303771726787090302e-03,4.983384311199188232e-01,5.393423438072204590e-01,-8.635528385639190674e-03,4.860846400260925293e-01,5.431494116783142090e-01,-8.795640431344509125e-03,4.688236713409423828e-01,5.165888071060180664e-01,-1.256385818123817444e-02,5.058737397193908691e-01,5.360199213027954102e-01,-1.468032412230968475e-02,4.991744458675384521e-01,5.528514981269836426e-01,-1.072849985212087631e-02,4.876407980918884277e-01,5.550006628036499023e-01,-8.340338245034217834e-03,4.707425832748413086e-01,5.355909466743469238e-01,-2.116076461970806122e-02,5.000627636909484863e-01,5.532419681549072266e-01,-1.970703341066837311e-02,4.936900734901428223e-01,5.669011473655700684e-01,-1.455412805080413818e-02,4.836646318435668945e-01,5.686755776405334473e-01,-1.105531584471464157e-02
6.532123684883117676e-01,5.261842608451843262e-01,-1.791383539284652215e-07,6.270453333854675293e-01,5.124619007110595703e-01,-2.303868718445301056e-02,6.022795438766479492e-01,4.926136136054992676e-01,-3.837118297815322876e-02,5.872040390968322754e-01,4.814932942390441895e-01,-4.986761882901191711e-02,5.923827886581420898e-01,4.752620458602905273e-01,-5.755677074193954468e-02,6.311756968498229980e-01,4.139850735664367676e-01,-2.968021854758262634e-02,6.150153279304504395e-01,4.602376222610473633e-01,-4.525245726108551025e-02,6.147916316986083984e-01,4.828502833843231201e-01,-5.089420452713966370e-02,6.194877624511718750e-01,4.755370318889617920e-01,-5.444506555795669556e-02,6.579391360282897949e-01,4.230441153049468994e-01,-2.683845907449722290e-02,6.381688117980957031e-01,4.781974554061889648e-01,-4.242505878210067749e-02,6.334064602851867676e-01,4.946752488613128662e-01,-4.354396462440490723e-02,6.361152529716491699e-01,4.795939028263092041e-01,-4.317833483219146729e-02,6.798185706138610840e-01,4.430000185966491699e-01,-2.630210854113101959e-02,6.601462364196777344e-01,4.943667650222778320e-01,-4.028892517089843750e-02,6.534239053726196289e-01,5.072522163391113281e-01,-3.471127524971961975e-02,6.554983854293823242e-01,4.938362538814544678e-01,-2.970699407160282135e-02,6.963599920272827148e-01,4.669950008392333984e-01,-2.842156402766704559e-02,6.807783842086791992e-01,5.061768293380737305e-01,-3.793798014521598816e-02,6.730480194091796875e-01,5.185099840164184570e-01,-3.599338233470916748e-02,6.734789013862609863e-01,5.104941129684448242e-01,-3.279536217451095581e-02,4.185430705547332764e-01,5.952299833297729492e-01,-1.191360965435706021e-07,4.300940036773681641e-01,5.596037507057189941e-01,7.382027804851531982e-03,4.508805572986602783e-01,5.347122550010681152e-01,6.021603941917419434e-03,4.715037941932678223e-01,5.305697321891784668e-01,1.267251675017178059e-03,4.855118095874786377e-01,5.353921651840209961e-01,-2.564866328611969948e-03,4.598308801651000977e-01,5.048916339874267578e-01,6.610257551074028015e-03,4.950288534164428711e-01,5.170308947563171387e-01,-4.317109414841979742e-04,4.910722970962524414e-01,5.341886281967163086e-01,-5.610391031950712204e-03,4.799729585647583008e-01,5.410654544830322266e-01,-8.686186745762825012e-03,4.632366299629211426e-01,5.120292901992797852e-01,-1.827641157433390617e-03,5.001921057701110840e-01,5.310804843902587891e-01,-5.826750304549932480e-03,4.936573505401611328e-01,5.481470227241516113e-01,-6.831257138401269913e-03,4.818452596664428711e-01,5.509869456291198730e-01,-7.552072405815124512e-03,4.666322171688079834e-01,5.259311795234680176e-01,-1.055394113063812256e-02,5.023829340934753418e-01,5.454844832420349121e-01,-1.260466128587722778e-02,4.944595992565155029e-01,5.622803568840026855e-01,-9.099385701119899750e-03,4.828789830207824707e-01,5.635886788368225098e-01,-7.023227866739034653e-03,4.694343805313110352e-01,5.454445481300354004e-01,-1.929923333227634430e-02,4.986549019813537598e-01,5.623444914817810059e-01,-1.792219839990139008e-02,4.907384514808654785e-01,5.762826800346374512e-01,-1.294357795268297195e-02,4.799926280975341797e-01,5.779811143875122070e-01,-9.560100734233856201e-03
6.519549489021301270e-01,5.289005041122436523e-01,-1.990912750216011773e-07,6.259316205978393555e-01,5.147798061370849609e-01,-2.412601932883262634e-02,6.012562513351440430e-01,4.950215518474578857e-01,-3.970576450228691101e-02,5.852512121200561523e-01,4.855429232120513916e-01,-5.145501717925071716e-02,5.898220539093017578e-01,4.810031354427337646e-01,-5.940545350313186646e-02,6.315207481384277344e-01,4.120231568813323975e-01,-2.927868627011775970e-02,6.140428781509399414e-01,4.596252441406250000e-01,-4.493582993745803833e-02,6.133092045783996582e-01,4.842180311679840088e-01,-5.063613504171371460e-02,6.190981268882751465e-01,4.767681360244750977e-01,-5.420030653476715088e-02,6.584367156028747559e-01,4.218821227550506592e-01,-2.624852955341339111e-02,6.372166275978088379e-01,4.767394661903381348e-01,-4.173639416694641113e-02,6.317556500434875488e-01,4.952369928359985352e-01,-4.257367923855781555e-02,6.354907751083374023e-01,4.795228242874145508e-01,-4.183690249919891357e-02,6.802191734313964844e-01,4.433813691139221191e-01,-2.572758123278617859e-02,6.583315730094909668e-01,4.950900077819824219e-01,-3.986642137169837952e-02,6.511698365211486816e-01,5.096390247344970703e-01,-3.432848677039146423e-02,6.547390818595886230e-01,4.966071248054504395e-01,-2.906106039881706238e-02,6.962043046951293945e-01,4.680027961730957031e-01,-2.794912643730640411e-02,6.794914007186889648e-01,5.070121288299560547e-01,-3.687637671828269958e-02,6.716576218605041504e-01,5.197147130966186523e-01,-3.452889248728752136e-02,6.736149787902832031e-01,5.115901231765747070e-01,-3.108805604279041290e-02,4.194849729537963867e-01,5.956666469573974609e-01,-9.618580776304952451e-08,4.291791617870330811e-01,5.597396492958068848e-01,6.202249787747859955e-03,4.493928551673889160e-01,5.344617962837219238e-01,4.294862505048513412e-03,4.700477123260498047e-01,5.287976861000061035e-01,-4.383370687719434500e-04,4.834060966968536377e-01,5.332822203636169434e-01,-4.181722179055213928e-03,4.595266878604888916e-01,5.054056644439697266e-01,4.199622664600610733e-03,4.948249757289886475e-01,5.200114250183105469e-01,-2.477647503837943077e-03,4.898412823677062988e-01,5.358918905258178711e-01,-7.089770864695310593e-03,4.777579605579376221e-01,5.413460135459899902e-01,-9.775968268513679504e-03,4.630569517612457275e-01,5.131811499595642090e-01,-3.314770758152008057e-03,5.003428459167480469e-01,5.325410366058349609e-01,-6.998980417847633362e-03,4.931887984275817871e-01,5.481886267662048340e-01,-7.367048878222703934e-03,4.809632897377014160e-01,5.508286356925964355e-01,-7.732382044196128845e-03,4.664904177188873291e-01,5.273622870445251465e-01,-1.101823616772890091e-02,5.020911097526550293e-01,5.467650294303894043e-01,-1.245027035474777222e-02,4.942615628242492676e-01,5.622586011886596680e-01,-8.501058444380760193e-03,4.830064773559570312e-01,5.639995932579040527e-01,-6.221433635801076889e-03,4.689404368400573730e-01,5.465910434722900391e-01,-1.883343420922756195e-02,4.985061883926391602e-01,5.622390508651733398e-01,-1.691559888422489166e-02,4.916341900825500488e-01,5.750448703765869141e-01,-1.185712125152349472e-02,4.816639125347137451e-01,5.773597955703735352e-01,-8.443945087492465973e-03
6.519549489021301270e-01,5.289005041122436523e-01,-1.990912750216011773e-07,6.259316205978393555e-01,5.147798061370849609e-01,-2.412601932883262634e-02,6.012562513351440430e-01,4.950215518474578857e-01,-3.970576450228691101e-02,5.852512121200561523e-01,4.855429232120513916e-01,-5.145501717925071716e-02,5.898220539093017578e-01,4.810031354427337646e-01,-5.940545350313186646e-02,6.315207481384277344e-01,4.120231568813323975e-01,-2.927868627011775970e-02,6.140428781509399414e-01,4.596252441406250000e-01,-4.493582993745803833e-02,6.133092045783996582e-01,4.842180311679840088e-01,-5.063613504171371460e-02,6.190981268882751465e-01,4.767681360244750977e-01,-5.420030653476715088e-02,6.584367156028747559e-01,4.218821227550506592e-01,-2.624852955341339111e-02,6.372166275978088379e-01,4.767394661903381348e-01,-4.173639416694641113e-02,6.317556500434875488e-01,4.952369928359985352e-01,-4.257367923855781555e-02,6.354907751083374023e-01,4.795228242874145508e-01,-4.183690249919891357e-02,6.802191734313964844e-01,4.433813691139221191e-01,-2.572758123278617859e-02,6.583315730094909668e-01,4.950900077819824219e-01,-3.986642137169837952e-02,6.511698365211486816e-01,5.096390247344970703e-01,-3.432848677039146423e-02,6.547390818595886230e-01,4.966071248054504395e-01,-2.906106039881706238e-02,6.962043046951293945e-01,4.680027961730957031e-01,-2.794912643730640411e-02,6.794914007186889648e-01,5.070121288299560547e-01,-3.687637671828269958e-02,6.716576218605041504e-01,5.197147130966186523e-01,-3.452889248728752136e-02,6.736149787902832031e-01,5.115901231765747070e-01,-3.108805604279041290e-02,4.194849729537963867e-01,5.956666469573974609e-01,-9.618580776304952451e-08,4.291791617870330811e-01,5.597396492958068848e-01,6.202249787747859955e-03,4.493928551673889160e-01,5.344617962837219238e-01,4.294862505048513412e-03,4.700477123260498047e-01,5.287976861000061035e-01,-4.383370687719434500e-04,4.834060966968536377e-01,5.332822203636169434e-01,-4.181722179055213928e-03,4.595266878604888916e-01,5.054056644439697266e-01,4.199622664600610733e-03,4.948249757289886475e-01,5.200114250183105469e-01,-2.477647503837943077e-03,4.898412823677062988e-01,5.358918905258178711e-01,-7.089770864695310593e-03,4.777579605579376221e-01,5.413460135459899902e-01,-9.775968268513679504e-03,4.630569517612457275e-01,5.131811499595642090e-01,-3.314770758152008057e-03,5.003428459167480469e-01,5.325410366058349609e-01,-6.998980417847633362e-03,4.931887984275817871e-01,5.481886267662048340e-01,-7.367048878222703934e-03,4.809632897377014160e-01,5.508286356925964355e-01,-7.732382044196128845e-03,4.664904177188873291e-01,5.273622870445251465e-01,-1.101823616772890091e-02,5.020911097526550293e-01,5.467650294303894043e-01,-1.245027035474777222e-02,4.942615628242492676e-01,5.622586011886596680e-01,-8.501058444380760193e-03,4.830064773559570312e-01,5.639995932579040527e-01,-6.221433635801076889e-03,4.689404368400573730e-01,5.465910434722900391e-01,-1.883343420922756195e-02,4.985061883926391602e-01,5.622390508651733398e-01,-1.691559888422489166e-02,4.916341900825500488e-01,5.750448703765869141e-01,-1.185712125152349472e-02,4.816639125347137451e-01,5.773597955703735352e-01,-8.443945087492465973e-03
6.538798809051513672e-01,5.308566093444824219e-01,-2.057389849596802378e-07,6.234303116798400879e-01,5.136275291442871094e-01,-2.019575051963329315e-02,5.967379808425903320e-01,4.926083981990814209e-01,-3.406275808811187744e-02,5.773308277130126953e-01,4.850791990756988525e-01,-4.501805827021598816e-02,5.710011720657348633e-01,4.850722551345825195e-01,-5.268985778093338013e-02,6.275955438613891602e-01,4.180836081504821777e-01,-2.601426281034946442e-02,6.057442426681518555e-01,4.595903158187866211e-01,-4.164297133684158325e-02,6.063282489776611328e-01,4.841031432151794434e-01,-4.808822274208068848e-02,6.139475703239440918e-01,4.781381785869598389e-01,-5.201155319809913635e-02,6.537349820137023926e-01,4.285339117050170898e-01,-2.488106675446033478e-02,6.260914802551269531e-01,4.817765951156616211e-01,-3.897734358906745911e-02,6.231792569160461426e-01,5.007096529006958008e-01,-3.948858380317687988e-02,6.296740174293518066e-01,4.855732917785644531e-01,-3.885798156261444092e-02,6.748223900794982910e-01,4.512642025947570801e-01,-2.603793703019618988e-02,6.471027135848999023e-01,5.010792016983032227e-01,-3.886139020323753357e-02,6.425401568412780762e-01,5.147951245307922363e-01,-3.300242498517036438e-02,6.483842730522155762e-01,5.022348761558532715e-01,-2.783679403364658356e-02,6.903452873229980469e-01,4.769873917102813721e-01,-2.967621572315692902e-02,6.678221225738525391e-01,5.155146718025207520e-01,-3.778120130300521851e-02,6.615660190582275391e-01,5.257654786109924316e-01,-3.492925316095352173e-02,6.651970744132995605e-01,5.171929001808166504e-01,-3.125573322176933289e-02,4.161675572395324707e-01,6.037186980247497559e-01,-9.637253128857992124e-08,4.278986752033233643e-01,5.677819252014160156e-01,6.330241449177265167e-03,4.495905339717864990e-01,5.423378944396972656e-01,4.771881271153688431e-03,4.717048406600952148e-01,5.388988852500915527e-01,2.873341727536171675e-04,4.859718382358551025e-01,5.457122325897216797e-01,-3.172108205035328865e-03,4.562874734401702881e-01,5.110450387001037598e-01,6.378147285431623459e-03,4.921518862247467041e-01,5.268929600715637207e-01,-2.931549679487943649e-04,4.878162145614624023e-01,5.441653728485107422e-01,-5.542080383747816086e-03,4.764245450496673584e-01,5.511909127235412598e-01,-8.807392790913581848e-03,4.604874849319458008e-01,5.185325145721435547e-01,-1.389298471622169018e-03,4.979979991912841797e-01,5.391024947166442871e-01,-5.267230793833732605e-03,4.913109838962554932e-01,5.560424327850341797e-01,-6.372513249516487122e-03,4.793539345264434814e-01,5.600163936614990234e-01,-7.062612567096948624e-03,4.647170603275299072e-01,5.328888893127441406e-01,-9.508516639471054077e-03,5.000367164611816406e-01,5.536817908287048340e-01,-1.101953350007534027e-02,4.918402731418609619e-01,5.700914263725280762e-01,-7.380545604974031448e-03,4.804042577743530273e-01,5.722768306732177734e-01,-5.130639299750328064e-03,4.680708348751068115e-01,5.528780817985534668e-01,-1.779522374272346497e-02,4.970349967479705811e-01,5.691708326339721680e-01,-1.566764712333679199e-02,4.895314872264862061e-01,5.826703906059265137e-01,-1.046329829841852188e-02,4.792765974998474121e-01,5.850830078125000000e-01,-6.958205252885818481e-03
6.622872948646545410e-01,5.476372241973876953e-01,-2.267479999318311457e-07,6.255540251731872559e-01,5.308823585510253906e-01,-1.767215691506862640e-02,5.989987254142761230e-01,5.105646252632141113e-01,-3.059910982847213745e-02,5.838110446929931641e-01,4.986287653446197510e-01,-4.110990464687347412e-02,5.893817543983459473e-01,4.883614480495452881e-01,-4.866763949394226074e-02,6.269732117652893066e-01,4.360383152961730957e-01,-2.366904541850090027e-02,5.970557928085327148e-01,4.783479869365692139e-01,-3.991638123989105225e-02,6.016075611114501953e-01,5.001633763313293457e-01,-4.967868328094482422e-02,6.122046709060668945e-01,4.932688474655151367e-01,-5.601832270622253418e-02,6.496067047119140625e-01,4.468092322349548340e-01,-2.315883710980415344e-02,6.145265102386474609e-01,4.952181577682495117e-01,-3.583534061908721924e-02,6.182933449745178223e-01,5.112043023109436035e-01,-3.795346990227699280e-02,6.283094286918640137e-01,5.020833015441894531e-01,-3.932400420308113098e-02,6.674378514289855957e-01,4.691905975341796875e-01,-2.467148751020431519e-02,6.327394247055053711e-01,5.146223902702331543e-01,-3.571541234850883484e-02,6.348428726196289062e-01,5.260521173477172852e-01,-3.042496927082538605e-02,6.438894867897033691e-01,5.168862342834472656e-01,-2.620866894721984863e-02,6.797077059745788574e-01,4.952471852302551270e-01,-2.847588062286376953e-02,6.517629027366638184e-01,5.296208262443542480e-01,-3.541079536080360413e-02,6.517536640167236328e-01,5.361030101776123047e-01,-3.247347101569175720e-02,6.589092612266540527e-01,5.283247232437133789e-01,-2.901098690927028656e-02,4.153246879577636719e-01,6.079996824264526367e-01,-9.532062250627859612e-08,4.249890446662902832e-01,5.726659893989562988e-01,5.438106600195169449e-03,4.458152353763580322e-01,5.462878346443176270e-01,3.484341315925121307e-03,4.676623642444610596e-01,5.406513214111328125e-01,-1.027957885526120663e-03,4.821892082691192627e-01,5.448985695838928223e-01,-4.379175603389739990e-03,4.531978368759155273e-01,5.167580842971801758e-01,3.417640924453735352e-03,4.892242550849914551e-01,5.293712615966796875e-01,-3.291667439043521881e-03,4.850279986858367920e-01,5.469248890876770020e-01,-7.846257649362087250e-03,4.733929336071014404e-01,5.539233088493347168e-01,-1.054072007536888123e-02,4.570930004119873047e-01,5.247480869293212891e-01,-3.748513292521238327e-03,4.947996139526367188e-01,5.416813492774963379e-01,-7.756279781460762024e-03,4.884072542190551758e-01,5.585610270500183105e-01,-8.324909955263137817e-03,4.762920141220092773e-01,5.621870756149291992e-01,-8.759146556258201599e-03,4.610852599143981934e-01,5.393909811973571777e-01,-1.115413848310709000e-02,4.966848790645599365e-01,5.566209554672241211e-01,-1.296525727957487106e-02,4.890536367893218994e-01,5.732487440109252930e-01,-9.046904742717742920e-03,4.776494204998016357e-01,5.753448605537414551e-01,-6.734139285981655121e-03,4.643337428569793701e-01,5.595703721046447754e-01,-1.870187558233737946e-02,4.944113194942474365e-01,5.740129947662353516e-01,-1.728876121342182159e-02,4.873976707458496094e-01,5.873190760612487793e-01,-1.240013539791107178e-02,4.771386384963989258e-01,5.894577503204345703e-01,-9.074212983250617981e-03
6.539733409881591797e-01,5.648440122604370117e-01,-2.352351202716818079e-07,6.168217658996582031e-01,5.407450199127197266e-01,-9.456614032387733459e-03,5.968000888824462891e-01,5.173867344856262207e-01,-1.820821687579154968e-02,5.861261487007141113e-01,5.037702322006225586e-01,-2.628013119101524353e-02,5.849074721336364746e-01,4.954077005386352539e-01,-3.220551833510398865e-02,6.277214884757995605e-01,4.452188909053802490e-01,-1.254247874021530151e-02,5.960466861724853516e-01,4.735711812973022461e-01,-2.584960684180259705e-02,6.009050607681274414e-01,4.989282786846160889e-01,-3.465961292386054993e-02,6.110658645629882812e-01,4.975890517234802246e-01,-4.073617234826087952e-02,6.472116112709045410e-01,4.558719098567962646e-01,-1.565463282167911530e-02,6.092543005943298340e-01,4.938858449459075928e-01,-2.602657862007617950e-02,6.131242513656616211e-01,5.146945118904113770e-01,-2.800169773399829865e-02,6.229893565177917480e-01,5.092956423759460449e-01,-2.935522608458995819e-02,6.623228788375854492e-01,4.788429737091064453e-01,-2.033058926463127136e-02,6.245728731155395508e-01,5.172016620635986328e-01,-2.841442264616489410e-02,6.254135966300964355e-01,5.332146883010864258e-01,-2.291237190365791321e-02,6.338387131690979004e-01,5.267764329910278320e-01,-1.915100589394569397e-02,6.724150180816650391e-01,5.072835683822631836e-01,-2.664676122367382050e-02,6.411989927291870117e-01,5.376484394073486328e-01,-3.171436861157417297e-02,6.406688094139099121e-01,5.464675426483154297e-01,-2.802081033587455750e-02,6.486887335777282715e-01,5.403597950935363770e-01,-2.428739890456199646e-02,4.141300916671752930e-01,6.065728068351745605e-01,-8.914209104204928735e-08,4.232155978679656982e-01,5.701853632926940918e-01,4.675270989537239075e-03,4.431766569614410400e-01,5.438716411590576172e-01,2.296517137438058853e-03,4.642142653465270996e-01,5.374184846878051758e-01,-2.540296642109751701e-03,4.780395627021789551e-01,5.408034324645996094e-01,-6.031807977706193924e-03,4.513562619686126709e-01,5.155801177024841309e-01,3.630729392170906067e-03,4.868913292884826660e-01,5.281459689140319824e-01,-3.592343302443623543e-03,4.817194938659667969e-01,5.437077283859252930e-01,-8.611945435404777527e-03,4.694104194641113281e-01,5.484912395477294922e-01,-1.174730062484741211e-02,4.552128612995147705e-01,5.239927172660827637e-01,-3.409142838791012764e-03,4.932356178760528564e-01,5.406398177146911621e-01,-7.936948910355567932e-03,4.859093427658081055e-01,5.560150146484375000e-01,-8.617479354143142700e-03,4.737884402275085449e-01,5.581717491149902344e-01,-9.194537065923213959e-03,4.592288136482238770e-01,5.384033322334289551e-01,-1.088073197752237320e-02,4.961624443531036377e-01,5.558723211288452148e-01,-1.277121808379888535e-02,4.876125156879425049e-01,5.706176161766052246e-01,-8.608439937233924866e-03,4.759347438812255859e-01,5.711304545402526855e-01,-6.345456000417470932e-03,4.624544382095336914e-01,5.581683516502380371e-01,-1.868148148059844971e-02,4.919604063034057617e-01,5.730272531509399414e-01,-1.723306998610496521e-02,4.840894341468811035e-01,5.844454169273376465e-01,-1.255722437053918839e-02,4.738782942295074463e-01,5.846872925758361816e-01,-9.579368866980075836e-03
6.539733409881591797e-01,5.648440122604370117e-01,-2.352351202716818079e-07,6.168217658996582031e-01,5.407450199127197266e-01,-9.456614032387733459e-03,5.968000888824462891e-01,5.173867344856262207e-01,-1.820821687579154968e-02,5.861261487007141113e-01,5.037702322006225586e-01,-2.628013119101524353e-02,5.849074721336364746e-01,4.954077005386352539e-01,-3.220551833510398865e-02,6.277214884757995605e-01,4.452188909053802490e-01,-1.254247874021530151e-02,5.960466861724853516e-01,4.735711812973022461e-01,-2.584960684180259705e-02,6.009050607681274414e-01,4.989282786846160889e-01,-3.465961292386054993e-02,6.110658645629882812e-01,4.975890517234802246e-01,-4.073617234826087952e-02,6.472116112709045410e-01,4.558719098567962646e-01,-1.565463282167911530e-02,6.092543005943298340e-01,4.938858449459075928e-01,-2.602657862007617950e-02,6.131242513656616211e-01,5.146945118904113770e-01,-2.800169773399829865e-02,6.229893565177917480e-01,5.092956423759460449e-01,-2.935522608458995819e-02,6.623228788375854492e-01,4.788429737091064453e-01,-2.033058926463127136e-02,6.245728731155395508e-01,5.172016620635986328e-01,-2.841442264616489410e-02,6.254135966300964355e-01,5.332146883010864258e-01,-2.291237190365791321e-02,6.338387131690979004e-01,5.267764329910278320e-01,-1.915100589394569397e-02,6.724150180816650391e-01,5.072835683822631836e-01,-2.664676122367382050e-02,6.411989927291870117e-01,5.376484394073486328e-01,-3.171436861157417297e-02,6.406688094139099121e-01,5.464675426483154297e-01,-2.802081033587455750e-02,6.486887335777282715e-01,5.403597950935363770e-01,-2.428739890456199646e-02,4.141300916671752930e-01,6.065728068351745605e-01,-8.914209104204928735e-08,4.232155978679656982e-01,5.701853632926940918e-01,4.675270989537239075e-03,4.431766569614410400e-01,5.438716411590576172e-01,2.296517137438058853e-03,4.642142653465270996e-01,5.374184846878051758e-01,-2.540296642109751701e-03,4.780395627021789551e-01,5.408034324645996094e-01,-6.031807977706193924e-03,4.513562619686126709e-01,5.155801177024841309e-01,3.630729392170906067e-03,4.868913292884826660e-01,5.281459689140319824e-01,-3.592343302443623543e-03,4.817194938659667969e-01,5.437077283859252930e-01,-8.611945435404777527e-03,4.694104194641113281e-01,5.484912395477294922e-01,-1.174730062484741211e-02,4.552128612995147705e-01,5.239927172660827637e-01,-3.409142838791012764e-03,4.932356178760528564e-01,5.406398177146911621e-01,-7.936948910355567932e-03,4.859093427658081055e-01,5.560150146484375000e-01,-8.617479354143142700e-03,4.737884402275085449e-01,5.581717491149902344e-01,-9.194537065923213959e-03,4.592288136482238770e-01,5.384033322334289551e-01,-1.088073197752237320e-02,4.961624443531036377e-01,5.558723211288452148e-01,-1.277121808379888535e-02,4.876125156879425049e-01,5.706176161766052246e-01,-8.608439937233924866e-03,4.759347438812255859e-01,5.711304545402526855e-01,-6.345456000417470932e-03,4.624544382095336914e-01,5.581683516502380371e-01,-1.868148148059844971e-02,4.919604063034057617e-01,5.730272531509399414e-01,-1.723306998610496521e-02,4.840894341468811035e-01,5.844454169273376465e-01,-1.255722437053918839e-02,4.738782942295074463e-01,5.846872925758361816e-01,-9.579368866980075836e-03
6.547546386718750000e-01,5.639534592628479004e-01,-2.033103356779975002e-07,6.192770004272460938e-01,5.414237380027770996e-01,-1.103909313678741455e-02,5.982706546783447266e-01,5.189570188522338867e-01,-2.047154866158962250e-02,5.854253172874450684e-01,5.039531588554382324e-01,-2.874255739152431488e-02,5.868674516677856445e-01,4.954361021518707275e-01,-3.441198542714118958e-02,6.298229694366455078e-01,4.479589164257049561e-01,-1.411748491227626801e-02,5.976337790489196777e-01,4.774845242500305176e-01,-2.680003456771373749e-02,6.015614271163940430e-01,5.009478330612182617e-01,-3.396836668252944946e-02,6.110492944717407227e-01,4.998170435428619385e-01,-3.869533911347389221e-02,6.490167379379272461e-01,4.579803347587585449e-01,-1.618608646094799042e-02,6.106762886047363281e-01,4.950194954872131348e-01,-2.678423188626766205e-02,6.142406463623046875e-01,5.149796009063720703e-01,-2.797992900013923645e-02,6.243306398391723633e-01,5.095629692077636719e-01,-2.829995565116405487e-02,6.634390950202941895e-01,4.800734817981719971e-01,-1.990707032382488251e-02,6.255691051483154297e-01,5.151977539062500000e-01,-2.867264486849308014e-02,6.271023750305175781e-01,5.304744839668273926e-01,-2.343671955168247223e-02,6.359272003173828125e-01,5.244909524917602539e-01,-1.933954656124114990e-02,6.728711724281311035e-01,5.079543590545654297e-01,-2.534195408225059509e-02,6.424889564514160156e-01,5.364013910293579102e-01,-3.127224370837211609e-02,6.428869366645812988e-01,5.440919995307922363e-01,-2.869745716452598572e-02,6.511344313621520996e-01,5.378389358520507812e-01,-2.534681372344493866e-02,4.136269390583038330e-01,6.057281494140625000e-01,-9.705699000051026815e-08,4.224538803100585938e-01,5.698620676994323730e-01,5.346455611288547516e-03,4.422983229160308838e-01,5.439876317977905273e-01,3.335171611979603767e-03,4.629943668842315674e-01,5.374319553375244141e-01,-1.237593824043869972e-03,4.770211577415466309e-01,5.398083925247192383e-01,-4.608077462762594223e-03,4.515948593616485596e-01,5.159951448440551758e-01,3.982836846262216568e-03,4.866722524166107178e-01,5.281544327735900879e-01,-3.001235425472259521e-03,4.822962880134582520e-01,5.443750619888305664e-01,-7.908757776021957397e-03,4.703420996665954590e-01,5.501229763031005859e-01,-1.082822307944297791e-02,4.556730985641479492e-01,5.239713191986083984e-01,-3.230029717087745667e-03,4.931197464466094971e-01,5.408108234405517578e-01,-7.416567765176296234e-03,4.862491786479949951e-01,5.568982362747192383e-01,-7.974861189723014832e-03,4.738928675651550293e-01,5.593022108078002930e-01,-8.422758430242538452e-03,4.596092700958251953e-01,5.381117463111877441e-01,-1.077304687350988388e-02,4.963925182819366455e-01,5.548504590988159180e-01,-1.299265958368778229e-02,4.882532954216003418e-01,5.710411071777343750e-01,-8.864773437380790710e-03,4.764407873153686523e-01,5.725620388984680176e-01,-6.375450640916824341e-03,4.624370038509368896e-01,5.577791333198547363e-01,-1.848694868385791779e-02,4.924286305904388428e-01,5.718651413917541504e-01,-1.761471852660179138e-02,4.848589003086090088e-01,5.845645070075988770e-01,-1.281315088272094727e-02,4.742691814899444580e-01,5.859444737434387207e-01,-9.469181299209594727e-03
6.462555527687072754e-01,5.866379737854003906e-01,-3.023049259809340583e-07,6.160507202148437500e-01,5.684361457824707031e-01,-7.571944035589694977e-03,5.936226248741149902e-01,5.365930795669555664e-01,-1.306132413446903229e-02,5.855922102928161621e-01,5.124585032463073730e-01,-1.850973069667816162e-02,5.955145955085754395e-01,5.114690661430358887e-01,-2.175488136708736420e-02,6.303229331970214844e-01,4.704622328281402588e-01,-3.385896794497966766e-03,6.001360416412353516e-01,4.804477691650390625e-01,-1.476497855037450790e-02,6.035891771316528320e-01,5.089173913002014160e-01,-2.166025713086128235e-02,6.128106117248535156e-01,5.124777555465698242e-01,-2.640277147293090820e-02,6.471214890480041504e-01,4.743867814540863037e-01,-6.855078041553497314e-03,6.133971810340881348e-01,4.868998825550079346e-01,-1.824655570089817047e-02,6.151878237724304199e-01,5.174502134323120117e-01,-1.897202804684638977e-02,6.235041022300720215e-01,5.219580531120300293e-01,-1.758565381169319153e-02,6.603801846504211426e-01,4.891806542873382568e-01,-1.238381583243608475e-02,6.274668574333190918e-01,5.010710954666137695e-01,-2.380415610969066620e-02,6.274635791778564453e-01,5.297468304634094238e-01,-1.800474897027015686e-02,6.350535750389099121e-01,5.339240431785583496e-01,-1.195168308913707733e-02,6.701944470405578613e-01,5.109566450119018555e-01,-1.926472596824169159e-02,6.423811316490173340e-01,5.244891047477722168e-01,-2.665434405207633972e-02,6.407521367073059082e-01,5.435782670974731445e-01,-2.318844385445117950e-02,6.472333669662475586e-01,5.467777252197265625e-01,-1.872528530657291412e-02,4.140650033950805664e-01,5.940546989440917969e-01,-5.862869301154205459e-08,4.228553771972656250e-01,5.573232173919677734e-01,5.062477663159370422e-03,4.432991743087768555e-01,5.300068259239196777e-01,3.189005423337221146e-03,4.638785719871520996e-01,5.250228643417358398e-01,-1.123513909988105297e-03,4.778053462505340576e-01,5.311431288719177246e-01,-4.155903588980436325e-03,4.518921375274658203e-01,5.017986297607421875e-01,3.206466324627399445e-03,4.884320497512817383e-01,5.151786804199218750e-01,-3.152568824589252472e-03,4.823893606662750244e-01,5.303511023521423340e-01,-6.834746804088354111e-03,4.705159068107604980e-01,5.338414907455444336e-01,-9.151079691946506500e-03,4.546537101268768311e-01,5.097861289978027344e-01,-3.923191688954830170e-03,4.940432310104370117e-01,5.293039083480834961e-01,-7.503767963498830795e-03,4.854385852813720703e-01,5.439865589141845703e-01,-6.826433353126049042e-03,4.735120534896850586e-01,5.444471240043640137e-01,-6.601235829293727875e-03,4.574616253376007080e-01,5.240745544433593750e-01,-1.143820676952600479e-02,4.962347149848937988e-01,5.446271896362304688e-01,-1.276341453194618225e-02,4.865113198757171631e-01,5.583906173706054688e-01,-8.472123183310031891e-03,4.746133089065551758e-01,5.570325255393981934e-01,-6.337896920740604401e-03,4.600220024585723877e-01,5.438861250877380371e-01,-1.923033036291599274e-02,4.895178675651550293e-01,5.625317692756652832e-01,-1.745931431651115417e-02,4.807601571083068848e-01,5.745347142219543457e-01,-1.296483911573886871e-02,4.705874323844909668e-01,5.738657712936401367e-01,-1.031021866947412491e-02
6.455944180488586426e-01,5.929607152938842773e-01,-2.830854839430685388e-07,6.140643358230590820e-01,5.730311870574951172e-01,-7.462465669959783554e-03,5.918302536010742188e-01,5.421851277351379395e-01,-1.278280746191740036e-02,5.839107632637023926e-01,5.179079174995422363e-01,-1.827783137559890747e-02,5.946858525276184082e-01,5.163170099258422852e-01,-2.124526351690292358e-02,6.315587759017944336e-01,4.788592159748077393e-01,-1.265111844986677170e-03,6.000690460205078125e-01,4.866503179073333740e-01,-1.323317550122737885e-02,6.030501127243041992e-01,5.157017111778259277e-01,-2.017404139041900635e-02,6.129940152168273926e-01,5.202175974845886230e-01,-2.427269518375396729e-02,6.469883322715759277e-01,4.822983443737030029e-01,-4.474920686334371567e-03,6.125286817550659180e-01,4.949530065059661865e-01,-1.623071357607841492e-02,6.143580079078674316e-01,5.263842344284057617e-01,-1.661114022135734558e-02,6.237739920616149902e-01,5.301887392997741699e-01,-1.446173898875713348e-02,6.594569087028503418e-01,4.955395162105560303e-01,-1.005634479224681854e-02,6.259579658508300781e-01,5.069401860237121582e-01,-2.164426259696483612e-02,6.258367300033569336e-01,5.365425348281860352e-01,-1.576287299394607544e-02,6.345212459564208984e-01,5.406007170677185059e-01,-9.190870448946952820e-03,6.691301465034484863e-01,5.163715481758117676e-01,-1.709096319973468781e-02,6.413757205009460449e-01,5.273715853691101074e-01,-2.373831719160079956e-02,6.387463212013244629e-01,5.472666621208190918e-01,-2.008595876395702362e-02,6.453775167465209961e-01,5.516153573989868164e-01,-1.520375348627567291e-02,4.126093983650207520e-01,5.907338261604309082e-01,-8.533422146683733445e-08,4.228476285934448242e-01,5.566521286964416504e-01,5.433110054582357407e-03,4.444674253463745117e-01,5.301533937454223633e-01,3.473829012364149094e-03,4.656486213207244873e-01,5.233574509620666504e-01,-1.100223278626799583e-03,4.790720641613006592e-01,5.263623595237731934e-01,-4.342824686318635941e-03,4.525803327560424805e-01,4.983185529708862305e-01,3.463265718892216682e-03,4.889194667339324951e-01,5.091969966888427734e-01,-2.901923609897494316e-03,4.825448393821716309e-01,5.245923995971679688e-01,-6.699009798467159271e-03,4.708435237407684326e-01,5.292802453041076660e-01,-9.126547724008560181e-03,4.546565711498260498e-01,5.048767924308776855e-01,-3.784710774198174477e-03,4.943401217460632324e-01,5.242021083831787109e-01,-7.128214929252862930e-03,4.850210845470428467e-01,5.389307737350463867e-01,-6.254101637750864029e-03,4.731962680816650391e-01,5.395753383636474609e-01,-6.092033814638853073e-03,4.571499526500701904e-01,5.183505415916442871e-01,-1.139882672578096390e-02,4.961653351783752441e-01,5.391560196876525879e-01,-1.212150976061820984e-02,4.856317937374114990e-01,5.529389977455139160e-01,-7.392783649265766144e-03,4.737650454044342041e-01,5.524057745933532715e-01,-5.299721844494342804e-03,4.595102965831756592e-01,5.372806787490844727e-01,-1.936274953186511993e-02,4.891812205314636230e-01,5.565437674522399902e-01,-1.698942668735980988e-02,4.800864458084106445e-01,5.675879716873168945e-01,-1.234100293368101120e-02,4.701077640056610107e-01,5.668467879295349121e-01,-9.782762266695499420e-03
6.455944180488586426e-01,5.929607152938842773e-01,-2.830854839430685388e-07,6.140643358230590820e-01,5.730311870574951172e-01,-7.462465669959783554e-03,5.918302536010742188e-01,5.421851277351379395e-01,-1.278280746191740036e-02,5.839107632637023926e-01,5.179079174995422363e-01,-1.827783137559890747e-02,5.946858525276184082e-01,5.163170099258422852e-01,-2.124526351690292358e-02,6.315587759017944336e-01,4.788592159748077393e-01,-1.265111844986677170e-03,6.000690460205078125e-01,4.866503179073333740e-01,-1.323317550122737885e-02,6.030501127243041992e-01,5.157017111778259277e-01,-2.017404139041900635e-02,6.129940152168273926e-01,5.202175974845886230e-01,-2.427269518375396729e-02,6.469883322715759277e-01,4.822983443737030029e-01,-4.474920686334371567e-03,6.125286817550659180e-01,4.949530065059661865e-01,-1.623071357607841492e-02,6.143580079078674316e-01,5.263842344284057617e-01,-1.661114022135734558e-02,6.237739920616149902e-01,5.301887392997741699e-01,-1.446173898875713348e-02,6.594569087028503418e-01,4.955395162105560303e-01,-1.005634479224681854e-02,6.259579658508300781e-01,5.069401860237121582e-01,-2.164426259696483612e-02,6.258367300033569336e-01,5.365425348281860352e-01,-1.576287299394607544e-02,6.345212459564208984e-01,5.406007170677185059e-01,-9.190870448946952820e-03,6.691301465034484863e-01,5.163715481758117676e-01,-1.709096319973468781e-02,6.413757205009460449e-01,5.273715853691101074e-01,-2.373831719160079956e-02,6.387463212013244629e-01,5.472666621208190918e-01,-2.008595876395702362e-02,6.453775167465209961e-01,5.516153573989868164e-01,-1.520375348627567291e-02,4.126093983650207520e-01,5.907338261604309082e-01,-8.533422146683733445e-08,4.228476285934448242e-01,5.566521286964416504e-01,5.433110054582357407e-03,4.444674253463745117e-01,5.301533937454223633e-01,3.473829012364149094e-03,4.656486213207244873e-01,5.233574509620666504e-01,-1.100223278626799583e-03,4.790720641613006592e-01,5.263623595237731934e-01,-4.342824686318635941e-03,4.525803327560424805e-01,4.983185529708862305e-01,3.463265718892216682e-03,4.889194667339324951e-01,5.091969966888427734e-01,-2.901923609897494316e-03,4.825448393821716309e-01,5.245923995971679688e-01,-6.699009798467159271e-03,4.708435237407684326e-01,5.292802453041076660e-01,-9.126547724008560181e-03,4.546565711498260498e-01,5.048767924308776855e-01,-3.784710774198174477e-03,4.943401217460632324e-01,5.242021083831787109e-01,-7.128214929252862930e-03,4.850210845470428467e-01,5.389307737350463867e-01,-6.254101637750864029e-03,4.731962680816650391e-01,5.395753383636474609e-01,-6.092033814638853073e-03,4.571499526500701904e-01,5.183505415916442871e-01,-1.139882672578096390e-02,4.961653351783752441e-01,5.391560196876525879e-01,-1.212150976061820984e-02,4.856317937374114990e-01,5.529389977455139160e-01,-7.392783649265766144e-03,4.737650454044342041e-01,5.524057745933532715e-01,-5.299721844494342804e-03,4.595102965831756592e-01,5.372806787490844727e-01,-1.936274953186511993e-02,4.891812205314636230e-01,5.565437674522399902e-01,-1.698942668735980988e-02,4.800864458084106445e-01,5.675879716873168945e-01,-1.234100293368101120e-02,4.701077640056610107e-01,5.668467879295349121e-01,-9.782762266695499420e-03
6.461821198463439941e-01,6.016104221343994141e-01,-2.841263437858287944e-07,6.136245727539062500e-01,5.814564824104309082e-01,-5.551558919250965118e-03,5.928463339805603027e-01,5.499624013900756836e-01,-9.806326590478420258e-03,5.844793319702148438e-01,5.271964073181152344e-01,-1.451828610152006149e-02,5.899376869201660156e-01,5.207972526550292969e-01,-1.689338311553001404e-02,6.297976374626159668e-01,4.876237809658050537e-01,-1.286478254769463092e-05,5.984265804290771484e-01,4.951282143592834473e-01,-1.166515331715345383e-02,6.017673015594482422e-01,5.229145884513854980e-01,-1.893588155508041382e-02,6.118451356887817383e-01,5.275773406028747559e-01,-2.330683544278144836e-02,6.443695425987243652e-01,4.900439381599426270e-01,-3.764173481613397598e-03,6.090739965438842773e-01,5.038776993751525879e-01,-1.465854328125715256e-02,6.117281913757324219e-01,5.337888598442077637e-01,-1.552877761423587799e-02,6.212216615676879883e-01,5.374498367309570312e-01,-1.414362061768770218e-02,6.560578346252441406e-01,5.024777054786682129e-01,-9.619882330298423767e-03,6.213165521621704102e-01,5.153976082801818848e-01,-1.989838294684886932e-02,6.222786903381347656e-01,5.436931252479553223e-01,-1.446888130158185959e-02,6.306427121162414551e-01,5.478890538215637207e-01,-8.781602606177330017e-03,6.646296977996826172e-01,5.221694707870483398e-01,-1.682006940245628357e-02,6.366205215454101562e-01,5.349723696708679199e-01,-2.286628261208534241e-02,6.350591182708740234e-01,5.538735389709472656e-01,-1.946854777634143829e-02,6.412916183471679688e-01,5.578170418739318848e-01,-1.497123856097459793e-02,4.120679795742034912e-01,5.875491499900817871e-01,-9.582563365029272973e-08,4.225434660911560059e-01,5.514856576919555664e-01,6.906140595674514771e-03,4.435538053512573242e-01,5.243202447891235352e-01,5.625909194350242615e-03,4.635429978370666504e-01,5.175276398658752441e-01,1.254974282346665859e-03,4.763750135898590088e-01,5.211669206619262695e-01,-1.921560964547097683e-03,4.534942507743835449e-01,4.931186139583587646e-01,6.277174223214387894e-03,4.901283085346221924e-01,5.050421953201293945e-01,4.521688606473617256e-05,4.832888841629028320e-01,5.211803913116455078e-01,-4.187460988759994507e-03,4.709231257438659668e-01,5.254929065704345703e-01,-7.022751029580831528e-03,4.555080533027648926e-01,4.991134405136108398e-01,-1.917338697239756584e-03,4.948838651180267334e-01,5.188861489295959473e-01,-4.988025873899459839e-03,4.858845472335815430e-01,5.343223810195922852e-01,-4.373526200652122498e-03,4.741343259811401367e-01,5.357885360717773438e-01,-4.448950290679931641e-03,4.575783312320709229e-01,5.124161243438720703e-01,-1.053564995527267456e-02,4.960180222988128662e-01,5.342344045639038086e-01,-1.104612182825803757e-02,4.858319759368896484e-01,5.491421222686767578e-01,-6.283573806285858154e-03,4.739201366901397705e-01,5.491543412208557129e-01,-4.211790859699249268e-03,4.595258831977844238e-01,5.317690372467041016e-01,-1.947660744190216064e-02,4.892362654209136963e-01,5.517438650131225586e-01,-1.676709204912185669e-02,4.800118505954742432e-01,5.637304186820983887e-01,-1.177592575550079346e-02,4.695198535919189453e-01,5.632243156433105469e-01,-9.040010161697864532e-03
6.491699218750000000e-01,6.114467382431030273e-01,-2.652545845194254071e-07,6.153678297996520996e-01,5.909860134124755859e-01,-4.886600188910961151e-03,5.957393050193786621e-01,5.613729357719421387e-01,-9.387422353029251099e-03,5.862792134284973145e-01,5.396846532821655273e-01,-1.454771216958761215e-02,5.872802138328552246e-01,5.308578014373779297e-01,-1.728130318224430084e-02,6.285921335220336914e-01,4.967885315418243408e-01,1.655244966968894005e-03,5.952392220497131348e-01,5.051182508468627930e-01,-1.048716995865106583e-02,5.987896919250488281e-01,5.314451456069946289e-01,-1.854773610830307007e-02,6.092399358749389648e-01,5.356808900833129883e-01,-2.321504801511764526e-02,6.406059861183166504e-01,4.994027912616729736e-01,-2.436083741486072540e-03,6.030139923095703125e-01,5.141085982322692871e-01,-1.359612960368394852e-02,6.075924634933471680e-01,5.415266752243041992e-01,-1.515871006995439529e-02,6.179442405700683594e-01,5.445820093154907227e-01,-1.421355362981557846e-02,6.501941084861755371e-01,5.114979743957519531e-01,-8.714958094060420990e-03,6.135342121124267578e-01,5.269701480865478516e-01,-1.874497532844543457e-02,6.170263290405273438e-01,5.528428554534912109e-01,-1.404936332255601883e-02,6.262874007225036621e-01,5.557001233100891113e-01,-8.944661356508731842e-03,6.569937467575073242e-01,5.306656956672668457e-01,-1.634029857814311981e-02,6.275142431259155273e-01,5.463618636131286621e-01,-2.210323885083198547e-02,6.284336447715759277e-01,5.637624859809875488e-01,-1.931923255324363708e-02,6.358987689018249512e-01,5.665375590324401855e-01,-1.530002895742654800e-02,4.097609519958496094e-01,5.809437036514282227e-01,-1.077090132639568765e-07,4.226390123367309570e-01,5.462878942489624023e-01,7.425080984830856323e-03,4.451540708541870117e-01,5.205697417259216309e-01,6.561013869941234589e-03,4.656817317008972168e-01,5.153802037239074707e-01,2.432325622066855431e-03,4.794066846370697021e-01,5.195501446723937988e-01,-5.067102028988301754e-04,4.552493989467620850e-01,4.867140650749206543e-01,8.502924814820289612e-03,4.910330474376678467e-01,5.002074837684631348e-01,2.598532242700457573e-03,4.840961098670959473e-01,5.169835090637207031e-01,-1.820944715291261673e-03,4.716110825538635254e-01,5.220529437065124512e-01,-4.801467526704072952e-03,4.574944078922271729e-01,4.915802180767059326e-01,-1.504381907579954714e-05,4.955825805664062500e-01,5.125588178634643555e-01,-2.602464053779840469e-03,4.867122173309326172e-01,5.288333892822265625e-01,-2.513507381081581116e-03,4.750207960605621338e-01,5.309091806411743164e-01,-2.941232640296220779e-03,4.595950841903686523e-01,5.040404200553894043e-01,-8.975737728178501129e-03,4.972724318504333496e-01,5.271494388580322266e-01,-9.304773062467575073e-03,4.870594739913940430e-01,5.429118871688842773e-01,-4.933452233672142029e-03,4.751001298427581787e-01,5.432464480400085449e-01,-3.060850780457258224e-03,4.613434672355651855e-01,5.231000185012817383e-01,-1.823717728257179260e-02,4.894767403602600098e-01,5.445875525474548340e-01,-1.525640208274126053e-02,4.801377356052398682e-01,5.577021837234497070e-01,-1.016198936849832535e-02,4.698867201805114746e-01,5.576542019844055176e-01,-7.308139000087976456e-03
6.516435742378234863e-01,6.135166883468627930e-01,-2.542694517160271062e-07,6.184949278831481934e-01,5.954311490058898926e-01,-3.532952396199107170e-03,5.979537367820739746e-01,5.663174390792846680e-01,-6.962099112570285797e-03,5.867983698844909668e-01,5.451651811599731445e-01,-1.139399223029613495e-02,5.792593955993652344e-01,5.327270030975341797e-01,-1.353933569043874741e-02,6.252024769783020020e-01,5.024912953376770020e-01,2.322594402357935905e-03,5.933334827423095703e-01,5.059406757354736328e-01,-9.487320668995380402e-03,5.962060689926147461e-01,5.309339761734008789e-01,-1.741775125265121460e-02,6.058106422424316406e-01,5.380585193634033203e-01,-2.185633406043052673e-02,6.366861462593078613e-01,5.042030811309814453e-01,-1.974001759663224220e-03,5.991805791854858398e-01,5.179001092910766602e-01,-1.304094959050416946e-02,6.046926379203796387e-01,5.442642569541931152e-01,-1.502902712672948837e-02,6.155300736427307129e-01,5.488993525505065918e-01,-1.435463223606348038e-02,6.458210945129394531e-01,5.157276988029479980e-01,-8.327387273311614990e-03,6.093494892120361328e-01,5.334028005599975586e-01,-1.808397285640239716e-02,6.144955158233642578e-01,5.574108362197875977e-01,-1.399375032633543015e-02,6.241868734359741211e-01,5.607711076736450195e-01,-9.353606961667537689e-03,6.520764231681823730e-01,5.341764688491821289e-01,-1.586839556694030762e-02,6.231699585914611816e-01,5.514345765113830566e-01,-2.183174155652523041e-02,6.249642968177795410e-01,5.679838061332702637e-01,-1.961096562445163727e-02,6.324914097785949707e-01,5.711112618446350098e-01,-1.608377881348133087e-02,4.100175499916076660e-01,5.738623142242431641e-01,-9.894131380860926583e-08,4.246493279933929443e-01,5.413916110992431641e-01,6.735813803970813751e-03,4.474859237670898438e-01,5.174338817596435547e-01,5.757093895226716995e-03,4.680500924587249756e-01,5.124067068099975586e-01,1.612719846889376640e-03,4.812442958354949951e-01,5.155472159385681152e-01,-1.199760707095265388e-03,4.564991295337677002e-01,4.799927473068237305e-01,9.269400499761104584e-03,4.915413856506347656e-01,4.947043657302856445e-01,3.775772172957658768e-03,4.849011898040771484e-01,5.106218457221984863e-01,-7.247014436870813370e-04,4.729049503803253174e-01,5.145307183265686035e-01,-3.822940401732921600e-03,4.589436054229736328e-01,4.854842722415924072e-01,1.254585222341120243e-03,4.963944256305694580e-01,5.072302222251892090e-01,-1.048519508913159370e-03,4.875123500823974609e-01,5.222175121307373047e-01,-1.166404224932193756e-03,4.758804738521575928e-01,5.231035351753234863e-01,-1.766150817275047302e-03,4.610744118690490723e-01,4.981633126735687256e-01,-7.316016126424074173e-03,4.977219998836517334e-01,5.217100381851196289e-01,-7.239640690386295319e-03,4.878039360046386719e-01,5.356402397155761719e-01,-3.167516319081187248e-03,4.761040210723876953e-01,5.350339412689208984e-01,-1.592755084857344627e-03,4.627570807933807373e-01,5.165781974792480469e-01,-1.624657772481441498e-02,4.897794127464294434e-01,5.379760265350341797e-01,-1.278445683419704437e-02,4.808517098426818848e-01,5.498452782630920410e-01,-7.689243648201227188e-03,4.711039364337921143e-01,5.493447780609130859e-01,-4.948250018060207367e-03
6.516435742378234863e-01,6.135166883468627930e-01,-2.542694517160271062e-07,6.184949278831481934e-01,5.954311490058898926e-01,-3.532952396199107170e-03,5.979537367820739746e-01,5.663174390792846680e-01,-6.962099112570285797e-03,5.867983698844909668e-01,5.451651811599731445e-01,-1.139399223029613495e-02,5.792593955993652344e-01,5.327270030975341797e-01,-1.353933569043874741e-02,6.252024769783020020e-01,5.024912953376770020e-01,2.322594402357935905e-03,5.933334827423095703e-01,5.059406757354736328e-01,-9.487320668995380402e-03,5.962060689926147461e-01,5.309339761734008789e-01,-1.741775125265121460e-02,6.058106422424316406e-01,5.380585193634033203e-01,-2.185633406043052673e-02,6.366861462593078613e-01,5.042030811309814453e-01,-1.974001759663224220e-03,5.991805791854858398e-01,5.179001092910766602e-01,-1.304094959050416946e-02,6.046926379203796387e-01,5.442642569541931152e-01,-1.502902712672948837e-02,6.155300736427307129e-01,5.488993525505065918e-01,-1.435463223606348038e-02,6.458210945129394531e-01,5.157276988029479980e-01,-8.327387273311614990e-03,6.093494892120361328e-01,5.334028005599975586e-01,-1.808397285640239716e-02,6.144955158233642578e-01,5.574108362197875977e-01,-1.399375032633543015e-02,6.241868734359741211e-01,5.607711076736450195e-01,-9.353606961667537689e-03,6.520764231681823730e-01,5.341764688491821289e-01,-1.586839556694030762e-02,6.231699585914611816e-01,5.514345765113830566e-01,-2.183174155652523041e-02,6.249642968177795410e-01,5.679838061332702637e-01,-1.961096562445163727e-02,6.324914097785949707e-01,5.711112618446350098e-01,-1.608377881348133087e-02,4.100175499916076660e-01,5.738623142242431641e-01,-9.894131380860926583e-08,4.246493279933929443e-01,5.413916110992431641e-01,6.735813803970813751e-03,4.474859237670898438e-01,5.174338817596435547e-01,5.757093895226716995e-03,4.680500924587249756e-01,5.124067068099975586e-01,1.612719846889376640e-03,4.812442958354949951e-01,5.155472159385681152e-01,-1.199760707095265388e-03,4.564991295337677002e-01,4.799927473068237305e-01,9.269400499761104584e-03,4.915413856506347656e-01,4.947043657302856445e-01,3.775772172957658768e-03,4.849011898040771484e-01,5.106218457221984863e-01,-7.247014436870813370e-04,4.729049503803253174e-01,5.145307183265686035e-01,-3.822940401732921600e-03,4.589436054229736328e-01,4.854842722415924072e-01,1.254585222341120243e-03,4.963944256305694580e-01,5.072302222251892090e-01,-1.048519508913159370e-03,4.875123500823974609e-01,5.222175121307373047e-01,-1.166404224932193756e-03,4.758804738521575928e-01,5.231035351753234863e-01,-1.766150817275047302e-03,4.610744118690490723e-01,4.981633126735687256e-01,-7.316016126424074173e-03,4.977219998836517334e-01,5.217100381851196289e-01,-7.239640690386295319e-03,4.878039360046386719e-01,5.356402397155761719e-01,-3.167516319081187248e-03,4.761040210723876953e-01,5.350339412689208984e-01,-1.592755084857344627e-03,4.627570807933807373e-01,5.165781974792480469e-01,-1.624657772481441498e-02,4.897794127464294434e-01,5.379760265350341797e-01,-1.278445683419704437e-02,4.808517098426818848e-01,5.498452782630920410e-01,-7.689243648201227188e-03,4.711039364337921143e-01,5.493447780609130859e-01,-4.948250018060207367e-03
6.514920592308044434e-01,6.130533814430236816e-01,-2.629120956498809392e-07,6.175310015678405762e-01,5.940017700195312500e-01,-2.963859122246503830e-03,5.972923040390014648e-01,5.651297569274902344e-01,-6.220152135938405991e-03,5.867565870285034180e-01,5.444976687431335449e-01,-1.063378248363733292e-02,5.787792205810546875e-01,5.320636034011840820e-01,-1.303066872060298920e-02,6.238844394683837891e-01,5.027689933776855469e-01,2.733870409429073334e-03,5.932416319847106934e-01,5.067660212516784668e-01,-9.065814316272735596e-03,5.950843691825866699e-01,5.310377478599548340e-01,-1.702183857560157776e-02,6.036575436592102051e-01,5.398086905479431152e-01,-2.145411632955074310e-02,6.357190608978271484e-01,5.044604539871215820e-01,-1.898909686133265495e-03,5.988534092903137207e-01,5.177536606788635254e-01,-1.332513522356748581e-02,6.034452319145202637e-01,5.434669852256774902e-01,-1.589723862707614899e-02,6.137815713882446289e-01,5.492342710494995117e-01,-1.556793879717588425e-02,6.453338265419006348e-01,5.159168839454650879e-01,-8.477611467242240906e-03,6.090294122695922852e-01,5.335689783096313477e-01,-1.871222257614135742e-02,6.140576004981994629e-01,5.570058226585388184e-01,-1.496690325438976288e-02,6.235926151275634766e-01,5.603860020637512207e-01,-1.051221322268247604e-02,6.519445180892944336e-01,5.341864228248596191e-01,-1.605560630559921265e-02,6.232665777206420898e-01,5.512087345123291016e-01,-2.250442840158939362e-02,6.257750988006591797e-01,5.674774050712585449e-01,-2.024720609188079834e-02,6.337965726852416992e-01,5.697566270828247070e-01,-1.670735888183116913e-02,4.092119932174682617e-01,5.742076039314270020e-01,-1.159421714191921637e-07,4.250005483627319336e-01,5.438163876533508301e-01,6.530255079269409180e-03,4.479767978191375732e-01,5.194766521453857422e-01,5.020172800868749619e-03,4.680190980434417725e-01,5.123788118362426758e-01,4.816390282940119505e-04,4.804025590419769287e-01,5.138627290725708008e-01,-2.654887968674302101e-03,4.560826122760772705e-01,4.802615046501159668e-01,7.548193447291851044e-03,4.930767416954040527e-01,4.991438984870910645e-01,8.961436687968671322e-04,4.855405986309051514e-01,5.144485235214233398e-01,-4.348789807409048080e-03,4.723951220512390137e-01,5.172748565673828125e-01,-7.854630239307880402e-03,4.581065773963928223e-01,4.854341149330139160e-01,-5.191104137338697910e-04,4.973841011524200439e-01,5.098231434822082520e-01,-3.753250697627663612e-03,4.881393313407897949e-01,5.243726372718811035e-01,-3.719054628163576126e-03,4.758790135383605957e-01,5.249322056770324707e-01,-4.214294720441102982e-03,4.600344896316528320e-01,4.981016516685485840e-01,-9.174274280667304993e-03,4.974943995475769043e-01,5.231950283050537109e-01,-9.607147425413131714e-03,4.873421192169189453e-01,5.372291803359985352e-01,-5.225381348282098770e-03,4.755176305770874023e-01,5.365046262741088867e-01,-3.467391943559050560e-03,4.619842171669006348e-01,5.166185498237609863e-01,-1.822213456034660339e-02,4.903735220432281494e-01,5.389431118965148926e-01,-1.510567497462034225e-02,4.810397028923034668e-01,5.506187081336975098e-01,-1.016607787460088730e-02,4.706149399280548096e-01,5.495175123214721680e-01,-7.605116814374923706e-03
6.542654633522033691e-01,6.163036823272705078e-01,-2.783626484870183049e-07,6.192843914031982422e-01,5.952270030975341797e-01,-5.414039827883243561e-03,5.999733209609985352e-01,5.619008541107177734e-01,-9.608301334083080292e-03,5.941979289054870605e-01,5.320775508880615234e-01,-1.425186730921268463e-02,6.004968881607055664e-01,5.106613039970397949e-01,-1.584347896277904510e-02,6.262444853782653809e-01,5.047120451927185059e-01,3.247358254157006741e-04,5.953106284141540527e-01,5.109028220176696777e-01,-1.269504893571138382e-02,5.990218520164489746e-01,5.364585518836975098e-01,-1.914959959685802460e-02,6.081785559654235840e-01,5.434442162513732910e-01,-2.209512516856193542e-02,6.375289559364318848e-01,5.077098011970520020e-01,-3.151544369757175446e-03,5.996575355529785156e-01,5.262664556503295898e-01,-1.602579094469547272e-02,6.055901646614074707e-01,5.513585209846496582e-01,-1.716110296547412872e-02,6.153038144111633301e-01,5.533996820449829102e-01,-1.549731474369764328e-02,6.463519334793090820e-01,5.201974511146545410e-01,-8.982595056295394897e-03,6.098079681396484375e-01,5.413068532943725586e-01,-2.130746282637119293e-02,6.154311299324035645e-01,5.642330646514892578e-01,-1.645195297896862030e-02,6.244110465049743652e-01,5.645222067832946777e-01,-1.071285177022218704e-02,6.519982814788818359e-01,5.392430424690246582e-01,-1.590547151863574982e-02,6.229894757270812988e-01,5.583531856536865234e-01,-2.338615991175174713e-02,6.258706450462341309e-01,5.744456648826599121e-01,-2.099065296351909637e-02,6.334937214851379395e-01,5.751115083694458008e-01,-1.698187924921512604e-02,4.114728569984436035e-01,5.651916265487670898e-01,-1.061205736618830997e-07,4.265667200088500977e-01,5.321820378303527832e-01,7.636678870767354965e-03,4.489083290100097656e-01,5.092269182205200195e-01,7.050848565995693207e-03,4.690513312816619873e-01,5.046087503433227539e-01,3.099476685747504234e-03,4.820260703563690186e-01,5.086682438850402832e-01,2.370112924836575985e-04,4.578310549259185791e-01,4.742770791053771973e-01,9.361458010971546173e-03,4.933475852012634277e-01,4.908694922924041748e-01,3.964586649090051651e-03,4.863275289535522461e-01,5.075794458389282227e-01,-4.964846884831786156e-04,4.741229414939880371e-01,5.122788548469543457e-01,-3.431721357628703117e-03,4.607173800468444824e-01,4.800116419792175293e-01,1.253154710866510868e-03,4.972948133945465088e-01,5.049029588699340820e-01,-8.388691348955035210e-04,4.881650805473327637e-01,5.203657746315002441e-01,-1.111476565711200237e-03,4.759264886379241943e-01,5.219343900680541992e-01,-1.810388872399926186e-03,4.633381962776184082e-01,4.928904175758361816e-01,-7.234934251755475998e-03,4.986096322536468506e-01,5.187888741493225098e-01,-7.110681384801864624e-03,4.885732531547546387e-01,5.331329107284545898e-01,-3.177249571308493614e-03,4.766673445701599121e-01,5.331628322601318359e-01,-1.547167426906526089e-03,4.654770791530609131e-01,5.111271142959594727e-01,-1.591050066053867340e-02,4.929662346839904785e-01,5.325171351432800293e-01,-1.254049595445394516e-02,4.838992357254028320e-01,5.451596379280090332e-01,-7.188623771071434021e-03,4.733949899673461914e-01,5.459931492805480957e-01,-4.058256745338439941e-03
6.544421911239624023e-01,6.155116558074951172e-01,-2.548030693105829414e-07,6.195744872093200684e-01,5.972213149070739746e-01,-4.958152770996093750e-03,5.993392467498779297e-01,5.691267251968383789e-01,-9.650741703808307648e-03,5.903129577636718750e-01,5.456859469413757324e-01,-1.501357927918434143e-02,5.902574658393859863e-01,5.270193219184875488e-01,-1.756825111806392670e-02,6.247471570968627930e-01,5.068342685699462891e-01,-1.029969789669848979e-04,5.946633219718933105e-01,5.112682580947875977e-01,-1.322282664477825165e-02,5.971887707710266113e-01,5.360471606254577637e-01,-2.059640362858772278e-02,6.062729358673095703e-01,5.424515008926391602e-01,-2.441911399364471436e-02,6.359113454818725586e-01,5.091105103492736816e-01,-3.908508457243442535e-03,5.994694232940673828e-01,5.288730263710021973e-01,-1.660057343542575836e-02,6.047299504280090332e-01,5.532790422439575195e-01,-1.831968128681182861e-02,6.150578856468200684e-01,5.536842942237854004e-01,-1.745835877954959869e-02,6.450279355049133301e-01,5.209936499595642090e-01,-9.950713254511356354e-03,6.097920536994934082e-01,5.445879101753234863e-01,-2.130107395350933075e-02,6.149892210960388184e-01,5.666229724884033203e-01,-1.654121652245521545e-02,6.241765022277832031e-01,5.653925538063049316e-01,-1.147618610411882401e-02,6.509271264076232910e-01,5.393975973129272461e-01,-1.717399433255195618e-02,6.229321360588073730e-01,5.607253909111022949e-01,-2.418149076402187347e-02,6.257999539375305176e-01,5.762509703636169434e-01,-2.179827913641929626e-02,6.339066624641418457e-01,5.754336118698120117e-01,-1.810284331440925598e-02,4.124957621097564697e-01,5.658445954322814941e-01,-1.165574090578047617e-07,4.274679720401763916e-01,5.335559248924255371e-01,8.520004339516162872e-03,4.492006599903106689e-01,5.102849602699279785e-01,8.029322139918804169e-03,4.687663912773132324e-01,5.050070285797119141e-01,4.083749838173389435e-03,4.812410473823547363e-01,5.083501935005187988e-01,1.171774812974035740e-03,4.570393562316894531e-01,4.758220314979553223e-01,9.494472295045852661e-03,4.928345978260040283e-01,4.933910965919494629e-01,3.407072508707642555e-03,4.861465096473693848e-01,5.098075270652770996e-01,-1.510949688963592052e-03,4.733968675136566162e-01,5.153378844261169434e-01,-4.391795955598354340e-03,4.604673981666564941e-01,4.816615879535675049e-01,9.906274499371647835e-04,4.973022341728210449e-01,5.052034854888916016e-01,-1.496921409852802753e-03,4.888976216316223145e-01,5.209595561027526855e-01,-1.717752427794039249e-03,4.765692949295043945e-01,5.238308310508728027e-01,-2.118275268003344536e-03,4.637064635753631592e-01,4.942301511764526367e-01,-7.856585085391998291e-03,4.984684586524963379e-01,5.184996724128723145e-01,-7.610957603901624680e-03,4.887999892234802246e-01,5.334353446960449219e-01,-3.441008972004055977e-03,4.769337773323059082e-01,5.347636342048645020e-01,-1.508163521066308022e-03,4.662564098834991455e-01,5.118257403373718262e-01,-1.686265319585800171e-02,4.930469989776611328e-01,5.326446294784545898e-01,-1.325320173054933548e-02,4.840117990970611572e-01,5.457451343536376953e-01,-7.860941812396049500e-03,4.734126329421997070e-01,5.476315617561340332e-01,-4.648237954825162888e-03
6.589546203613281250e-01,6.237774491310119629e-01,-2.770510718619334511e-07,6.241120100021362305e-01,6.046234965324401855e-01,-3.472797572612762451e-03,6.042401194572448730e-01,5.752516984939575195e-01,-7.334479596465826035e-03,5.948785543441772461e-01,5.524400472640991211e-01,-1.216896530240774155e-02,5.925836563110351562e-01,5.344883203506469727e-01,-1.442545279860496521e-02,6.270732283592224121e-01,5.133589506149291992e-01,6.595124141313135624e-04,5.981464385986328125e-01,5.184742212295532227e-01,-1.251454930752515793e-02,5.988129377365112305e-01,5.417174100875854492e-01,-1.962240226566791534e-02,6.053110361099243164e-01,5.502508282661437988e-01,-2.277806960046291351e-02,6.374166011810302734e-01,5.174127817153930664e-01,-3.933825995773077011e-03,6.000990867614746094e-01,5.371927618980407715e-01,-1.687821000814437866e-02,6.045215725898742676e-01,5.597891807556152344e-01,-1.909837871789932251e-02,6.138725280761718750e-01,5.623338818550109863e-01,-1.829632930457592010e-02,6.460530757904052734e-01,5.305081605911254883e-01,-1.056608278304338455e-02,6.094539165496826172e-01,5.530363917350769043e-01,-2.240480482578277588e-02,6.143963932991027832e-01,5.739982724189758301e-01,-1.839123666286468506e-02,6.234028935432434082e-01,5.745714902877807617e-01,-1.347588095813989639e-02,6.519756913185119629e-01,5.499892830848693848e-01,-1.812454871833324432e-02,6.231752038002014160e-01,5.699129104614257812e-01,-2.533119358122348785e-02,6.250051856040954590e-01,5.854076743125915527e-01,-2.302553504705429077e-02,6.322498321533203125e-01,5.861583948135375977e-01,-1.913933455944061279e-02,4.163893163204193115e-01,5.666427016258239746e-01,-1.143378227652647183e-07,4.286589324474334717e-01,5.328078269958496094e-01,9.079160168766975403e-03,4.489820599555969238e-01,5.095422267913818359e-01,9.076045826077461243e-03,4.677910506725311279e-01,5.050181746482849121e-01,5.384271498769521713e-03,4.802105128765106201e-01,5.091246366500854492e-01,2.554417354986071587e-03,4.581262469291687012e-01,4.785460829734802246e-01,1.173259597271680832e-02,4.915833771228790283e-01,4.925523996353149414e-01,6.141154561191797256e-03,4.863031506538391113e-01,5.089694261550903320e-01,1.125708105973899364e-03,4.739524126052856445e-01,5.147900581359863281e-01,-1.735311234369874001e-03,4.625335335731506348e-01,4.840801656246185303e-01,3.286413149908185005e-03,4.968367815017700195e-01,5.042313933372497559e-01,1.139146392233669758e-03,4.897164106369018555e-01,5.206796526908874512e-01,2.225651842309162021e-04,4.776582419872283936e-01,5.235555768013000488e-01,-5.264657665975391865e-04,4.666049182415008545e-01,4.963352382183074951e-01,-5.497397854924201965e-03,5.001385807991027832e-01,5.172451138496398926e-01,-5.788287147879600525e-03,4.917645454406738281e-01,5.342032313346862793e-01,-2.330983057618141174e-03,4.800662696361541748e-01,5.362407565116882324e-01,-5.351341678760945797e-04,4.695182442665100098e-01,5.140871405601501465e-01,-1.428594812750816345e-02,4.963507056236267090e-01,5.335626602172851562e-01,-1.157229393720626831e-02,4.879879355430603027e-01,5.483627319335937500e-01,-6.526520941406488419e-03,4.772706031799316406e-01,5.508883595466613770e-01,-3.217714838683605194e-03
6.589546203613281250e-01,6.237774491310119629e-01,-2.770510718619334511e-07,6.241120100021362305e-01,6.046234965324401855e-01,-3.472797572612762451e-03,6.042401194572448730e-01,5.752516984939575195e-01,-7.334479596465826035e-03,5.948785543441772461e-01,5.524400472640991211e-01,-1.216896530240774155e-02,5.925836563110351562e-01,5.344883203506469727e-01,-1.442545279860496521e-02,6.270732283592224121e-01,5.133589506149291992e-01,6.595124141313135624e-04,5.981464385986328125e-01,5.184742212295532227e-01,-1.251454930752515793e-02,5.988129377365112305e-01,5.417174100875854492e-01,-1.962240226566791534e-02,6.053110361099243164e-01,5.502508282661437988e-01,-2.277806960046291351e-02,6.374166011810302734e-01,5.174127817153930664e-01,-3.933825995773077011e-03,6.000990867614746094e-01,5.371927618980407715e-01,-1.687821000814437866e-02,6.045215725898742676e-01,5.597891807556152344e-01,-1.909837871789932251e-02,6.138725280761718750e-01,5.623338818550109863e-01,-1.829632930457592010e-02,6.460530757904052734e-01,5.305081605911254883e-01,-1.056608278304338455e-02,6.094539165496826172e-01,5.530363917350769043e-01,-2.240480482578277588e-02,6.143963932991027832e-01,5.739982724189758301e-01,-1.839123666286468506e-02,6.234028935432434082e-01,5.745714902877807617e-01,-1.347588095813989639e-02,6.519756913185119629e-01,5.499892830848693848e-01,-1.812454871833324432e-02,6.231752038002014160e-01,5.699129104614257812e-01,-2.533119358122348785e-02,6.250051856040954590e-01,5.854076743125915527e-01,-2.302553504705429077e-02,6.322498321533203125e-01,5.861583948135375977e-01,-1.913933455944061279e-02,4.163893163204193115e-01,5.666427016258239746e-01,-1.143378227652647183e-07,4.286589324474334717e-01,5.328078269958496094e-01,9.079160168766975403e-03,4.489820599555969238e-01,5.095422267913818359e-01,9.076045826077461243e-03,4.677910506725311279e-01,5.050181746482849121e-01,5.384271498769521713e-03,4.802105128765106201e-01,5.091246366500854492e-01,2.554417354986071587e-03,4.581262469291687012e-01,4.785460829734802246e-01,1.173259597271680832e-02,4.915833771228790283e-01,4.925523996353149414e-01,6.141154561191797256e-03,4.863031506538391113e-01,5.089694261550903320e-01,1.125708105973899364e-03,4.739524126052856445e-01,5.147900581359863281e-01,-1.735311234369874001e-03,4.625335335731506348e-01,4.840801656246185303e-01,3.286413149908185005e-03,4.968367815017700195e-01,5.042313933372497559e-01,1.139146392233669758e-03,4.897164106369018555e-01,5.206796526908874512e-01,2.225651842309162021e-04,4.776582419872283936e-01,5.235555768013000488e-01,-5.264657665975391865e-04,4.666049182415008545e-01,4.963352382183074951e-01,-5.497397854924201965e-03,5.001385807991027832e-01,5.172451138496398926e-01,-5.788287147879600525e-03,4.917645454406738281e-01,5.342032313346862793e-01,-2.330983057618141174e-03,4.800662696361541748e-01,5.362407565116882324e-01,-5.351341678760945797e-04,4.695182442665100098e-01,5.140871405601501465e-01,-1.428594812750816345e-02,4.963507056236267090e-01,5.335626602172851562e-01,-1.157229393720626831e-02,4.879879355430603027e-01,5.483627319335937500e-01,-6.526520941406488419e-03,4.772706031799316406e-01,5.508883595466613770e-01,-3.217714838683605194e-03
6.557518839836120605e-01,6.212753057479858398e-01,-2.832321115420199931e-07,6.212979555130004883e-01,6.015433073043823242e-01,-3.926344681531190872e-03,6.033036708831787109e-01,5.693278908729553223e-01,-7.212734781205654144e-03,5.973047018051147461e-01,5.412296056747436523e-01,-1.133888773620128632e-02,5.973488092422485352e-01,5.197807550430297852e-01,-1.272957865148782730e-02,6.251094937324523926e-01,5.095158219337463379e-01,-1.956667983904480934e-04,5.999365448951721191e-01,5.108042955398559570e-01,-1.295561995357275009e-02,5.977838635444641113e-01,5.361191630363464355e-01,-1.891182549297809601e-02,6.020509004592895508e-01,5.475443005561828613e-01,-2.129521779716014862e-02,6.366623640060424805e-01,5.135048627853393555e-01,-4.119337536394596100e-03,6.001087427139282227e-01,5.368733406066894531e-01,-1.670753955841064453e-02,6.041797399520874023e-01,5.610921382904052734e-01,-1.778767071664333344e-02,6.132562160491943359e-01,5.631065964698791504e-01,-1.628893800079822540e-02,6.460375189781188965e-01,5.272998809814453125e-01,-1.013530511409044266e-02,6.100335717201232910e-01,5.546348690986633301e-01,-2.181860618293285370e-02,6.149909496307373047e-01,5.756562352180480957e-01,-1.722431927919387817e-02,6.234821677207946777e-01,5.747928619384765625e-01,-1.204678136855363846e-02,6.520030498504638672e-01,5.474114418029785156e-01,-1.707693375647068024e-02,6.231459379196166992e-01,5.700739026069641113e-01,-2.449993416666984558e-02,6.259543299674987793e-01,5.853644013404846191e-01,-2.219876088201999664e-02,6.336504220962524414e-01,5.849563479423522949e-01,-1.830235682427883148e-02,4.160769283771514893e-01,5.654090046882629395e-01,-1.075145661388887675e-07,4.292887747287750244e-01,5.325047969818115234e-01,9.023988619446754456e-03,4.499225616455078125e-01,5.099118947982788086e-01,9.087583050131797791e-03,4.689291119575500488e-01,5.062696933746337891e-01,5.564592778682708740e-03,4.810264110565185547e-01,5.106182098388671875e-01,2.936043776571750641e-03,4.584148824214935303e-01,4.777991175651550293e-01,1.141994539648294449e-02,4.921473860740661621e-01,4.935986995697021484e-01,5.857521202415227890e-03,4.869228005409240723e-01,5.103095769882202148e-01,9.473735699430108070e-04,4.746199548244476318e-01,5.162503719329833984e-01,-1.933739171363413334e-03,4.624101519584655762e-01,4.832664728164672852e-01,2.948939101770520210e-03,4.975947141647338867e-01,5.055838823318481445e-01,8.378690690733492374e-04,4.905511438846588135e-01,5.223703384399414062e-01,1.505508116679266095e-04,4.786344766616821289e-01,5.255536437034606934e-01,-4.792800173163414001e-04,4.661425948143005371e-01,4.954074621200561523e-01,-5.870991852134466171e-03,5.004272460937500000e-01,5.184887647628784180e-01,-6.038492079824209213e-03,4.918754696846008301e-01,5.353315472602844238e-01,-2.431479748338460922e-03,4.803096055984497070e-01,5.374001860618591309e-01,-5.713693099096417427e-04,4.688802361488342285e-01,5.133369565010070801e-01,-1.474530529230833054e-02,4.958305358886718750e-01,5.338951349258422852e-01,-1.201146375387907028e-02,4.875791072845458984e-01,5.484477281570434570e-01,-7.070258725434541702e-03,4.773282408714294434e-01,5.510215759277343750e-01,-3.863418241962790489e-03
6.587485074996948242e-01,6.357935070991516113e-01,-1.410900978271456552e-07,6.250967383384704590e-01,6.171535849571228027e-01,-2.237431704998016357e-03,6.055308580398559570e-01,5.916741490364074707e-01,-7.566898595541715622e-03,5.943215489387512207e-01,5.718928575515747070e-01,-1.485746074467897415e-02,5.921971201896667480e-01,5.561263561248779297e-01,-2.152352780103683472e-02,6.238844990730285645e-01,5.358064174652099609e-01,-3.830313507933169603e-04,6.077505350112915039e-01,5.198262929916381836e-01,-1.063080597668886185e-02,6.001529693603515625e-01,5.109335184097290039e-01,-1.784407161176204681e-02,5.948040485382080078e-01,5.013130307197570801e-01,-2.285587228834629059e-02,6.359549164772033691e-01,5.373649001121520996e-01,-6.146038882434368134e-03,6.029488444328308105e-01,5.542978048324584961e-01,-1.795677095651626587e-02,6.066394448280334473e-01,5.739688873291015625e-01,-2.034335955977439880e-02,6.156448721885681152e-01,5.761951208114624023e-01,-2.041837200522422791e-02,6.455550789833068848e-01,5.496073365211486816e-01,-1.339044235646724701e-02,6.121910810470581055e-01,5.715659856796264648e-01,-2.406815625727176666e-02,6.165787577629089355e-01,5.895596146583557129e-01,-2.022767066955566406e-02,6.256097555160522461e-01,5.904752612113952637e-01,-1.622291095554828644e-02,6.518674492835998535e-01,5.685319900512695312e-01,-2.154327556490898132e-02,6.257584095001220703e-01,5.859188437461853027e-01,-2.810015529394149780e-02,6.275932192802429199e-01,5.991961956024169922e-01,-2.537401951849460602e-02,6.348415613174438477e-01,6.010878086090087891e-01,-2.202828414738178253e-02,4.196016192436218262e-01,5.711945891380310059e-01,-1.045297040036530234e-07,4.310643672943115234e-01,5.367739796638488770e-01,8.132063783705234528e-03,4.512935876846313477e-01,5.131195187568664551e-01,7.772682234644889832e-03,4.711540341377258301e-01,5.107529759407043457e-01,3.967327531427145004e-03,4.844259321689605713e-01,5.165684819221496582e-01,1.138296909630298615e-03,4.595403075218200684e-01,4.827496409416198730e-01,1.084664091467857361e-02,4.932041168212890625e-01,4.972310066223144531e-01,4.944587126374244690e-03,4.890074431896209717e-01,5.125874876976013184e-01,-3.278708027210086584e-04,4.770795404911041260e-01,5.186294317245483398e-01,-3.427086165174841881e-03,4.647313952445983887e-01,4.900707900524139404e-01,2.677791984751820564e-03,4.990043044090270996e-01,5.102547407150268555e-01,-1.260934222955256701e-04,4.929352998733520508e-01,5.255954265594482422e-01,-1.556947361677885056e-03,4.810068011283874512e-01,5.290051102638244629e-01,-2.564223250374197960e-03,4.695150554180145264e-01,5.031746029853820801e-01,-5.909150931984186172e-03,5.024800896644592285e-01,5.242608189582824707e-01,-6.533551961183547974e-03,4.945754408836364746e-01,5.397937297821044922e-01,-3.391954582184553146e-03,4.828245341777801514e-01,5.414428710937500000e-01,-1.732049277052283287e-03,4.733075797557830811e-01,5.214918851852416992e-01,-1.460026204586029053e-02,5.000321865081787109e-01,5.399596691131591797e-01,-1.216093078255653381e-02,4.915537238121032715e-01,5.532599687576293945e-01,-7.365991827100515366e-03,4.804101288318634033e-01,5.550532341003417969e-01,-4.235699307173490524e-03
6.587485074996948242e-01,6.357935070991516113e-01,-1.410900978271456552e-07,6.250967383384704590e-01,6.171535849571228027e-01,-2.237431704998016357e-03,6.055308580398559570e-01,5.916741490364074707e-01,-7.566898595541715622e-03,5.943215489387512207e-01,5.718928575515747070e-01,-1.485746074467897415e-02,5.921971201896667480e-01,5.561263561248779297e-01,-2.152352780103683472e-02,6.238844990730285645e-01,5.358064174652099609e-01,-3.830313507933169603e-04,6.077505350112915039e-01,5.198262929916381836e-01,-1.063080597668886185e-02,6.001529693603515625e-01,5.109335184097290039e-01,-1.784407161176204681e-02,5.948040485382080078e-01,5.013130307197570801e-01,-2.285587228834629059e-02,6.359549164772033691e-01,5.373649001121520996e-01,-6.146038882434368134e-03,6.029488444328308105e-01,5.542978048324584961e-01,-1.795677095651626587e-02,6.066394448280334473e-01,5.739688873291015625e-01,-2.034335955977439880e-02,6.156448721885681152e-01,5.761951208114624023e-01,-2.041837200522422791e-02,6.455550789833068848e-01,5.496073365211486816e-01,-1.339044235646724701e-02,6.121910810470581055e-01,5.715659856796264648e-01,-2.406815625727176666e-02,6.165787577629089355e-01,5.895596146583557129e-01,-2.022767066955566406e-02,6.256097555160522461e-01,5.904752612113952637e-01,-1.622291095554828644e-02,6.518674492835998535e-01,5.685319900512695312e-01,-2.154327556490898132e-02,6.257584095001220703e-01,5.859188437461853027e-01,-2.810015529394149780e-02,6.275932192802429199e-01,5.991961956024169922e-01,-2.537401951849460602e-02,6.348415613174438477e-01,6.010878086090087891e-01,-2.202828414738178253e-02,4.196016192436218262e-01,5.711945891380310059e-01,-1.045297040036530234e-07,4.310643672943115234e-01,5.367739796638488770e-01,8.132063783705234528e-03,4.512935876846313477e-01,5.131195187568664551e-01,7.772682234644889832e-03,4.711540341377258301e-01,5.107529759407043457e-01,3.967327531427145004e-03,4.844259321689605713e-01,5.165684819221496582e-01,1.138296909630298615e-03,4.595403075218200684e-01,4.827496409416198730e-01,1.084664091467857361e-02,4.932041168212890625e-01,4.972310066223144531e-01,4.944587126374244690e-03,4.890074431896209717e-01,5.125874876976013184e-01,-3.278708027210086584e-04,4.770795404911041260e-01,5.186294317245483398e-01,-3.427086165174841881e-03,4.647313952445983887e-01,4.900707900524139404e-01,2.677791984751820564e-03,4.990043044090270996e-01,5.102547407150268555e-01,-1.260934222955256701e-04,4.929352998733520508e-01,5.255954265594482422e-01,-1.556947361677885056e-03,4.810068011283874512e-01,5.290051102638244629e-01,-2.564223250374197960e-03,4.695150554180145264e-01,5.031746029853820801e-01,-5.909150931984186172e-03,5.024800896644592285e-01,5.242608189582824707e-01,-6.533551961183547974e-03,4.945754408836364746e-01,5.397937297821044922e-01,-3.391954582184553146e-03,4.828245341777801514e-01,5.414428710937500000e-01,-1.732049277052283287e-03,4.733075797557830811e-01,5.214918851852416992e-01,-1.460026204586029053e-02,5.000321865081787109e-01,5.399596691131591797e-01,-1.216093078255653381e-02,4.915537238121032715e-01,5.532599687576293945e-01,-7.365991827100515366e-03,4.804101288318634033e-01,5.550532341003417969e-01,-4.235699307173490524e-03
6.631973385810852051e-01,6.451191902160644531e-01,-1.979280739305977477e-07,6.274551749229431152e-01,6.265421509742736816e-01,-3.253627801313996315e-03,6.068698167800903320e-01,6.013658642768859863e-01,-8.048415184020996094e-03,5.957534313201904297e-01,5.808392763137817383e-01,-1.428739354014396667e-02,5.944775342941284180e-01,5.654588937759399414e-01,-1.899454742670059204e-02,6.272855997085571289e-01,5.411180853843688965e-01,-7.708720513619482517e-04,6.043600440025329590e-01,5.352346897125244141e-01,-1.230836566537618637e-02,6.012344956398010254e-01,5.411934852600097656e-01,-1.942409574985504150e-02,6.021903157234191895e-01,5.368963479995727539e-01,-2.364523895084857941e-02,6.385396122932434082e-01,5.452231764793395996e-01,-5.731566343456506729e-03,6.030467748641967773e-01,5.660212039947509766e-01,-1.816793717443943024e-02,6.073296070098876953e-01,5.834007263183593750e-01,-2.035671472549438477e-02,6.164873838424682617e-01,5.815004110336303711e-01,-2.008135244250297546e-02,6.474068760871887207e-01,5.585796236991882324e-01,-1.241155527532100677e-02,6.123543977737426758e-01,5.835394859313964844e-01,-2.351936511695384979e-02,6.172283291816711426e-01,5.994274616241455078e-01,-1.938965171575546265e-02,6.260600090026855469e-01,5.973867774009704590e-01,-1.483334787189960480e-02,6.531603336334228516e-01,5.782715082168579102e-01,-2.006261609494686127e-02,6.261616945266723633e-01,5.990015268325805664e-01,-2.636797726154327393e-02,6.289680600166320801e-01,6.112579703330993652e-01,-2.342291548848152161e-02,6.364972591400146484e-01,6.106238365173339844e-01,-1.959140598773956299e-02,4.218174219131469727e-01,5.766671895980834961e-01,-1.092477930342283798e-07,4.316209852695465088e-01,5.400661826133728027e-01,9.701014496386051178e-03,4.521316587924957275e-01,5.152091979980468750e-01,1.038635428994894028e-02,4.722148180007934570e-01,5.123823285102844238e-01,7.413907442241907120e-03,4.852712452411651611e-01,5.182663798332214355e-01,5.234909243881702423e-03,4.607150554656982422e-01,4.872410297393798828e-01,1.233041845262050629e-02,4.944218695163726807e-01,4.994511008262634277e-01,8.093724027276039124e-03,4.892792105674743652e-01,5.147894620895385742e-01,4.113081842660903931e-03,4.773656427860260010e-01,5.194051265716552734e-01,1.563864410854876041e-03,4.663055539131164551e-01,4.940091073513031006e-01,3.649211721494793892e-03,5.007391571998596191e-01,5.121250748634338379e-01,2.419922733679413795e-03,4.937071800231933594e-01,5.273535251617431641e-01,1.841417746618390083e-03,4.818191528320312500e-01,5.290368199348449707e-01,1.044506672769784927e-03,4.712310731410980225e-01,5.071336030960083008e-01,-5.224501248449087143e-03,5.050525665283203125e-01,5.260448455810546875e-01,-4.589871503412723541e-03,4.963662624359130859e-01,5.417293310165405273e-01,-9.172089630737900734e-04,4.845074117183685303e-01,5.419735908508300781e-01,6.373507203534245491e-04,4.748588502407073975e-01,5.258480906486511230e-01,-1.403888221830129623e-02,5.027641654014587402e-01,5.425980687141418457e-01,-1.070051919668912888e-02,4.936467409133911133e-01,5.560872554779052734e-01,-5.371279548853635788e-03,4.821931123733520508e-01,5.570333600044250488e-01,-2.171141095459461212e-03
6.670426130294799805e-01,6.586917638778686523e-01,-2.442266975322127109e-07,6.303803324699401855e-01,6.384564638137817383e-01,-2.844281727448105812e-03,6.092437505722045898e-01,6.146737337112426758e-01,-7.840130478143692017e-03,5.970759391784667969e-01,5.968157052993774414e-01,-1.417915150523185730e-02,5.938443541526794434e-01,5.831928253173828125e-01,-1.853847503662109375e-02,6.300664544105529785e-01,5.537120103836059570e-01,5.666892320732586086e-05,5.996910929679870605e-01,5.641115903854370117e-01,-1.257774140685796738e-02,6.044353246688842773e-01,5.850179195404052734e-01,-2.111551165580749512e-02,6.140488386154174805e-01,5.864319801330566406e-01,-2.594681456685066223e-02,6.405394673347473145e-01,5.594334006309509277e-01,-5.053862463682889938e-03,6.047129034996032715e-01,5.800210833549499512e-01,-1.664464361965656281e-02,6.106891036033630371e-01,5.969203114509582520e-01,-1.938716880977153778e-02,6.208339333534240723e-01,5.952017307281494141e-01,-1.994137093424797058e-02,6.489986777305603027e-01,5.734419226646423340e-01,-1.194400992244482040e-02,6.143415570259094238e-01,5.959346294403076172e-01,-2.210892364382743835e-02,6.198109984397888184e-01,6.111070513725280762e-01,-1.839317381381988525e-02,6.289297342300415039e-01,6.086281538009643555e-01,-1.446863170713186264e-02,6.541979908943176270e-01,5.932971835136413574e-01,-1.974730938673019409e-02,6.277590990066528320e-01,6.113448143005371094e-01,-2.493518218398094177e-02,6.307165026664733887e-01,6.225672960281372070e-01,-2.169591002166271210e-02,6.386745572090148926e-01,6.215800046920776367e-01,-1.789479330182075500e-02,4.257208108901977539e-01,5.832418203353881836e-01,-1.010843249105164432e-07,4.351043701171875000e-01,5.449845194816589355e-01,9.335960261523723602e-03,4.559605717658996582e-01,5.195521712303161621e-01,1.005840767174959183e-02,4.767439365386962891e-01,5.172010660171508789e-01,7.241637445986270905e-03,4.907679557800292969e-01,5.231187343597412109e-01,5.354909226298332214e-03,4.632335305213928223e-01,4.917368888854980469e-01,1.246681809425354004e-02,4.958389997482299805e-01,5.008426904678344727e-01,8.431210182607173920e-03,4.910700917243957520e-01,5.154350996017456055e-01,4.470094572752714157e-03,4.798566997051239014e-01,5.201578736305236816e-01,1.825455226935446262e-03,4.695068895816802979e-01,4.994941651821136475e-01,3.935029730200767517e-03,5.028383135795593262e-01,5.136596560478210449e-01,2.731595654040575027e-03,4.962736666202545166e-01,5.282396078109741211e-01,1.831490779295563698e-03,4.849148392677307129e-01,5.300589799880981445e-01,7.795698475092649460e-04,4.749308526515960693e-01,5.132786631584167480e-01,-4.820530302822589874e-03,5.079098343849182129e-01,5.289592742919921875e-01,-3.970404155552387238e-03,4.998280405998229980e-01,5.434835553169250488e-01,-5.949217011220753193e-04,4.883385300636291504e-01,5.434082150459289551e-01,6.378758698701858521e-04,4.788418114185333252e-01,5.324506163597106934e-01,-1.357210893183946609e-02,5.058648586273193359e-01,5.471268296241760254e-01,-9.984954260289669037e-03,4.971265196800231934e-01,5.591910481452941895e-01,-4.862371832132339478e-03,4.860617518424987793e-01,5.594198703765869141e-01,-1.948223914951086044e-03
6.670426130294799805e-01,6.586917638778686523e-01,-2.442266975322127109e-07,6.303803324699401855e-01,6.384564638137817383e-01,-2.844281727448105812e-03,6.092437505722045898e-01,6.146737337112426758e-01,-7.840130478143692017e-03,5.970759391784667969e-01,5.968157052993774414e-01,-1.417915150523185730e-02,5.938443541526794434e-01,5.831928253173828125e-01,-1.853847503662109375e-02,6.300664544105529785e-01,5.537120103836059570e-01,5.666892320732586086e-05,5.996910929679870605e-01,5.641115903854370117e-01,-1.257774140685796738e-02,6.044353246688842773e-01,5.850179195404052734e-01,-2.111551165580749512e-02,6.140488386154174805e-01,5.864319801330566406e-01,-2.594681456685066223e-02,6.405394673347473145e-01,5.594334006309509277e-01,-5.053862463682889938e-03,6.047129034996032715e-01,5.800210833549499512e-01,-1.664464361965656281e-02,6.106891036033630371e-01,5.969203114509582520e-01,-1.938716880977153778e-02,6.208339333534240723e-01,5.952017307281494141e-01,-1.994137093424797058e-02,6.489986777305603027e-01,5.734419226646423340e-01,-1.194400992244482040e-02,6.143415570259094238e-01,5.959346294403076172e-01,-2.210892364382743835e-02,6.198109984397888184e-01,6.111070513725280762e-01,-1.839317381381988525e-02,6.289297342300415039e-01,6.086281538009643555e-01,-1.446863170713186264e-02,6.541979908943176270e-01,5.932971835136413574e-01,-1.974730938673019409e-02,6.277590990066528320e-01,6.113448143005371094e-01,-2.493518218398094177e-02,6.307165026664733887e-01,6.225672960281372070e-01,-2.169591002166271210e-02,6.386745572090148926e-01,6.215800046920776367e-01,-1.789479330182075500e-02,4.257208108901977539e-01,5.832418203353881836e-01,-1.010843249105164432e-07,4.351043701171875000e-01,5.449845194816589355e-01,9.335960261523723602e-03,4.559605717658996582e-01,5.195521712303161621e-01,1.005840767174959183e-02,4.767439365386962891e-01,5.172010660171508789e-01,7.241637445986270905e-03,4.907679557800292969e-01,5.231187343597412109e-01,5.354909226298332214e-03,4.632335305213928223e-01,4.917368888854980469e-01,1.246681809425354004e-02,4.958389997482299805e-01,5.008426904678344727e-01,8.431210182607173920e-03,4.910700917243957520e-01,5.154350996017456055e-01,4.470094572752714157e-03,4.798566997051239014e-01,5.201578736305236816e-01,1.825455226935446262e-03,4.695068895816802979e-01,4.994941651821136475e-01,3.935029730200767517e-03,5.028383135795593262e-01,5.136596560478210449e-01,2.731595654040575027e-03,4.962736666202545166e-01,5.282396078109741211e-01,1.831490779295563698e-03,4.849148392677307129e-01,5.300589799880981445e-01,7.795698475092649460e-04,4.749308526515960693e-01,5.132786631584167480e-01,-4.820530302822589874e-03,5.079098343849182129e-01,5.289592742919921875e-01,-3.970404155552387238e-03,4.998280405998229980e-01,5.434835553169250488e-01,-5.949217011220753193e-04,4.883385300636291504e-01,5.434082150459289551e-01,6.378758698701858521e-04,4.788418114185333252e-01,5.324506163597106934e-01,-1.357210893183946609e-02,5.058648586273193359e-01,5.471268296241760254e-01,-9.984954260289669037e-03,4.971265196800231934e-01,5.591910481452941895e-01,-4.862371832132339478e-03,4.860617518424987793e-01,5.594198703765869141e-01,-1.948223914951086044e-03
6.663296222686767578e-01,6.599916219711303711e-01,-2.127572571453129058e-07,6.301689743995666504e-01,6.424313187599182129e-01,-2.686406252905726433e-03,6.097741127014160156e-01,6.191133856773376465e-01,-7.398700807243585587e-03,5.981217622756958008e-01,6.020306944847106934e-01,-1.340417284518480301e-02,5.957757830619812012e-01,5.899516940116882324e-01,-1.738022640347480774e-02,6.321377158164978027e-01,5.586689114570617676e-01,9.244198445230722427e-04,6.000771522521972656e-01,5.723354816436767578e-01,-1.140362024307250977e-02,6.056813597679138184e-01,5.941743254661560059e-01,-1.916768401861190796e-02,6.155728697776794434e-01,5.946208238601684570e-01,-2.339984849095344543e-02,6.426991224288940430e-01,5.643592476844787598e-01,-4.018353298306465149e-03,6.053393483161926270e-01,5.836744904518127441e-01,-1.605799794197082520e-02,6.114786863327026367e-01,6.032897830009460449e-01,-1.814120262861251831e-02,6.216954588890075684e-01,6.025973558425903320e-01,-1.776190474629402161e-02,6.505448222160339355e-01,5.778086781501770020e-01,-1.079447474330663681e-02,6.144073605537414551e-01,5.991402864456176758e-01,-2.168008685111999512e-02,6.201254725456237793e-01,6.168296933174133301e-01,-1.762107945978641510e-02,6.297112107276916504e-01,6.149415373802185059e-01,-1.295975223183631897e-02,6.548479795455932617e-01,5.973843336105346680e-01,-1.835868135094642639e-02,6.276968121528625488e-01,6.155550479888916016e-01,-2.405368536710739136e-02,6.308955550193786621e-01,6.278858780860900879e-01,-2.117969840764999390e-02,6.395072937011718750e-01,6.265782117843627930e-01,-1.739427074790000916e-02,4.282908737659454346e-01,5.863348841667175293e-01,-9.634021580495755188e-08,4.359920620918273926e-01,5.475125908851623535e-01,7.891968823969364166e-03,4.553869366645812988e-01,5.211555957794189453e-01,7.691459730267524719e-03,4.754351973533630371e-01,5.178193449974060059e-01,4.245113115757703781e-03,4.889830946922302246e-01,5.246463418006896973e-01,1.801651786081492901e-03,4.640253484249114990e-01,4.938369095325469971e-01,1.006648410111665726e-02,4.966382682323455811e-01,5.015803575515747070e-01,5.041222553700208664e-03,4.925285577774047852e-01,5.175459384918212891e-01,7.122529787011444569e-04,4.813774228096008301e-01,5.237884521484375000e-01,-2.092304639518260956e-03,4.707953929901123047e-01,5.009149909019470215e-01,2.123070880770683289e-03,5.044357776641845703e-01,5.148130655288696289e-01,-1.065914912032894790e-04,4.982815980911254883e-01,5.309861302375793457e-01,-1.203652820549905300e-03,4.868991076946258545e-01,5.334694981575012207e-01,-2.248335629701614380e-03,4.768483042716979980e-01,5.140879154205322266e-01,-6.107686087489128113e-03,5.100147724151611328e-01,5.306804776191711426e-01,-6.184649188071489334e-03,5.018480420112609863e-01,5.465830564498901367e-01,-2.971957670524716377e-03,4.900035262107849121e-01,5.470758080482482910e-01,-1.669759512878954411e-03,4.814006984233856201e-01,5.327901840209960938e-01,-1.446746289730072021e-02,5.073636174201965332e-01,5.500488877296447754e-01,-1.175391394644975662e-02,4.984493255615234375e-01,5.628882646560668945e-01,-7.322513964027166367e-03,4.873967468738555908e-01,5.630680322647094727e-01,-4.735730588436126709e-03
6.624891161918640137e-01,6.622498631477355957e-01,-2.118823658747714944e-07,6.287072300910949707e-01,6.448733806610107422e-01,-3.213858930394053459e-03,6.085906028747558594e-01,6.217005848884582520e-01,-8.090690709650516510e-03,5.973985791206359863e-01,6.047323346138000488e-01,-1.402530912309885025e-02,5.980292558670043945e-01,5.937572121620178223e-01,-1.797044835984706879e-02,6.323228478431701660e-01,5.625911951065063477e-01,-6.119387107901275158e-04,6.008096933364868164e-01,5.753093957901000977e-01,-1.286160945892333984e-02,6.055204868316650391e-01,5.978148579597473145e-01,-2.019171416759490967e-02,6.151166558265686035e-01,5.995421409606933594e-01,-2.397256903350353241e-02,6.434126496315002441e-01,5.685525536537170410e-01,-5.134455859661102295e-03,6.070945262908935547e-01,5.894256830215454102e-01,-1.666635274887084961e-02,6.123754978179931641e-01,6.091377735137939453e-01,-1.823630928993225098e-02,6.221631169319152832e-01,6.089428067207336426e-01,-1.755294762551784515e-02,6.512878537178039551e-01,5.822438597679138184e-01,-1.145752239972352982e-02,6.159366965293884277e-01,6.042535901069641113e-01,-2.199754305183887482e-02,6.208706498146057129e-01,6.219652891159057617e-01,-1.786839962005615234e-02,6.301347017288208008e-01,6.214057803153991699e-01,-1.312593556940555573e-02,6.556484103202819824e-01,6.021052598953247070e-01,-1.857845857739448547e-02,6.286877393722534180e-01,6.198163628578186035e-01,-2.423807233572006226e-02,6.318248510360717773e-01,6.321954727172851562e-01,-2.140348777174949646e-02,6.403669714927673340e-01,6.324516534805297852e-01,-1.753795892000198364e-02,4.292828142642974854e-01,5.886796116828918457e-01,-1.026895972700003767e-07,4.372663497924804688e-01,5.493091940879821777e-01,8.590948767960071564e-03,4.564575850963592529e-01,5.224050879478454590e-01,8.681176230311393738e-03,4.763055443763732910e-01,5.185245871543884277e-01,5.418167449533939362e-03,4.898461997509002686e-01,5.256763696670532227e-01,3.059922717511653900e-03,4.652318656444549561e-01,4.948540925979614258e-01,1.018231175839900970e-02,4.972833395004272461e-01,5.021560788154602051e-01,5.896868184208869934e-03,4.931277632713317871e-01,5.178869366645812988e-01,2.178051508963108063e-03,4.823442399501800537e-01,5.240716338157653809e-01,-3.406968608032912016e-04,4.719124436378479004e-01,5.029460787773132324e-01,1.895046443678438663e-03,5.049880743026733398e-01,5.157237648963928223e-01,2.856783394236117601e-04,4.988369643688201904e-01,5.315498709678649902e-01,-4.461086064111441374e-04,4.877533316612243652e-01,5.344782471656799316e-01,-1.328052952885627747e-03,4.779886901378631592e-01,5.169969797134399414e-01,-6.513139698654413223e-03,5.105590224266052246e-01,5.321490764617919922e-01,-6.014734972268342972e-03,5.026240944862365723e-01,5.474486947059631348e-01,-2.589662326499819756e-03,4.911999106407165527e-01,5.483297109603881836e-01,-1.262564212083816528e-03,4.825240373611450195e-01,5.363534688949584961e-01,-1.496892515569925308e-02,5.087228417396545410e-01,5.511555671691894531e-01,-1.177892088890075684e-02,4.999976456165313721e-01,5.636721253395080566e-01,-6.981275044381618500e-03,4.890878200531005859e-01,5.643644332885742188e-01,-4.183424636721611023e-03
6.632024645805358887e-01,6.662480235099792480e-01,-2.065546738094781176e-07,6.306368708610534668e-01,6.486527919769287109e-01,-3.519959980621933937e-03,6.112907528877258301e-01,6.256363987922668457e-01,-8.598252199590206146e-03,6.004964709281921387e-01,6.093761324882507324e-01,-1.456566993147134781e-02,6.008313894271850586e-01,5.991892218589782715e-01,-1.852563582360744476e-02,6.360182762145996094e-01,5.669571757316589355e-01,-1.295174006372690201e-03,6.035858392715454102e-01,5.810862779617309570e-01,-1.356786675751209259e-02,6.090654134750366211e-01,6.026782989501953125e-01,-2.101392298936843872e-02,6.192141175270080566e-01,6.030014157295227051e-01,-2.497911453247070312e-02,6.466062664985656738e-01,5.740785598754882812e-01,-5.725945346057415009e-03,6.099421977996826172e-01,5.961889028549194336e-01,-1.712892763316631317e-02,6.162171363830566406e-01,6.147868037223815918e-01,-1.864928007125854492e-02,6.261475086212158203e-01,6.133199334144592285e-01,-1.811957173049449921e-02,6.537959575653076172e-01,5.886195302009582520e-01,-1.193790417164564133e-02,6.182658672332763672e-01,6.110759377479553223e-01,-2.232124283909797668e-02,6.240685582160949707e-01,6.285373568534851074e-01,-1.795693114399909973e-02,6.333054900169372559e-01,6.272008419036865234e-01,-1.325926091521978378e-02,6.575192809104919434e-01,6.088762283325195312e-01,-1.902239210903644562e-02,6.300789117813110352e-01,6.270875930786132812e-01,-2.482090517878532410e-02,6.338516473770141602e-01,6.400601863861083984e-01,-2.196822874248027802e-02,6.424397230148315430e-01,6.398218274116516113e-01,-1.818113587796688080e-02,4.273492991924285889e-01,5.903419256210327148e-01,-1.153930142550052551e-07,4.362711012363433838e-01,5.507002472877502441e-01,9.350677952170372009e-03,4.569832682609558105e-01,5.238959193229675293e-01,1.002647913992404938e-02,4.770040810108184814e-01,5.199601054191589355e-01,7.201380562037229538e-03,4.904724359512329102e-01,5.263763666152954102e-01,5.214992910623550415e-03,4.677953124046325684e-01,4.960834085941314697e-01,1.156241167336702347e-02,5.006737112998962402e-01,5.058645009994506836e-01,7.822154089808464050e-03,4.955848753452301025e-01,5.208659768104553223e-01,4.151591565459966660e-03,4.840842485427856445e-01,5.252403616905212402e-01,1.520645804703235626e-03,4.740872681140899658e-01,5.041773915290832520e-01,2.945403801277279854e-03,5.077700614929199219e-01,5.192652940750122070e-01,2.073456766083836555e-03,5.009865164756774902e-01,5.342561602592468262e-01,1.539817661978304386e-03,4.895297586917877197e-01,5.362170934677124023e-01,6.377617246471345425e-04,4.794864952564239502e-01,5.184147357940673828e-01,-5.760303232818841934e-03,5.124868750572204590e-01,5.348764061927795410e-01,-4.701164085417985916e-03,5.041714906692504883e-01,5.497048497200012207e-01,-1.212570932693779469e-03,4.924606680870056152e-01,5.499446988105773926e-01,5.574285387410782278e-05,4.832015037536621094e-01,5.381550192832946777e-01,-1.449953019618988037e-02,5.101637244224548340e-01,5.532231926918029785e-01,-1.078965142369270325e-02,5.013725161552429199e-01,5.655024051666259766e-01,-5.735280457884073257e-03,4.902146756649017334e-01,5.660462975502014160e-01,-2.818853361532092094e-03
6.612295508384704590e-01,6.675615906715393066e-01,-2.015660385268347454e-07,6.296113729476928711e-01,6.493323445320129395e-01,-3.294488647952675819e-03,6.106474399566650391e-01,6.255452632904052734e-01,-7.769866380840539932e-03,6.000089645385742188e-01,6.087322831153869629e-01,-1.315140444785356522e-02,6.014497876167297363e-01,5.984591841697692871e-01,-1.655512303113937378e-02,6.358114480972290039e-01,5.684695243835449219e-01,6.159516487969085574e-05,6.041191816329956055e-01,5.812835693359375000e-01,-1.163371186703443527e-02,6.092324256896972656e-01,6.026933789253234863e-01,-1.890018954873085022e-02,6.194648146629333496e-01,6.034796833992004395e-01,-2.280271612107753754e-02,6.465718746185302734e-01,5.748581886291503906e-01,-4.272139165550470352e-03,6.101376414299011230e-01,5.954192280769348145e-01,-1.502457354217767715e-02,6.157631278038024902e-01,6.140149235725402832e-01,-1.654408499598503113e-02,6.257786750793457031e-01,6.131219267845153809e-01,-1.596884056925773621e-02,6.539917588233947754e-01,5.888767838478088379e-01,-1.041997689753770828e-02,6.187549829483032227e-01,6.106006503105163574e-01,-2.023229748010635376e-02,6.237647533416748047e-01,6.279335618019104004e-01,-1.620997302234172821e-02,6.329273581504821777e-01,6.268373727798461914e-01,-1.173655223101377487e-02,6.580960154533386230e-01,6.087899804115295410e-01,-1.745465770363807678e-02,6.305514574050903320e-01,6.274683475494384766e-01,-2.291609533131122589e-02,6.335236430168151855e-01,6.407814025878906250e-01,-2.024176344275474548e-02,6.417271494865417480e-01,6.411105990409851074e-01,-1.657332293689250946e-02,4.281339347362518311e-01,5.898451805114746094e-01,-1.052182270200319181e-07,4.376531243324279785e-01,5.498011112213134766e-01,8.973291143774986267e-03,4.577531814575195312e-01,5.240129828453063965e-01,9.433846920728683472e-03,4.778375923633575439e-01,5.204230546951293945e-01,6.535170134156942368e-03,4.914775490760803223e-01,5.259387493133544922e-01,4.539093933999538422e-03,4.685988128185272217e-01,4.966348409652709961e-01,1.095092389732599258e-02,5.015840530395507812e-01,5.063953995704650879e-01,7.142878603190183640e-03,4.969162940979003906e-01,5.218044519424438477e-01,3.560056444257497787e-03,4.855958223342895508e-01,5.266361832618713379e-01,1.150346361100673676e-03,4.750767052173614502e-01,5.045892596244812012e-01,2.791086444631218910e-03,5.087842941284179688e-01,5.203094482421875000e-01,1.871897606179118156e-03,5.023473501205444336e-01,5.358376502990722656e-01,1.285037375055253506e-03,4.909777641296386719e-01,5.380064249038696289e-01,3.849253407679498196e-04,4.805468022823333740e-01,5.188778638839721680e-01,-5.456266459077596664e-03,5.132671594619750977e-01,5.364052057266235352e-01,-4.264991730451583862e-03,5.053748488426208496e-01,5.511168837547302246e-01,-8.200394804589450359e-04,4.938333928585052490e-01,5.512545108795166016e-01,4.067952977493405342e-04,4.840251207351684570e-01,5.383260846138000488e-01,-1.371612399816513062e-02,5.101658105850219727e-01,5.546723604202270508e-01,-9.845365770161151886e-03,5.020970106124877930e-01,5.666038393974304199e-01,-4.809306003153324127e-03,4.915849864482879639e-01,5.669597983360290527e-01,-1.875221147201955318e-03
