-1.000000000000000000e+00,-1.000000000000000000e+00,-1.000000000000000000e+00,-1.000000000000000000e+00,-1.000000000000000000e+00,-1.000000000000000000e+00,-1.000000000000000000e+00,-1.000000000000000000e+00,-1.000000000000000000e+00,-1.000000000000000000e+00,-1.000000000000000000e+00,-1.000000000000000000e+00,-1.000000000000000000e+00,-1.000000000000000000e+00,-1.000000000000000000e+00,-1.000000000000000000e+00,-1.000000000000000000e+00,-1.000000000000000000e+00,-1.000000000000000000e+00,-1.000000000000000000e+00,-1.000000000000000000e+00,-1.000000000000000000e+00,-1.000000000000000000e+00,-1.000000000000000000e+00,-1.000000000000000000e+00,-1.000000000000000000e+00,-1.000000000000000000e+00,-1.000000000000000000e+00,-1.000000000000000000e+00,-1.000000000000000000e+00,-1.000000000000000000e+00,-1.000000000000000000e+00,-1.000000000000000000e+00,-1.000000000000000000e+00,-1.000000000000000000e+00,-1.000000000000000000e+00,-1.000000000000000000e+00,-1.000000000000000000e+00,-1.000000000000000000e+00,-1.000000000000000000e+00,-1.000000000000000000e+00,-1.000000000000000000e+00,-1.000000000000000000e+00,-1.000000000000000000e+00,-1.000000000000000000e+00,-1.000000000000000000e+00,-1.000000000000000000e+00,-1.000000000000000000e+00,-1.000000000000000000e+00,-1.000000000000000000e+00,-1.000000000000000000e+00,-1.000000000000000000e+00,-1.000000000000000000e+00,-1.000000000000000000e+00,-1.000000000000000000e+00,-1.000000000000000000e+00,-1.000000000000000000e+00,-1.000000000000000000e+00,-1.000000000000000000e+00,-1.000000000000000000e+00,-1.000000000000000000e+00,-1.000000000000000000e+00,-1.000000000000000000e+00,-1.000000000000000000e+00,-1.000000000000000000e+00,-1.000000000000000000e+00,-1.000000000000000000e+00,-1.000000000000000000e+00,-1.000000000000000000e+00,-1.000000000000000000e+00,-1.000000000000000000e+00,-1.000000000000000000e+00,-1.000000000000000000e+00,-1.000000000000000000e+00,-1.000000000000000000e+00,-1.000000000000000000e+00,-1.000000000000000000e+00,-1.000000000000000000e+00,-1.000000000000000000e+00,-1.000000000000000000e+00,-1.000000000000000000e+00,-1.000000000000000000e+00,-1.000000000000000000e+00,-1.000000000000000000e+00,-1.000000000000000000e+00,-1.000000000000000000e+00,-1.000000000000000000e+00,-1.000000000000000000e+00,-1.000000000000000000e+00,-1.000000000000000000e+00,-1.000000000000000000e+00,-1.000000000000000000e+00,-1.000000000000000000e+00,-1.000000000000000000e+00,-1.000000000000000000e+00,-1.000000000000000000e+00,-1.000000000000000000e+00,-1.000000000000000000e+00,-1.000000000000000000e+00,-1.000000000000000000e+00,-1.000000000000000000e+00,-1.000000000000000000e+00,-1.000000000000000000e+00,-1.000000000000000000e+00,-1.000000000000000000e+00,-1.000000000000000000e+00,-1.000000000000000000e+00,-1.000000000000000000e+00,-1.000000000000000000e+00,-1.000000000000000000e+00,-1.000000000000000000e+00,-1.000000000000000000e+00,-1.000000000000000000e+00,-1.000000000000000000e+00,-1.000000000000000000e+00,-1.000000000000000000e+00,-1.000000000000000000e+00,-1.000000000000000000e+00,-1.000000000000000000e+00,-1.000000000000000000e+00,-1.000000000000000000e+00,-1.000000000000000000e+00,-1.000000000000000000e+00,-1.000000000000000000e+00,-1.000000000000000000e+00,-1.000000000000000000e+00
-1.000000000000000000e+00,-1.000000000000000000e+00,-1.000000000000000000e+00,-1.000000000000000000e+00,-1.000000000000000000e+00,-1.000000000000000000e+00,-1.000000000000000000e+00,-1.000000000000000000e+00,-1.000000000000000000e+00,-1.000000000000000000e+00,-1.000000000000000000e+00,-1.000000000000000000e+00,-1.000000000000000000e+00,-1.000000000000000000e+00,-1.000000000000000000e+00,-1.000000000000000000e+00,-1.000000000000000000e+00,-1.000000000000000000e+00,-1.000000000000000000e+00,-1.000000000000000000e+00,-1.000000000000000000e+00,-1.000000000000000000e+00,-1.000000000000000000e+00,-1.000000000000000000e+00,-1.000000000000000000e+00,-1.000000000000000000e+00,-1.000000000000000000e+00,-1.000000000000000000e+00,-1.000000000000000000e+00,-1.000000000000000000e+00,-1.000000000000000000e+00,-1.000000000000000000e+00,-1.000000000000000000e+00,-1.000000000000000000e+00,-1.000000000000000000e+00,-1.000000000000000000e+00,-1.000000000000000000e+00,-1.000000000000000000e+00,-1.000000000000000000e+00,-1.000000000000000000e+00,-1.000000000000000000e+00,-1.000000000000000000e+00,-1.000000000000000000e+00,-1.000000000000000000e+00,-1.000000000000000000e+00,-1.000000000000000000e+00,-1.000000000000000000e+00,-1.000000000000000000e+00,-1.000000000000000000e+00,-1.000000000000000000e+00,-1.000000000000000000e+00,-1.000000000000000000e+00,-1.000000000000000000e+00,-1.000000000000000000e+00,-1.000000000000000000e+00,-1.000000000000000000e+00,-1.000000000000000000e+00,-1.000000000000000000e+00,-1.000000000000000000e+00,-1.000000000000000000e+00,-1.000000000000000000e+00,-1.000000000000000000e+00,-1.000000000000000000e+00,-1.000000000000000000e+00,-1.000000000000000000e+00,-1.000000000000000000e+00,-1.000000000000000000e+00,-1.000000000000000000e+00,-1.000000000000000000e+00,-1.000000000000000000e+00,-1.000000000000000000e+00,-1.000000000000000000e+00,-1.000000000000000000e+00,-1.000000000000000000e+00,-1.000000000000000000e+00,-1.000000000000000000e+00,-1.000000000000000000e+00,-1.000000000000000000e+00,-1.000000000000000000e+00,-1.000000000000000000e+00,-1.000000000000000000e+00,-1.000000000000000000e+00,-1.000000000000000000e+00,-1.000000000000000000e+00,-1.000000000000000000e+00,-1.000000000000000000e+00,-1.000000000000000000e+00,-1.000000000000000000e+00,-1.000000000000000000e+00,-1.000000000000000000e+00,-1.000000000000000000e+00,-1.000000000000000000e+00,-1.000000000000000000e+00,-1.000000000000000000e+00,-1.000000000000000000e+00,-1.000000000000000000e+00,-1.000000000000000000e+00,-1.000000000000000000e+00,-1.000000000000000000e+00,-1.000000000000000000e+00,-1.000000000000000000e+00,-1.000000000000000000e+00,-1.000000000000000000e+00,-1.000000000000000000e+00,-1.000000000000000000e+00,-1.000000000000000000e+00,-1.000000000000000000e+00,-1.000000000000000000e+00,-1.000000000000000000e+00,-1.000000000000000000e+00,-1.000000000000000000e+00,-1.000000000000000000e+00,-1.000000000000000000e+00,-1.000000000000000000e+00,-1.000000000000000000e+00,-1.000000000000000000e+00,-1.000000000000000000e+00,-1.000000000000000000e+00,-1.000000000000000000e+00,-1.000000000000000000e+00,-1.000000000000000000e+00,-1.000000000000000000e+00,-1.000000000000000000e+00,-1.000000000000000000e+00,-1.000000000000000000e+00,-1.000000000000000000e+00
2.481029629707336426e-01,4.316672682762145996e-01,1.441661225953794201e-07,2.842435836791992188e-01,4.379462599754333496e-01,-1.001550443470478058e-02,3.154009282588958740e-01,4.200832545757293701e-01,-6.751710083335638046e-03,3.390720486640930176e-01,3.971757292747497559e-01,-2.926840912550687790e-03,3.575130999088287354e-01,3.848387897014617920e-01,8.959951228462159634e-04,3.097435235977172852e-01,3.695152401924133301e-01,1.240018568933010101e-02,3.290333151817321777e-01,3.391197025775909424e-01,1.657368987798690796e-02,3.379939794540405273e-01,3.201380670070648193e-01,1.566445454955101013e-02,3.459622561931610107e-01,3.024011552333831787e-01,1.285068504512310028e-02,2.953557074069976807e-01,3.541003763675689697e-01,1.387363392859697342e-02,3.115865290164947510e-01,3.163859248161315918e-01,1.735327765345573425e-02,3.210966587066650391e-01,2.931327521800994873e-01,1.120008714497089386e-02,3.280070722103118896e-01,2.738907933235168457e-01,4.956051241606473923e-03,2.786512672901153564e-01,3.467290401458740234e-01,1.290309242904186249e-02,2.896268069744110107e-01,3.071722388267517090e-01,1.069494150578975677e-02,2.939869761466979980e-01,2.838338613510131836e-01,1.538141514174640179e-03,2.986826300621032715e-01,2.637845873832702637e-01,-5.501800216734409332e-03,2.594546079635620117e-01,3.445720374584197998e-01,1.087068859487771988e-02,2.647869288921356201e-01,3.111982941627502441e-01,5.819307174533605576e-03,2.662633061408996582e-01,2.904408574104309082e-01,-2.372226153966039419e-04,2.702234387397766113e-01,2.722092866897583008e-01,-4.967757966369390488e-03,3.930241465568542480e-01,7.928963899612426758e-01,3.908719747869326966e-07,4.054645597934722900e-01,7.518047690391540527e-01,-5.756944045424461365e-02,3.986592888832092285e-01,7.308353185653686523e-01,-9.315533190965652466e-02,3.832335770130157471e-01,7.180605530738830566e-01,-1.162903383374214172e-01,3.661241233348846436e-01,6.987501382827758789e-01,-1.393702179193496704e-01,3.464605212211608887e-01,7.675570845603942871e-01,-9.956529736518859863e-02,3.116795122623443604e-01,7.685223221778869629e-01,-1.289160996675491333e-01,2.838092148303985596e-01,7.676504850387573242e-01,-1.487235128879547119e-01,2.581118047237396240e-01,7.680609822273254395e-01,-1.620721220970153809e-01,3.308573067188262939e-01,7.847962379455566406e-01,-7.627514004707336426e-02,2.823381721973419189e-01,7.883287668228149414e-01,-1.088130399584770203e-01,2.498291283845901489e-01,7.848064303398132324e-01,-1.314088106155395508e-01,2.211688160896301270e-01,7.811028361320495605e-01,-1.477737128734588623e-01,3.218596875667572021e-01,7.902429103851318359e-01,-5.161706358194351196e-02,2.804580926895141602e-01,7.878136038780212402e-01,-7.448372244834899902e-02,2.499316632747650146e-01,7.810380458831787109e-01,-9.155689924955368042e-02,2.265259027481079102e-01,7.764528393745422363e-01,-1.035393103957176208e-01,3.166790604591369629e-01,7.920517325401306152e-01,-2.984110824763774872e-02,2.879289388656616211e-01,7.849652171134948730e-01,-4.578078165650367737e-02,2.662470340728759766e-01,7.771906256675720215e-01,-5.771177262067794800e-02,2.478540539741516113e-01,7.715307474136352539e-01,-6.696319580078125000e-02
2.481029629707336426e-01,4.316672682762145996e-01,1.441661225953794201e-07,2.842435836791992188e-01,4.379462599754333496e-01,-1.001550443470478058e-02,3.154009282588958740e-01,4.200832545757293701e-01,-6.751710083335638046e-03,3.390720486640930176e-01,3.971757292747497559e-01,-2.926840912550687790e-03,3.575130999088287354e-01,3.848387897014617920e-01,8.959951228462159634e-04,3.097435235977172852e-01,3.695152401924133301e-01,1.240018568933010101e-02,3.290333151817321777e-01,3.391197025775909424e-01,1.657368987798690796e-02,3.379939794540405273e-01,3.201380670070648193e-01,1.566445454955101013e-02,3.459622561931610107e-01,3.024011552333831787e-01,1.285068504512310028e-02,2.953557074069976807e-01,3.541003763675689697e-01,1.387363392859697342e-02,3.115865290164947510e-01,3.163859248161315918e-01,1.735327765345573425e-02,3.210966587066650391e-01,2.931327521800994873e-01,1.120008714497089386e-02,3.280070722103118896e-01,2.738907933235168457e-01,4.956051241606473923e-03,2.786512672901153564e-01,3.467290401458740234e-01,1.290309242904186249e-02,2.896268069744110107e-01,3.071722388267517090e-01,1.069494150578975677e-02,2.939869761466979980e-01,2.838338613510131836e-01,1.538141514174640179e-03,2.986826300621032715e-01,2.637845873832702637e-01,-5.501800216734409332e-03,2.594546079635620117e-01,3.445720374584197998e-01,1.087068859487771988e-02,2.647869288921356201e-01,3.111982941627502441e-01,5.819307174533605576e-03,2.662633061408996582e-01,2.904408574104309082e-01,-2.372226153966039419e-04,2.702234387397766113e-01,2.722092866897583008e-01,-4.967757966369390488e-03,3.930241465568542480e-01,7.928963899612426758e-01,3.908719747869326966e-07,4.054645597934722900e-01,7.518047690391540527e-01,-5.756944045424461365e-02,3.986592888832092285e-01,7.308353185653686523e-01,-9.315533190965652466e-02,3.832335770130157471e-01,7.180605530738830566e-01,-1.162903383374214172e-01,3.661241233348846436e-01,6.987501382827758789e-01,-1.393702179193496704e-01,3.464605212211608887e-01,7.675570845603942871e-01,-9.956529736518859863e-02,3.116795122623443604e-01,7.685223221778869629e-01,-1.289160996675491333e-01,2.838092148303985596e-01,7.676504850387573242e-01,-1.487235128879547119e-01,2.581118047237396240e-01,7.680609822273254395e-01,-1.620721220970153809e-01,3.308573067188262939e-01,7.847962379455566406e-01,-7.627514004707336426e-02,2.823381721973419189e-01,7.883287668228149414e-01,-1.088130399584770203e-01,2.498291283845901489e-01,7.848064303398132324e-01,-1.314088106155395508e-01,2.211688160896301270e-01,7.811028361320495605e-01,-1.477737128734588623e-01,3.218596875667572021e-01,7.902429103851318359e-01,-5.161706358194351196e-02,2.804580926895141602e-01,7.878136038780212402e-01,-7.448372244834899902e-02,2.499316632747650146e-01,7.810380458831787109e-01,-9.155689924955368042e-02,2.265259027481079102e-01,7.764528393745422363e-01,-1.035393103957176208e-01,3.166790604591369629e-01,7.920517325401306152e-01,-2.984110824763774872e-02,2.879289388656616211e-01,7.849652171134948730e-01,-4.578078165650367737e-02,2.662470340728759766e-01,7.771906256675720215e-01,-5.771177262067794800e-02,2.478540539741516113e-01,7.715307474136352539e-01,-6.696319580078125000e-02
2.495280802249908447e-01,4.415669143199920654e-01,2.066248896426259307e-07,2.835598587989807129e-01,4.405960440635681152e-01,-1.130564045161008835e-02,3.131365776062011719e-01,4.223831593990325928e-01,-1.274090632796287537e-02,3.358023464679718018e-01,3.995239138603210449e-01,-1.366012450307607651e-02,3.557302355766296387e-01,3.895868659019470215e-01,-1.410515140742063522e-02,3.084990680217742920e-01,3.679239451885223389e-01,3.387991804629564285e-03,3.264961242675781250e-01,3.388124108314514160e-01,1.624146971153095365e-04,3.360874652862548828e-01,3.196936249732971191e-01,-4.974227398633956909e-03,3.445363342761993408e-01,3.019021749496459961e-01,-9.559818543493747711e-03,2.947007715702056885e-01,3.526147007942199707e-01,4.441675730049610138e-03,3.102479875087738037e-01,3.171077966690063477e-01,1.583677832968533039e-03,3.197630047798156738e-01,2.941946387290954590e-01,-4.500574897974729538e-03,3.276307880878448486e-01,2.741086483001708984e-01,-9.339707903563976288e-03,2.784072160720825195e-01,3.456856310367584229e-01,3.151827724650502205e-03,2.878653407096862793e-01,3.087431490421295166e-01,-2.418432617560029030e-03,2.937815487384796143e-01,2.849527001380920410e-01,-8.792661130428314209e-03,2.991162836551666260e-01,2.642107605934143066e-01,-1.303631439805030823e-02,2.596335709095001221e-01,3.449767231941223145e-01,5.756780155934393406e-04,2.651633322238922119e-01,3.138610720634460449e-01,-6.077044643461704254e-03,2.686452865600585938e-01,2.933077514171600342e-01,-1.034307666122913361e-02,2.733617722988128662e-01,2.735302746295928955e-01,-1.290658023208379745e-02,3.919900059700012207e-01,7.915911674499511719e-01,4.410928511333622737e-07,4.053088128566741943e-01,7.540214657783508301e-01,-6.187719479203224182e-02,3.999502658843994141e-01,7.326378226280212402e-01,-9.968683868646621704e-02,3.856888711452484131e-01,7.177710533142089844e-01,-1.243114694952964783e-01,3.660632967948913574e-01,6.973574161529541016e-01,-1.484369486570358276e-01,3.470544219017028809e-01,7.715415954589843750e-01,-1.063292771577835083e-01,3.118363022804260254e-01,7.660094499588012695e-01,-1.388770341873168945e-01,2.850100398063659668e-01,7.655507922172546387e-01,-1.599228382110595703e-01,2.599228620529174805e-01,7.677231431007385254e-01,-1.737323552370071411e-01,3.296665847301483154e-01,7.867583632469177246e-01,-8.196762204170227051e-02,2.840099334716796875e-01,7.847520709037780762e-01,-1.144981831312179565e-01,2.523430585861206055e-01,7.814931869506835938e-01,-1.349197477102279663e-01,2.234614491462707520e-01,7.811335921287536621e-01,-1.496221274137496948e-01,3.187665641307830811e-01,7.912256717681884766e-01,-5.714999511837959290e-02,2.778955101966857910e-01,7.875468134880065918e-01,-8.155020326375961304e-02,2.470731586217880249e-01,7.830485701560974121e-01,-9.843884408473968506e-02,2.223795950412750244e-01,7.807515263557434082e-01,-1.102602779865264893e-01,3.125760853290557861e-01,7.913517951965332031e-01,-3.547918051481246948e-02,2.828716039657592773e-01,7.852973937988281250e-01,-5.248218029737472534e-02,2.617005407810211182e-01,7.798270583152770996e-01,-6.424389779567718506e-02,2.437097132205963135e-01,7.761874794960021973e-01,-7.340770214796066284e-02
2.494022250175476074e-01,4.432601332664489746e-01,2.154014993038799730e-07,2.831051945686340332e-01,4.405553638935089111e-01,-1.228274591267108917e-02,3.126046657562255859e-01,4.229001998901367188e-01,-1.468732394278049469e-02,3.350348472595214844e-01,3.993309438228607178e-01,-1.648352295160293579e-02,3.551536500453948975e-01,3.890528082847595215e-01,-1.770014129579067230e-02,3.076547682285308838e-01,3.683386445045471191e-01,2.738346811383962631e-03,3.259911835193634033e-01,3.397442400455474854e-01,-1.562940422445535660e-03,3.357694745063781738e-01,3.206621408462524414e-01,-7.597317453473806381e-03,3.443481326103210449e-01,3.028321862220764160e-01,-1.262871362268924713e-02,2.940928041934967041e-01,3.533309698104858398e-01,4.079993814229965210e-03,3.090865910053253174e-01,3.171492218971252441e-01,3.213759337086230516e-04,3.180091977119445801e-01,2.931970953941345215e-01,-6.419575307518243790e-03,3.254960477352142334e-01,2.720329761505126953e-01,-1.170863863080739975e-02,2.778841257095336914e-01,3.467814326286315918e-01,2.980811055749654770e-03,2.868862450122833252e-01,3.102243542671203613e-01,-2.887090435251593590e-03,2.928971052169799805e-01,2.865365147590637207e-01,-9.234332479536533356e-03,2.981388568878173828e-01,2.659306228160858154e-01,-1.346093788743019104e-02,2.589281797409057617e-01,3.461736738681793213e-01,4.672361828852444887e-04,2.644878029823303223e-01,3.156135380268096924e-01,-5.732920020818710327e-03,2.683309912681579590e-01,2.952530086040496826e-01,-9.522870182991027832e-03,2.727158069610595703e-01,2.757709026336669922e-01,-1.185842137783765793e-02,3.927211165428161621e-01,7.903869152069091797e-01,4.527913120000448544e-07,4.038320183753967285e-01,7.515448927879333496e-01,-6.100508570671081543e-02,3.986235558986663818e-01,7.313311696052551270e-01,-9.778706729412078857e-02,3.858764767646789551e-01,7.173558473587036133e-01,-1.209829226136207581e-01,3.673058748245239258e-01,6.983141899108886719e-01,-1.432832628488540649e-01,3.455077111721038818e-01,7.696101069450378418e-01,-1.049887239933013916e-01,3.106592893600463867e-01,7.646071910858154297e-01,-1.335779279470443726e-01,2.852499186992645264e-01,7.644289731979370117e-01,-1.510952413082122803e-01,2.618282139301300049e-01,7.663890123367309570e-01,-1.625933498144149780e-01,3.288781344890594482e-01,7.838903665542602539e-01,-7.920017838478088379e-02,2.822990417480468750e-01,7.834383845329284668e-01,-1.108258739113807678e-01,2.507645487785339355e-01,7.814198732376098633e-01,-1.300660371780395508e-01,2.230502665042877197e-01,7.821547389030456543e-01,-1.436118334531784058e-01,3.192482292652130127e-01,7.875856757164001465e-01,-5.241074040532112122e-02,2.787190675735473633e-01,7.848787903785705566e-01,-7.546155899763107300e-02,2.485649585723876953e-01,7.819524407386779785e-01,-9.138372540473937988e-02,2.242402434349060059e-01,7.810228466987609863e-01,-1.023127064108848572e-01,3.140517175197601318e-01,7.874635457992553711e-01,-2.853981032967567444e-02,2.848347723484039307e-01,7.818067669868469238e-01,-4.282922670245170593e-02,2.647769451141357422e-01,7.771189212799072266e-01,-5.315771698951721191e-02,2.471702545881271362e-01,7.743485569953918457e-01,-6.160948798060417175e-02
2.491202056407928467e-01,4.431850612163543701e-01,2.104392251567333005e-07,2.827320992946624756e-01,4.406111836433410645e-01,-1.225519366562366486e-02,3.124803006649017334e-01,4.228292703628540039e-01,-1.478005666285753250e-02,3.349827826023101807e-01,3.993183672428131104e-01,-1.673029363155364990e-02,3.549953997135162354e-01,3.891831636428833008e-01,-1.813399791717529297e-02,3.077186644077301025e-01,3.685863912105560303e-01,2.245789393782615662e-03,3.259921669960021973e-01,3.398058414459228516e-01,-2.281417604535818100e-03,3.356744349002838135e-01,3.205009400844573975e-01,-8.431729860603809357e-03,3.440914154052734375e-01,3.025147318840026855e-01,-1.352573279291391373e-02,2.941525876522064209e-01,3.536255359649658203e-01,3.467598231509327888e-03,3.092342019081115723e-01,3.175782561302185059e-01,-5.116377724334597588e-04,3.181236088275909424e-01,2.937764227390289307e-01,-7.278705947101116180e-03,3.255775868892669678e-01,2.727092802524566650e-01,-1.257621403783559799e-02,2.779765725135803223e-01,3.470164537429809570e-01,2.278035739436745644e-03,2.869394719600677490e-01,3.105755448341369629e-01,-3.624599659815430641e-03,2.928609549999237061e-01,2.870616614818572998e-01,-9.880205616354942322e-03,2.980492413043975830e-01,2.665262520313262939e-01,-1.406856812536716461e-02,2.590411007404327393e-01,3.463541269302368164e-01,-3.396951942704617977e-04,2.644603848457336426e-01,3.155067265033721924e-01,-6.477671209722757339e-03,2.681428492069244385e-01,2.950723469257354736e-01,-1.018826197832822800e-02,2.723127305507659912e-01,2.753479480743408203e-01,-1.249813940376043320e-02,3.920951485633850098e-01,7.894425988197326660e-01,4.611642054896947229e-07,4.034830927848815918e-01,7.502403259277343750e-01,-6.148958951234817505e-02,3.983892798423767090e-01,7.299232482910156250e-01,-9.834416210651397705e-02,3.851817846298217773e-01,7.161336541175842285e-01,-1.214739009737968445e-01,3.663388490676879883e-01,6.972844600677490234e-01,-1.436695307493209839e-01,3.442342281341552734e-01,7.701158523559570312e-01,-1.043121516704559326e-01,3.096723854541778564e-01,7.648665308952331543e-01,-1.328434795141220093e-01,2.841715514659881592e-01,7.646546363830566406e-01,-1.508393734693527222e-01,2.606689631938934326e-01,7.665799260139465332e-01,-1.627861112356185913e-01,3.279587328433990479e-01,7.844742536544799805e-01,-7.824617624282836914e-02,2.819222509860992432e-01,7.846925258636474609e-01,-1.093340516090393066e-01,2.511700987815856934e-01,7.821490168571472168e-01,-1.284063458442687988e-01,2.240533232688903809e-01,7.818088531494140625e-01,-1.419365257024765015e-01,3.186273574829101562e-01,7.880648374557495117e-01,-5.131492018699645996e-02,2.780417799949645996e-01,7.855103611946105957e-01,-7.369355857372283936e-02,2.488611638545989990e-01,7.810180187225341797e-01,-8.896361291408538818e-02,2.255704104900360107e-01,7.786217927932739258e-01,-9.962376952171325684e-02,3.134288787841796875e-01,7.877975702285766602e-01,-2.743749506771564484e-02,2.847099900245666504e-01,7.820667028427124023e-01,-4.184310138225555420e-02,2.650849223136901855e-01,7.766544818878173828e-01,-5.214039981365203857e-02,2.475766986608505249e-01,7.732179164886474609e-01,-6.047263741493225098e-02
2.491202056407928467e-01,4.431850612163543701e-01,2.104392251567333005e-07,2.827320992946624756e-01,4.406111836433410645e-01,-1.225519366562366486e-02,3.124803006649017334e-01,4.228292703628540039e-01,-1.478005666285753250e-02,3.349827826023101807e-01,3.993183672428131104e-01,-1.673029363155364990e-02,3.549953997135162354e-01,3.891831636428833008e-01,-1.813399791717529297e-02,3.077186644077301025e-01,3.685863912105560303e-01,2.245789393782615662e-03,3.259921669960021973e-01,3.398058414459228516e-01,-2.281417604535818100e-03,3.356744349002838135e-01,3.205009400844573975e-01,-8.431729860603809357e-03,3.440914154052734375e-01,3.025147318840026855e-01,-1.352573279291391373e-02,2.941525876522064209e-01,3.536255359649658203e-01,3.467598231509327888e-03,3.092342019081115723e-01,3.175782561302185059e-01,-5.116377724334597588e-04,3.181236088275909424e-01,2.937764227390289307e-01,-7.278705947101116180e-03,3.255775868892669678e-01,2.727092802524566650e-01,-1.257621403783559799e-02,2.779765725135803223e-01,3.470164537429809570e-01,2.278035739436745644e-03,2.869394719600677490e-01,3.105755448341369629e-01,-3.624599659815430641e-03,2.928609549999237061e-01,2.870616614818572998e-01,-9.880205616354942322e-03,2.980492413043975830e-01,2.665262520313262939e-01,-1.406856812536716461e-02,2.590411007404327393e-01,3.463541269302368164e-01,-3.396951942704617977e-04,2.644603848457336426e-01,3.155067265033721924e-01,-6.477671209722757339e-03,2.681428492069244385e-01,2.950723469257354736e-01,-1.018826197832822800e-02,2.723127305507659912e-01,2.753479480743408203e-01,-1.249813940376043320e-02,3.920951485633850098e-01,7.894425988197326660e-01,4.611642054896947229e-07,4.034830927848815918e-01,7.502403259277343750e-01,-6.148958951234817505e-02,3.983892798423767090e-01,7.299232482910156250e-01,-9.834416210651397705e-02,3.851817846298217773e-01,7.161336541175842285e-01,-1.214739009737968445e-01,3.663388490676879883e-01,6.972844600677490234e-01,-1.436695307493209839e-01,3.442342281341552734e-01,7.701158523559570312e-01,-1.043121516704559326e-01,3.096723854541778564e-01,7.648665308952331543e-01,-1.328434795141220093e-01,2.841715514659881592e-01,7.646546363830566406e-01,-1.508393734693527222e-01,2.606689631938934326e-01,7.665799260139465332e-01,-1.627861112356185913e-01,3.279587328433990479e-01,7.844742536544799805e-01,-7.824617624282836914e-02,2.819222509860992432e-01,7.846925258636474609e-01,-1.093340516090393066e-01,2.511700987815856934e-01,7.821490168571472168e-01,-1.284063458442687988e-01,2.240533232688903809e-01,7.818088531494140625e-01,-1.419365257024765015e-01,3.186273574829101562e-01,7.880648374557495117e-01,-5.131492018699645996e-02,2.780417799949645996e-01,7.855103611946105957e-01,-7.369355857372283936e-02,2.488611638545989990e-01,7.810180187225341797e-01,-8.896361291408538818e-02,2.255704104900360107e-01,7.786217927932739258e-01,-9.962376952171325684e-02,3.134288787841796875e-01,7.877975702285766602e-01,-2.743749506771564484e-02,2.847099900245666504e-01,7.820667028427124023e-01,-4.184310138225555420e-02,2.650849223136901855e-01,7.766544818878173828e-01,-5.214039981365203857e-02,2.475766986608505249e-01,7.732179164886474609e-01,-6.047263741493225098e-02
2.491055130958557129e-01,4.433937966823577881e-01,2.076826746133519919e-07,2.828130125999450684e-01,4.408322572708129883e-01,-1.210645493119955063e-02,3.122680187225341797e-01,4.232290983200073242e-01,-1.475758478045463562e-02,3.345581591129302979e-01,3.997687995433807373e-01,-1.688137464225292206e-02,3.544911146163940430e-01,3.897208869457244873e-01,-1.850649528205394745e-02,3.075319826602935791e-01,3.687702417373657227e-01,1.713830512017011642e-03,3.258534073829650879e-01,3.402121961116790771e-01,-3.191324882209300995e-03,3.356118798255920410e-01,3.209570050239562988e-01,-9.554480202496051788e-03,3.440394103527069092e-01,3.028401732444763184e-01,-1.478586532175540924e-02,2.939539253711700439e-01,3.537750542163848877e-01,2.747249323874711990e-03,3.090670406818389893e-01,3.179283738136291504e-01,-1.704265130683779716e-03,3.179257512092590332e-01,2.941592335700988770e-01,-8.692088536918163300e-03,3.252583146095275879e-01,2.728784382343292236e-01,-1.409201044589281082e-02,2.777897119522094727e-01,3.472188711166381836e-01,1.431259326636791229e-03,2.868631780147552490e-01,3.107350766658782959e-01,-4.839212633669376373e-03,2.928258478641510010e-01,2.871284484863281250e-01,-1.116081140935420990e-02,2.980100214481353760e-01,2.664395868778228760e-01,-1.533747743815183640e-02,2.588627934455871582e-01,3.466532230377197266e-01,-1.275447895750403404e-03,2.643668651580810547e-01,3.158175051212310791e-01,-7.664991077035665512e-03,2.682878971099853516e-01,2.953226864337921143e-01,-1.143406052142381668e-02,2.727158367633819580e-01,2.755753993988037109e-01,-1.373822242021560669e-02,3.934569358825683594e-01,7.922967672348022461e-01,4.375239086584770121e-07,4.048347473144531250e-01,7.528033852577209473e-01,-5.749231949448585510e-02,4.002969563007354736e-01,7.307944297790527344e-01,-9.234977513551712036e-02,3.860453069210052490e-01,7.162897586822509766e-01,-1.149414554238319397e-01,3.673604726791381836e-01,6.976291537284851074e-01,-1.365625113248825073e-01,3.437187075614929199e-01,7.705088257789611816e-01,-9.522908926010131836e-02,3.103823065757751465e-01,7.654253840446472168e-01,-1.235260441899299622e-01,2.854308485984802246e-01,7.659705877304077148e-01,-1.413563936948776245e-01,2.623532116413116455e-01,7.679055333137512207e-01,-1.529973298311233521e-01,3.269629180431365967e-01,7.855242490768432617e-01,-7.231140136718750000e-02,2.815936207771301270e-01,7.839462757110595703e-01,-1.029891595244407654e-01,2.497538030147552490e-01,7.813641428947448730e-01,-1.217073723673820496e-01,2.218140363693237305e-01,7.809155583381652832e-01,-1.345304399728775024e-01,3.176062405109405518e-01,7.893397212028503418e-01,-4.898595437407493591e-02,2.770584225654602051e-01,7.858896851539611816e-01,-7.178167253732681274e-02,2.471533864736557007e-01,7.820478081703186035e-01,-8.628669381141662598e-02,2.228693962097167969e-01,7.798128724098205566e-01,-9.583352506160736084e-02,3.133934140205383301e-01,7.888742685317993164e-01,-2.864659391343593597e-02,2.841012477874755859e-01,7.834522128105163574e-01,-4.340464621782302856e-02,2.632772624492645264e-01,7.784323692321777344e-01,-5.283645167946815491e-02,2.451027035713195801e-01,7.749249935150146484e-01,-5.994275957345962524e-02
2.491554319858551025e-01,4.434193968772888184e-01,2.085085952785448171e-07,2.831358909606933594e-01,4.406124949455261230e-01,-1.219063065946102142e-02,3.124874532222747803e-01,4.234268665313720703e-01,-1.478781551122665405e-02,3.346945345401763916e-01,4.000574946403503418e-01,-1.684285141527652740e-02,3.543481528759002686e-01,3.894598782062530518e-01,-1.833516173064708710e-02,3.077974021434783936e-01,3.693107068538665771e-01,2.383483108133077621e-03,3.258187174797058105e-01,3.402510285377502441e-01,-2.296666847541928291e-03,3.353959321975708008e-01,3.207674622535705566e-01,-8.604157716035842896e-03,3.437784314155578613e-01,3.025460541248321533e-01,-1.381073519587516785e-02,2.941856086254119873e-01,3.541811406612396240e-01,3.570900764316320419e-03,3.088929653167724609e-01,3.181279897689819336e-01,-6.536372820846736431e-04,3.175535798072814941e-01,2.942016720771789551e-01,-7.709837518632411957e-03,3.248990476131439209e-01,2.728830873966217041e-01,-1.319235470145940781e-02,2.779961824417114258e-01,3.475321829319000244e-01,2.358743688091635704e-03,2.868069112300872803e-01,3.110592067241668701e-01,-3.717135405167937279e-03,2.926906347274780273e-01,2.873148918151855469e-01,-1.015823055058717728e-02,2.978534102439880371e-01,2.665895223617553711e-01,-1.445288304239511490e-02,2.591062784194946289e-01,3.469519913196563721e-01,-2.635979326441884041e-04,2.642723917961120605e-01,3.161104917526245117e-01,-6.535427644848823547e-03,2.680045664310455322e-01,2.953902781009674072e-01,-1.038871798664331436e-02,2.723973989486694336e-01,2.754318118095397949e-01,-1.277366001158952713e-02,3.939058780670166016e-01,7.915173768997192383e-01,4.312041141929512378e-07,4.055042862892150879e-01,7.523621916770935059e-01,-5.946969613432884216e-02,3.999855816364288330e-01,7.306231856346130371e-01,-9.454704076051712036e-02,3.857486248016357422e-01,7.160939574241638184e-01,-1.168368086218833923e-01,3.669021427631378174e-01,6.963607668876647949e-01,-1.381430476903915405e-01,3.433633744716644287e-01,7.699017524719238281e-01,-9.709326177835464478e-02,3.094083070755004883e-01,7.651494741439819336e-01,-1.247051954269409180e-01,2.842276692390441895e-01,7.649881243705749512e-01,-1.420941948890686035e-01,2.612173557281494141e-01,7.665432095527648926e-01,-1.535020619630813599e-01,3.270537555217742920e-01,7.845817804336547852e-01,-7.283651828765869141e-02,2.813087701797485352e-01,7.833672165870666504e-01,-1.022419035434722900e-01,2.495987415313720703e-01,7.800701260566711426e-01,-1.201334893703460693e-01,2.222220897674560547e-01,7.795882225036621094e-01,-1.325534582138061523e-01,3.178728520870208740e-01,7.882806658744812012e-01,-4.837855324149131775e-02,2.769597768783569336e-01,7.853217124938964844e-01,-7.037758827209472656e-02,2.475481927394866943e-01,7.810485363006591797e-01,-8.499845862388610840e-02,2.234167754650115967e-01,7.789441347122192383e-01,-9.482337534427642822e-02,3.132666349411010742e-01,7.878295183181762695e-01,-2.708445116877555847e-02,2.837999463081359863e-01,7.824817299842834473e-01,-4.161304980516433716e-02,2.631957530975341797e-01,7.776149511337280273e-01,-5.147076398134231567e-02,2.453097403049468994e-01,7.741655707359313965e-01,-5.905530601739883423e-02
2.492385357618331909e-01,4.436332583427429199e-01,2.114780954798334278e-07,2.832777500152587891e-01,4.406633973121643066e-01,-1.196228619664907455e-02,3.126330971717834473e-01,4.233743846416473389e-01,-1.440248824656009674e-02,3.348776102066040039e-01,3.999882936477661133e-01,-1.634729094803333282e-02,3.545409440994262695e-01,3.894416689872741699e-01,-1.773463934659957886e-02,3.077695667743682861e-01,3.693953752517700195e-01,2.799921203404664993e-03,3.258553147315979004e-01,3.402324914932250977e-01,-1.759793260134756565e-03,3.355174064636230469e-01,3.207823634147644043e-01,-8.005651645362377167e-03,3.439883589744567871e-01,3.026175200939178467e-01,-1.317551638931035995e-02,2.940978109836578369e-01,3.542587757110595703e-01,3.898209892213344574e-03,3.088417351245880127e-01,3.180291354656219482e-01,-2.373290335526689887e-04,3.175864517688751221e-01,2.940686047077178955e-01,-7.299971766769886017e-03,3.249458968639373779e-01,2.728267908096313477e-01,-1.277025509625673294e-02,2.778812050819396973e-01,3.476506173610687256e-01,2.599820028990507126e-03,2.867762148380279541e-01,3.109183609485626221e-01,-3.442496526986360550e-03,2.926560044288635254e-01,2.869353294372558594e-01,-9.914036840200424194e-03,2.977802157402038574e-01,2.660858631134033203e-01,-1.421414315700531006e-02,2.589864730834960938e-01,3.471426665782928467e-01,-8.535529195796698332e-05,2.642805874347686768e-01,3.161881566047668457e-01,-6.339543499052524567e-03,2.680468857288360596e-01,2.954596579074859619e-01,-1.018286496400833130e-02,2.724761366844177246e-01,2.755450010299682617e-01,-1.254063844680786133e-02,3.937799334526062012e-01,7.921009659767150879e-01,4.151352754888648633e-07,4.056271314620971680e-01,7.532646059989929199e-01,-5.787128582596778870e-02,3.999996185302734375e-01,7.312827706336975098e-01,-9.191557765007019043e-02,3.855905830860137939e-01,7.162621617317199707e-01,-1.135708242654800415e-01,3.667554259300231934e-01,6.965445280075073242e-01,-1.342047005891799927e-01,3.433002829551696777e-01,7.699320316314697266e-01,-9.425543248653411865e-02,3.095035851001739502e-01,7.652888298034667969e-01,-1.213013902306556702e-01,2.845739722251892090e-01,7.651957273483276367e-01,-1.382484883069992065e-01,2.617495357990264893e-01,7.667245864868164062e-01,-1.493474692106246948e-01,3.268014490604400635e-01,7.848256230354309082e-01,-7.087268680334091187e-02,2.811978757381439209e-01,7.834849357604980469e-01,-9.965646266937255859e-02,2.496490478515625000e-01,7.800620198249816895e-01,-1.171136200428009033e-01,2.224083244800567627e-01,7.794008255004882812e-01,-1.291953772306442261e-01,3.174275755882263184e-01,7.886987328529357910e-01,-4.733200371265411377e-02,2.766093909740447998e-01,7.855748534202575684e-01,-6.887682527303695679e-02,2.474294304847717285e-01,7.810869812965393066e-01,-8.303710073232650757e-02,2.234069406986236572e-01,7.786947488784790039e-01,-9.250916540622711182e-02,3.128249645233154297e-01,7.882520556449890137e-01,-2.689951658248901367e-02,2.831185758113861084e-01,7.828449606895446777e-01,-4.107500612735748291e-02,2.624794542789459229e-01,7.778060436248779297e-01,-5.052865669131278992e-02,2.446459680795669556e-01,7.741709351539611816e-01,-5.775757879018783569e-02
2.491969615221023560e-01,4.438301026821136475e-01,2.089251012193926726e-07,2.827017605304718018e-01,4.416128993034362793e-01,-1.211578492075204849e-02,3.122372627258300781e-01,4.237600266933441162e-01,-1.479118037968873978e-02,3.345396518707275391e-01,4.003483951091766357e-01,-1.688818261027336121e-02,3.544309735298156738e-01,3.901836574077606201e-01,-1.845516264438629150e-02,3.076425492763519287e-01,3.693943619728088379e-01,1.334540196694433689e-03,3.259791135787963867e-01,3.403926789760589600e-01,-3.475074190646409988e-03,3.357404172420501709e-01,3.209398984909057617e-01,-9.633895009756088257e-03,3.441323041915893555e-01,3.028022348880767822e-01,-1.474210526794195175e-02,2.939938008785247803e-01,3.543173074722290039e-01,2.411019289866089821e-03,3.090307414531707764e-01,3.181450366973876953e-01,-1.943970099091529846e-03,3.178419172763824463e-01,2.942736744880676270e-01,-8.745544590055942535e-03,3.250332474708557129e-01,2.731481194496154785e-01,-1.403743121773004532e-02,2.777886986732482910e-01,3.477684557437896729e-01,1.163839246146380901e-03,2.868054509162902832e-01,3.108847439289093018e-01,-5.062229931354522705e-03,2.926095426082611084e-01,2.868699431419372559e-01,-1.140916813164949417e-02,2.976081967353820801e-01,2.659025192260742188e-01,-1.566888205707073212e-02,2.588821649551391602e-01,3.473226428031921387e-01,-1.457472681067883968e-03,2.640881538391113281e-01,3.165422976016998291e-01,-7.949723862111568451e-03,2.677339613437652588e-01,2.958616614341735840e-01,-1.189160626381635666e-02,2.719296514987945557e-01,2.759337127208709717e-01,-1.434323471039533615e-02,3.956547975540161133e-01,7.931714653968811035e-01,3.984844170190626755e-07,4.057126343250274658e-01,7.535390257835388184e-01,-5.407035723328590393e-02,3.999120593070983887e-01,7.312813401222229004e-01,-8.610215038061141968e-02,3.852044641971588135e-01,7.157722115516662598e-01,-1.066410690546035767e-01,3.671928048133850098e-01,6.956702470779418945e-01,-1.259618401527404785e-01,3.458300232887268066e-01,7.691893577575683594e-01,-8.763166517019271851e-02,3.109658360481262207e-01,7.637230753898620605e-01,-1.127660050988197327e-01,2.858698070049285889e-01,7.632638812065124512e-01,-1.280752122402191162e-01,2.629947662353515625e-01,7.644199132919311523e-01,-1.379821747541427612e-01,3.297379612922668457e-01,7.858889102935791016e-01,-6.606136262416839600e-02,2.829751372337341309e-01,7.828146815299987793e-01,-9.314354509115219116e-02,2.507648468017578125e-01,7.787219882011413574e-01,-1.091347709298133850e-01,2.230493128299713135e-01,7.775563001632690430e-01,-1.198834702372550964e-01,3.203363418579101562e-01,7.912564873695373535e-01,-4.435838758945465088e-02,2.786138355731964111e-01,7.867283225059509277e-01,-6.466844677925109863e-02,2.487885057926177979e-01,7.817060351371765137e-01,-7.756189256906509399e-02,2.240542173385620117e-01,7.787939906120300293e-01,-8.585548400878906250e-02,3.155272305011749268e-01,7.916026711463928223e-01,-2.560276351869106293e-02,2.847059965133666992e-01,7.858244776725769043e-01,-3.854609280824661255e-02,2.634651958942413330e-01,7.803757190704345703e-01,-4.676171019673347473e-02,2.455068081617355347e-01,7.759826183319091797e-01,-5.287196859717369080e-02
2.491969615221023560e-01,4.438301026821136475e-01,2.089251012193926726e-07,2.827017605304718018e-01,4.416128993034362793e-01,-1.211578492075204849e-02,3.122372627258300781e-01,4.237600266933441162e-01,-1.479118037968873978e-02,3.345396518707275391e-01,4.003483951091766357e-01,-1.688818261027336121e-02,3.544309735298156738e-01,3.901836574077606201e-01,-1.845516264438629150e-02,3.076425492763519287e-01,3.693943619728088379e-01,1.334540196694433689e-03,3.259791135787963867e-01,3.403926789760589600e-01,-3.475074190646409988e-03,3.357404172420501709e-01,3.209398984909057617e-01,-9.633895009756088257e-03,3.441323041915893555e-01,3.028022348880767822e-01,-1.474210526794195175e-02,2.939938008785247803e-01,3.543173074722290039e-01,2.411019289866089821e-03,3.090307414531707764e-01,3.181450366973876953e-01,-1.943970099091529846e-03,3.178419172763824463e-01,2.942736744880676270e-01,-8.745544590055942535e-03,3.250332474708557129e-01,2.731481194496154785e-01,-1.403743121773004532e-02,2.777886986732482910e-01,3.477684557437896729e-01,1.163839246146380901e-03,2.868054509162902832e-01,3.108847439289093018e-01,-5.062229931354522705e-03,2.926095426082611084e-01,2.868699431419372559e-01,-1.140916813164949417e-02,2.976081967353820801e-01,2.659025192260742188e-01,-1.566888205707073212e-02,2.588821649551391602e-01,3.473226428031921387e-01,-1.457472681067883968e-03,2.640881538391113281e-01,3.165422976016998291e-01,-7.949723862111568451e-03,2.677339613437652588e-01,2.958616614341735840e-01,-1.189160626381635666e-02,2.719296514987945557e-01,2.759337127208709717e-01,-1.434323471039533615e-02,3.956547975540161133e-01,7.931714653968811035e-01,3.984844170190626755e-07,4.057126343250274658e-01,7.535390257835388184e-01,-5.407035723328590393e-02,3.999120593070983887e-01,7.312813401222229004e-01,-8.610215038061141968e-02,3.852044641971588135e-01,7.157722115516662598e-01,-1.066410690546035767e-01,3.671928048133850098e-01,6.956702470779418945e-01,-1.259618401527404785e-01,3.458300232887268066e-01,7.691893577575683594e-01,-8.763166517019271851e-02,3.109658360481262207e-01,7.637230753898620605e-01,-1.127660050988197327e-01,2.858698070049285889e-01,7.632638812065124512e-01,-1.280752122402191162e-01,2.629947662353515625e-01,7.644199132919311523e-01,-1.379821747541427612e-01,3.297379612922668457e-01,7.858889102935791016e-01,-6.606136262416839600e-02,2.829751372337341309e-01,7.828146815299987793e-01,-9.314354509115219116e-02,2.507648468017578125e-01,7.787219882011413574e-01,-1.091347709298133850e-01,2.230493128299713135e-01,7.775563001632690430e-01,-1.198834702372550964e-01,3.203363418579101562e-01,7.912564873695373535e-01,-4.435838758945465088e-02,2.786138355731964111e-01,7.867283225059509277e-01,-6.466844677925109863e-02,2.487885057926177979e-01,7.817060351371765137e-01,-7.756189256906509399e-02,2.240542173385620117e-01,7.787939906120300293e-01,-8.585548400878906250e-02,3.155272305011749268e-01,7.916026711463928223e-01,-2.560276351869106293e-02,2.847059965133666992e-01,7.858244776725769043e-01,-3.854609280824661255e-02,2.634651958942413330e-01,7.803757190704345703e-01,-4.676171019673347473e-02,2.455068081617355347e-01,7.759826183319091797e-01,-5.287196859717369080e-02
2.492822110652923584e-01,4.440922737121582031e-01,2.056749366374788224e-07,2.830747961997985840e-01,4.414484202861785889e-01,-1.135202962905168533e-02,3.125376105308532715e-01,4.237172007560729980e-01,-1.352766994386911392e-02,3.348615765571594238e-01,4.005415439605712891e-01,-1.529630739241838455e-02,3.543932437896728516e-01,3.902479708194732666e-01,-1.657764054834842682e-02,3.075643181800842285e-01,3.695583045482635498e-01,2.552230376750230789e-03,3.259997665882110596e-01,3.407400846481323242e-01,-1.997553743422031403e-03,3.358287513256072998e-01,3.213470578193664551e-01,-8.081744424998760223e-03,3.442668914794921875e-01,3.032906353473663330e-01,-1.311135385185480118e-02,2.939182817935943604e-01,3.544897139072418213e-01,3.340116702020168304e-03,3.089015781879425049e-01,3.180482387542724609e-01,-7.410008111037313938e-04,3.177002668380737305e-01,2.942178845405578613e-01,-7.463177666068077087e-03,3.248865902423858643e-01,2.731181979179382324e-01,-1.267252024263143539e-02,2.777665853500366211e-01,3.479153513908386230e-01,1.828288310207426548e-03,2.865425944328308105e-01,3.109999895095825195e-01,-4.141083452850580215e-03,2.923152148723602295e-01,2.871803939342498779e-01,-1.030067261308431625e-02,2.972357571125030518e-01,2.664334475994110107e-01,-1.439787354320287704e-02,2.588987350463867188e-01,3.474677801132202148e-01,-1.018151175230741501e-03,2.642425298690795898e-01,3.165563344955444336e-01,-7.184112910181283951e-03,2.679701745510101318e-01,2.960286140441894531e-01,-1.080427970737218857e-02,2.721816897392272949e-01,2.762616276741027832e-01,-1.301958598196506500e-02,3.929662108421325684e-01,7.927403450012207031e-01,4.245539173552970169e-07,4.052567183971405029e-01,7.536106705665588379e-01,-5.813060700893402100e-02,3.998248875141143799e-01,7.310634255409240723e-01,-9.326066076755523682e-02,3.853835165500640869e-01,7.155914902687072754e-01,-1.158631369471549988e-01,3.668962419033050537e-01,6.951435804367065430e-01,-1.377063542604446411e-01,3.450693786144256592e-01,7.691710591316223145e-01,-9.818856418132781982e-02,3.101658225059509277e-01,7.638147473335266113e-01,-1.270846426486968994e-01,2.841179966926574707e-01,7.632225155830383301e-01,-1.452143490314483643e-01,2.603338360786437988e-01,7.645656466484069824e-01,-1.569840461015701294e-01,3.283182680606842041e-01,7.853001356124877930e-01,-7.486493140459060669e-02,2.818994522094726562e-01,7.825877666473388672e-01,-1.045649275183677673e-01,2.501215338706970215e-01,7.782245874404907227e-01,-1.222092211246490479e-01,2.222999930381774902e-01,7.765992283821105957e-01,-1.345035284757614136e-01,3.183414041996002197e-01,7.900561690330505371e-01,-5.115407332777976990e-02,2.770038247108459473e-01,7.858932614326477051e-01,-7.318029552698135376e-02,2.469259500503540039e-01,7.807420492172241211e-01,-8.737782388925552368e-02,2.222428023815155029e-01,7.773364782333374023e-01,-9.703197330236434937e-02,3.132561445236206055e-01,7.901695966720581055e-01,-3.051060624420642853e-02,2.829413414001464844e-01,7.842887639999389648e-01,-4.532952979207038879e-02,2.617438435554504395e-01,7.787615060806274414e-01,-5.496647581458091736e-02,2.434345781803131104e-01,7.741395831108093262e-01,-6.234077736735343933e-02
2.491847425699234009e-01,4.444353580474853516e-01,2.041890638793120161e-07,2.827086150646209717e-01,4.419191777706146240e-01,-1.179922092705965042e-02,3.121370077133178711e-01,4.240627884864807129e-01,-1.436095032840967178e-02,3.344433307647705078e-01,4.005686044692993164e-01,-1.644838787615299225e-02,3.544044792652130127e-01,3.905909359455108643e-01,-1.804005540907382965e-02,3.072440326213836670e-01,3.696571588516235352e-01,1.875389716587960720e-03,3.256368637084960938e-01,3.412776887416839600e-01,-2.805001102387905121e-03,3.353689908981323242e-01,3.223527371883392334e-01,-8.918940089643001556e-03,3.437684178352355957e-01,3.045611083507537842e-01,-1.401307806372642517e-02,2.936957180500030518e-01,3.546460866928100586e-01,2.727561164647340775e-03,3.087782263755798340e-01,3.188852965831756592e-01,-1.553914626128971577e-03,3.175516128540039062e-01,2.952153384685516357e-01,-8.318711072206497192e-03,3.247484862804412842e-01,2.740120291709899902e-01,-1.361272856593132019e-02,2.775496840476989746e-01,3.481056392192840576e-01,1.236374722793698311e-03,2.865518629550933838e-01,3.114804625511169434e-01,-4.988403990864753723e-03,2.924002408981323242e-01,2.875822186470031738e-01,-1.131889130920171738e-02,2.974480986595153809e-01,2.665505409240722656e-01,-1.556244213134050369e-02,2.586069107055664062e-01,3.476201891899108887e-01,-1.608711201697587967e-03,2.638908028602600098e-01,3.164381980895996094e-01,-8.085384033620357513e-03,2.676708102226257324e-01,2.956638038158416748e-01,-1.197858061641454697e-02,2.719837129116058350e-01,2.756281495094299316e-01,-1.442182995378971100e-02,3.949109613895416260e-01,7.925797700881958008e-01,4.066066310315363808e-07,4.058700203895568848e-01,7.533711791038513184e-01,-5.440238118171691895e-02,4.004309177398681641e-01,7.307678461074829102e-01,-8.660282194614410400e-02,3.851226568222045898e-01,7.153601050376892090e-01,-1.073371097445487976e-01,3.664846122264862061e-01,6.951863765716552734e-01,-1.269404739141464233e-01,3.446251451969146729e-01,7.689176201820373535e-01,-8.759182691574096680e-02,3.099869787693023682e-01,7.633562088012695312e-01,-1.132779568433761597e-01,2.845744490623474121e-01,7.627189159393310547e-01,-1.291500627994537354e-01,2.614660859107971191e-01,7.630876898765563965e-01,-1.395760923624038696e-01,3.282320201396942139e-01,7.859638929367065430e-01,-6.638292968273162842e-02,2.818034291267395020e-01,7.823446393013000488e-01,-9.366466104984283447e-02,2.497681975364685059e-01,7.778163552284240723e-01,-1.100162640213966370e-01,2.219666838645935059e-01,7.757676839828491211e-01,-1.210992336273193359e-01,3.189904689788818359e-01,7.912707328796386719e-01,-4.517669603228569031e-02,2.773479819297790527e-01,7.864935994148254395e-01,-6.554454565048217773e-02,2.472942471504211426e-01,7.811048626899719238e-01,-7.855210453271865845e-02,2.221449613571166992e-01,7.774971127510070801e-01,-8.715742826461791992e-02,3.148810267448425293e-01,7.916836738586425781e-01,-2.703242376446723938e-02,2.850105166435241699e-01,7.852854132652282715e-01,-4.063799232244491577e-02,2.638491392135620117e-01,7.791609764099121094e-01,-4.928879812359809875e-02,2.457500100135803223e-01,7.739875316619873047e-01,-5.567831173539161682e-02
2.489042580127716064e-01,4.448393583297729492e-01,2.030716643730556825e-07,2.824203670024871826e-01,4.426739513874053955e-01,-1.175008248537778854e-02,3.120161890983581543e-01,4.244289398193359375e-01,-1.421306841075420380e-02,3.345285952091217041e-01,4.008804261684417725e-01,-1.617397181689739227e-02,3.542497754096984863e-01,3.905927538871765137e-01,-1.764187589287757874e-02,3.073919415473937988e-01,3.701873719692230225e-01,1.762884901836514473e-03,3.255856037139892578e-01,3.414926230907440186e-01,-2.940945094451308250e-03,3.352859318256378174e-01,3.223914802074432373e-01,-9.074940346181392670e-03,3.436928689479827881e-01,3.045678734779357910e-01,-1.417216379195451736e-02,2.936843931674957275e-01,3.549394905567169189e-01,2.663837047293782234e-03,3.085644245147705078e-01,3.189467787742614746e-01,-1.600336981937289238e-03,3.173476457595825195e-01,2.954705059528350830e-01,-8.348394185304641724e-03,3.247289955615997314e-01,2.745019793510437012e-01,-1.359849981963634491e-02,2.774702310562133789e-01,3.482490777969360352e-01,1.257565920241177082e-03,2.863882184028625488e-01,3.116787672042846680e-01,-4.863200243562459946e-03,2.923813164234161377e-01,2.878420948982238770e-01,-1.110367476940155029e-02,2.977057397365570068e-01,2.668773531913757324e-01,-1.528487727046012878e-02,2.585538625717163086e-01,3.477952778339385986e-01,-1.501532969996333122e-03,2.637618780136108398e-01,3.166125714778900146e-01,-7.816859520971775055e-03,2.675511240959167480e-01,2.959151268005371094e-01,-1.157270744442939758e-02,2.719722390174865723e-01,2.760245203971862793e-01,-1.390754617750644684e-02,3.925398290157318115e-01,7.918167114257812500e-01,4.327086742250685347e-07,4.041755199432373047e-01,7.516357898712158203e-01,-5.800820514559745789e-02,3.987978100776672363e-01,7.296023368835449219e-01,-9.212739765644073486e-02,3.846259713172912598e-01,7.148752808570861816e-01,-1.135494112968444824e-01,3.661830425262451172e-01,6.952481269836425781e-01,-1.338855624198913574e-01,3.403392732143402100e-01,7.675892710685729980e-01,-9.446565806865692139e-02,3.072161674499511719e-01,7.619366049766540527e-01,-1.202394068241119385e-01,2.829186916351318359e-01,7.611358165740966797e-01,-1.363284438848495483e-01,2.601863145828247070e-01,7.624048590660095215e-01,-1.469660699367523193e-01,3.239154815673828125e-01,7.830766439437866211e-01,-7.004434615373611450e-02,2.789398133754730225e-01,7.812231779098510742e-01,-9.818039834499359131e-02,2.480248510837554932e-01,7.775080800056457520e-01,-1.147562414407730103e-01,2.207698225975036621e-01,7.766612768173217773e-01,-1.261879801750183105e-01,3.151497840881347656e-01,7.875918149948120117e-01,-4.526786506175994873e-02,2.746929824352264404e-01,7.836902737617492676e-01,-6.584499776363372803e-02,2.457790672779083252e-01,7.788748741149902344e-01,-7.888117432594299316e-02,2.212834656238555908e-01,7.762356996536254883e-01,-8.761829882860183716e-02,3.110418021678924561e-01,7.879025340080261230e-01,-2.357868291437625885e-02,2.813185155391693115e-01,7.817123532295227051e-01,-3.687257692217826843e-02,2.610439360141754150e-01,7.766823768615722656e-01,-4.558793082833290100e-02,2.430158704519271851e-01,7.728058099746704102e-01,-5.228469893336296082e-02
2.488474696874618530e-01,4.448086023330688477e-01,2.028684065180641483e-07,2.822869718074798584e-01,4.427463710308074951e-01,-1.187812350690364838e-02,3.119834959506988525e-01,4.243609011173248291e-01,-1.446086447685956955e-02,3.344975113868713379e-01,4.008723795413970947e-01,-1.651622168719768524e-02,3.542225360870361328e-01,3.905431032180786133e-01,-1.809174194931983948e-02,3.073247373104095459e-01,3.701192438602447510e-01,1.211794675327837467e-03,3.255301415920257568e-01,3.414562344551086426e-01,-3.687730059027671814e-03,3.353091478347778320e-01,3.223426938056945801e-01,-9.902617894113063812e-03,3.437968492507934570e-01,3.045090436935424805e-01,-1.504400186240673065e-02,2.935958504676818848e-01,3.548919856548309326e-01,2.130939159542322159e-03,3.085233271121978760e-01,3.189646303653717041e-01,-2.286127768456935883e-03,3.173125684261322021e-01,2.954499125480651855e-01,-9.052193723618984222e-03,3.246723115444183350e-01,2.744187116622924805e-01,-1.432298123836517334e-02,2.773996591567993164e-01,3.482332527637481689e-01,7.537189521826803684e-04,2.863269150257110596e-01,3.117038607597351074e-01,-5.450702738016843796e-03,2.922638058662414551e-01,2.877786159515380859e-01,-1.168967969715595245e-02,2.975258827209472656e-01,2.666736543178558350e-01,-1.588928885757923126e-02,2.585045099258422852e-01,3.477875292301177979e-01,-1.986845862120389938e-03,2.637268006801605225e-01,3.166686296463012695e-01,-8.365740999579429626e-03,2.675142586231231689e-01,2.959658503532409668e-01,-1.216005813330411911e-02,2.718720436096191406e-01,2.760319709777832031e-01,-1.453308574855327606e-02,3.939547836780548096e-01,7.922309637069702148e-01,4.068772625487326877e-07,4.055695533752441406e-01,7.524189949035644531e-01,-5.691030621528625488e-02,4.000144898891448975e-01,7.299692630767822266e-01,-9.034259617328643799e-02,3.852772712707519531e-01,7.150391340255737305e-01,-1.116913631558418274e-01,3.667970299720764160e-01,6.953251957893371582e-01,-1.318022757768630981e-01,3.414707481861114502e-01,7.678583860397338867e-01,-9.056171029806137085e-02,3.079090714454650879e-01,7.630311250686645508e-01,-1.163895577192306519e-01,2.831626236438751221e-01,7.630043625831604004e-01,-1.326410472393035889e-01,2.604675292968750000e-01,7.645852565765380859e-01,-1.432768255472183228e-01,3.249874114990234375e-01,7.838081717491149902e-01,-6.740921735763549805e-02,2.795070111751556396e-01,7.820963859558105469e-01,-9.484411776065826416e-02,2.482618987560272217e-01,7.783054709434509277e-01,-1.109888479113578796e-01,2.213458418846130371e-01,7.772422432899475098e-01,-1.219378784298896790e-01,3.158214688301086426e-01,7.883931994438171387e-01,-4.429833590984344482e-02,2.749171853065490723e-01,7.839345932006835938e-01,-6.470849364995956421e-02,2.462699264287948608e-01,7.785304784774780273e-01,-7.735312730073928833e-02,2.224289774894714355e-01,7.754396796226501465e-01,-8.558373153209686279e-02,3.112646937370300293e-01,7.881305813789367676e-01,-2.436361461877822876e-02,2.809350788593292236e-01,7.816047072410583496e-01,-3.760861605405807495e-02,2.603200674057006836e-01,7.757395505905151367e-01,-4.593724384903907776e-02,2.424247264862060547e-01,7.714993953704833984e-01,-5.212792754173278809e-02
2.489836961030960083e-01,4.448846280574798584e-01,2.016918472236284288e-07,2.827637493610382080e-01,4.422352612018585205e-01,-1.126750092953443527e-02,3.122254014015197754e-01,4.245995283126831055e-01,-1.353836618363857269e-02,3.344949781894683838e-01,4.013879597187042236e-01,-1.544793602079153061e-02,3.541961312294006348e-01,3.914352357387542725e-01,-1.689937338232994080e-02,3.073436915874481201e-01,3.702881932258605957e-01,2.604589797556400299e-03,3.256123661994934082e-01,3.416869938373565674e-01,-1.768816146068274975e-03,3.352341651916503906e-01,3.226976692676544189e-01,-7.688788697123527527e-03,3.435682058334350586e-01,3.050683736801147461e-01,-1.265297643840312958e-02,2.936379909515380859e-01,3.553590178489685059e-01,3.272945992648601532e-03,3.084636032581329346e-01,3.192293047904968262e-01,-7.201606058515608311e-04,3.173972666263580322e-01,2.958149909973144531e-01,-7.335120812058448792e-03,3.248285949230194092e-01,2.751123309135437012e-01,-1.251241564750671387e-02,2.774725258350372314e-01,3.489684760570526123e-01,1.634248299524188042e-03,2.863172292709350586e-01,3.120356202125549316e-01,-4.341945517808198929e-03,2.922947406768798828e-01,2.883374691009521484e-01,-1.057568192481994629e-02,2.976034283638000488e-01,2.676521241664886475e-01,-1.476883888244628906e-02,2.587118744850158691e-01,3.487956523895263672e-01,-1.322612049989402294e-03,2.637231945991516113e-01,3.175004124641418457e-01,-7.660876959562301636e-03,2.674865126609802246e-01,2.967726886272430420e-01,-1.149946358054876328e-02,2.719214558601379395e-01,2.768835425376892090e-01,-1.389697659760713577e-02,3.942098617553710938e-01,7.939565777778625488e-01,3.891940707489993656e-07,4.055766165256500244e-01,7.550209760665893555e-01,-5.335087329149246216e-02,3.998085260391235352e-01,7.321340441703796387e-01,-8.504723757505416870e-02,3.844124376773834229e-01,7.157704830169677734e-01,-1.053898930549621582e-01,3.665268719196319580e-01,6.959479451179504395e-01,-1.244329661130905151e-01,3.447904586791992188e-01,7.695251107215881348e-01,-8.708146959543228149e-02,3.098022341728210449e-01,7.633929848670959473e-01,-1.127470135688781738e-01,2.844644188880920410e-01,7.632472515106201172e-01,-1.282131969928741455e-01,2.615069150924682617e-01,7.645889520645141602e-01,-1.381414681673049927e-01,3.275609612464904785e-01,7.863717079162597656e-01,-6.624278426170349121e-02,2.803639173507690430e-01,7.827383875846862793e-01,-9.355068951845169067e-02,2.483419924974441528e-01,7.780903577804565430e-01,-1.090419292449951172e-01,2.207768261432647705e-01,7.762837409973144531e-01,-1.192467883229255676e-01,3.174210786819458008e-01,7.912562489509582520e-01,-4.530452936887741089e-02,2.756902277469635010e-01,7.859105467796325684e-01,-6.537134945392608643e-02,2.465550005435943604e-01,7.796161174774169922e-01,-7.686129957437515259e-02,2.220789343118667603e-01,7.755560874938964844e-01,-8.417175710201263428e-02,3.125050365924835205e-01,7.911177277565002441e-01,-2.741611376404762268e-02,2.817862629890441895e-01,7.846428155899047852e-01,-4.047651961445808411e-02,2.607006132602691650e-01,7.785280942916870117e-01,-4.791180416941642761e-02,2.426090836524963379e-01,7.735738754272460938e-01,-5.320289731025695801e-02
2.489836961030960083e-01,4.448846280574798584e-01,2.016918472236284288e-07,2.827637493610382080e-01,4.422352612018585205e-01,-1.126750092953443527e-02,3.122254014015197754e-01,4.245995283126831055e-01,-1.353836618363857269e-02,3.344949781894683838e-01,4.013879597187042236e-01,-1.544793602079153061e-02,3.541961312294006348e-01,3.914352357387542725e-01,-1.689937338232994080e-02,3.073436915874481201e-01,3.702881932258605957e-01,2.604589797556400299e-03,3.256123661994934082e-01,3.416869938373565674e-01,-1.768816146068274975e-03,3.352341651916503906e-01,3.226976692676544189e-01,-7.688788697123527527e-03,3.435682058334350586e-01,3.050683736801147461e-01,-1.265297643840312958e-02,2.936379909515380859e-01,3.553590178489685059e-01,3.272945992648601532e-03,3.084636032581329346e-01,3.192293047904968262e-01,-7.201606058515608311e-04,3.173972666263580322e-01,2.958149909973144531e-01,-7.335120812058448792e-03,3.248285949230194092e-01,2.751123309135437012e-01,-1.251241564750671387e-02,2.774725258350372314e-01,3.489684760570526123e-01,1.634248299524188042e-03,2.863172292709350586e-01,3.120356202125549316e-01,-4.341945517808198929e-03,2.922947406768798828e-01,2.883374691009521484e-01,-1.057568192481994629e-02,2.976034283638000488e-01,2.676521241664886475e-01,-1.476883888244628906e-02,2.587118744850158691e-01,3.487956523895263672e-01,-1.322612049989402294e-03,2.637231945991516113e-01,3.175004124641418457e-01,-7.660876959562301636e-03,2.674865126609802246e-01,2.967726886272430420e-01,-1.149946358054876328e-02,2.719214558601379395e-01,2.768835425376892090e-01,-1.389697659760713577e-02,3.942098617553710938e-01,7.939565777778625488e-01,3.891940707489993656e-07,4.055766165256500244e-01,7.550209760665893555e-01,-5.335087329149246216e-02,3.998085260391235352e-01,7.321340441703796387e-01,-8.504723757505416870e-02,3.844124376773834229e-01,7.157704830169677734e-01,-1.053898930549621582e-01,3.665268719196319580e-01,6.959479451179504395e-01,-1.244329661130905151e-01,3.447904586791992188e-01,7.695251107215881348e-01,-8.708146959543228149e-02,3.098022341728210449e-01,7.633929848670959473e-01,-1.127470135688781738e-01,2.844644188880920410e-01,7.632472515106201172e-01,-1.282131969928741455e-01,2.615069150924682617e-01,7.645889520645141602e-01,-1.381414681673049927e-01,3.275609612464904785e-01,7.863717079162597656e-01,-6.624278426170349121e-02,2.803639173507690430e-01,7.827383875846862793e-01,-9.355068951845169067e-02,2.483419924974441528e-01,7.780903577804565430e-01,-1.090419292449951172e-01,2.207768261432647705e-01,7.762837409973144531e-01,-1.192467883229255676e-01,3.174210786819458008e-01,7.912562489509582520e-01,-4.530452936887741089e-02,2.756902277469635010e-01,7.859105467796325684e-01,-6.537134945392608643e-02,2.465550005435943604e-01,7.796161174774169922e-01,-7.686129957437515259e-02,2.220789343118667603e-01,7.755560874938964844e-01,-8.417175710201263428e-02,3.125050365924835205e-01,7.911177277565002441e-01,-2.741611376404762268e-02,2.817862629890441895e-01,7.846428155899047852e-01,-4.047651961445808411e-02,2.607006132602691650e-01,7.785280942916870117e-01,-4.791180416941642761e-02,2.426090836524963379e-01,7.735738754272460938e-01,-5.320289731025695801e-02
2.489010095596313477e-01,4.451700747013092041e-01,2.063988944200900733e-07,2.824926376342773438e-01,4.427664279937744141e-01,-1.202050503343343735e-02,3.120974302291870117e-01,4.251134097576141357e-01,-1.467664074152708054e-02,3.342612683773040771e-01,4.014955759048461914e-01,-1.681107468903064728e-02,3.542406558990478516e-01,3.915602862834930420e-01,-1.844536699354648590e-02,3.073038756847381592e-01,3.704425096511840820e-01,1.585648860782384872e-03,3.254980146884918213e-01,3.417440056800842285e-01,-3.130085300654172897e-03,3.351280391216278076e-01,3.227164447307586670e-01,-9.198916144669055939e-03,3.434867858886718750e-01,3.050324022769927979e-01,-1.422396954149007797e-02,2.935786843299865723e-01,3.555094301700592041e-01,2.531455596908926964e-03,3.084954321384429932e-01,3.193187117576599121e-01,-1.708516734652221203e-03,3.173524737358093262e-01,2.957295775413513184e-01,-8.358172141015529633e-03,3.246797919273376465e-01,2.748501896858215332e-01,-1.353573333472013474e-02,2.773787975311279297e-01,3.492404520511627197e-01,1.116445288062095642e-03,2.860334813594818115e-01,3.124076128005981445e-01,-5.119775421917438507e-03,2.919251620769500732e-01,2.885558605194091797e-01,-1.138281822204589844e-02,2.971439063549041748e-01,2.677210867404937744e-01,-1.554317586123943329e-02,2.584047317504882812e-01,3.491313159465789795e-01,-1.671076170168817043e-03,2.635184228420257568e-01,3.177637457847595215e-01,-8.175036869943141937e-03,2.673658132553100586e-01,2.970289289951324463e-01,-1.204603910446166992e-02,2.718498408794403076e-01,2.770799696445465088e-01,-1.444292627274990082e-02,3.929592370986938477e-01,7.932130098342895508e-01,4.095824124306091107e-07,4.053140580654144287e-01,7.545135617256164551e-01,-5.597529560327529907e-02,4.000792205333709717e-01,7.319768667221069336e-01,-8.999617397785186768e-02,3.851435184478759766e-01,7.155984640121459961e-01,-1.119121387600898743e-01,3.659590184688568115e-01,6.961375474929809570e-01,-1.327636241912841797e-01,3.461886346340179443e-01,7.699025869369506836e-01,-9.583187848329544067e-02,3.115096390247344971e-01,7.624028325080871582e-01,-1.244941875338554382e-01,2.857594490051269531e-01,7.614728808403015137e-01,-1.416889578104019165e-01,2.621250152587890625e-01,7.623437643051147461e-01,-1.526440978050231934e-01,3.283140361309051514e-01,7.864758372306823730e-01,-7.397496700286865234e-02,2.809729576110839844e-01,7.820100188255310059e-01,-1.045591011643409729e-01,2.485211193561553955e-01,7.776364684104919434e-01,-1.220557764172554016e-01,2.200032025575637817e-01,7.762152552604675293e-01,-1.337214857339859009e-01,3.175157308578491211e-01,7.908766865730285645e-01,-5.161986872553825378e-02,2.760625183582305908e-01,7.858355641365051270e-01,-7.429343461990356445e-02,2.456639260053634644e-01,7.805007696151733398e-01,-8.773210644721984863e-02,2.204361408948898315e-01,7.772963047027587891e-01,-9.637583792209625244e-02,3.122946023941040039e-01,7.904689908027648926e-01,-3.221870586276054382e-02,2.817928493022918701e-01,7.842392325401306152e-01,-4.688283801078796387e-02,2.602891921997070312e-01,7.786999940872192383e-01,-5.561383068561553955e-02,2.419416904449462891e-01,7.747224569320678711e-01,-6.201494112610816956e-02
2.490647733211517334e-01,4.459191560745239258e-01,2.055065095873942482e-07,2.828411757946014404e-01,4.431632459163665771e-01,-1.155632548034191132e-02,3.122805655002593994e-01,4.250551760196685791e-01,-1.386421266943216324e-02,3.344713449478149414e-01,4.016242921352386475e-01,-1.577308587729930878e-02,3.542438745498657227e-01,3.914868235588073730e-01,-1.719610765576362610e-02,3.073901236057281494e-01,3.705566227436065674e-01,2.621690044179558754e-03,3.254061639308929443e-01,3.418409824371337891e-01,-1.800335361622273922e-03,3.349586725234985352e-01,3.229167461395263672e-01,-7.799663580954074860e-03,3.433050513267517090e-01,3.053208887577056885e-01,-1.281744427978992462e-02,2.936261296272277832e-01,3.556414246559143066e-01,3.368023317307233810e-03,3.083836138248443604e-01,3.194444477558135986e-01,-6.564556970261037350e-04,3.172405958175659180e-01,2.958717048168182373e-01,-7.322903256863355637e-03,3.246138095855712891e-01,2.751392722129821777e-01,-1.251854468137025833e-02,2.773193717002868652e-01,3.494274318218231201e-01,1.734856050461530685e-03,2.858889698982238770e-01,3.125132322311401367e-01,-4.356292076408863068e-03,2.917751669883728027e-01,2.885721921920776367e-01,-1.070101652294397354e-02,2.970717549324035645e-01,2.676907181739807129e-01,-1.493585761636495590e-02,2.582969069480895996e-01,3.494028747081756592e-01,-1.245448598638176918e-03,2.634944021701812744e-01,3.180713355541229248e-01,-7.685014512389898300e-03,2.672992944717407227e-01,2.972567081451416016e-01,-1.159817725419998169e-02,2.718408107757568359e-01,2.771983742713928223e-01,-1.404661778360605240e-02,3.933542966842651367e-01,7.928494215011596680e-01,4.169281737631536089e-07,4.050315022468566895e-01,7.545946836471557617e-01,-5.660487711429595947e-02,4.000257551670074463e-01,7.325304150581359863e-01,-9.083881229162216187e-02,3.851136267185211182e-01,7.162976861000061035e-01,-1.129351481795310974e-01,3.663920760154724121e-01,6.963163018226623535e-01,-1.339471191167831421e-01,3.452844917774200439e-01,7.689472436904907227e-01,-9.489213675260543823e-02,3.108199536800384521e-01,7.626597881317138672e-01,-1.229195520281791687e-01,2.850593626499176025e-01,7.623850107192993164e-01,-1.399530172348022461e-01,2.614195644855499268e-01,7.632200717926025391e-01,-1.509896963834762573e-01,3.279361128807067871e-01,7.853170633316040039e-01,-7.273611426353454590e-02,2.811554074287414551e-01,7.820366621017456055e-01,-1.029338836669921875e-01,2.486301064491271973e-01,7.780738472938537598e-01,-1.206670850515365601e-01,2.203837931156158447e-01,7.764690518379211426e-01,-1.326671987771987915e-01,3.179384768009185791e-01,7.901312112808227539e-01,-5.020439624786376953e-02,2.765904664993286133e-01,7.860137820243835449e-01,-7.265547662973403931e-02,2.461705952882766724e-01,7.808968424797058105e-01,-8.643449842929840088e-02,2.209623754024505615e-01,7.773607969284057617e-01,-9.546537697315216064e-02,3.132304251194000244e-01,7.903674244880676270e-01,-3.069407492876052856e-02,2.832076847553253174e-01,7.852059602737426758e-01,-4.551934450864791870e-02,2.616529762744903564e-01,7.799636125564575195e-01,-5.470880866050720215e-02,2.429591864347457886e-01,7.760806679725646973e-01,-6.153694167733192444e-02
2.492808550596237183e-01,4.476861357688903809e-01,1.993211071749101393e-07,2.831892967224121094e-01,4.444018602371215820e-01,-1.108964625746011734e-02,3.124013841152191162e-01,4.263364672660827637e-01,-1.342326216399669647e-02,3.340683579444885254e-01,4.028233289718627930e-01,-1.545359659940004349e-02,3.537503480911254883e-01,3.921140730381011963e-01,-1.700872369110584259e-02,3.070983290672302246e-01,3.720609545707702637e-01,2.717776224017143250e-03,3.249163627624511719e-01,3.434462547302246094e-01,-1.945150084793567657e-03,3.345289826393127441e-01,3.243928849697113037e-01,-8.048479445278644562e-03,3.428409993648529053e-01,3.066485226154327393e-01,-1.309733558446168900e-02,2.933640778064727783e-01,3.570042848587036133e-01,3.202748717740178108e-03,3.080071508884429932e-01,3.206485807895660400e-01,-1.048381207510828972e-03,3.168430328369140625e-01,2.970383167266845703e-01,-7.729238830506801605e-03,3.241351246833801270e-01,2.761583626270294189e-01,-1.288947369903326035e-02,2.771282494068145752e-01,3.506159186363220215e-01,1.373658771626651287e-03,2.856966555118560791e-01,3.135606944561004639e-01,-4.784223157912492752e-03,2.914130389690399170e-01,2.896649539470672607e-01,-1.093899179250001907e-02,2.965075969696044922e-01,2.687261104583740234e-01,-1.502616610378026962e-02,2.582590878009796143e-01,3.506234586238861084e-01,-1.759533188305795193e-03,2.632129788398742676e-01,3.194305002689361572e-01,-8.177275769412517548e-03,2.669113874435424805e-01,2.985646724700927734e-01,-1.193824410438537598e-02,2.713168859481811523e-01,2.784451544284820557e-01,-1.425753254443407059e-02,3.936772942543029785e-01,7.944647073745727539e-01,4.046468973228911636e-07,4.054978191852569580e-01,7.556134462356567383e-01,-5.416405200958251953e-02,3.995040655136108398e-01,7.325917482376098633e-01,-8.640788495540618896e-02,3.839353621006011963e-01,7.163463830947875977e-01,-1.071888953447341919e-01,3.658131361007690430e-01,6.957255601882934570e-01,-1.269207298755645752e-01,3.420956134796142578e-01,7.690630555152893066e-01,-8.806427568197250366e-02,3.077359795570373535e-01,7.616286277770996094e-01,-1.147422716021537781e-01,2.824019193649291992e-01,7.609882950782775879e-01,-1.313253790140151978e-01,2.593308687210083008e-01,7.621199488639831543e-01,-1.420281678438186646e-01,3.255237936973571777e-01,7.858363389968872070e-01,-6.704305112361907959e-02,2.791042327880859375e-01,7.810598611831665039e-01,-9.509941190481185913e-02,2.467037439346313477e-01,7.764328122138977051e-01,-1.116720288991928101e-01,2.183575630187988281e-01,7.744776606559753418e-01,-1.227572858333587646e-01,3.163098096847534180e-01,7.907330989837646484e-01,-4.599075391888618469e-02,2.745903134346008301e-01,7.847645878791809082e-01,-6.692598015069961548e-02,2.444701492786407471e-01,7.791094779968261719e-01,-7.963494211435317993e-02,2.190743982791900635e-01,7.752215266227722168e-01,-8.786453306674957275e-02,3.127538859844207764e-01,7.905277013778686523e-01,-2.797670103609561920e-02,2.825331091880798340e-01,7.832114100456237793e-01,-4.203959554433822632e-02,2.611002922058105469e-01,7.771226763725280762e-01,-5.047420412302017212e-02,2.425611019134521484e-01,7.723604440689086914e-01,-5.649330839514732361e-02
2.495310008525848389e-01,4.486371278762817383e-01,2.067455397991579957e-07,2.835243940353393555e-01,4.452037215232849121e-01,-1.152333337813615799e-02,3.126716613769531250e-01,4.266842603683471680e-01,-1.385321374982595444e-02,3.344852924346923828e-01,4.031042158603668213e-01,-1.579437218606472015e-02,3.541290163993835449e-01,3.925489783287048340e-01,-1.722548902034759521e-02,3.071866929531097412e-01,3.723634779453277588e-01,2.748424187302589417e-03,3.250275254249572754e-01,3.436418771743774414e-01,-1.782312872819602489e-03,3.344785571098327637e-01,3.244984149932861328e-01,-7.915278896689414978e-03,3.426485061645507812e-01,3.065956830978393555e-01,-1.299242954701185226e-02,2.932604849338531494e-01,3.575061559677124023e-01,3.482601838186383247e-03,3.079277276992797852e-01,3.211408853530883789e-01,-5.699573084712028503e-04,3.167453408241271973e-01,2.974326312541961670e-01,-7.256126496940851212e-03,3.241287767887115479e-01,2.764649093151092529e-01,-1.244346611201763153e-02,2.767984569072723389e-01,3.513835668563842773e-01,1.841008430346846581e-03,2.854743301868438721e-01,3.143990337848663330e-01,-4.128310829401016235e-03,2.913990020751953125e-01,2.904840707778930664e-01,-1.034206431359052658e-02,2.967436611652374268e-01,2.695616483688354492e-01,-1.448906678706407547e-02,2.576671242713928223e-01,3.515955209732055664e-01,-1.164295477792620659e-03,2.627941966056823730e-01,3.205171525478363037e-01,-7.445957977324724197e-03,2.665230035781860352e-01,2.995356917381286621e-01,-1.122058462351560593e-02,2.709907293319702148e-01,2.792763113975524902e-01,-1.356715802103281021e-02,3.908209204673767090e-01,7.904306054115295410e-01,4.240349369410978397e-07,4.042305946350097656e-01,7.531574964523315430e-01,-5.967661365866661072e-02,3.989039659500122070e-01,7.320183515548706055e-01,-9.508264064788818359e-02,3.843920230865478516e-01,7.167870402336120605e-01,-1.176340505480766296e-01,3.655148446559906006e-01,6.974406838417053223e-01,-1.391060650348663330e-01,3.433846533298492432e-01,7.689845561981201172e-01,-9.950796514749526978e-02,3.090911507606506348e-01,7.617020606994628906e-01,-1.280166059732437134e-01,2.833710610866546631e-01,7.610785961151123047e-01,-1.453104019165039062e-01,2.595570683479309082e-01,7.624782323837280273e-01,-1.565922051668167114e-01,3.255411088466644287e-01,7.842026948928833008e-01,-7.568190991878509521e-02,2.787750363349914551e-01,7.815114855766296387e-01,-1.062313690781593323e-01,2.468663305044174194e-01,7.777230143547058105e-01,-1.239752992987632751e-01,2.186425328254699707e-01,7.764785885810852051e-01,-1.361108869314193726e-01,3.149827420711517334e-01,7.876002192497253418e-01,-5.152726173400878906e-02,2.740584611892700195e-01,7.835836410522460938e-01,-7.403463870286941528e-02,2.445065975189208984e-01,7.783996462821960449e-01,-8.779773116111755371e-02,2.198036611080169678e-01,7.749372720718383789e-01,-9.698621928691864014e-02,3.096447587013244629e-01,7.863804697990417480e-01,-3.064097091555595398e-02,2.796330749988555908e-01,7.800494432449340820e-01,-4.536635428667068481e-02,2.589679956436157227e-01,7.743059992790222168e-01,-5.467246472835540771e-02,2.408757656812667847e-01,7.699972391128540039e-01,-6.176788359880447388e-02
2.491268813610076904e-01,4.484819769859313965e-01,2.086826924596607569e-07,2.834319174289703369e-01,4.453403949737548828e-01,-1.166177261620759964e-02,3.127813041210174561e-01,4.267137348651885986e-01,-1.393446233123540878e-02,3.345746099948883057e-01,4.027579724788665771e-01,-1.578051410615444183e-02,3.543408215045928955e-01,3.927119374275207520e-01,-1.710048876702785492e-02,3.071243464946746826e-01,3.722678422927856445e-01,2.813541330397129059e-03,3.250653445720672607e-01,3.435703516006469727e-01,-1.650106045417487621e-03,3.345493078231811523e-01,3.244971036911010742e-01,-7.762586232274770737e-03,3.427262604236602783e-01,3.066430389881134033e-01,-1.282317657023668289e-02,2.932172119617462158e-01,3.574429452419281006e-01,3.662334056571125984e-03,3.079709708690643311e-01,3.212241232395172119e-01,-3.312579356133937836e-04,3.168464601039886475e-01,2.975364625453948975e-01,-6.990918889641761780e-03,3.242944478988647461e-01,2.765405178070068359e-01,-1.214675698429346085e-02,2.768042683601379395e-01,3.513629138469696045e-01,2.110277768224477768e-03,2.854253649711608887e-01,3.144692182540893555e-01,-3.810452064499258995e-03,2.913634777069091797e-01,2.906566262245178223e-01,-1.000859122723340988e-02,2.967385947704315186e-01,2.698042988777160645e-01,-1.412175036966800690e-02,2.576763629913330078e-01,3.515521585941314697e-01,-8.258688030764460564e-04,2.627858817577362061e-01,3.203408122062683105e-01,-7.034925743937492371e-03,2.665144205093383789e-01,2.994211912155151367e-01,-1.077101007103919983e-02,2.709725201129913330e-01,2.792028784751892090e-01,-1.307936571538448334e-02,3.917196989059448242e-01,7.902284860610961914e-01,4.338481005561334314e-07,4.038240313529968262e-01,7.520456910133361816e-01,-5.863415449857711792e-02,3.984059989452362061e-01,7.312388420104980469e-01,-9.382913261651992798e-02,3.841096758842468262e-01,7.161549925804138184e-01,-1.162014454603195190e-01,3.652890622615814209e-01,6.968927979469299316e-01,-1.374450027942657471e-01,3.439156115055084229e-01,7.680687904357910156e-01,-9.937367588281631470e-02,3.092798888683319092e-01,7.614568471908569336e-01,-1.270578056573867798e-01,2.839155495166778564e-01,7.613680958747863770e-01,-1.435508430004119873e-01,2.602735757827758789e-01,7.624157071113586426e-01,-1.543461680412292480e-01,3.261393010616302490e-01,7.839993834495544434e-01,-7.562226057052612305e-02,2.788815498352050781e-01,7.821594476699829102e-01,-1.071690768003463745e-01,2.465469539165496826e-01,7.785579562187194824e-01,-1.255139708518981934e-01,2.181831300258636475e-01,7.769314646720886230e-01,-1.378457099199295044e-01,3.155579566955566406e-01,7.877600789070129395e-01,-5.111073330044746399e-02,2.741339206695556641e-01,7.842437028884887695e-01,-7.399737834930419922e-02,2.442118525505065918e-01,7.792832851409912109e-01,-8.774718642234802246e-02,2.195165753364562988e-01,7.754809260368347168e-01,-9.671199321746826172e-02,3.099476397037506104e-01,7.866880893707275391e-01,-2.966595254838466644e-02,2.792868316173553467e-01,7.809916734695434570e-01,-4.405368864536285400e-02,2.583966553211212158e-01,7.754946947097778320e-01,-5.296230688691139221e-02,2.400438189506530762e-01,7.710478305816650391e-01,-5.972566828131675720e-02
2.498421669006347656e-01,4.504267275333404541e-01,1.966042617596031050e-07,2.837853431701660156e-01,4.468419849872589111e-01,-1.080285105854272842e-02,3.128373622894287109e-01,4.283974170684814453e-01,-1.298788748681545258e-02,3.345415592193603516e-01,4.051232635974884033e-01,-1.493704319000244141e-02,3.539944291114807129e-01,3.938234448432922363e-01,-1.647891290485858917e-02,3.073689937591552734e-01,3.742574453353881836e-01,2.859719563275575638e-03,3.248488008975982666e-01,3.453195095062255859e-01,-1.744496985338628292e-03,3.342348039150238037e-01,3.260935842990875244e-01,-7.773490622639656067e-03,3.423226475715637207e-01,3.083246946334838867e-01,-1.276783924549818039e-02,2.933964729309082031e-01,3.593528270721435547e-01,3.146258182823657990e-03,3.080438375473022461e-01,3.228286206722259521e-01,-1.076461980119347572e-03,3.169117867946624756e-01,2.992761731147766113e-01,-7.706213742494583130e-03,3.243359625339508057e-01,2.786585986614227295e-01,-1.281108427792787552e-02,2.768928706645965576e-01,3.532587885856628418e-01,1.137404353357851505e-03,2.856130003929138184e-01,3.158244192600250244e-01,-5.056789610534906387e-03,2.915463447570800781e-01,2.920128703117370605e-01,-1.118404138833284378e-02,2.970011234283447266e-01,2.713980674743652344e-01,-1.523374486714601517e-02,2.578653693199157715e-01,3.537266552448272705e-01,-2.144435420632362366e-03,2.628702819347381592e-01,3.221137821674346924e-01,-8.657968603074550629e-03,2.665634155273437500e-01,3.010631203651428223e-01,-1.240056753158569336e-02,2.710230946540832520e-01,2.809505462646484375e-01,-1.468733325600624084e-02,3.916306495666503906e-01,7.938424944877624512e-01,3.786352351653476944e-07,4.037844538688659668e-01,7.547478675842285156e-01,-5.193489417433738708e-02,3.979572951793670654e-01,7.312141656875610352e-01,-8.329313993453979492e-02,3.818016052246093750e-01,7.148627638816833496e-01,-1.038555502891540527e-01,3.637161850929260254e-01,6.948132514953613281e-01,-1.234043687582015991e-01,3.447610437870025635e-01,7.679910063743591309e-01,-8.625202625989913940e-02,3.099536299705505371e-01,7.609968185424804688e-01,-1.134670749306678772e-01,2.837264537811279297e-01,7.611203193664550781e-01,-1.301889419555664062e-01,2.600517868995666504e-01,7.622992992401123047e-01,-1.410136520862579346e-01,3.264461755752563477e-01,7.854721546173095703e-01,-6.704346835613250732e-02,2.789904773235321045e-01,7.799155116081237793e-01,-9.457033127546310425e-02,2.467884719371795654e-01,7.749974727630615234e-01,-1.104285567998886108e-01,2.192508876323699951e-01,7.726770043373107910e-01,-1.211033910512924194e-01,3.149423599243164062e-01,7.907179594039916992e-01,-4.788697510957717896e-02,2.721995413303375244e-01,7.848995327949523926e-01,-6.842178106307983398e-02,2.426268458366394043e-01,7.787063717842102051e-01,-8.046432584524154663e-02,2.186600863933563232e-01,7.742724418640136719e-01,-8.830807358026504517e-02,3.093915283679962158e-01,7.908332347869873047e-01,-3.174637630581855774e-02,2.774342894554138184e-01,7.853709459304809570e-01,-4.569771885871887207e-02,2.548434734344482422e-01,7.798681855201721191e-01,-5.384222790598869324e-02,2.360673248767852783e-01,7.753728032112121582e-01,-5.964203178882598877e-02
2.509062290191650391e-01,4.549971818923950195e-01,2.036385211567903752e-07,2.853025496006011963e-01,4.511625468730926514e-01,-1.048208028078079224e-02,3.142243027687072754e-01,4.312244653701782227e-01,-1.213554665446281433e-02,3.355922102928161621e-01,4.070197641849517822e-01,-1.363147795200347900e-02,3.550604879856109619e-01,3.963404297828674316e-01,-1.471259444952011108e-02,3.078746497631072998e-01,3.762016296386718750e-01,4.378758836537599564e-03,3.252078890800476074e-01,3.471194207668304443e-01,5.287895328365266323e-04,3.347457051277160645e-01,3.278805911540985107e-01,-5.165331996977329254e-03,3.428360819816589355e-01,3.103967308998107910e-01,-9.982155635952949524e-03,2.935274243354797363e-01,3.617284297943115234e-01,4.659717902541160583e-03,3.079731166362762451e-01,3.249934911727905273e-01,1.234492636285722256e-03,3.170337975025177002e-01,3.015044629573822021e-01,-5.013188347220420837e-03,3.245247006416320801e-01,2.812819182872772217e-01,-9.867660701274871826e-03,2.768683433532714844e-01,3.558841049671173096e-01,2.576029859483242035e-03,2.857526540756225586e-01,3.181125223636627197e-01,-3.075590124353766441e-03,2.918744087219238281e-01,2.944758534431457520e-01,-9.039890952408313751e-03,2.974843978881835938e-01,2.742138504981994629e-01,-1.299143955111503601e-02,2.576957046985626221e-01,3.565672338008880615e-01,-7.978256908245384693e-04,2.628480494022369385e-01,3.250046968460083008e-01,-6.953205447643995285e-03,2.666909694671630859e-01,3.043202161788940430e-01,-1.056313235312700272e-02,2.713586986064910889e-01,2.848254144191741943e-01,-1.277735736221075058e-02,3.888549804687500000e-01,7.890919446945190430e-01,3.953234681830508634e-07,4.023746848106384277e-01,7.514540553092956543e-01,-5.745252966880798340e-02,3.967920839786529541e-01,7.291364669799804688e-01,-9.109012782573699951e-02,3.821686804294586182e-01,7.146878838539123535e-01,-1.125799864530563354e-01,3.629518151283264160e-01,6.934767961502075195e-01,-1.329938024282455444e-01,3.383715152740478516e-01,7.645273208618164062e-01,-9.250462800264358521e-02,3.048638403415679932e-01,7.579589486122131348e-01,-1.193794012069702148e-01,2.798812687397003174e-01,7.576375007629394531e-01,-1.361810714006423950e-01,2.568444609642028809e-01,7.593884468078613281e-01,-1.471942663192749023e-01,3.207325637340545654e-01,7.799883484840393066e-01,-6.941688060760498047e-02,2.753133177757263184e-01,7.763476371765136719e-01,-9.695267677307128906e-02,2.444253861904144287e-01,7.725301980972290039e-01,-1.126716807484626770e-01,2.177164703607559204e-01,7.718409895896911621e-01,-1.234973669052124023e-01,3.105650246143341064e-01,7.842321991920471191e-01,-4.651440680027008057e-02,2.692696750164031982e-01,7.782419919967651367e-01,-6.670879572629928589e-02,2.413965165615081787e-01,7.724829316139221191e-01,-7.863248139619827271e-02,2.185224592685699463e-01,7.687003612518310547e-01,-8.658558875322341919e-02,3.057399392127990723e-01,7.842072844505310059e-01,-2.697194926440715790e-02,2.744324803352355957e-01,7.771815657615661621e-01,-4.029449447989463806e-02,2.535569965839385986e-01,7.716770172119140625e-01,-4.847757145762443542e-02,2.361600548028945923e-01,7.668324112892150879e-01,-5.459653213620185852e-02
2.509062290191650391e-01,4.549971818923950195e-01,2.036385211567903752e-07,2.853025496006011963e-01,4.511625468730926514e-01,-1.048208028078079224e-02,3.142243027687072754e-01,4.312244653701782227e-01,-1.213554665446281433e-02,3.355922102928161621e-01,4.070197641849517822e-01,-1.363147795200347900e-02,3.550604879856109619e-01,3.963404297828674316e-01,-1.471259444952011108e-02,3.078746497631072998e-01,3.762016296386718750e-01,4.378758836537599564e-03,3.252078890800476074e-01,3.471194207668304443e-01,5.287895328365266323e-04,3.347457051277160645e-01,3.278805911540985107e-01,-5.165331996977329254e-03,3.428360819816589355e-01,3.103967308998107910e-01,-9.982155635952949524e-03,2.935274243354797363e-01,3.617284297943115234e-01,4.659717902541160583e-03,3.079731166362762451e-01,3.249934911727905273e-01,1.234492636285722256e-03,3.170337975025177002e-01,3.015044629573822021e-01,-5.013188347220420837e-03,3.245247006416320801e-01,2.812819182872772217e-01,-9.867660701274871826e-03,2.768683433532714844e-01,3.558841049671173096e-01,2.576029859483242035e-03,2.857526540756225586e-01,3.181125223636627197e-01,-3.075590124353766441e-03,2.918744087219238281e-01,2.944758534431457520e-01,-9.039890952408313751e-03,2.974843978881835938e-01,2.742138504981994629e-01,-1.299143955111503601e-02,2.576957046985626221e-01,3.565672338008880615e-01,-7.978256908245384693e-04,2.628480494022369385e-01,3.250046968460083008e-01,-6.953205447643995285e-03,2.666909694671630859e-01,3.043202161788940430e-01,-1.056313235312700272e-02,2.713586986064910889e-01,2.848254144191741943e-01,-1.277735736221075058e-02,3.888549804687500000e-01,7.890919446945190430e-01,3.953234681830508634e-07,4.023746848106384277e-01,7.514540553092956543e-01,-5.745252966880798340e-02,3.967920839786529541e-01,7.291364669799804688e-01,-9.109012782573699951e-02,3.821686804294586182e-01,7.146878838539123535e-01,-1.125799864530563354e-01,3.629518151283264160e-01,6.934767961502075195e-01,-1.329938024282455444e-01,3.383715152740478516e-01,7.645273208618164062e-01,-9.250462800264358521e-02,3.048638403415679932e-01,7.579589486122131348e-01,-1.193794012069702148e-01,2.798812687397003174e-01,7.576375007629394531e-01,-1.361810714006423950e-01,2.568444609642028809e-01,7.593884468078613281e-01,-1.471942663192749023e-01,3.207325637340545654e-01,7.799883484840393066e-01,-6.941688060760498047e-02,2.753133177757263184e-01,7.763476371765136719e-01,-9.695267677307128906e-02,2.444253861904144287e-01,7.725301980972290039e-01,-1.126716807484626770e-01,2.177164703607559204e-01,7.718409895896911621e-01,-1.234973669052124023e-01,3.105650246143341064e-01,7.842321991920471191e-01,-4.651440680027008057e-02,2.692696750164031982e-01,7.782419919967651367e-01,-6.670879572629928589e-02,2.413965165615081787e-01,7.724829316139221191e-01,-7.863248139619827271e-02,2.185224592685699463e-01,7.687003612518310547e-01,-8.658558875322341919e-02,3.057399392127990723e-01,7.842072844505310059e-01,-2.697194926440715790e-02,2.744324803352355957e-01,7.771815657615661621e-01,-4.029449447989463806e-02,2.535569965839385986e-01,7.716770172119140625e-01,-4.847757145762443542e-02,2.361600548028945923e-01,7.668324112892150879e-01,-5.459653213620185852e-02
2.509105205535888672e-01,4.565401375293731689e-01,2.064547572899755323e-07,2.845941483974456787e-01,4.523676633834838867e-01,-1.152312103658914566e-02,3.139160871505737305e-01,4.328135848045349121e-01,-1.420689933001995087e-02,3.353155553340911865e-01,4.089102745056152344e-01,-1.646348647773265839e-02,3.547943830490112305e-01,3.974615037441253662e-01,-1.827548630535602570e-02,3.078035116195678711e-01,3.774467408657073975e-01,1.472297240979969501e-03,3.251487016677856445e-01,3.484833240509033203e-01,-3.427253570407629013e-03,3.346116840839385986e-01,3.292868733406066895e-01,-9.582852013409137726e-03,3.427885174751281738e-01,3.117247819900512695e-01,-1.461961958557367325e-02,2.934776544570922852e-01,3.631677925586700439e-01,2.013980410993099213e-03,3.079643249511718750e-01,3.266375064849853516e-01,-2.396089490503072739e-03,3.171279728412628174e-01,3.031480908393859863e-01,-8.878352120518684387e-03,3.249549269676208496e-01,2.825640439987182617e-01,-1.385026797652244568e-02,2.767574489116668701e-01,3.577507734298706055e-01,2.409606531728059053e-04,2.852578759193420410e-01,3.200674653053283691e-01,-6.037082057446241379e-03,2.913693487644195557e-01,2.962915301322937012e-01,-1.199407968670129776e-02,2.972634136676788330e-01,2.756418883800506592e-01,-1.592245511710643768e-02,2.575221061706542969e-01,3.588038384914398193e-01,-2.868713811039924622e-03,2.622565329074859619e-01,3.271422088146209717e-01,-9.402748197317123413e-03,2.660339772701263428e-01,3.062032163143157959e-01,-1.306672021746635437e-02,2.707896828651428223e-01,2.861795127391815186e-01,-1.529475860297679901e-02,3.913071751594543457e-01,7.896963953971862793e-01,3.902170249148184666e-07,4.022679924964904785e-01,7.500681877136230469e-01,-5.316493287682533264e-02,3.951020836830139160e-01,7.271265983581542969e-01,-8.317102491855621338e-02,3.798473179340362549e-01,7.125551104545593262e-01,-1.021115407347679138e-01,3.628007173538208008e-01,6.940139532089233398e-01,-1.196279302239418030e-01,3.353192508220672607e-01,7.640185952186584473e-01,-8.035849034786224365e-02,3.017275929450988770e-01,7.575703859329223633e-01,-1.034528091549873352e-01,2.773276865482330322e-01,7.564203739166259766e-01,-1.178830936551094055e-01,2.555320560932159424e-01,7.570813894271850586e-01,-1.270737200975418091e-01,3.195868134498596191e-01,7.804134488105773926e-01,-5.871821939945220947e-02,2.731434404850006104e-01,7.769941091537475586e-01,-8.268776535987854004e-02,2.417955696582794189e-01,7.716932296752929688e-01,-9.608604758977890015e-02,2.157577574253082275e-01,7.691382169723510742e-01,-1.047019436955451965e-01,3.113990724086761475e-01,7.853283286094665527e-01,-3.764572367072105408e-02,2.696630358695983887e-01,7.795309424400329590e-01,-5.533289164304733276e-02,2.422068268060684204e-01,7.724448442459106445e-01,-6.543405354022979736e-02,2.196603119373321533e-01,7.673708796501159668e-01,-7.154256105422973633e-02,3.078583478927612305e-01,7.856275439262390137e-01,-1.985553279519081116e-02,2.765088081359863281e-01,7.788974642753601074e-01,-3.081012889742851257e-02,2.552659511566162109e-01,7.730587124824523926e-01,-3.718873113393783569e-02,2.377843558788299561e-01,7.674104571342468262e-01,-4.163277149200439453e-02
2.536444664001464844e-01,4.674495458602905273e-01,2.181515554866564344e-07,2.888594865798950195e-01,4.610365629196166992e-01,-9.749444201588630676e-03,3.170805275440216064e-01,4.397412538528442383e-01,-1.102534029632806778e-02,3.384498357772827148e-01,4.149258434772491455e-01,-1.253404654562473297e-02,3.577930927276611328e-01,4.027788937091827393e-01,-1.364635024219751358e-02,3.095406889915466309e-01,3.844902515411376953e-01,7.431786507368087769e-03,3.268133401870727539e-01,3.546603322029113770e-01,4.658341873437166214e-03,3.363716304302215576e-01,3.355400562286376953e-01,-5.198112921789288521e-04,3.441670536994934082e-01,3.186345100402832031e-01,-4.985836334526538849e-03,2.948119938373565674e-01,3.706624507904052734e-01,7.473731879144906998e-03,3.095134496688842773e-01,3.338418006896972656e-01,5.377497989684343338e-03,3.187962770462036133e-01,3.104479312896728516e-01,-2.580897125881165266e-04,3.261702060699462891e-01,2.907460629940032959e-01,-4.770355299115180969e-03,2.779759466648101807e-01,3.652580082416534424e-01,4.958337638527154922e-03,2.868670225143432617e-01,3.270600438117980957e-01,3.709842276293784380e-04,2.925967574119567871e-01,3.032362759113311768e-01,-5.314905662089586258e-03,2.978516519069671631e-01,2.831120193004608154e-01,-9.242928586900234222e-03,2.584681510925292969e-01,3.667487502098083496e-01,1.129340147599577904e-03,2.636629939079284668e-01,3.354904949665069580e-01,-4.160644952207803726e-03,2.672652900218963623e-01,3.152291774749755859e-01,-7.355691865086555481e-03,2.717750072479248047e-01,2.964080274105072021e-01,-9.414140135049819946e-03,3.872448205947875977e-01,7.791945338249206543e-01,4.110490010589273879e-07,4.003132283687591553e-01,7.450862526893615723e-01,-6.043621525168418884e-02,3.945659399032592773e-01,7.237814664840698242e-01,-9.441784024238586426e-02,3.795067071914672852e-01,7.097370028495788574e-01,-1.157649904489517212e-01,3.597047924995422363e-01,6.873346567153930664e-01,-1.359919756650924683e-01,3.362226486206054688e-01,7.592483758926391602e-01,-9.317453205585479736e-02,3.013957142829895020e-01,7.500379681587219238e-01,-1.202751696109771729e-01,2.757396101951599121e-01,7.479597330093383789e-01,-1.373277306556701660e-01,2.526635527610778809e-01,7.483764886856079102e-01,-1.485602706670761108e-01,3.183484971523284912e-01,7.729500532150268555e-01,-6.917593628168106079e-02,2.728321552276611328e-01,7.678782939910888672e-01,-9.595778584480285645e-02,2.415421009063720703e-01,7.630432248115539551e-01,-1.117535904049873352e-01,2.144946604967117310e-01,7.618370652198791504e-01,-1.228410825133323669e-01,3.087594509124755859e-01,7.760871052742004395e-01,-4.602297022938728333e-02,2.673017978668212891e-01,7.701065540313720703e-01,-6.647864729166030884e-02,2.392347455024719238e-01,7.643488645553588867e-01,-7.989777624607086182e-02,2.155454903841018677e-01,7.606477141380310059e-01,-8.909916877746582031e-02,3.048545718193054199e-01,7.756412029266357422e-01,-2.651044353842735291e-02,2.746506631374359131e-01,7.692613601684570312e-01,-4.099234193563461304e-02,2.540966272354125977e-01,7.636743187904357910e-01,-5.088301748037338257e-02,2.367299199104309082e-01,7.586487531661987305e-01,-5.834411084651947021e-02
2.565790414810180664e-01,4.758482277393341064e-01,2.120316651144094067e-07,2.914932668209075928e-01,4.681294262409210205e-01,-9.743065573275089264e-03,3.194812834262847900e-01,4.453931748867034912e-01,-1.150570623576641083e-02,3.400947749614715576e-01,4.203300774097442627e-01,-1.339310035109519958e-02,3.590331375598907471e-01,4.072139263153076172e-01,-1.494493335485458374e-02,3.109108507633209229e-01,3.898602128028869629e-01,4.819713998585939407e-03,3.276633620262145996e-01,3.601132631301879883e-01,7.487591356039047241e-04,3.371933996677398682e-01,3.412389457225799561e-01,-5.188045091927051544e-03,3.451541066169738770e-01,3.241424858570098877e-01,-1.009730435907840729e-02,2.957178950309753418e-01,3.765147626399993896e-01,4.577347077429294586e-03,3.100672066211700439e-01,3.396911621093750000e-01,1.405808608978986740e-03,3.194317221641540527e-01,3.168227970600128174e-01,-4.570224322378635406e-03,3.270403742790222168e-01,2.972791790962219238e-01,-9.359560906887054443e-03,2.784199118614196777e-01,3.718822598457336426e-01,1.946396194398403168e-03,2.869564592838287354e-01,3.338168859481811523e-01,-3.244510386139154434e-03,2.928686439990997314e-01,3.102825284004211426e-01,-8.849072270095348358e-03,2.984357178211212158e-01,2.902887165546417236e-01,-1.277950592339038849e-02,2.587572932243347168e-01,3.743517994880676270e-01,-1.949102850630879402e-03,2.634681463241577148e-01,3.432666659355163574e-01,-7.561519276350736618e-03,2.670624256134033203e-01,3.230186700820922852e-01,-1.068843249231576920e-02,2.714558243751525879e-01,3.041125535964965820e-01,-1.272219792008399963e-02,3.840557932853698730e-01,7.743203639984130859e-01,4.519172307482222095e-07,3.980375230312347412e-01,7.371591329574584961e-01,-6.498983502388000488e-02,3.914880156517028809e-01,7.166053056716918945e-01,-1.025010868906974792e-01,3.775374591350555420e-01,7.037141323089599609e-01,-1.251713037490844727e-01,3.569613099098205566e-01,6.829544901847839355e-01,-1.471231430768966675e-01,3.351238965988159180e-01,7.526193857192993164e-01,-1.101506128907203674e-01,3.014946877956390381e-01,7.437901496887207031e-01,-1.385336220264434814e-01,2.762301564216613770e-01,7.415418028831481934e-01,-1.564567834138870239e-01,2.527503967285156250e-01,7.412313818931579590e-01,-1.686452627182006836e-01,3.172756731510162354e-01,7.647175192832946777e-01,-8.123084157705307007e-02,2.725616693496704102e-01,7.622553110122680664e-01,-1.115593612194061279e-01,2.422656118869781494e-01,7.582371234893798828e-01,-1.301887780427932739e-01,2.146512567996978760e-01,7.574551105499267578e-01,-1.439687758684158325e-01,3.074214458465576172e-01,7.666139006614685059e-01,-5.143774300813674927e-02,2.684579789638519287e-01,7.632486820220947266e-01,-7.256558537483215332e-02,2.402712702751159668e-01,7.587969303131103516e-01,-8.778024464845657349e-02,2.167596071958541870e-01,7.561480402946472168e-01,-9.905446320772171021e-02,3.026811778545379639e-01,7.664690017700195312e-01,-2.495779097080230713e-02,2.737307846546173096e-01,7.616401910781860352e-01,-3.872807323932647705e-02,2.543647885322570801e-01,7.574536800384521484e-01,-4.950126260519027710e-02,2.370989322662353516e-01,7.539408206939697266e-01,-5.862253159284591675e-02
2.564548254013061523e-01,4.761543571949005127e-01,2.197195669850771083e-07,2.904453575611114502e-01,4.691509306430816650e-01,-1.057527121156454086e-02,3.190607428550720215e-01,4.459940493106842041e-01,-1.282801665365695953e-02,3.396680355072021484e-01,4.202969074249267578e-01,-1.477826666086912155e-02,3.587866723537445068e-01,4.087866842746734619e-01,-1.631554774940013885e-02,3.105671405792236328e-01,3.902774751186370850e-01,2.064732601866126060e-03,3.275586962699890137e-01,3.606125116348266602e-01,-2.499819733202457428e-03,3.368991911411285400e-01,3.414610624313354492e-01,-8.521238341927528381e-03,3.448547422885894775e-01,3.239497840404510498e-01,-1.343272812664508820e-02,2.954209148883819580e-01,3.770459592342376709e-01,2.274788683280348778e-03,3.099737465381622314e-01,3.408281207084655762e-01,-1.478458056226372719e-03,3.194535672664642334e-01,3.177978098392486572e-01,-7.411231286823749542e-03,3.273968994617462158e-01,2.974900901317596436e-01,-1.205146592110395432e-02,2.781445682048797607e-01,3.726486563682556152e-01,2.470963809173554182e-04,2.862529158592224121e-01,3.352392911911010742e-01,-5.159154068678617477e-03,2.922981977462768555e-01,3.116420209407806396e-01,-1.069274544715881348e-02,2.982445061206817627e-01,2.910057604312896729e-01,-1.453787367790937424e-02,2.583643794059753418e-01,3.751383125782012939e-01,-3.075892338529229164e-03,2.627691328525543213e-01,3.445621132850646973e-01,-8.658646605908870697e-03,2.666269242763519287e-01,3.245451748371124268e-01,-1.173686329275369644e-02,2.715469002723693848e-01,3.054460287094116211e-01,-1.371973007917404175e-02,3.834836483001708984e-01,7.752460837364196777e-01,4.796040684595936909e-07,3.965462148189544678e-01,7.352387309074401855e-01,-6.479678303003311157e-02,3.902793824672698975e-01,7.152172327041625977e-01,-1.035529151558876038e-01,3.773142397403717041e-01,7.025915980339050293e-01,-1.270755678415298462e-01,3.569763004779815674e-01,6.832438707351684570e-01,-1.501315534114837646e-01,3.353095352649688721e-01,7.526144385337829590e-01,-1.158359870314598083e-01,3.008015155792236328e-01,7.456001639366149902e-01,-1.453748345375061035e-01,2.753579616546630859e-01,7.437024116516113281e-01,-1.642699539661407471e-01,2.513683438301086426e-01,7.430138587951660156e-01,-1.772751063108444214e-01,3.172279298305511475e-01,7.640252113342285156e-01,-8.628278970718383789e-02,2.725630402565002441e-01,7.646918296813964844e-01,-1.195764839649200439e-01,2.427178174257278442e-01,7.612684369087219238e-01,-1.403145939111709595e-01,2.149790823459625244e-01,7.590857148170471191e-01,-1.557852774858474731e-01,3.074914216995239258e-01,7.659413218498229980e-01,-5.486421659588813782e-02,2.688198685646057129e-01,7.640659809112548828e-01,-7.766642421483993530e-02,2.411350309848785400e-01,7.580402493476867676e-01,-9.382921457290649414e-02,2.190983891487121582e-01,7.534595727920532227e-01,-1.058544367551803589e-01,3.023486733436584473e-01,7.659758925437927246e-01,-2.634383551776409149e-02,2.742578387260437012e-01,7.606065273284912109e-01,-4.070958867669105530e-02,2.554231882095336914e-01,7.543357610702514648e-01,-5.181566625833511353e-02,2.379585951566696167e-01,7.491895556449890137e-01,-6.147018820047378540e-02
2.617109715938568115e-01,4.985550940036773682e-01,1.943939196280553006e-07,2.962309718132019043e-01,4.891288280487060547e-01,-9.157392196357250214e-03,3.238336145877838135e-01,4.635880589485168457e-01,-1.040184032171964645e-02,3.444664478302001953e-01,4.379125535488128662e-01,-1.192580536007881165e-02,3.631325364112854004e-01,4.232800602912902832e-01,-1.316275447607040405e-02,3.148009479045867920e-01,4.083972573280334473e-01,5.344845820218324661e-03,3.310683667659759521e-01,3.777607679367065430e-01,1.070435275323688984e-03,3.407454490661621094e-01,3.593047261238098145e-01,-5.373672582209110260e-03,3.493284881114959717e-01,3.417421281337738037e-01,-1.052166800945997238e-02,2.996226847171783447e-01,3.955707848072052002e-01,4.854786675423383713e-03,3.128281235694885254e-01,3.591923713684082031e-01,1.948790741153061390e-03,3.223690986633300781e-01,3.367201387882232666e-01,-4.207327961921691895e-03,3.304715752601623535e-01,3.162736892700195312e-01,-9.087768383324146271e-03,2.821369767189025879e-01,3.912803232669830322e-01,2.054415410384535789e-03,2.900899350643157959e-01,3.545306622982025146e-01,-2.387614687904715538e-03,2.958761453628540039e-01,3.318600058555603027e-01,-7.361128460615873337e-03,3.018957674503326416e-01,3.118098676204681396e-01,-1.095901150256395340e-02,2.620317041873931885e-01,3.940567672252655029e-01,-2.081648679450154305e-03,2.659820616245269775e-01,3.638595044612884521e-01,-6.504351738840341568e-03,2.700132131576538086e-01,3.445558547973632812e-01,-8.440398611128330231e-03,2.754498422145843506e-01,3.265559971332550049e-01,-9.706979617476463318e-03,3.831321597099304199e-01,7.629772424697875977e-01,4.052450037761445856e-07,3.963694572448730469e-01,7.286106348037719727e-01,-5.448016896843910217e-02,3.914569616317749023e-01,7.055941820144653320e-01,-8.610609918832778931e-02,3.751109540462493896e-01,6.918211579322814941e-01,-1.066364571452140808e-01,3.572428226470947266e-01,6.712023019790649414e-01,-1.262101233005523682e-01,3.331503868103027344e-01,7.389323115348815918e-01,-8.429665863513946533e-02,3.011642694473266602e-01,7.273645401000976562e-01,-1.117547228932380676e-01,2.754529416561126709e-01,7.226379513740539551e-01,-1.299214363098144531e-01,2.513529956340789795e-01,7.201430797576904297e-01,-1.420622915029525757e-01,3.143070340156555176e-01,7.522603869438171387e-01,-6.415258347988128662e-02,2.705789506435394287e-01,7.457407116889953613e-01,-9.057252854108810425e-02,2.397955209016799927e-01,7.394629120826721191e-01,-1.067394986748695374e-01,2.118147611618041992e-01,7.356278896331787109e-01,-1.180145367980003357e-01,3.045012056827545166e-01,7.556086182594299316e-01,-4.474591836333274841e-02,2.644404470920562744e-01,7.483007311820983887e-01,-6.550791114568710327e-02,2.367607504129409790e-01,7.407473325729370117e-01,-7.829537987709045410e-02,2.129197716712951660e-01,7.355784773826599121e-01,-8.678694069385528564e-02,3.013603985309600830e-01,7.547462582588195801e-01,-2.862155996263027191e-02,2.727426290512084961e-01,7.463793754577636719e-01,-4.401472210884094238e-02,2.528660297393798828e-01,7.398249506950378418e-01,-5.316597223281860352e-02,2.351428866386413574e-01,7.347065806388854980e-01,-5.952408909797668457e-02
2.664990723133087158e-01,5.127617120742797852e-01,2.133719902985831141e-07,3.008684813976287842e-01,5.015847682952880859e-01,-1.012499164789915085e-02,3.278995752334594727e-01,4.754619002342224121e-01,-1.311382744461297989e-02,3.478696048259735107e-01,4.496661424636840820e-01,-1.631680317223072052e-02,3.673589825630187988e-01,4.338762462139129639e-01,-1.922412775456905365e-02,3.177100121974945068e-01,4.192931652069091797e-01,2.337722107768058777e-03,3.336240351200103760e-01,3.886528313159942627e-01,-3.860053606331348419e-03,3.437779545783996582e-01,3.710324168205261230e-01,-1.137877348810434341e-02,3.534139692783355713e-01,3.543645739555358887e-01,-1.706650853157043457e-02,3.017105162143707275e-01,4.074279367923736572e-01,1.801793579943478107e-03,3.145417869091033936e-01,3.718169033527374268e-01,-2.540881978347897530e-03,3.245759904384613037e-01,3.508144319057464600e-01,-8.861404843628406525e-03,3.340503573417663574e-01,3.314725458621978760e-01,-1.382679212838411331e-02,2.838975489139556885e-01,4.044852256774902344e-01,-1.099929912015795708e-03,2.917158901691436768e-01,3.691368699073791504e-01,-6.287166383117437363e-03,2.979492843151092529e-01,3.470641374588012695e-01,-1.058316044509410858e-02,3.050090074539184570e-01,3.273199200630187988e-01,-1.374322734773159027e-02,2.639973759651184082e-01,4.089063704013824463e-01,-5.460596177726984024e-03,2.682534754276275635e-01,3.797928690910339355e-01,-1.025163196027278900e-02,2.725112736225128174e-01,3.605817854404449463e-01,-1.185376755893230438e-02,2.779111862182617188e-01,3.424167633056640625e-01,-1.285824552178382874e-02,3.837317228317260742e-01,7.559415102005004883e-01,3.699434216741792625e-07,3.978027105331420898e-01,7.201134562492370605e-01,-5.458809435367584229e-02,3.915477991104125977e-01,6.969692707061767578e-01,-8.506812155246734619e-02,3.742732107639312744e-01,6.826568245887756348e-01,-1.046301871538162231e-01,3.559206426143646240e-01,6.616641879081726074e-01,-1.230991408228874207e-01,3.309714198112487793e-01,7.271795868873596191e-01,-8.109888434410095215e-02,2.977749407291412354e-01,7.148310542106628418e-01,-1.069356724619865417e-01,2.730427384376525879e-01,7.095332145690917969e-01,-1.239020302891731262e-01,2.501586675643920898e-01,7.062969803810119629e-01,-1.354095190763473511e-01,3.119804263114929199e-01,7.422086596488952637e-01,-6.057460978627204895e-02,2.696348130702972412e-01,7.354978919029235840e-01,-8.542098104953765869e-02,2.408625185489654541e-01,7.293337583541870117e-01,-1.001880913972854614e-01,2.152025997638702393e-01,7.252613306045532227e-01,-1.106140092015266418e-01,3.022217452526092529e-01,7.465119361877441406e-01,-4.129593446850776672e-02,2.629295885562896729e-01,7.386758923530578613e-01,-6.106689199805259705e-02,2.358975112438201904e-01,7.314612269401550293e-01,-7.338955253362655640e-02,2.126863598823547363e-01,7.257155776023864746e-01,-8.170829713344573975e-02,2.990434169769287109e-01,7.458673715591430664e-01,-2.548606507480144501e-02,2.693665027618408203e-01,7.364234328269958496e-01,-4.023484885692596436e-02,2.492520958185195923e-01,7.299434542655944824e-01,-4.955365136265754700e-02,2.317857444286346436e-01,7.243360280990600586e-01,-5.622434616088867188e-02
2.664990723133087158e-01,5.127617120742797852e-01,2.133719902985831141e-07,3.008684813976287842e-01,5.015847682952880859e-01,-1.012499164789915085e-02,3.278995752334594727e-01,4.754619002342224121e-01,-1.311382744461297989e-02,3.478696048259735107e-01,4.496661424636840820e-01,-1.631680317223072052e-02,3.673589825630187988e-01,4.338762462139129639e-01,-1.922412775456905365e-02,3.177100121974945068e-01,4.192931652069091797e-01,2.337722107768058777e-03,3.336240351200103760e-01,3.886528313159942627e-01,-3.860053606331348419e-03,3.437779545783996582e-01,3.710324168205261230e-01,-1.137877348810434341e-02,3.534139692783355713e-01,3.543645739555358887e-01,-1.706650853157043457e-02,3.017105162143707275e-01,4.074279367923736572e-01,1.801793579943478107e-03,3.145417869091033936e-01,3.718169033527374268e-01,-2.540881978347897530e-03,3.245759904384613037e-01,3.508144319057464600e-01,-8.861404843628406525e-03,3.340503573417663574e-01,3.314725458621978760e-01,-1.382679212838411331e-02,2.838975489139556885e-01,4.044852256774902344e-01,-1.099929912015795708e-03,2.917158901691436768e-01,3.691368699073791504e-01,-6.287166383117437363e-03,2.979492843151092529e-01,3.470641374588012695e-01,-1.058316044509410858e-02,3.050090074539184570e-01,3.273199200630187988e-01,-1.374322734773159027e-02,2.639973759651184082e-01,4.089063704013824463e-01,-5.460596177726984024e-03,2.682534754276275635e-01,3.797928690910339355e-01,-1.025163196027278900e-02,2.725112736225128174e-01,3.605817854404449463e-01,-1.185376755893230438e-02,2.779111862182617188e-01,3.424167633056640625e-01,-1.285824552178382874e-02,3.837317228317260742e-01,7.559415102005004883e-01,3.699434216741792625e-07,3.978027105331420898e-01,7.201134562492370605e-01,-5.458809435367584229e-02,3.915477991104125977e-01,6.969692707061767578e-01,-8.506812155246734619e-02,3.742732107639312744e-01,6.826568245887756348e-01,-1.046301871538162231e-01,3.559206426143646240e-01,6.616641879081726074e-01,-1.230991408228874207e-01,3.309714198112487793e-01,7.271795868873596191e-01,-8.109888434410095215e-02,2.977749407291412354e-01,7.148310542106628418e-01,-1.069356724619865417e-01,2.730427384376525879e-01,7.095332145690917969e-01,-1.239020302891731262e-01,2.501586675643920898e-01,7.062969803810119629e-01,-1.354095190763473511e-01,3.119804263114929199e-01,7.422086596488952637e-01,-6.057460978627204895e-02,2.696348130702972412e-01,7.354978919029235840e-01,-8.542098104953765869e-02,2.408625185489654541e-01,7.293337583541870117e-01,-1.001880913972854614e-01,2.152025997638702393e-01,7.252613306045532227e-01,-1.106140092015266418e-01,3.022217452526092529e-01,7.465119361877441406e-01,-4.129593446850776672e-02,2.629295885562896729e-01,7.386758923530578613e-01,-6.106689199805259705e-02,2.358975112438201904e-01,7.314612269401550293e-01,-7.338955253362655640e-02,2.126863598823547363e-01,7.257155776023864746e-01,-8.170829713344573975e-02,2.990434169769287109e-01,7.458673715591430664e-01,-2.548606507480144501e-02,2.693665027618408203e-01,7.364234328269958496e-01,-4.023484885692596436e-02,2.492520958185195923e-01,7.299434542655944824e-01,-4.955365136265754700e-02,2.317857444286346436e-01,7.243360280990600586e-01,-5.622434616088867188e-02
2.696752846240997314e-01,5.311087965965270996e-01,1.983394497528934153e-07,3.047422170639038086e-01,5.192974209785461426e-01,-9.023615159094333649e-03,3.317457139492034912e-01,4.907025098800659180e-01,-1.135820429772138596e-02,3.504568636417388916e-01,4.642984271049499512e-01,-1.409147307276725769e-02,3.694079518318176270e-01,4.480184018611907959e-01,-1.671911403536796570e-02,3.207836449146270752e-01,4.360952675342559814e-01,2.388007240369915962e-03,3.365493416786193848e-01,4.061773121356964111e-01,-4.204808268696069717e-03,3.469074070453643799e-01,3.882535099983215332e-01,-1.218458265066146851e-02,3.566981256008148193e-01,3.703693449497222900e-01,-1.831796765327453613e-02,3.046495318412780762e-01,4.246625900268554688e-01,1.115725957788527012e-03,3.179120719432830811e-01,3.905483484268188477e-01,-3.849298926070332527e-03,3.285788893699645996e-01,3.692621588706970215e-01,-1.065627206116914749e-02,3.384954333305358887e-01,3.486107289791107178e-01,-1.593146845698356628e-02,2.866101264953613281e-01,4.221701622009277344e-01,-2.365326276049017906e-03,2.948422133922576904e-01,3.872109055519104004e-01,-8.169213309884071350e-03,3.011954128742218018e-01,3.652761578559875488e-01,-1.269095577299594879e-02,3.085378408432006836e-01,3.447395563125610352e-01,-1.593078486621379852e-02,2.665022909641265869e-01,4.273154437541961670e-01,-7.186077069491147995e-03,2.708643376827239990e-01,3.982949852943420410e-01,-1.254159025847911835e-02,2.750005722045898438e-01,3.797495663166046143e-01,-1.422776374965906143e-02,2.803210616111755371e-01,3.621665239334106445e-01,-1.522338669747114182e-02,3.860886096954345703e-01,7.495634555816650391e-01,3.177878511451126542e-07,3.987896144390106201e-01,7.126858234405517578e-01,-4.779090732336044312e-02,3.916375041007995605e-01,6.884282231330871582e-01,-7.491681724786758423e-02,3.741102218627929688e-01,6.710730791091918945e-01,-9.309741854667663574e-02,3.566748201847076416e-01,6.499446034431457520e-01,-1.102678254246711731e-01,3.302215933799743652e-01,7.147376537322998047e-01,-7.037182152271270752e-02,2.969684004783630371e-01,7.047619819641113281e-01,-9.484083205461502075e-02,2.723287045955657959e-01,6.968756914138793945e-01,-1.108711361885070801e-01,2.495644092559814453e-01,6.899064779281616211e-01,-1.217807307839393616e-01,3.118889629840850830e-01,7.318815588951110840e-01,-5.470708385109901428e-02,2.699687480926513672e-01,7.276186943054199219e-01,-7.989567518234252930e-02,2.404153198003768921e-01,7.207809090614318848e-01,-9.615244716405868530e-02,2.141096889972686768e-01,7.144029140472412109e-01,-1.074671521782875061e-01,3.021612465381622314e-01,7.388598918914794922e-01,-4.028767347335815430e-02,2.626215219497680664e-01,7.347768545150756836e-01,-6.153882667422294617e-02,2.343757748603820801e-01,7.274479269981384277e-01,-7.549215853214263916e-02,2.107775509357452393e-01,7.201642394065856934e-01,-8.449421823024749756e-02,2.992161512374877930e-01,7.401834130287170410e-01,-2.880831249058246613e-02,2.676615715026855469e-01,7.367091774940490723e-01,-4.484901577234268188e-02,2.451078742742538452e-01,7.317591309547424316e-01,-5.506850406527519226e-02,2.256771922111511230e-01,7.265762090682983398e-01,-6.211578473448753357e-02
2.814330160617828369e-01,5.686247944831848145e-01,1.484542195839821943e-07,3.141710758209228516e-01,5.585208535194396973e-01,-1.030579488724470139e-02,3.409819602966308594e-01,5.294348001480102539e-01,-1.434087939560413361e-02,3.607014715671539307e-01,5.029039978981018066e-01,-1.825468987226486206e-02,3.803240954875946045e-01,4.858392775058746338e-01,-2.237958647310733795e-02,3.298510611057281494e-01,4.765331447124481201e-01,-5.630771163851022720e-03,3.461433947086334229e-01,4.452774226665496826e-01,-1.419092435389757156e-02,3.569074869155883789e-01,4.292276799678802490e-01,-2.205989882349967957e-02,3.668323755264282227e-01,4.140379130840301514e-01,-2.773139253258705139e-02,3.132320940494537354e-01,4.664943814277648926e-01,-6.867435295134782791e-03,3.285013437271118164e-01,4.311471283435821533e-01,-1.332737132906913757e-02,3.402887284755706787e-01,4.119876921176910400e-01,-1.934921368956565857e-02,3.515546619892120361e-01,3.934553265571594238e-01,-2.388033643364906311e-02,2.950640916824340820e-01,4.655763804912567139e-01,-1.002376805990934372e-02,3.031547367572784424e-01,4.303330779075622559e-01,-1.708569750189781189e-02,3.106749355792999268e-01,4.108709692955017090e-01,-2.120837755501270294e-02,3.194542527198791504e-01,3.938686251640319824e-01,-2.410007268190383911e-02,2.750662267208099365e-01,4.725972115993499756e-01,-1.445803977549076080e-02,2.774805128574371338e-01,4.440545439720153809e-01,-2.073100209236145020e-02,2.817874550819396973e-01,4.279190897941589355e-01,-2.239161357283592224e-02,2.876078486442565918e-01,4.133242964744567871e-01,-2.336007542908191681e-02,3.889770507812500000e-01,7.350180745124816895e-01,3.036842883830104256e-07,3.954433500766754150e-01,6.942218542098999023e-01,-3.143283352255821228e-02,3.873381018638610840e-01,6.667796373367309570e-01,-4.923108965158462524e-02,3.685837090015411377e-01,6.486906409263610840e-01,-6.089879572391510010e-02,3.529766499996185303e-01,6.273908615112304688e-01,-7.114045321941375732e-02,3.307408988475799561e-01,6.905784606933593750e-01,-4.427314177155494690e-02,2.950880825519561768e-01,6.697762012481689453e-01,-5.918832495808601379e-02,2.722680866718292236e-01,6.605079174041748047e-01,-6.845265626907348633e-02,2.526787519454956055e-01,6.554557681083679199e-01,-7.437159866094589233e-02,3.152070045471191406e-01,7.108067870140075684e-01,-3.391356393694877625e-02,2.714740037918090820e-01,6.894933581352233887e-01,-4.909991845488548279e-02,2.426167130470275879e-01,6.785158514976501465e-01,-5.798032134771347046e-02,2.185422480106353760e-01,6.716875433921813965e-01,-6.366636604070663452e-02,3.092806637287139893e-01,7.215214371681213379e-01,-2.421722002327442169e-02,2.706432640552520752e-01,6.975122690200805664e-01,-3.574530780315399170e-02,2.476754486560821533e-01,6.834964752197265625e-01,-4.136884957551956177e-02,2.288982570171356201e-01,6.730434298515319824e-01,-4.470508545637130737e-02,3.098569512367248535e-01,7.264785170555114746e-01,-1.669514365494251251e-02,2.809674739837646484e-01,7.051694393157958984e-01,-2.404940128326416016e-02,2.630212306976318359e-01,6.906429529190063477e-01,-2.663609012961387634e-02,2.489706277847290039e-01,6.786108016967773438e-01,-2.793005108833312988e-02
2.864451706409454346e-01,5.956807732582092285e-01,1.714532942287405604e-07,3.192969560623168945e-01,5.839263796806335449e-01,-1.049517281353473663e-02,3.452244102954864502e-01,5.532776117324829102e-01,-1.516604702919721603e-02,3.645190596580505371e-01,5.250121355056762695e-01,-1.980513706803321838e-02,3.849398493766784668e-01,5.059052109718322754e-01,-2.473863400518894196e-02,3.352386057376861572e-01,5.054362416267395020e-01,-7.233947049826383591e-03,3.509582281112670898e-01,4.734045863151550293e-01,-1.796805113554000854e-02,3.624185323715209961e-01,4.568061828613281250e-01,-2.681893855333328247e-02,3.734022080898284912e-01,4.415455460548400879e-01,-3.295003250241279602e-02,3.192855715751647949e-01,4.976356029510498047e-01,-9.099308401346206665e-03,3.346248567104339600e-01,4.644358456134796143e-01,-1.809312030673027039e-02,3.476745486259460449e-01,4.465261995792388916e-01,-2.499922364950180054e-02,3.604193925857543945e-01,4.292781054973602295e-01,-2.994897216558456421e-02,3.006750941276550293e-01,4.981358945369720459e-01,-1.302620489150285721e-02,3.093916177749633789e-01,4.635728597640991211e-01,-2.278852835297584534e-02,3.166227638721466064e-01,4.450575411319732666e-01,-2.737215347588062286e-02,3.257451355457305908e-01,4.290969669818878174e-01,-3.016005270183086395e-02,2.797940075397491455e-01,5.058524608612060547e-01,-1.815617270767688751e-02,2.823123037815093994e-01,4.774448275566101074e-01,-2.662791125476360321e-02,2.868496179580688477e-01,4.617088437080383301e-01,-2.914202772080898285e-02,2.936052978038787842e-01,4.472423493862152100e-01,-3.050886467099189758e-02,3.873785734176635742e-01,7.194243669509887695e-01,3.084708737333130557e-07,3.953614830970764160e-01,6.756630539894104004e-01,-2.852756716310977936e-02,3.835182189941406250e-01,6.449179053306579590e-01,-4.332417249679565430e-02,3.626634478569030762e-01,6.240090727806091309e-01,-5.245989188551902771e-02,3.446247279644012451e-01,6.124011278152465820e-01,-6.042116135358810425e-02,3.311546742916107178e-01,6.765189170837402344e-01,-4.204742237925529480e-02,2.943364977836608887e-01,6.555232405662536621e-01,-5.579853802919387817e-02,2.715744972229003906e-01,6.449083685874938965e-01,-6.401886790990829468e-02,2.531604170799255371e-01,6.382458209991455078e-01,-6.874261051416397095e-02,3.179797232151031494e-01,6.975137591361999512e-01,-3.216175362467765808e-02,2.708572149276733398e-01,6.792211532592773438e-01,-4.637024179100990295e-02,2.416094243526458740e-01,6.667361855506896973e-01,-5.450369045138359070e-02,2.187759578227996826e-01,6.576715707778930664e-01,-5.912152305245399475e-02,3.125108182430267334e-01,7.068374156951904297e-01,-2.267768606543540955e-02,2.722915410995483398e-01,6.835492253303527832e-01,-3.425428271293640137e-02,2.478925585746765137e-01,6.684330105781555176e-01,-4.101499542593955994e-02,2.286185026168823242e-01,6.566260457038879395e-01,-4.464120417833328247e-02,3.122221827507019043e-01,7.083898782730102539e-01,-1.495856977999210358e-02,2.843257188796997070e-01,6.839967966079711914e-01,-2.323656342923641205e-02,2.669235169887542725e-01,6.683779358863830566e-01,-2.703799866139888763e-02,2.534257769584655762e-01,6.557120084762573242e-01,-2.877523191273212433e-02
2.865126729011535645e-01,5.946412086486816406e-01,2.451037630635255482e-07,3.196241855621337891e-01,5.827453732490539551e-01,-1.093392260372638702e-02,3.455890119075775146e-01,5.532944202423095703e-01,-1.634692400693893433e-02,3.637633323669433594e-01,5.257552862167358398e-01,-2.159138210117816925e-02,3.843778669834136963e-01,5.076457262039184570e-01,-2.717524394392967224e-02,3.348655402660369873e-01,5.062458515167236328e-01,-8.382802829146385193e-03,3.511910438537597656e-01,4.758465588092803955e-01,-1.910018920898437500e-02,3.619725704193115234e-01,4.580034315586090088e-01,-2.815133705735206604e-02,3.724710345268249512e-01,4.409344196319580078e-01,-3.454280272126197815e-02,3.185841739177703857e-01,4.976290464401245117e-01,-1.006440166383981705e-02,3.343911767005920410e-01,4.652217328548431396e-01,-1.894930005073547363e-02,3.469622135162353516e-01,4.456480443477630615e-01,-2.591684833168983459e-02,3.594231009483337402e-01,4.266946017742156982e-01,-3.101173974573612213e-02,3.000538349151611328e-01,4.979928731918334961e-01,-1.372124627232551575e-02,3.086587786674499512e-01,4.650974273681640625e-01,-2.257923968136310577e-02,3.158609569072723389e-01,4.462312757968902588e-01,-2.641393803060054779e-02,3.253134489059448242e-01,4.289789497852325439e-01,-2.899566292762756348e-02,2.792007923126220703e-01,5.058466196060180664e-01,-1.868718862533569336e-02,2.819585800170898438e-01,4.780414402484893799e-01,-2.630043216049671173e-02,2.867625653743743896e-01,4.615443944931030273e-01,-2.840483188629150391e-02,2.936145067214965820e-01,4.459220170974731445e-01,-2.960477210581302643e-02,3.863259553909301758e-01,7.220575213432312012e-01,3.388781237845250871e-07,3.961385190486907959e-01,6.794725060462951660e-01,-3.213190287351608276e-02,3.851110637187957764e-01,6.483324766159057617e-01,-4.914312809705734253e-02,3.653768897056579590e-01,6.274256110191345215e-01,-5.951497703790664673e-02,3.495279252529144287e-01,6.093893051147460938e-01,-6.877934932708740234e-02,3.346772491931915283e-01,6.784247159957885742e-01,-4.909440502524375916e-02,2.971120178699493408e-01,6.569791436195373535e-01,-6.569956243038177490e-02,2.721966803073883057e-01,6.458318829536437988e-01,-7.541507482528686523e-02,2.517964243888854980e-01,6.382914185523986816e-01,-8.110826462507247925e-02,3.195651173591613770e-01,6.996935009956359863e-01,-3.779590874910354614e-02,2.730786204338073730e-01,6.806453466415405273e-01,-5.496621504426002502e-02,2.424694299697875977e-01,6.675715446472167969e-01,-6.447106599807739258e-02,2.182146012783050537e-01,6.576242446899414062e-01,-6.986284255981445312e-02,3.130281865596771240e-01,7.080966830253601074e-01,-2.686721831560134888e-02,2.725006341934204102e-01,6.857678890228271484e-01,-4.070058837532997131e-02,2.474573403596878052e-01,6.701083779335021973e-01,-4.773344844579696655e-02,2.277287393808364868e-01,6.578263044357299805e-01,-5.126791074872016907e-02,3.123720884323120117e-01,7.092631459236145020e-01,-1.788735017180442810e-02,2.845172286033630371e-01,6.860419511795043945e-01,-2.778878435492515564e-02,2.664483785629272461e-01,6.703897118568420410e-01,-3.192585706710815430e-02,2.519257366657257080e-01,6.575279831886291504e-01,-3.375482186675071716e-02
2.865126729011535645e-01,5.946412086486816406e-01,2.451037630635255482e-07,3.196241855621337891e-01,5.827453732490539551e-01,-1.093392260372638702e-02,3.455890119075775146e-01,5.532944202423095703e-01,-1.634692400693893433e-02,3.637633323669433594e-01,5.257552862167358398e-01,-2.159138210117816925e-02,3.843778669834136963e-01,5.076457262039184570e-01,-2.717524394392967224e-02,3.348655402660369873e-01,5.062458515167236328e-01,-8.382802829146385193e-03,3.511910438537597656e-01,4.758465588092803955e-01,-1.910018920898437500e-02,3.619725704193115234e-01,4.580034315586090088e-01,-2.815133705735206604e-02,3.724710345268249512e-01,4.409344196319580078e-01,-3.454280272126197815e-02,3.185841739177703857e-01,4.976290464401245117e-01,-1.006440166383981705e-02,3.343911767005920410e-01,4.652217328548431396e-01,-1.894930005073547363e-02,3.469622135162353516e-01,4.456480443477630615e-01,-2.591684833168983459e-02,3.594231009483337402e-01,4.266946017742156982e-01,-3.101173974573612213e-02,3.000538349151611328e-01,4.979928731918334961e-01,-1.372124627232551575e-02,3.086587786674499512e-01,4.650974273681640625e-01,-2.257923968136310577e-02,3.158609569072723389e-01,4.462312757968902588e-01,-2.641393803060054779e-02,3.253134489059448242e-01,4.289789497852325439e-01,-2.899566292762756348e-02,2.792007923126220703e-01,5.058466196060180664e-01,-1.868718862533569336e-02,2.819585800170898438e-01,4.780414402484893799e-01,-2.630043216049671173e-02,2.867625653743743896e-01,4.615443944931030273e-01,-2.840483188629150391e-02,2.936145067214965820e-01,4.459220170974731445e-01,-2.960477210581302643e-02,3.863259553909301758e-01,7.220575213432312012e-01,3.388781237845250871e-07,3.961385190486907959e-01,6.794725060462951660e-01,-3.213190287351608276e-02,3.851110637187957764e-01,6.483324766159057617e-01,-4.914312809705734253e-02,3.653768897056579590e-01,6.274256110191345215e-01,-5.951497703790664673e-02,3.495279252529144287e-01,6.093893051147460938e-01,-6.877934932708740234e-02,3.346772491931915283e-01,6.784247159957885742e-01,-4.909440502524375916e-02,2.971120178699493408e-01,6.569791436195373535e-01,-6.569956243038177490e-02,2.721966803073883057e-01,6.458318829536437988e-01,-7.541507482528686523e-02,2.517964243888854980e-01,6.382914185523986816e-01,-8.110826462507247925e-02,3.195651173591613770e-01,6.996935009956359863e-01,-3.779590874910354614e-02,2.730786204338073730e-01,6.806453466415405273e-01,-5.496621504426002502e-02,2.424694299697875977e-01,6.675715446472167969e-01,-6.447106599807739258e-02,2.182146012783050537e-01,6.576242446899414062e-01,-6.986284255981445312e-02,3.130281865596771240e-01,7.080966830253601074e-01,-2.686721831560134888e-02,2.725006341934204102e-01,6.857678890228271484e-01,-4.070058837532997131e-02,2.474573403596878052e-01,6.701083779335021973e-01,-4.773344844579696655e-02,2.277287393808364868e-01,6.578263044357299805e-01,-5.126791074872016907e-02,3.123720884323120117e-01,7.092631459236145020e-01,-1.788735017180442810e-02,2.845172286033630371e-01,6.860419511795043945e-01,-2.778878435492515564e-02,2.664483785629272461e-01,6.703897118568420410e-01,-3.192585706710815430e-02,2.519257366657257080e-01,6.575279831886291504e-01,-3.375482186675071716e-02
2.923628985881805420e-01,6.176732778549194336e-01,1.579497137527141604e-07,3.247613608837127686e-01,6.145223379135131836e-01,-1.407333835959434509e-02,3.526992201805114746e-01,5.929135680198669434e-01,-2.123451419174671173e-02,3.728516399860382080e-01,5.681840181350708008e-01,-2.773242071270942688e-02,3.928426504135131836e-01,5.494642853736877441e-01,-3.489727154374122620e-02,3.450238406658172607e-01,5.515272021293640137e-01,-1.503762882202863693e-02,3.632030785083770752e-01,5.216715335845947266e-01,-2.753549255430698395e-02,3.739050030708312988e-01,5.058816075325012207e-01,-3.683322295546531677e-02,3.831087052822113037e-01,4.921993315219879150e-01,-4.327281937003135681e-02,3.285611569881439209e-01,5.426903963088989258e-01,-1.586733944714069366e-02,3.461948037147521973e-01,5.122546553611755371e-01,-2.652418240904808044e-02,3.563133180141448975e-01,4.968569278717041016e-01,-3.396471217274665833e-02,3.660206496715545654e-01,4.837840199470520020e-01,-3.965318575501441956e-02,3.088966906070709229e-01,5.417626500129699707e-01,-1.866733096539974213e-02,3.195387721061706543e-01,5.126311779022216797e-01,-2.997250109910964966e-02,3.264564871788024902e-01,5.006386041641235352e-01,-3.407716751098632812e-02,3.348716497421264648e-01,4.922668337821960449e-01,-3.690812736749649048e-02,2.861311733722686768e-01,5.466660261154174805e-01,-2.280573733150959015e-02,2.898525595664978027e-01,5.232850313186645508e-01,-3.234796971082687378e-02,2.942527234554290771e-01,5.152755975723266602e-01,-3.406974300742149353e-02,2.997574210166931152e-01,5.097803473472595215e-01,-3.508099168539047241e-02,3.836442828178405762e-01,7.053565382957458496e-01,2.866352133423788473e-07,3.944975435733795166e-01,6.654805541038513184e-01,-2.891612425446510315e-02,3.873915672302246094e-01,6.343485713005065918e-01,-4.484127834439277649e-02,3.706384599208831787e-01,6.136146187782287598e-01,-5.561928451061248779e-02,3.565090000629425049e-01,5.913533568382263184e-01,-6.558349728584289551e-02,3.310686945915222168e-01,6.478776335716247559e-01,-3.965760022401809692e-02,2.977778613567352295e-01,6.245399713516235352e-01,-5.390458926558494568e-02,2.763625085353851318e-01,6.139220595359802246e-01,-6.297945976257324219e-02,2.573155760765075684e-01,6.067131757736206055e-01,-6.901718676090240479e-02,3.154204189777374268e-01,6.681953668594360352e-01,-3.103696182370185852e-02,2.746460437774658203e-01,6.495652198791503906e-01,-4.703306779265403748e-02,2.466578930616378784e-01,6.375016570091247559e-01,-5.757142230868339539e-02,2.230301946401596069e-01,6.278449296951293945e-01,-6.412940472364425659e-02,3.085233867168426514e-01,6.806153655052185059e-01,-2.320277690887451172e-02,2.711169123649597168e-01,6.618825197219848633e-01,-3.676968440413475037e-02,2.451713979244232178e-01,6.487886905670166016e-01,-4.586935415863990784e-02,2.235093563795089722e-01,6.368803977966308594e-01,-5.110333859920501709e-02,3.076673150062561035e-01,6.872772574424743652e-01,-1.715099625289440155e-02,2.792149186134338379e-01,6.693672537803649902e-01,-2.713833004236221313e-02,2.596424221992492676e-01,6.573298573493957520e-01,-3.268821910023689270e-02,2.438203394412994385e-01,6.459590196609497070e-01,-3.578137606382369995e-02
2.934394478797912598e-01,6.284104585647583008e-01,2.362440909564611502e-07,3.220178186893463135e-01,6.292827725410461426e-01,-1.351674459874629974e-02,3.478035032749176025e-01,6.227353215217590332e-01,-2.460744231939315796e-02,3.671820759773254395e-01,6.199876070022583008e-01,-3.533472865819931030e-02,3.829973340034484863e-01,6.176190376281738281e-01,-4.774099588394165039e-02,3.451883494853973389e-01,5.748881697654724121e-01,-2.611306868493556976e-02,3.628458082675933838e-01,5.467732548713684082e-01,-4.228443652391433716e-02,3.743063211441040039e-01,5.294598340988159180e-01,-5.417646467685699463e-02,3.852598965167999268e-01,5.140678286552429199e-01,-6.250942498445510864e-02,3.291370570659637451e-01,5.669972896575927734e-01,-2.955646254122257233e-02,3.461565971374511719e-01,5.386788845062255859e-01,-4.322594776749610901e-02,3.580004870891571045e-01,5.210490226745605469e-01,-5.324557796120643616e-02,3.690335154533386230e-01,5.056073069572448730e-01,-6.116449087858200073e-02,3.093993663787841797e-01,5.686119198799133301e-01,-3.400320559740066528e-02,3.192655742168426514e-01,5.407772660255432129e-01,-4.683351889252662659e-02,3.275761008262634277e-01,5.266850590705871582e-01,-5.297083035111427307e-02,3.363015949726104736e-01,5.157845616340637207e-01,-5.763776972889900208e-02,2.880541086196899414e-01,5.770260691642761230e-01,-3.950562328100204468e-02,2.901457548141479492e-01,5.552502870559692383e-01,-5.073375254869461060e-02,2.944841384887695312e-01,5.422622561454772949e-01,-5.401027575135231018e-02,3.000898361206054688e-01,5.315435528755187988e-01,-5.639264732599258423e-02,3.828219175338745117e-01,7.002677917480468750e-01,2.593912142856424907e-07,3.951183557510375977e-01,6.599073410034179688e-01,-2.740698307752609253e-02,3.880690038204193115e-01,6.280274391174316406e-01,-4.211954027414321899e-02,3.700887262821197510e-01,6.091452836990356445e-01,-5.163684114813804626e-02,3.572622835636138916e-01,5.879199504852294922e-01,-6.027446687221527100e-02,3.363815248012542725e-01,6.422426700592041016e-01,-4.001204296946525574e-02,3.017930984497070312e-01,6.185042262077331543e-01,-5.371344089508056641e-02,2.799458205699920654e-01,6.070048213005065918e-01,-6.155688688158988953e-02,2.613830566406250000e-01,5.982688069343566895e-01,-6.649950146675109863e-02,3.191944360733032227e-01,6.632973551750183105e-01,-3.131556138396263123e-02,2.772757411003112793e-01,6.438925862312316895e-01,-4.688422009348869324e-02,2.490398883819580078e-01,6.296529173851013184e-01,-5.608960613608360291e-02,2.257008552551269531e-01,6.175367832183837891e-01,-6.140604242682456970e-02,3.105359673500061035e-01,6.759868860244750977e-01,-2.312402054667472839e-02,2.723249793052673340e-01,6.559855937957763672e-01,-3.645140305161476135e-02,2.472711503505706787e-01,6.404763460159301758e-01,-4.445574060082435608e-02,2.267023175954818726e-01,6.263210177421569824e-01,-4.859141260385513306e-02,3.082953095436096191e-01,6.827633380889892578e-01,-1.650322228670120239e-02,2.796856164932250977e-01,6.641828417778015137e-01,-2.669062651693820953e-02,2.606198489665985107e-01,6.506434082984924316e-01,-3.184289857745170593e-02,2.452165484428405762e-01,6.376119256019592285e-01,-3.430045023560523987e-02
3.813425302505493164e-01,6.844363808631896973e-01,3.619095423346152529e-07,3.958129584789276123e-01,6.472035646438598633e-01,-3.510023280978202820e-02,3.876868486404418945e-01,6.170459389686584473e-01,-5.477541685104370117e-02,3.678156435489654541e-01,5.978767871856689453e-01,-6.655810028314590454e-02,3.531056940555572510e-01,5.787426829338073730e-01,-7.777544856071472168e-02,3.372415900230407715e-01,6.335647106170654297e-01,-5.872224643826484680e-02,3.001938164234161377e-01,6.097215414047241211e-01,-7.759378850460052490e-02,2.754100263118743896e-01,5.935785770416259766e-01,-8.751972764730453491e-02,2.559961080551147461e-01,5.808374881744384766e-01,-9.281730651855468750e-02,3.191663026809692383e-01,6.507373452186584473e-01,-4.548060148954391479e-02,2.780660390853881836e-01,6.227852106094360352e-01,-6.303206831216812134e-02,2.501573562622070312e-01,6.021500825881958008e-01,-7.096423208713531494e-02,2.294229269027709961e-01,5.859000682830810547e-01,-7.525726407766342163e-02,3.085193932056427002e-01,6.634667515754699707e-01,-3.255575895309448242e-02,2.691336274147033691e-01,6.408236622810363770e-01,-4.704226553440093994e-02,2.434318512678146362e-01,6.240680217742919922e-01,-5.468860268592834473e-02,2.234483957290649414e-01,6.085457205772399902e-01,-5.872478708624839783e-02,3.035312294960021973e-01,6.742218136787414551e-01,-2.143839187920093536e-02,2.743858695030212402e-01,6.582218408584594727e-01,-3.236395865678787231e-02,2.554839253425598145e-01,6.455190181732177734e-01,-3.764826059341430664e-02,2.412074357271194458e-01,6.322853565216064453e-01,-4.033402726054191589e-02,-1.000000000000000000e+00,-1.000000000000000000e+00,-1.000000000000000000e+00,-1.000000000000000000e+00,-1.000000000000000000e+00,-1.000000000000000000e+00,-1.000000000000000000e+00,-1.000000000000000000e+00,-1.000000000000000000e+00,-1.000000000000000000e+00,-1.000000000000000000e+00,-1.000000000000000000e+00,-1.000000000000000000e+00,-1.000000000000000000e+00,-1.000000000000000000e+00,-1.000000000000000000e+00,-1.000000000000000000e+00,-1.000000000000000000e+00,-1.000000000000000000e+00,-1.000000000000000000e+00,-1.000000000000000000e+00,-1.000000000000000000e+00,-1.000000000000000000e+00,-1.000000000000000000e+00,-1.000000000000000000e+00,-1.000000000000000000e+00,-1.000000000000000000e+00,-1.000000000000000000e+00,-1.000000000000000000e+00,-1.000000000000000000e+00,-1.000000000000000000e+00,-1.000000000000000000e+00,-1.000000000000000000e+00,-1.000000000000000000e+00,-1.000000000000000000e+00,-1.000000000000000000e+00,-1.000000000000000000e+00,-1.000000000000000000e+00,-1.000000000000000000e+00,-1.000000000000000000e+00,-1.000000000000000000e+00,-1.000000000000000000e+00,-1.000000000000000000e+00,-1.000000000000000000e+00,-1.000000000000000000e+00,-1.000000000000000000e+00,-1.000000000000000000e+00,-1.000000000000000000e+00,-1.000000000000000000e+00,-1.000000000000000000e+00,-1.000000000000000000e+00,-1.000000000000000000e+00,-1.000000000000000000e+00,-1.000000000000000000e+00,-1.000000000000000000e+00,-1.000000000000000000e+00,-1.000000000000000000e+00,-1.000000000000000000e+00,-1.000000000000000000e+00,-1.000000000000000000e+00,-1.000000000000000000e+00,-1.000000000000000000e+00,-1.000000000000000000e+00
3.889583945274353027e-01,6.887006759643554688e-01,3.595235682496422669e-07,3.952599167823791504e-01,6.461136341094970703e-01,-3.476594761013984680e-02,3.793981671333312988e-01,6.162962317466735840e-01,-5.480151623487472534e-02,3.542801439762115479e-01,5.977242588996887207e-01,-6.597296148538589478e-02,3.327985405921936035e-01,5.819327235221862793e-01,-7.550780475139617920e-02,3.435939550399780273e-01,6.528559327125549316e-01,-6.512342393398284912e-02,2.949776947498321533e-01,6.293962597846984863e-01,-8.138363808393478394e-02,2.679681479930877686e-01,6.169670820236206055e-01,-8.627262711524963379e-02,2.465483993291854858e-01,6.096448302268981934e-01,-8.802181482315063477e-02,3.294562101364135742e-01,6.739333868026733398e-01,-5.091108009219169617e-02,2.824379205703735352e-01,6.328257322311401367e-01,-6.790423393249511719e-02,2.555319964885711670e-01,6.080777645111083984e-01,-7.228635251522064209e-02,2.366702556610107422e-01,5.924934148788452148e-01,-7.407183945178985596e-02,3.195323944091796875e-01,6.867997050285339355e-01,-3.642592579126358032e-02,2.806865572929382324e-01,6.471310257911682129e-01,-4.946199432015419006e-02,2.613423466682434082e-01,6.253199577331542969e-01,-5.366829037666320801e-02,2.478755116462707520e-01,6.109856963157653809e-01,-5.551379173994064331e-02,3.133053183555603027e-01,6.943507790565490723e-01,-2.367621287703514099e-02,2.794452011585235596e-01,6.746855378150939941e-01,-3.337571024894714355e-02,2.619387805461883545e-01,6.631897687911987305e-01,-3.766959160566329956e-02,2.500182688236236572e-01,6.555702686309814453e-01,-3.990771621465682983e-02,-1.000000000000000000e+00,-1.000000000000000000e+00,-1.000000000000000000e+00,-1.000000000000000000e+00,-1.000000000000000000e+00,-1.000000000000000000e+00,-1.000000000000000000e+00,-1.000000000000000000e+00,-1.000000000000000000e+00,-1.000000000000000000e+00,-1.000000000000000000e+00,-1.000000000000000000e+00,-1.000000000000000000e+00,-1.000000000000000000e+00,-1.000000000000000000e+00,-1.000000000000000000e+00,-1.000000000000000000e+00,-1.000000000000000000e+00,-1.000000000000000000e+00,-1.000000000000000000e+00,-1.000000000000000000e+00,-1.000000000000000000e+00,-1.000000000000000000e+00,-1.000000000000000000e+00,-1.000000000000000000e+00,-1.000000000000000000e+00,-1.000000000000000000e+00,-1.000000000000000000e+00,-1.000000000000000000e+00,-1.000000000000000000e+00,-1.000000000000000000e+00,-1.000000000000000000e+00,-1.000000000000000000e+00,-1.000000000000000000e+00,-1.000000000000000000e+00,-1.000000000000000000e+00,-1.000000000000000000e+00,-1.000000000000000000e+00,-1.000000000000000000e+00,-1.000000000000000000e+00,-1.000000000000000000e+00,-1.000000000000000000e+00,-1.000000000000000000e+00,-1.000000000000000000e+00,-1.000000000000000000e+00,-1.000000000000000000e+00,-1.000000000000000000e+00,-1.000000000000000000e+00,-1.000000000000000000e+00,-1.000000000000000000e+00,-1.000000000000000000e+00,-1.000000000000000000e+00,-1.000000000000000000e+00,-1.000000000000000000e+00,-1.000000000000000000e+00,-1.000000000000000000e+00,-1.000000000000000000e+00,-1.000000000000000000e+00,-1.000000000000000000e+00,-1.000000000000000000e+00,-1.000000000000000000e+00,-1.000000000000000000e+00,-1.000000000000000000e+00
3.889583945274353027e-01,6.887006759643554688e-01,3.595235682496422669e-07,3.952599167823791504e-01,6.461136341094970703e-01,-3.476594761013984680e-02,3.793981671333312988e-01,6.162962317466735840e-01,-5.480151623487472534e-02,3.542801439762115479e-01,5.977242588996887207e-01,-6.597296148538589478e-02,3.327985405921936035e-01,5.819327235221862793e-01,-7.550780475139617920e-02,3.435939550399780273e-01,6.528559327125549316e-01,-6.512342393398284912e-02,2.949776947498321533e-01,6.293962597846984863e-01,-8.138363808393478394e-02,2.679681479930877686e-01,6.169670820236206055e-01,-8.627262711524963379e-02,2.465483993291854858e-01,6.096448302268981934e-01,-8.802181482315063477e-02,3.294562101364135742e-01,6.739333868026733398e-01,-5.091108009219169617e-02,2.824379205703735352e-01,6.328257322311401367e-01,-6.790423393249511719e-02,2.555319964885711670e-01,6.080777645111083984e-01,-7.228635251522064209e-02,2.366702556610107422e-01,5.924934148788452148e-01,-7.407183945178985596e-02,3.195323944091796875e-01,6.867997050285339355e-01,-3.642592579126358032e-02,2.806865572929382324e-01,6.471310257911682129e-01,-4.946199432015419006e-02,2.613423466682434082e-01,6.253199577331542969e-01,-5.366829037666320801e-02,2.478755116462707520e-01,6.109856963157653809e-01,-5.551379173994064331e-02,3.133053183555603027e-01,6.943507790565490723e-01,-2.367621287703514099e-02,2.794452011585235596e-01,6.746855378150939941e-01,-3.337571024894714355e-02,2.619387805461883545e-01,6.631897687911987305e-01,-3.766959160566329956e-02,2.500182688236236572e-01,6.555702686309814453e-01,-3.990771621465682983e-02,-1.000000000000000000e+00,-1.000000000000000000e+00,-1.000000000000000000e+00,-1.000000000000000000e+00,-1.000000000000000000e+00,-1.000000000000000000e+00,-1.000000000000000000e+00,-1.000000000000000000e+00,-1.000000000000000000e+00,-1.000000000000000000e+00,-1.000000000000000000e+00,-1.000000000000000000e+00,-1.000000000000000000e+00,-1.000000000000000000e+00,-1.000000000000000000e+00,-1.000000000000000000e+00,-1.000000000000000000e+00,-1.000000000000000000e+00,-1.000000000000000000e+00,-1.000000000000000000e+00,-1.000000000000000000e+00,-1.000000000000000000e+00,-1.000000000000000000e+00,-1.000000000000000000e+00,-1.000000000000000000e+00,-1.000000000000000000e+00,-1.000000000000000000e+00,-1.000000000000000000e+00,-1.000000000000000000e+00,-1.000000000000000000e+00,-1.000000000000000000e+00,-1.000000000000000000e+00,-1.000000000000000000e+00,-1.000000000000000000e+00,-1.000000000000000000e+00,-1.000000000000000000e+00,-1.000000000000000000e+00,-1.000000000000000000e+00,-1.000000000000000000e+00,-1.000000000000000000e+00,-1.000000000000000000e+00,-1.000000000000000000e+00,-1.000000000000000000e+00,-1.000000000000000000e+00,-1.000000000000000000e+00,-1.000000000000000000e+00,-1.000000000000000000e+00,-1.000000000000000000e+00,-1.000000000000000000e+00,-1.000000000000000000e+00,-1.000000000000000000e+00,-1.000000000000000000e+00,-1.000000000000000000e+00,-1.000000000000000000e+00,-1.000000000000000000e+00,-1.000000000000000000e+00,-1.000000000000000000e+00,-1.000000000000000000e+00,-1.000000000000000000e+00,-1.000000000000000000e+00,-1.000000000000000000e+00,-1.000000000000000000e+00,-1.000000000000000000e+00
3.855121731758117676e-01,6.870624423027038574e-01,3.841307432139728917e-07,3.940591216087341309e-01,6.450012326240539551e-01,-3.492393717169761658e-02,3.792086839675903320e-01,6.146707534790039062e-01,-5.631914734840393066e-02,3.545285463333129883e-01,5.935397744178771973e-01,-6.894569844007492065e-02,3.365918695926666260e-01,5.772814750671386719e-01,-8.031987398862838745e-02,3.472180962562561035e-01,6.507874727249145508e-01,-7.017219811677932739e-02,2.996012866497039795e-01,6.313724517822265625e-01,-8.885230869054794312e-02,2.746457457542419434e-01,6.195682287216186523e-01,-9.467541426420211792e-02,2.547601759433746338e-01,6.135846376419067383e-01,-9.652541577816009521e-02,3.323294520378112793e-01,6.726480722427368164e-01,-5.667144060134887695e-02,2.826551795005798340e-01,6.379753351211547852e-01,-7.544743269681930542e-02,2.535355389118194580e-01,6.161202788352966309e-01,-7.971570640802383423e-02,2.322952300310134888e-01,6.021824479103088379e-01,-8.120650798082351685e-02,3.214094042778015137e-01,6.861246824264526367e-01,-4.284392669796943665e-02,2.800341546535491943e-01,6.511093378067016602e-01,-5.725383758544921875e-02,2.577373683452606201e-01,6.302040219306945801e-01,-6.192779541015625000e-02,2.421782016754150391e-01,6.153290271759033203e-01,-6.381911039352416992e-02,3.139150440692901611e-01,6.937881112098693848e-01,-3.067425638437271118e-02,2.770872712135314941e-01,6.814360618591308594e-01,-4.068623855710029602e-02,2.566193640232086182e-01,6.707442402839660645e-01,-4.511583223938941956e-02,2.432531565427780151e-01,6.618957519531250000e-01,-4.739120602607727051e-02,-1.000000000000000000e+00,-1.000000000000000000e+00,-1.000000000000000000e+00,-1.000000000000000000e+00,-1.000000000000000000e+00,-1.000000000000000000e+00,-1.000000000000000000e+00,-1.000000000000000000e+00,-1.000000000000000000e+00,-1.000000000000000000e+00,-1.000000000000000000e+00,-1.000000000000000000e+00,-1.000000000000000000e+00,-1.000000000000000000e+00,-1.000000000000000000e+00,-1.000000000000000000e+00,-1.000000000000000000e+00,-1.000000000000000000e+00,-1.000000000000000000e+00,-1.000000000000000000e+00,-1.000000000000000000e+00,-1.000000000000000000e+00,-1.000000000000000000e+00,-1.000000000000000000e+00,-1.000000000000000000e+00,-1.000000000000000000e+00,-1.000000000000000000e+00,-1.000000000000000000e+00,-1.000000000000000000e+00,-1.000000000000000000e+00,-1.000000000000000000e+00,-1.000000000000000000e+00,-1.000000000000000000e+00,-1.000000000000000000e+00,-1.000000000000000000e+00,-1.000000000000000000e+00,-1.000000000000000000e+00,-1.000000000000000000e+00,-1.000000000000000000e+00,-1.000000000000000000e+00,-1.000000000000000000e+00,-1.000000000000000000e+00,-1.000000000000000000e+00,-1.000000000000000000e+00,-1.000000000000000000e+00,-1.000000000000000000e+00,-1.000000000000000000e+00,-1.000000000000000000e+00,-1.000000000000000000e+00,-1.000000000000000000e+00,-1.000000000000000000e+00,-1.000000000000000000e+00,-1.000000000000000000e+00,-1.000000000000000000e+00,-1.000000000000000000e+00,-1.000000000000000000e+00,-1.000000000000000000e+00,-1.000000000000000000e+00,-1.000000000000000000e+00,-1.000000000000000000e+00,-1.000000000000000000e+00,-1.000000000000000000e+00,-1.000000000000000000e+00
3.855121731758117676e-01,6.870624423027038574e-01,3.841307432139728917e-07,3.940591216087341309e-01,6.450012326240539551e-01,-3.492393717169761658e-02,3.792086839675903320e-01,6.146707534790039062e-01,-5.631914734840393066e-02,3.545285463333129883e-01,5.935397744178771973e-01,-6.894569844007492065e-02,3.365918695926666260e-01,5.772814750671386719e-01,-8.031987398862838745e-02,3.472180962562561035e-01,6.507874727249145508e-01,-7.017219811677932739e-02,2.996012866497039795e-01,6.313724517822265625e-01,-8.885230869054794312e-02,2.746457457542419434e-01,6.195682287216186523e-01,-9.467541426420211792e-02,2.547601759433746338e-01,6.135846376419067383e-01,-9.652541577816009521e-02,3.323294520378112793e-01,6.726480722427368164e-01,-5.667144060134887695e-02,2.826551795005798340e-01,6.379753351211547852e-01,-7.544743269681930542e-02,2.535355389118194580e-01,6.161202788352966309e-01,-7.971570640802383423e-02,2.322952300310134888e-01,6.021824479103088379e-01,-8.120650798082351685e-02,3.214094042778015137e-01,6.861246824264526367e-01,-4.284392669796943665e-02,2.800341546535491943e-01,6.511093378067016602e-01,-5.725383758544921875e-02,2.577373683452606201e-01,6.302040219306945801e-01,-6.192779541015625000e-02,2.421782016754150391e-01,6.153290271759033203e-01,-6.381911039352416992e-02,3.139150440692901611e-01,6.937881112098693848e-01,-3.067425638437271118e-02,2.770872712135314941e-01,6.814360618591308594e-01,-4.068623855710029602e-02,2.566193640232086182e-01,6.707442402839660645e-01,-4.511583223938941956e-02,2.432531565427780151e-01,6.618957519531250000e-01,-4.739120602607727051e-02,-1.000000000000000000e+00,-1.000000000000000000e+00,-1.000000000000000000e+00,-1.000000000000000000e+00,-1.000000000000000000e+00,-1.000000000000000000e+00,-1.000000000000000000e+00,-1.000000000000000000e+00,-1.000000000000000000e+00,-1.000000000000000000e+00,-1.000000000000000000e+00,-1.000000000000000000e+00,-1.000000000000000000e+00,-1.000000000000000000e+00,-1.000000000000000000e+00,-1.000000000000000000e+00,-1.000000000000000000e+00,-1.000000000000000000e+00,-1.000000000000000000e+00,-1.000000000000000000e+00,-1.000000000000000000e+00,-1.000000000000000000e+00,-1.000000000000000000e+00,-1.000000000000000000e+00,-1.000000000000000000e+00,-1.000000000000000000e+00,-1.000000000000000000e+00,-1.000000000000000000e+00,-1.000000000000000000e+00,-1.000000000000000000e+00,-1.000000000000000000e+00,-1.000000000000000000e+00,-1.000000000000000000e+00,-1.000000000000000000e+00,-1.000000000000000000e+00,-1.000000000000000000e+00,-1.000000000000000000e+00,-1.000000000000000000e+00,-1.000000000000000000e+00,-1.000000000000000000e+00,-1.000000000000000000e+00,-1.000000000000000000e+00,-1.000000000000000000e+00,-1.000000000000000000e+00,-1.000000000000000000e+00,-1.000000000000000000e+00,-1.000000000000000000e+00,-1.000000000000000000e+00,-1.000000000000000000e+00,-1.000000000000000000e+00,-1.000000000000000000e+00,-1.000000000000000000e+00,-1.000000000000000000e+00,-1.000000000000000000e+00,-1.000000000000000000e+00,-1.000000000000000000e+00,-1.000000000000000000e+00,-1.000000000000000000e+00,-1.000000000000000000e+00,-1.000000000000000000e+00,-1.000000000000000000e+00,-1.000000000000000000e+00,-1.000000000000000000e+00
3.777314722537994385e-01,7.091851234436035156e-01,3.686480738451791694e-07,3.888662457466125488e-01,6.660476922988891602e-01,-3.013707138597965240e-02,3.797133564949035645e-01,6.334475278854370117e-01,-4.923883825540542603e-02,3.589144647121429443e-01,6.149898767471313477e-01,-6.174701079726219177e-02,3.403888344764709473e-01,5.985443592071533203e-01,-7.416257262229919434e-02,3.358655273914337158e-01,6.518473029136657715e-01,-5.806823447346687317e-02,2.955159842967987061e-01,6.283419132232666016e-01,-7.820202410221099854e-02,2.702570855617523193e-01,6.163396239280700684e-01,-8.803033083677291870e-02,2.489877641201019287e-01,6.084334850311279297e-01,-9.311326593160629272e-02,3.208104372024536133e-01,6.765592098236083984e-01,-4.859233647584915161e-02,2.770737707614898682e-01,6.496376395225524902e-01,-6.915076822042465210e-02,2.473092079162597656e-01,6.326682567596435547e-01,-7.840259373188018799e-02,2.238124608993530273e-01,6.198452115058898926e-01,-8.322952687740325928e-02,3.113055527210235596e-01,6.929450035095214844e-01,-3.894729167222976685e-02,2.694566547870635986e-01,6.731060147285461426e-01,-5.495718121528625488e-02,2.408975958824157715e-01,6.599875688552856445e-01,-6.276308745145797729e-02,2.183797657489776611e-01,6.477876305580139160e-01,-6.662786751985549927e-02,3.069678544998168945e-01,7.039682269096374512e-01,-3.079369850456714630e-02,2.733972370624542236e-01,6.911816596984863281e-01,-4.283476620912551880e-02,2.507382929325103760e-01,6.814345717430114746e-01,-4.871791601181030273e-02,2.333356738090515137e-01,6.712126135826110840e-01,-5.149075016379356384e-02,-1.000000000000000000e+00,-1.000000000000000000e+00,-1.000000000000000000e+00,-1.000000000000000000e+00,-1.000000000000000000e+00,-1.000000000000000000e+00,-1.000000000000000000e+00,-1.000000000000000000e+00,-1.000000000000000000e+00,-1.000000000000000000e+00,-1.000000000000000000e+00,-1.000000000000000000e+00,-1.000000000000000000e+00,-1.000000000000000000e+00,-1.000000000000000000e+00,-1.000000000000000000e+00,-1.000000000000000000e+00,-1.000000000000000000e+00,-1.000000000000000000e+00,-1.000000000000000000e+00,-1.000000000000000000e+00,-1.000000000000000000e+00,-1.000000000000000000e+00,-1.000000000000000000e+00,-1.000000000000000000e+00,-1.000000000000000000e+00,-1.000000000000000000e+00,-1.000000000000000000e+00,-1.000000000000000000e+00,-1.000000000000000000e+00,-1.000000000000000000e+00,-1.000000000000000000e+00,-1.000000000000000000e+00,-1.000000000000000000e+00,-1.000000000000000000e+00,-1.000000000000000000e+00,-1.000000000000000000e+00,-1.000000000000000000e+00,-1.000000000000000000e+00,-1.000000000000000000e+00,-1.000000000000000000e+00,-1.000000000000000000e+00,-1.000000000000000000e+00,-1.000000000000000000e+00,-1.000000000000000000e+00,-1.000000000000000000e+00,-1.000000000000000000e+00,-1.000000000000000000e+00,-1.000000000000000000e+00,-1.000000000000000000e+00,-1.000000000000000000e+00,-1.000000000000000000e+00,-1.000000000000000000e+00,-1.000000000000000000e+00,-1.000000000000000000e+00,-1.000000000000000000e+00,-1.000000000000000000e+00,-1.000000000000000000e+00,-1.000000000000000000e+00,-1.000000000000000000e+00,-1.000000000000000000e+00,-1.000000000000000000e+00,-1.000000000000000000e+00
3.777314722537994385e-01,7.091851234436035156e-01,3.686480738451791694e-07,3.888662457466125488e-01,6.660476922988891602e-01,-3.013707138597965240e-02,3.797133564949035645e-01,6.334475278854370117e-01,-4.923883825540542603e-02,3.589144647121429443e-01,6.149898767471313477e-01,-6.174701079726219177e-02,3.403888344764709473e-01,5.985443592071533203e-01,-7.416257262229919434e-02,3.358655273914337158e-01,6.518473029136657715e-01,-5.806823447346687317e-02,2.955159842967987061e-01,6.283419132232666016e-01,-7.820202410221099854e-02,2.702570855617523193e-01,6.163396239280700684e-01,-8.803033083677291870e-02,2.489877641201019287e-01,6.084334850311279297e-01,-9.311326593160629272e-02,3.208104372024536133e-01,6.765592098236083984e-01,-4.859233647584915161e-02,2.770737707614898682e-01,6.496376395225524902e-01,-6.915076822042465210e-02,2.473092079162597656e-01,6.326682567596435547e-01,-7.840259373188018799e-02,2.238124608993530273e-01,6.198452115058898926e-01,-8.322952687740325928e-02,3.113055527210235596e-01,6.929450035095214844e-01,-3.894729167222976685e-02,2.694566547870635986e-01,6.731060147285461426e-01,-5.495718121528625488e-02,2.408975958824157715e-01,6.599875688552856445e-01,-6.276308745145797729e-02,2.183797657489776611e-01,6.477876305580139160e-01,-6.662786751985549927e-02,3.069678544998168945e-01,7.039682269096374512e-01,-3.079369850456714630e-02,2.733972370624542236e-01,6.911816596984863281e-01,-4.283476620912551880e-02,2.507382929325103760e-01,6.814345717430114746e-01,-4.871791601181030273e-02,2.333356738090515137e-01,6.712126135826110840e-01,-5.149075016379356384e-02,-1.000000000000000000e+00,-1.000000000000000000e+00,-1.000000000000000000e+00,-1.000000000000000000e+00,-1.000000000000000000e+00,-1.000000000000000000e+00,-1.000000000000000000e+00,-1.000000000000000000e+00,-1.000000000000000000e+00,-1.000000000000000000e+00,-1.000000000000000000e+00,-1.000000000000000000e+00,-1.000000000000000000e+00,-1.000000000000000000e+00,-1.000000000000000000e+00,-1.000000000000000000e+00,-1.000000000000000000e+00,-1.000000000000000000e+00,-1.000000000000000000e+00,-1.000000000000000000e+00,-1.000000000000000000e+00,-1.000000000000000000e+00,-1.000000000000000000e+00,-1.000000000000000000e+00,-1.000000000000000000e+00,-1.000000000000000000e+00,-1.000000000000000000e+00,-1.000000000000000000e+00,-1.000000000000000000e+00,-1.000000000000000000e+00,-1.000000000000000000e+00,-1.000000000000000000e+00,-1.000000000000000000e+00,-1.000000000000000000e+00,-1.000000000000000000e+00,-1.000000000000000000e+00,-1.000000000000000000e+00,-1.000000000000000000e+00,-1.000000000000000000e+00,-1.000000000000000000e+00,-1.000000000000000000e+00,-1.000000000000000000e+00,-1.000000000000000000e+00,-1.000000000000000000e+00,-1.000000000000000000e+00,-1.000000000000000000e+00,-1.000000000000000000e+00,-1.000000000000000000e+00,-1.000000000000000000e+00,-1.000000000000000000e+00,-1.000000000000000000e+00,-1.000000000000000000e+00,-1.000000000000000000e+00,-1.000000000000000000e+00,-1.000000000000000000e+00,-1.000000000000000000e+00,-1.000000000000000000e+00,-1.000000000000000000e+00,-1.000000000000000000e+00,-1.000000000000000000e+00,-1.000000000000000000e+00,-1.000000000000000000e+00,-1.000000000000000000e+00
3.779096007347106934e-01,7.180085778236389160e-01,2.577952216142875841e-07,3.870700001716613770e-01,6.749918460845947266e-01,-2.384075894951820374e-02,3.746716678142547607e-01,6.400373578071594238e-01,-3.664040938019752502e-02,3.537633121013641357e-01,6.215062141418457031e-01,-4.461241886019706726e-02,3.383463025093078613e-01,6.038445830345153809e-01,-5.231491476297378540e-02,3.281199038028717041e-01,6.592957973480224609e-01,-3.873110190033912659e-02,2.898065447807312012e-01,6.381992697715759277e-01,-5.279800295829772949e-02,2.643619477748870850e-01,6.271061301231384277e-01,-6.074446439743041992e-02,2.438287734985351562e-01,6.198060512542724609e-01,-6.555724889039993286e-02,3.142805099487304688e-01,6.812021136283874512e-01,-3.167642280459403992e-02,2.713401317596435547e-01,6.579491496086120605e-01,-4.610276222229003906e-02,2.409072816371917725e-01,6.420298814773559570e-01,-5.456987023353576660e-02,2.170700430870056152e-01,6.290147900581359863e-01,-5.975844711065292358e-02,3.063954710960388184e-01,6.972805857658386230e-01,-2.487199194729328156e-02,2.658261060714721680e-01,6.765117049217224121e-01,-3.659392893314361572e-02,2.369502782821655273e-01,6.621326208114624023e-01,-4.423108696937561035e-02,2.145585119724273682e-01,6.500556468963623047e-01,-4.859514907002449036e-02,3.038824498653411865e-01,7.105439305305480957e-01,-1.940512098371982574e-02,2.708922028541564941e-01,6.967553496360778809e-01,-2.977322414517402649e-02,2.478711158037185669e-01,6.875048875808715820e-01,-3.564353659749031067e-02,2.304533720016479492e-01,6.793935298919677734e-01,-3.861632570624351501e-02,2.869530320167541504e-01,5.911805033683776855e-01,1.148632762237866700e-07,3.108306825160980225e-01,5.869404077529907227e-01,-9.474441409111022949e-03,3.350808620452880859e-01,5.768125653266906738e-01,-2.141846157610416412e-02,3.584829568862915039e-01,5.676578283309936523e-01,-3.290625289082527161e-02,3.817766606807708740e-01,5.552375912666320801e-01,-4.463522881269454956e-02,3.277263045310974121e-01,5.993466973304748535e-01,-2.975980564951896667e-02,3.483070135116577148e-01,6.111163496971130371e-01,-4.596113041043281555e-02,3.615159988403320312e-01,6.231248378753662109e-01,-5.844384059309959412e-02,3.746793270111083984e-01,6.288129687309265137e-01,-6.570529192686080933e-02,3.083821535110473633e-01,6.031351685523986816e-01,-3.199387341737747192e-02,3.266886472702026367e-01,5.797235965728759766e-01,-4.237756505608558655e-02,3.368868231773376465e-01,5.504276752471923828e-01,-4.889511317014694214e-02,3.471485972404479980e-01,5.213174819946289062e-01,-5.629580467939376831e-02,2.861974239349365234e-01,6.034733057022094727e-01,-3.454245999455451965e-02,2.961951196193695068e-01,5.742793083190917969e-01,-4.635886475443840027e-02,2.994850575923919678e-01,5.471309423446655273e-01,-5.388905853033065796e-02,3.022935688495635986e-01,5.209398269653320312e-01,-5.972988903522491455e-02,2.649536132812500000e-01,6.040843725204467773e-01,-3.736437484622001648e-02,2.592819035053253174e-01,5.835943222045898438e-01,-4.462200403213500977e-02,2.551972568035125732e-01,5.669472813606262207e-01,-4.692508652806282043e-02,2.514611482620239258e-01,5.480381846427917480e-01,-5.033795163035392761e-02
3.818655610084533691e-01,7.573101520538330078e-01,2.729706238824292086e-07,3.886893689632415771e-01,7.077988386154174805e-01,-3.107128851115703583e-02,3.752056956291198730e-01,6.741172671318054199e-01,-4.860407114028930664e-02,3.542109131813049316e-01,6.570275425910949707e-01,-5.976102128624916077e-02,3.377027809619903564e-01,6.417840123176574707e-01,-7.058454304933547974e-02,3.310777246952056885e-01,7.109903693199157715e-01,-5.402721837162971497e-02,2.879695296287536621e-01,6.949008703231811523e-01,-7.226573675870895386e-02,2.591623663902282715e-01,6.858195662498474121e-01,-8.220471441745758057e-02,2.350207269191741943e-01,6.802631616592407227e-01,-8.823447674512863159e-02,3.178775608539581299e-01,7.385472655296325684e-01,-4.468379914760589600e-02,2.676148712635040283e-01,7.183419466018676758e-01,-6.330597400665283203e-02,2.335305809974670410e-01,7.038674354553222656e-01,-7.460977137088775635e-02,2.056611031293869019e-01,6.933953762054443359e-01,-8.174247294664382935e-02,3.104766607284545898e-01,7.547651529312133789e-01,-3.535173833370208740e-02,2.633818686008453369e-01,7.379164695739746094e-01,-5.036924406886100769e-02,2.310538887977600098e-01,7.266812920570373535e-01,-6.122357025742530823e-02,2.049008309841156006e-01,7.184159755706787109e-01,-6.772087514400482178e-02,3.083842396736145020e-01,7.639723420143127441e-01,-2.773500792682170868e-02,2.714019119739532471e-01,7.559086084365844727e-01,-4.093651100993156433e-02,2.456917464733123779e-01,7.503405213356018066e-01,-4.940433800220489502e-02,2.253610044717788696e-01,7.460856437683105469e-01,-5.421758815646171570e-02,2.854425907135009766e-01,5.885607600212097168e-01,-2.377187229285482317e-07,3.089058399200439453e-01,5.693988800048828125e-01,-1.447810232639312744e-02,3.363057971000671387e-01,5.492590069770812988e-01,-2.349255420267581940e-02,3.600535690784454346e-01,5.305922031402587891e-01,-3.014814853668212891e-02,3.826867341995239258e-01,5.101560354232788086e-01,-3.797198086977005005e-02,3.106070160865783691e-01,5.696585774421691895e-01,-2.893998660147190094e-02,3.035262227058410645e-01,5.373138189315795898e-01,-3.836371004581451416e-02,3.029700219631195068e-01,5.177897214889526367e-01,-4.720705747604370117e-02,3.028639256954193115e-01,5.039152503013610840e-01,-5.520554631948471069e-02,2.865729033946990967e-01,5.747376084327697754e-01,-2.933679707348346710e-02,2.794158160686492920e-01,5.453779697418212891e-01,-3.879004716873168945e-02,2.770169973373413086e-01,5.322397351264953613e-01,-4.865900427103042603e-02,2.749294042587280273e-01,5.245739221572875977e-01,-5.996794626116752625e-02,2.680337727069854736e-01,5.784021019935607910e-01,-2.903964743018150330e-02,2.604853808879852295e-01,5.478661060333251953e-01,-4.085490852594375610e-02,2.581992149353027344e-01,5.321453213691711426e-01,-4.650310054421424866e-02,2.564645111560821533e-01,5.204102396965026855e-01,-5.274501070380210876e-02,2.550465166568756104e-01,5.787006616592407227e-01,-2.918425388634204865e-02,2.488690763711929321e-01,5.526591539382934570e-01,-4.109486937522888184e-02,2.474899739027023315e-01,5.350404977798461914e-01,-4.339258745312690735e-02,2.469428777694702148e-01,5.234326124191284180e-01,-4.629393666982650757e-02
3.769176602363586426e-01,7.713984251022338867e-01,3.365017278156301472e-07,3.859168291091918945e-01,7.264416813850402832e-01,-3.683286905288696289e-02,3.772722482681274414e-01,6.961629986763000488e-01,-5.861794948577880859e-02,3.572312593460083008e-01,6.830577254295349121e-01,-7.318196445703506470e-02,3.400068283081054688e-01,6.709436774253845215e-01,-8.710408955812454224e-02,3.279240727424621582e-01,7.329729795455932617e-01,-6.144615262746810913e-02,2.871223092079162598e-01,7.204182147979736328e-01,-8.371231704950332642e-02,2.585704922676086426e-01,7.150245308876037598e-01,-9.713792055845260620e-02,2.334786355495452881e-01,7.124871015548706055e-01,-1.054698228836059570e-01,3.118075430393218994e-01,7.583569884300231934e-01,-5.022234842181205750e-02,2.647338211536407471e-01,7.441093921661376953e-01,-7.196725159883499146e-02,2.313877493143081665e-01,7.335731387138366699e-01,-8.459134399890899658e-02,2.034424394369125366e-01,7.260388731956481934e-01,-9.257035702466964722e-02,3.013007640838623047e-01,7.723137736320495605e-01,-3.938943147659301758e-02,2.574883401393890381e-01,7.600162029266357422e-01,-5.647079646587371826e-02,2.266320288181304932e-01,7.495899200439453125e-01,-6.659974157810211182e-02,2.018097937107086182e-01,7.410049438476562500e-01,-7.252180576324462891e-02,2.960796356201171875e-01,7.795448303222656250e-01,-3.084114752709865570e-02,2.611310184001922607e-01,7.718820571899414062e-01,-4.431445151567459106e-02,2.361277788877487183e-01,7.649035453796386719e-01,-5.171125754714012146e-02,2.163398563861846924e-01,7.580736875534057617e-01,-5.581112578511238098e-02,2.677766978740692139e-01,5.940266251564025879e-01,3.354477087214036146e-07,3.043977320194244385e-01,5.709396600723266602e-01,-1.023709215223789215e-02,3.284152746200561523e-01,5.383988618850708008e-01,-1.577177084982395172e-02,3.478105962276458740e-01,5.112158060073852539e-01,-2.131090871989727020e-02,3.678472340106964111e-01,4.935875236988067627e-01,-2.755581401288509369e-02,3.113502562046051025e-01,4.954750239849090576e-01,-9.424678049981594086e-03,3.206620812416076660e-01,4.590463042259216309e-01,-1.978882215917110443e-02,3.274991512298583984e-01,4.346944689750671387e-01,-2.906005643308162689e-02,3.334944546222686768e-01,4.112099707126617432e-01,-3.580997511744499207e-02,2.927324771881103516e-01,4.903393387794494629e-01,-1.201041322201490402e-02,3.009793162345886230e-01,4.527775645256042480e-01,-2.090964652597904205e-02,3.073391318321228027e-01,4.255880415439605713e-01,-2.959976345300674438e-02,3.131648898124694824e-01,3.988991379737854004e-01,-3.590023145079612732e-02,2.729743719100952148e-01,4.943255782127380371e-01,-1.614638231694698334e-02,2.747216522693634033e-01,4.563498795032501221e-01,-2.610404603183269501e-02,2.750688493251800537e-01,4.288563430309295654e-01,-3.309264406561851501e-02,2.765153944492340088e-01,4.036989212036132812e-01,-3.730331733822822571e-02,2.525585889816284180e-01,5.071022510528564453e-01,-2.121479436755180359e-02,2.496864646673202515e-01,4.742904305458068848e-01,-3.055944666266441345e-02,2.478483170270919800e-01,4.518602490425109863e-01,-3.432038798928260803e-02,2.469694167375564575e-01,4.304894208908081055e-01,-3.601656481623649597e-02
3.787927925586700439e-01,7.695229053497314453e-01,3.112485842393653002e-07,3.863891959190368652e-01,7.252420783042907715e-01,-3.286860883235931396e-02,3.777050971984863281e-01,6.951105594635009766e-01,-5.286558717489242554e-02,3.591992855072021484e-01,6.833214163780212402e-01,-6.646344065666198730e-02,3.432345092296600342e-01,6.720249652862548828e-01,-7.933606207370758057e-02,3.290562033653259277e-01,7.334139943122863770e-01,-5.589946731925010681e-02,2.876927554607391357e-01,7.199374437332153320e-01,-7.594438642263412476e-02,2.602154314517974854e-01,7.141479849815368652e-01,-8.774250745773315430e-02,2.366439104080200195e-01,7.113044261932373047e-01,-9.509252756834030151e-02,3.137355744838714600e-01,7.584575414657592773e-01,-4.636288061738014221e-02,2.656479179859161377e-01,7.427003383636474609e-01,-6.590122729539871216e-02,2.336755990982055664e-01,7.318947911262512207e-01,-7.686211913824081421e-02,2.071859091520309448e-01,7.234045863151550293e-01,-8.378196507692337036e-02,3.036937713623046875e-01,7.727398276329040527e-01,-3.716068714857101440e-02,2.589216232299804688e-01,7.598729729652404785e-01,-5.224845558404922485e-02,2.291989326477050781e-01,7.505384683609008789e-01,-6.104059144854545593e-02,2.054996490478515625e-01,7.428559660911560059e-01,-6.625097244977951050e-02,2.988198697566986084e-01,7.802506685256958008e-01,-3.002538345754146576e-02,2.632625102996826172e-01,7.737964391708374023e-01,-4.153979942202568054e-02,2.392270565032958984e-01,7.691469192504882812e-01,-4.755571484565734863e-02,2.204706966876983643e-01,7.646469473838806152e-01,-5.088873580098152161e-02,2.693117558956146240e-01,5.856432914733886719e-01,2.127902831716710352e-07,3.034090697765350342e-01,5.702052712440490723e-01,-1.150719262659549713e-02,3.299184143543243408e-01,5.389247536659240723e-01,-1.711678504943847656e-02,3.488256335258483887e-01,5.124722123146057129e-01,-2.242575585842132568e-02,3.686434924602508545e-01,4.943608939647674561e-01,-2.830448187887668610e-02,3.122358322143554688e-01,4.931665658950805664e-01,-1.160340383648872375e-02,3.214104771614074707e-01,4.563263356685638428e-01,-2.122906409204006195e-02,3.269533216953277588e-01,4.332186281681060791e-01,-2.909917756915092468e-02,3.315924108028411865e-01,4.116475582122802734e-01,-3.506929799914360046e-02,2.933389842510223389e-01,4.881775081157684326e-01,-1.337984297424554825e-02,3.015145063400268555e-01,4.487665593624114990e-01,-2.190405875444412231e-02,3.076620101928710938e-01,4.230994880199432373e-01,-2.952314727008342743e-02,3.128035366535186768e-01,3.985851407051086426e-01,-3.558306023478507996e-02,2.736945152282714844e-01,4.923793673515319824e-01,-1.678399555385112762e-02,2.754954099655151367e-01,4.539608955383300781e-01,-2.603715471923351288e-02,2.757758498191833496e-01,4.287719726562500000e-01,-3.270399942994117737e-02,2.769910991191864014e-01,4.057683348655700684e-01,-3.745773807168006897e-02,2.534791529178619385e-01,5.035991072654724121e-01,-2.130649797618389130e-02,2.493213117122650146e-01,4.720511138439178467e-01,-3.054171428084373474e-02,2.465039938688278198e-01,4.510007798671722412e-01,-3.527691215276718140e-02,2.446969896554946899e-01,4.304827153682708740e-01,-3.840178996324539185e-02
3.787927925586700439e-01,7.695229053497314453e-01,3.112485842393653002e-07,3.863891959190368652e-01,7.252420783042907715e-01,-3.286860883235931396e-02,3.777050971984863281e-01,6.951105594635009766e-01,-5.286558717489242554e-02,3.591992855072021484e-01,6.833214163780212402e-01,-6.646344065666198730e-02,3.432345092296600342e-01,6.720249652862548828e-01,-7.933606207370758057e-02,3.290562033653259277e-01,7.334139943122863770e-01,-5.589946731925010681e-02,2.876927554607391357e-01,7.199374437332153320e-01,-7.594438642263412476e-02,2.602154314517974854e-01,7.141479849815368652e-01,-8.774250745773315430e-02,2.366439104080200195e-01,7.113044261932373047e-01,-9.509252756834030151e-02,3.137355744838714600e-01,7.584575414657592773e-01,-4.636288061738014221e-02,2.656479179859161377e-01,7.427003383636474609e-01,-6.590122729539871216e-02,2.336755990982055664e-01,7.318947911262512207e-01,-7.686211913824081421e-02,2.071859091520309448e-01,7.234045863151550293e-01,-8.378196507692337036e-02,3.036937713623046875e-01,7.727398276329040527e-01,-3.716068714857101440e-02,2.589216232299804688e-01,7.598729729652404785e-01,-5.224845558404922485e-02,2.291989326477050781e-01,7.505384683609008789e-01,-6.104059144854545593e-02,2.054996490478515625e-01,7.428559660911560059e-01,-6.625097244977951050e-02,2.988198697566986084e-01,7.802506685256958008e-01,-3.002538345754146576e-02,2.632625102996826172e-01,7.737964391708374023e-01,-4.153979942202568054e-02,2.392270565032958984e-01,7.691469192504882812e-01,-4.755571484565734863e-02,2.204706966876983643e-01,7.646469473838806152e-01,-5.088873580098152161e-02,2.693117558956146240e-01,5.856432914733886719e-01,2.127902831716710352e-07,3.034090697765350342e-01,5.702052712440490723e-01,-1.150719262659549713e-02,3.299184143543243408e-01,5.389247536659240723e-01,-1.711678504943847656e-02,3.488256335258483887e-01,5.124722123146057129e-01,-2.242575585842132568e-02,3.686434924602508545e-01,4.943608939647674561e-01,-2.830448187887668610e-02,3.122358322143554688e-01,4.931665658950805664e-01,-1.160340383648872375e-02,3.214104771614074707e-01,4.563263356685638428e-01,-2.122906409204006195e-02,3.269533216953277588e-01,4.332186281681060791e-01,-2.909917756915092468e-02,3.315924108028411865e-01,4.116475582122802734e-01,-3.506929799914360046e-02,2.933389842510223389e-01,4.881775081157684326e-01,-1.337984297424554825e-02,3.015145063400268555e-01,4.487665593624114990e-01,-2.190405875444412231e-02,3.076620101928710938e-01,4.230994880199432373e-01,-2.952314727008342743e-02,3.128035366535186768e-01,3.985851407051086426e-01,-3.558306023478507996e-02,2.736945152282714844e-01,4.923793673515319824e-01,-1.678399555385112762e-02,2.754954099655151367e-01,4.539608955383300781e-01,-2.603715471923351288e-02,2.757758498191833496e-01,4.287719726562500000e-01,-3.270399942994117737e-02,2.769910991191864014e-01,4.057683348655700684e-01,-3.745773807168006897e-02,2.534791529178619385e-01,5.035991072654724121e-01,-2.130649797618389130e-02,2.493213117122650146e-01,4.720511138439178467e-01,-3.054171428084373474e-02,2.465039938688278198e-01,4.510007798671722412e-01,-3.527691215276718140e-02,2.446969896554946899e-01,4.304827153682708740e-01,-3.840178996324539185e-02
3.777429461479187012e-01,7.886109352111816406e-01,3.402606125746387988e-07,3.864085376262664795e-01,7.462626695632934570e-01,-4.135963693261146545e-02,3.784130513668060303e-01,7.193961143493652344e-01,-6.562314927577972412e-02,3.604269325733184814e-01,7.077926397323608398e-01,-8.200245350599288940e-02,3.439404368400573730e-01,6.969632506370544434e-01,-9.749324619770050049e-02,3.262363672256469727e-01,7.569625973701477051e-01,-6.562230736017227173e-02,2.869949340820312500e-01,7.489860653877258301e-01,-8.913817256689071655e-02,2.588292360305786133e-01,7.458457946777343750e-01,-1.039619743824005127e-01,2.338526993989944458e-01,7.446204423904418945e-01,-1.133823767304420471e-01,3.113996088504791260e-01,7.799397706985473633e-01,-5.234212800860404968e-02,2.659393548965454102e-01,7.714007496833801270e-01,-7.525920867919921875e-02,2.324442267417907715e-01,7.639735341072082520e-01,-8.906988799571990967e-02,2.038490176200866699e-01,7.586511373519897461e-01,-9.812409430742263794e-02,3.011483848094940186e-01,7.915389537811279297e-01,-3.975220024585723877e-02,2.594887912273406982e-01,7.856194376945495605e-01,-5.734780803322792053e-02,2.288754135370254517e-01,7.780117392539978027e-01,-6.781898438930511475e-02,2.035774290561676025e-01,7.709437012672424316e-01,-7.421793043613433838e-02,2.959743440151214600e-01,7.975586652755737305e-01,-2.995651029050350189e-02,2.626862823963165283e-01,7.946406602859497070e-01,-4.335701093077659607e-02,2.385631501674652100e-01,7.900754213333129883e-01,-5.097396299242973328e-02,2.190622389316558838e-01,7.850462794303894043e-01,-5.556845292448997498e-02,2.676845788955688477e-01,5.645889043807983398e-01,2.591278587260603672e-07,3.011035919189453125e-01,5.500698089599609375e-01,-1.046539843082427979e-02,3.261735737323760986e-01,5.188465118408203125e-01,-1.504890527576208115e-02,3.454899489879608154e-01,4.918296337127685547e-01,-1.946376077830791473e-02,3.645487427711486816e-01,4.753779172897338867e-01,-2.431825362145900726e-02,3.093158006668090820e-01,4.715355038642883301e-01,-8.880349807441234589e-03,3.187486529350280762e-01,4.338887929916381836e-01,-1.752829551696777344e-02,3.243691623210906982e-01,4.106778204441070557e-01,-2.467336133122444153e-02,3.288047313690185547e-01,3.889609575271606445e-01,-3.001200407743453979e-02,2.907506227493286133e-01,4.648407697677612305e-01,-1.060949452221393585e-02,2.997758984565734863e-01,4.243230521678924561e-01,-1.847944036126136780e-02,3.057332336902618408e-01,3.982260227203369141e-01,-2.551382221281528473e-02,3.104475736618041992e-01,3.737036585807800293e-01,-3.057668358087539673e-02,2.713789343833923340e-01,4.673946499824523926e-01,-1.391026377677917480e-02,2.732571661472320557e-01,4.273559451103210449e-01,-2.264656499028205872e-02,2.745276987552642822e-01,4.013680219650268555e-01,-2.883557230234146118e-02,2.766758203506469727e-01,3.777664005756378174e-01,-3.277680277824401855e-02,2.515300214290618896e-01,4.776668250560760498e-01,-1.820660755038261414e-02,2.482572197914123535e-01,4.450762271881103516e-01,-2.663997560739517212e-02,2.465040087699890137e-01,4.235627651214599609e-01,-3.058003075420856476e-02,2.460622042417526245e-01,4.027184844017028809e-01,-3.276698291301727295e-02
3.797764778137207031e-01,8.014675974845886230e-01,4.218259732624574099e-07,3.871929347515106201e-01,7.607122659683227539e-01,-5.263800546526908875e-02,3.786634802818298340e-01,7.392277121543884277e-01,-8.206523209810256958e-02,3.613302707672119141e-01,7.329774498939514160e-01,-1.011788025498390198e-01,3.454114794731140137e-01,7.267349958419799805e-01,-1.192647144198417664e-01,3.234296739101409912e-01,7.807222008705139160e-01,-8.017450571060180664e-02,2.825756072998046875e-01,7.765281200408935547e-01,-1.071646958589553833e-01,2.504570484161376953e-01,7.777760624885559082e-01,-1.246237084269523621e-01,2.230630964040756226e-01,7.813999652862548828e-01,-1.356226652860641479e-01,3.110466897487640381e-01,8.016546368598937988e-01,-6.143767014145851135e-02,2.658188343048095703e-01,7.976309061050415039e-01,-8.767884224653244019e-02,2.306032478809356689e-01,7.942181825637817383e-01,-1.034217551350593567e-01,2.008313983678817749e-01,7.932606339454650879e-01,-1.136578023433685303e-01,3.025951087474822998e-01,8.117630481719970703e-01,-4.383082687854766846e-02,2.619309425354003906e-01,8.104376196861267090e-01,-6.376658380031585693e-02,2.310560941696166992e-01,8.062243461608886719e-01,-7.555267214775085449e-02,2.058863937854766846e-01,8.032257556915283203e-01,-8.271825313568115234e-02,2.977437376976013184e-01,8.177705407142639160e-01,-2.987816557288169861e-02,2.656473815441131592e-01,8.167107105255126953e-01,-4.447979107499122620e-02,2.411337196826934814e-01,8.144642710685729980e-01,-5.321539193391799927e-02,2.214560508728027344e-01,8.113149404525756836e-01,-5.871524661779403687e-02,2.661998867988586426e-01,5.463259816169738770e-01,2.685513038613862591e-07,2.991609871387481689e-01,5.319756865501403809e-01,-1.167333219200372696e-02,3.239261806011199951e-01,5.012556314468383789e-01,-1.675493456423282623e-02,3.427603840827941895e-01,4.742818772792816162e-01,-2.151300571858882904e-02,3.621945381164550781e-01,4.592365622520446777e-01,-2.643965184688568115e-02,3.078414797782897949e-01,4.510246515274047852e-01,-7.817856967449188232e-03,3.175367712974548340e-01,4.134417772293090820e-01,-1.615243032574653625e-02,3.229477107524871826e-01,3.902022838592529297e-01,-2.353408373892307281e-02,3.269471526145935059e-01,3.687670528888702393e-01,-2.907331846654415131e-02,2.894628047943115234e-01,4.432938098907470703e-01,-8.939918130636215210e-03,2.984906136989593506e-01,4.015438854694366455e-01,-1.651828363537788391e-02,3.040393590927124023e-01,3.744941651821136475e-01,-2.360801212489604950e-02,3.082185685634613037e-01,3.502072393894195557e-01,-2.861759811639785767e-02,2.702196240425109863e-01,4.448564052581787109e-01,-1.188018172979354858e-02,2.727254629135131836e-01,4.028913974761962891e-01,-2.032115310430526733e-02,2.744005918502807617e-01,3.764710724353790283e-01,-2.659143507480621338e-02,2.767856419086456299e-01,3.530604839324951172e-01,-3.049640543758869171e-02,2.504154443740844727e-01,4.543204903602600098e-01,-1.597736403346061707e-02,2.478478699922561646e-01,4.198587536811828613e-01,-2.400704473257064819e-02,2.465004324913024902e-01,3.976815342903137207e-01,-2.783255092799663544e-02,2.465072572231292725e-01,3.766671419143676758e-01,-2.991021238267421722e-02
3.901775181293487549e-01,8.323453664779663086e-01,4.554226222808210878e-07,3.926833271980285645e-01,7.978198528289794922e-01,-5.207666009664535522e-02,3.820086717605590820e-01,7.825354337692260742e-01,-7.996492087841033936e-02,3.664994835853576660e-01,7.839194536209106445e-01,-9.823898971080780029e-02,3.472179770469665527e-01,7.887947559356689453e-01,-1.151821762323379517e-01,3.216082751750946045e-01,8.366477489471435547e-01,-7.270386815071105957e-02,2.723920345306396484e-01,8.464300036430358887e-01,-9.674206376075744629e-02,2.363016605377197266e-01,8.549640774726867676e-01,-1.127031594514846802e-01,2.064888030290603638e-01,8.627879619598388672e-01,-1.223572567105293274e-01,3.138504326343536377e-01,8.500826358795166016e-01,-5.322685837745666504e-02,2.655546367168426514e-01,8.635071516036987305e-01,-7.644862681627273560e-02,2.262091338634490967e-01,8.688421845436096191e-01,-9.159261733293533325e-02,1.943729668855667114e-01,8.739817738533020020e-01,-1.008789092302322388e-01,3.093426227569580078e-01,8.517413735389709473e-01,-3.512960299849510193e-02,2.670773267745971680e-01,8.655124306678771973e-01,-5.212684720754623413e-02,2.329962253570556641e-01,8.689168095588684082e-01,-6.346970051527023315e-02,2.050552666187286377e-01,8.709893226623535156e-01,-6.980784982442855835e-02,3.071438074111938477e-01,8.502910137176513672e-01,-2.086016535758972168e-02,2.750065624713897705e-01,8.566351532936096191e-01,-3.255596384406089783e-02,2.482509315013885498e-01,8.598953485488891602e-01,-4.025352001190185547e-02,2.264925688505172729e-01,8.603323101997375488e-01,-4.459072276949882507e-02,2.626664936542510986e-01,5.207589864730834961e-01,2.818911468693841016e-07,2.967953979969024658e-01,5.056965947151184082e-01,-9.977440349757671356e-03,3.223627805709838867e-01,4.733286798000335693e-01,-1.284337881952524185e-02,3.407866358757019043e-01,4.451267123222351074e-01,-1.551950629800558090e-02,3.590181171894073486e-01,4.309479296207427979e-01,-1.819744892418384552e-02,3.057406544685363770e-01,4.212945401668548584e-01,-2.976760733872652054e-03,3.159309923648834229e-01,3.835520148277282715e-01,-9.210951626300811768e-03,3.216651976108551025e-01,3.595235943794250488e-01,-1.562948711216449738e-02,3.262943029403686523e-01,3.376832604408264160e-01,-2.060972340404987335e-02,2.882678210735321045e-01,4.118182957172393799e-01,-3.958757035434246063e-03,2.976176440715789795e-01,3.683487772941589355e-01,-9.472806006669998169e-03,3.038125634193420410e-01,3.401036560535430908e-01,-1.580763049423694611e-02,3.088513910770416260e-01,3.151052594184875488e-01,-2.019226364791393280e-02,2.699773609638214111e-01,4.118337333202362061e-01,-6.712730508297681808e-03,2.740500271320343018e-01,3.681898713111877441e-01,-1.366009376943111420e-02,2.767177522182464600e-01,3.401072025299072266e-01,-1.984752155840396881e-02,2.792222797870635986e-01,3.151971399784088135e-01,-2.362334541976451874e-02,2.506114840507507324e-01,4.206306040287017822e-01,-1.052535511553287506e-02,2.504968643188476562e-01,3.859344124794006348e-01,-1.753137633204460144e-02,2.501303553581237793e-01,3.631109595298767090e-01,-2.092287316918373108e-02,2.502458989620208740e-01,3.418238759040832520e-01,-2.255928330123424530e-02
3.908625841140747070e-01,8.348514437675476074e-01,4.251736243077175459e-07,3.921381235122680664e-01,8.127759099006652832e-01,-5.182919278740882874e-02,3.827718794345855713e-01,8.042390346527099609e-01,-8.071117848157882690e-02,3.704491853713989258e-01,8.048110008239746094e-01,-1.006609797477722168e-01,3.541282117366790771e-01,8.144786357879638672e-01,-1.189247742295265198e-01,3.121842145919799805e-01,8.603556156158447266e-01,-5.912777781486511230e-02,2.763696908950805664e-01,8.765201568603515625e-01,-7.963031530380249023e-02,2.497309148311614990e-01,8.853887319564819336e-01,-9.618520736694335938e-02,2.272274792194366455e-01,8.925320506095886230e-01,-1.074132099747657776e-01,3.076888918876647949e-01,8.682355284690856934e-01,-4.111743718385696411e-02,2.731536328792572021e-01,8.841516971588134766e-01,-6.004529073834419250e-02,2.452955543994903564e-01,8.933196067810058594e-01,-7.453810423612594604e-02,2.220034897327423096e-01,8.999276161193847656e-01,-8.474853634834289551e-02,3.052875101566314697e-01,8.694159388542175293e-01,-2.591737918555736542e-02,2.734116911888122559e-01,8.849329948425292969e-01,-4.002225026488304138e-02,2.486369907855987549e-01,8.927080631256103516e-01,-4.803927242755889893e-02,2.258425951004028320e-01,8.975194692611694336e-01,-5.325973406434059143e-02,3.049576282501220703e-01,8.667986392974853516e-01,-1.517790555953979492e-02,2.768529355525970459e-01,8.791997432708740234e-01,-2.443001233041286469e-02,2.551498115062713623e-01,8.866097331047058105e-01,-2.926867827773094177e-02,2.354906499385833740e-01,8.896426558494567871e-01,-3.248488903045654297e-02,2.647173702716827393e-01,5.086089968681335449e-01,2.348098604443293880e-07,2.970981597900390625e-01,4.942908883094787598e-01,-1.013091113418340683e-02,3.229525983333587646e-01,4.630259275436401367e-01,-1.365902554243803024e-02,3.418244719505310059e-01,4.366456270217895508e-01,-1.718182303011417389e-02,3.602382838726043701e-01,4.235177338123321533e-01,-2.081230655312538147e-02,3.070745170116424561e-01,4.083006381988525391e-01,-4.031903110444545746e-03,3.180516064167022705e-01,3.717662990093231201e-01,-1.066355593502521515e-02,3.237429261207580566e-01,3.489398956298828125e-01,-1.732431910932064056e-02,3.283916711807250977e-01,3.282133936882019043e-01,-2.269457280635833740e-02,2.896722257137298584e-01,3.994599282741546631e-01,-5.554465577006340027e-03,2.994504570960998535e-01,3.559429645538330078e-01,-1.178523153066635132e-02,3.060836493968963623e-01,3.285057246685028076e-01,-1.853738538920879364e-02,3.114268481731414795e-01,3.051605820655822754e-01,-2.362076006829738617e-02,2.714773416519165039e-01,4.004909694194793701e-01,-8.909249678254127502e-03,2.754516899585723877e-01,3.564225137233734131e-01,-1.634655334055423737e-02,2.783640027046203613e-01,3.290659785270690918e-01,-2.284850366413593292e-02,2.818163633346557617e-01,3.049204945564270020e-01,-2.727171592414379120e-02,2.519778907299041748e-01,4.095914363861083984e-01,-1.338923629373311996e-02,2.507815361022949219e-01,3.742784261703491211e-01,-2.105030976235866547e-02,2.508670985698699951e-01,3.510003089904785156e-01,-2.526891045272350311e-02,2.524497807025909424e-01,3.283967971801757812e-01,-2.796155400574207306e-02
3.970037102699279785e-01,8.635674715042114258e-01,3.346152084304776508e-07,3.957441151142120361e-01,8.300306797027587891e-01,-3.978601098060607910e-02,3.817238211631774902e-01,8.136416673660278320e-01,-6.290052831172943115e-02,3.659285604953765869e-01,8.190946578979492188e-01,-7.828821241855621338e-02,3.520393371582031250e-01,8.352652788162231445e-01,-9.259700775146484375e-02,3.311812281608581543e-01,8.707649111747741699e-01,-5.488637462258338928e-02,3.002868592739105225e-01,8.743909001350402832e-01,-7.503401488065719604e-02,2.775877714157104492e-01,8.740549683570861816e-01,-8.946134150028228760e-02,2.597170174121856689e-01,8.745211362838745117e-01,-9.851600229740142822e-02,3.225023150444030762e-01,8.879101872444152832e-01,-4.090608656406402588e-02,2.878868579864501953e-01,8.865621089935302734e-01,-5.887658894062042236e-02,2.652937471866607666e-01,8.826599717140197754e-01,-7.067751139402389526e-02,2.476480156183242798e-01,8.804883956909179688e-01,-7.892261445522308350e-02,3.176399171352386475e-01,8.969059586524963379e-01,-2.829080820083618164e-02,2.858544588088989258e-01,8.971334695816040039e-01,-4.144174978137016296e-02,2.651760578155517578e-01,8.926798701286315918e-01,-4.774271696805953979e-02,2.475312650203704834e-01,8.890164494514465332e-01,-5.205151438713073730e-02,3.182108104228973389e-01,9.026292562484741211e-01,-1.867981068789958954e-02,2.900746166706085205e-01,9.027517437934875488e-01,-2.733969874680042267e-02,2.704949080944061279e-01,8.990610837936401367e-01,-3.123551234602928162e-02,2.543489634990692139e-01,8.940708637237548828e-01,-3.379175812005996704e-02,2.657951712608337402e-01,4.982050061225891113e-01,2.291272238608144107e-07,2.980050146579742432e-01,4.848660528659820557e-01,-9.471443481743335724e-03,3.235540091991424561e-01,4.537674188613891602e-01,-1.207383163273334503e-02,3.425481319427490234e-01,4.268133640289306641e-01,-1.477346941828727722e-02,3.611698746681213379e-01,4.160349071025848389e-01,-1.737234368920326233e-02,3.089406788349151611e-01,3.988101482391357422e-01,-7.799461600370705128e-04,3.209407627582550049e-01,3.634732365608215332e-01,-6.197203882038593292e-03,3.269992470741271973e-01,3.406936824321746826e-01,-1.227056607604026794e-02,3.316996991634368896e-01,3.205640912055969238e-01,-1.733410917222499847e-02,2.921977639198303223e-01,3.894946277141571045e-01,-2.145849866792559624e-03,3.029411137104034424e-01,3.467417955398559570e-01,-7.394096814095973969e-03,3.096888363361358643e-01,3.197021484375000000e-01,-1.359751820564270020e-02,3.148340880870819092e-01,2.970094084739685059e-01,-1.825214177370071411e-02,2.745359838008880615e-01,3.896136283874511719e-01,-5.463224835693836212e-03,2.797463238239288330e-01,3.460057377815246582e-01,-1.216441020369529724e-02,2.827731966972351074e-01,3.187865912914276123e-01,-1.828500069677829742e-02,2.860719263553619385e-01,2.952182888984680176e-01,-2.242392115294933319e-02,2.550503015518188477e-01,3.973487615585327148e-01,-9.905714541673660278e-03,2.546386718750000000e-01,3.626846075057983398e-01,-1.686677150428295135e-02,2.549751698970794678e-01,3.393913805484771729e-01,-2.069471217691898346e-02,2.567479014396667480e-01,3.168451488018035889e-01,-2.314513549208641052e-02
3.970037102699279785e-01,8.635674715042114258e-01,3.346152084304776508e-07,3.957441151142120361e-01,8.300306797027587891e-01,-3.978601098060607910e-02,3.817238211631774902e-01,8.136416673660278320e-01,-6.290052831172943115e-02,3.659285604953765869e-01,8.190946578979492188e-01,-7.828821241855621338e-02,3.520393371582031250e-01,8.352652788162231445e-01,-9.259700775146484375e-02,3.311812281608581543e-01,8.707649111747741699e-01,-5.488637462258338928e-02,3.002868592739105225e-01,8.743909001350402832e-01,-7.503401488065719604e-02,2.775877714157104492e-01,8.740549683570861816e-01,-8.946134150028228760e-02,2.597170174121856689e-01,8.745211362838745117e-01,-9.851600229740142822e-02,3.225023150444030762e-01,8.879101872444152832e-01,-4.090608656406402588e-02,2.878868579864501953e-01,8.865621089935302734e-01,-5.887658894062042236e-02,2.652937471866607666e-01,8.826599717140197754e-01,-7.067751139402389526e-02,2.476480156183242798e-01,8.804883956909179688e-01,-7.892261445522308350e-02,3.176399171352386475e-01,8.969059586524963379e-01,-2.829080820083618164e-02,2.858544588088989258e-01,8.971334695816040039e-01,-4.144174978137016296e-02,2.651760578155517578e-01,8.926798701286315918e-01,-4.774271696805953979e-02,2.475312650203704834e-01,8.890164494514465332e-01,-5.205151438713073730e-02,3.182108104228973389e-01,9.026292562484741211e-01,-1.867981068789958954e-02,2.900746166706085205e-01,9.027517437934875488e-01,-2.733969874680042267e-02,2.704949080944061279e-01,8.990610837936401367e-01,-3.123551234602928162e-02,2.543489634990692139e-01,8.940708637237548828e-01,-3.379175812005996704e-02,2.657951712608337402e-01,4.982050061225891113e-01,2.291272238608144107e-07,2.980050146579742432e-01,4.848660528659820557e-01,-9.471443481743335724e-03,3.235540091991424561e-01,4.537674188613891602e-01,-1.207383163273334503e-02,3.425481319427490234e-01,4.268133640289306641e-01,-1.477346941828727722e-02,3.611698746681213379e-01,4.160349071025848389e-01,-1.737234368920326233e-02,3.089406788349151611e-01,3.988101482391357422e-01,-7.799461600370705128e-04,3.209407627582550049e-01,3.634732365608215332e-01,-6.197203882038593292e-03,3.269992470741271973e-01,3.406936824321746826e-01,-1.227056607604026794e-02,3.316996991634368896e-01,3.205640912055969238e-01,-1.733410917222499847e-02,2.921977639198303223e-01,3.894946277141571045e-01,-2.145849866792559624e-03,3.029411137104034424e-01,3.467417955398559570e-01,-7.394096814095973969e-03,3.096888363361358643e-01,3.197021484375000000e-01,-1.359751820564270020e-02,3.148340880870819092e-01,2.970094084739685059e-01,-1.825214177370071411e-02,2.745359838008880615e-01,3.896136283874511719e-01,-5.463224835693836212e-03,2.797463238239288330e-01,3.460057377815246582e-01,-1.216441020369529724e-02,2.827731966972351074e-01,3.187865912914276123e-01,-1.828500069677829742e-02,2.860719263553619385e-01,2.952182888984680176e-01,-2.242392115294933319e-02,2.550503015518188477e-01,3.973487615585327148e-01,-9.905714541673660278e-03,2.546386718750000000e-01,3.626846075057983398e-01,-1.686677150428295135e-02,2.549751698970794678e-01,3.393913805484771729e-01,-2.069471217691898346e-02,2.567479014396667480e-01,3.168451488018035889e-01,-2.314513549208641052e-02
3.940293192863464355e-01,8.586676716804504395e-01,3.378318069735541940e-07,3.918528854846954346e-01,8.290844559669494629e-01,-4.064795374870300293e-02,3.800387978553771973e-01,8.157395720481872559e-01,-6.323072314262390137e-02,3.655111491680145264e-01,8.212224245071411133e-01,-7.838668674230575562e-02,3.514756858348846436e-01,8.385961651802062988e-01,-9.245197474956512451e-02,3.261329233646392822e-01,8.706481456756591797e-01,-5.050446093082427979e-02,2.956632673740386963e-01,8.810675144195556641e-01,-6.839125603437423706e-02,2.729274332523345947e-01,8.868488669395446777e-01,-8.195831626653671265e-02,2.550619840621948242e-01,8.911283016204833984e-01,-9.063579142093658447e-02,3.224176764488220215e-01,8.886871337890625000e-01,-3.601634502410888672e-02,2.903442978858947754e-01,8.990944623947143555e-01,-5.172808468341827393e-02,2.666536271572113037e-01,9.039819240570068359e-01,-6.294123083353042603e-02,2.476864755153656006e-01,9.079644680023193359e-01,-7.069451361894607544e-02,3.218612074851989746e-01,8.997104763984680176e-01,-2.338499203324317932e-02,2.924368977546691895e-01,9.104323387145996094e-01,-3.487773612141609192e-02,2.709420323371887207e-01,9.134140610694885254e-01,-4.125225171446800232e-02,2.518583536148071289e-01,9.148527979850769043e-01,-4.547352343797683716e-02,3.246941566467285156e-01,9.074214696884155273e-01,-1.403648126870393753e-02,2.987443506717681885e-01,9.164167046546936035e-01,-2.178381010890007019e-02,2.793814837932586670e-01,9.206196665763854980e-01,-2.561226673424243927e-02,2.628556191921234131e-01,9.208766818046569824e-01,-2.810247428715229034e-02,2.653827071189880371e-01,4.980749189853668213e-01,1.989453011219666223e-07,2.978952229022979736e-01,4.848075509071350098e-01,-1.004683785140514374e-02,3.236317038536071777e-01,4.540871679782867432e-01,-1.278440095484256744e-02,3.429050743579864502e-01,4.277800023555755615e-01,-1.543574873358011246e-02,3.608021736145019531e-01,4.164546728134155273e-01,-1.798081211745738983e-02,3.090255260467529297e-01,3.989259600639343262e-01,-1.536062220111489296e-03,3.212100267410278320e-01,3.645047247409820557e-01,-7.151243276894092560e-03,3.272653520107269287e-01,3.423161208629608154e-01,-1.344235148280858994e-02,3.319711983203887939e-01,3.224175572395324707e-01,-1.868643425405025482e-02,2.924761772155761719e-01,3.894403576850891113e-01,-2.679516095668077469e-03,3.032346069812774658e-01,3.475663661956787109e-01,-7.971818558871746063e-03,3.103621304035186768e-01,3.208250999450683594e-01,-1.432458963245153427e-02,3.158101737499237061e-01,2.977236211299896240e-01,-1.924691349267959595e-02,2.749389708042144775e-01,3.894251585006713867e-01,-5.831674672663211823e-03,2.792192995548248291e-01,3.474764227867126465e-01,-1.255061756819486618e-02,2.831771373748779297e-01,3.203072547912597656e-01,-1.900567114353179932e-02,2.870762050151824951e-01,2.963711023330688477e-01,-2.353084273636341095e-02,2.557703852653503418e-01,3.967157006263732910e-01,-1.017105486243963242e-02,2.547107040882110596e-01,3.627811670303344727e-01,-1.726534590125083923e-02,2.550192773342132568e-01,3.395041227340698242e-01,-2.149082720279693604e-02,2.566723823547363281e-01,3.168378472328186035e-01,-2.439557574689388275e-02
3.951069414615631104e-01,8.560619354248046875e-01,2.689490941065741936e-07,3.910814821720123291e-01,8.239817023277282715e-01,-3.560358285903930664e-02,3.784834444522857666e-01,8.101927638053894043e-01,-5.426352098584175110e-02,3.647778332233428955e-01,8.131718039512634277e-01,-6.680373102426528931e-02,3.487982749938964844e-01,8.271570205688476562e-01,-7.819565385580062866e-02,3.248758018016815186e-01,8.614346385002136230e-01,-4.089293628931045532e-02,2.950468063354492188e-01,8.728224039077758789e-01,-5.692441388964653015e-02,2.729663848876953125e-01,8.830407261848449707e-01,-6.994249671697616577e-02,2.538276314735412598e-01,8.924255371093750000e-01,-7.869429141283035278e-02,3.230959773063659668e-01,8.792500495910644531e-01,-2.887544222176074982e-02,2.940708398818969727e-01,8.922297358512878418e-01,-4.299168288707733154e-02,2.712112069129943848e-01,9.019732475280761719e-01,-5.386118963360786438e-02,2.503816485404968262e-01,9.105546474456787109e-01,-6.160475313663482666e-02,3.229836523532867432e-01,8.903648257255554199e-01,-1.883764751255512238e-02,2.963814139366149902e-01,9.029541611671447754e-01,-2.981184609234333038e-02,2.760239541530609131e-01,9.099867939949035645e-01,-3.577760234475135803e-02,2.563736438751220703e-01,9.158558845520019531e-01,-3.952232375741004944e-02,3.255623877048492432e-01,8.974086046218872070e-01,-1.189503818750381470e-02,3.011980354785919189e-01,9.090377092361450195e-01,-2.004865184426307678e-02,2.828065752983093262e-01,9.158186316490173340e-01,-2.378097921609878540e-02,2.660212516784667969e-01,9.192308783531188965e-01,-2.587616443634033203e-02,2.684189379215240479e-01,4.949566125869750977e-01,2.166464980746241054e-07,3.021426498889923096e-01,4.828286170959472656e-01,-9.285872802138328552e-03,3.286617398262023926e-01,4.529639482498168945e-01,-1.131669990718364716e-02,3.484736382961273193e-01,4.267880916595458984e-01,-1.353963091969490051e-02,3.670395314693450928e-01,4.152350127696990967e-01,-1.566661149263381958e-02,3.152574300765991211e-01,3.975296318531036377e-01,1.392721198499202728e-03,3.288933634757995605e-01,3.632927536964416504e-01,-3.856576513499021530e-03,3.365388214588165283e-01,3.408926725387573242e-01,-1.044771634042263031e-02,3.430843353271484375e-01,3.205682337284088135e-01,-1.597377657890319824e-02,2.992092669010162354e-01,3.871589601039886475e-01,2.110791392624378204e-04,3.104619681835174561e-01,3.465389013290405273e-01,-4.686783067882061005e-03,3.184309899806976318e-01,3.199975192546844482e-01,-1.152817625552415848e-02,3.248966336250305176e-01,2.974566519260406494e-01,-1.685043796896934509e-02,2.820464372634887695e-01,3.859059512615203857e-01,-3.044683486223220825e-03,2.880707681179046631e-01,3.437418639659881592e-01,-9.517948143184185028e-03,2.926195859909057617e-01,3.167618513107299805e-01,-1.611299626529216766e-02,2.969981431961059570e-01,2.933667302131652832e-01,-2.071598358452320099e-02,2.633061707019805908e-01,3.917452394962310791e-01,-7.484120316803455353e-03,2.658192813396453857e-01,3.580311238765716553e-01,-1.443979702889919281e-02,2.680496573448181152e-01,3.343506157398223877e-01,-1.874986477196216583e-02,2.712128460407257080e-01,3.114506602287292480e-01,-2.165225148200988770e-02
3.928456902503967285e-01,8.525211811065673828e-01,2.603804887257865630e-07,3.883303701877593994e-01,8.237720131874084473e-01,-3.493833541870117188e-02,3.759745061397552490e-01,8.119003772735595703e-01,-5.267411097884178162e-02,3.633186519145965576e-01,8.142051100730895996e-01,-6.423959881067276001e-02,3.486666679382324219e-01,8.270922899246215820e-01,-7.470168918371200562e-02,3.251721858978271484e-01,8.592617511749267578e-01,-3.911408409476280212e-02,2.977249622344970703e-01,8.730638623237609863e-01,-5.358916521072387695e-02,2.769249677658081055e-01,8.853470087051391602e-01,-6.569978594779968262e-02,2.590954005718231201e-01,8.958494067192077637e-01,-7.396271079778671265e-02,3.251787126064300537e-01,8.778182864189147949e-01,-2.698238193988800049e-02,2.987245917320251465e-01,8.930447697639465332e-01,-3.945698589086532593e-02,2.767278254032135010e-01,9.054838418960571289e-01,-4.949511215090751648e-02,2.571096420288085938e-01,9.166220426559448242e-01,-5.676825344562530518e-02,3.272151052951812744e-01,8.909048438072204590e-01,-1.686142385005950928e-02,3.033189177513122559e-01,9.059748053550720215e-01,-2.651024982333183289e-02,2.842461466789245605e-01,9.163418412208557129e-01,-3.207258507609367371e-02,2.656826376914978027e-01,9.255986809730529785e-01,-3.566630184650421143e-02,3.316561877727508545e-01,9.011518955230712891e-01,-9.806589223444461823e-03,3.099731206893920898e-01,9.151030778884887695e-01,-1.757912524044513702e-02,2.929796576499938965e-01,9.246306419372558594e-01,-2.133550867438316345e-02,2.773676216602325439e-01,9.307508468627929688e-01,-2.347276732325553894e-02,2.693239450454711914e-01,4.934089183807373047e-01,1.960945184009688091e-07,3.019847869873046875e-01,4.814993739128112793e-01,-9.341670200228691101e-03,3.284937441349029541e-01,4.521059691905975342e-01,-1.173460390418767929e-02,3.485860228538513184e-01,4.269112050533294678e-01,-1.411285530775785446e-02,3.662000596523284912e-01,4.162855446338653564e-01,-1.641376502811908722e-02,3.159829676151275635e-01,3.978472650051116943e-01,-1.214561751112341881e-03,3.294706046581268311e-01,3.641638159751892090e-01,-6.665207445621490479e-03,3.364512920379638672e-01,3.424990177154541016e-01,-1.284516882151365280e-02,3.421248495578765869e-01,3.228105306625366211e-01,-1.799301989376544952e-02,3.001132607460021973e-01,3.870996236801147461e-01,-2.384227700531482697e-03,3.121333122253417969e-01,3.469775319099426270e-01,-7.470862939953804016e-03,3.200935125350952148e-01,3.210901618003845215e-01,-1.369961258023977280e-02,3.261848986148834229e-01,2.985563576221466064e-01,-1.852909661829471588e-02,2.828929126262664795e-01,3.856618106365203857e-01,-5.443568807095289230e-03,2.885708808898925781e-01,3.445218503475189209e-01,-1.175386365503072739e-02,2.933676838874816895e-01,3.179185092449188232e-01,-1.792058534920215607e-02,2.978069484233856201e-01,2.943488359451293945e-01,-2.228818275034427643e-02,2.639644742012023926e-01,3.914746940135955811e-01,-9.638244286179542542e-03,2.651062309741973877e-01,3.579025566577911377e-01,-1.618793047964572906e-02,2.669510841369628906e-01,3.352262079715728760e-01,-2.006258815526962280e-02,2.698445320129394531e-01,3.134991526603698730e-01,-2.273217774927616119e-02
3.928456902503967285e-01,8.525211811065673828e-01,2.603804887257865630e-07,3.883303701877593994e-01,8.237720131874084473e-01,-3.493833541870117188e-02,3.759745061397552490e-01,8.119003772735595703e-01,-5.267411097884178162e-02,3.633186519145965576e-01,8.142051100730895996e-01,-6.423959881067276001e-02,3.486666679382324219e-01,8.270922899246215820e-01,-7.470168918371200562e-02,3.251721858978271484e-01,8.592617511749267578e-01,-3.911408409476280212e-02,2.977249622344970703e-01,8.730638623237609863e-01,-5.358916521072387695e-02,2.769249677658081055e-01,8.853470087051391602e-01,-6.569978594779968262e-02,2.590954005718231201e-01,8.958494067192077637e-01,-7.396271079778671265e-02,3.251787126064300537e-01,8.778182864189147949e-01,-2.698238193988800049e-02,2.987245917320251465e-01,8.930447697639465332e-01,-3.945698589086532593e-02,2.767278254032135010e-01,9.054838418960571289e-01,-4.949511215090751648e-02,2.571096420288085938e-01,9.166220426559448242e-01,-5.676825344562530518e-02,3.272151052951812744e-01,8.909048438072204590e-01,-1.686142385005950928e-02,3.033189177513122559e-01,9.059748053550720215e-01,-2.651024982333183289e-02,2.842461466789245605e-01,9.163418412208557129e-01,-3.207258507609367371e-02,2.656826376914978027e-01,9.255986809730529785e-01,-3.566630184650421143e-02,3.316561877727508545e-01,9.011518955230712891e-01,-9.806589223444461823e-03,3.099731206893920898e-01,9.151030778884887695e-01,-1.757912524044513702e-02,2.929796576499938965e-01,9.246306419372558594e-01,-2.133550867438316345e-02,2.773676216602325439e-01,9.307508468627929688e-01,-2.347276732325553894e-02,2.693239450454711914e-01,4.934089183807373047e-01,1.960945184009688091e-07,3.019847869873046875e-01,4.814993739128112793e-01,-9.341670200228691101e-03,3.284937441349029541e-01,4.521059691905975342e-01,-1.173460390418767929e-02,3.485860228538513184e-01,4.269112050533294678e-01,-1.411285530775785446e-02,3.662000596523284912e-01,4.162855446338653564e-01,-1.641376502811908722e-02,3.159829676151275635e-01,3.978472650051116943e-01,-1.214561751112341881e-03,3.294706046581268311e-01,3.641638159751892090e-01,-6.665207445621490479e-03,3.364512920379638672e-01,3.424990177154541016e-01,-1.284516882151365280e-02,3.421248495578765869e-01,3.228105306625366211e-01,-1.799301989376544952e-02,3.001132607460021973e-01,3.870996236801147461e-01,-2.384227700531482697e-03,3.121333122253417969e-01,3.469775319099426270e-01,-7.470862939953804016e-03,3.200935125350952148e-01,3.210901618003845215e-01,-1.369961258023977280e-02,3.261848986148834229e-01,2.985563576221466064e-01,-1.852909661829471588e-02,2.828929126262664795e-01,3.856618106365203857e-01,-5.443568807095289230e-03,2.885708808898925781e-01,3.445218503475189209e-01,-1.175386365503072739e-02,2.933676838874816895e-01,3.179185092449188232e-01,-1.792058534920215607e-02,2.978069484233856201e-01,2.943488359451293945e-01,-2.228818275034427643e-02,2.639644742012023926e-01,3.914746940135955811e-01,-9.638244286179542542e-03,2.651062309741973877e-01,3.579025566577911377e-01,-1.618793047964572906e-02,2.669510841369628906e-01,3.352262079715728760e-01,-2.006258815526962280e-02,2.698445320129394531e-01,3.134991526603698730e-01,-2.273217774927616119e-02
3.971348702907562256e-01,8.519478440284729004e-01,3.365998679782933323e-07,3.942948579788208008e-01,8.171880245208740234e-01,-3.669605404138565063e-02,3.815490603446960449e-01,8.002292513847351074e-01,-5.680824443697929382e-02,3.659945130348205566e-01,7.985243201255798340e-01,-7.035554200410842896e-02,3.484160900115966797e-01,8.069575428962707520e-01,-8.315197378396987915e-02,3.343033790588378906e-01,8.429065346717834473e-01,-4.929701611399650574e-02,3.009069859981536865e-01,8.566384315490722656e-01,-6.977364420890808105e-02,2.729148268699645996e-01,8.668540716171264648e-01,-8.491048216819763184e-02,2.497057020664215088e-01,8.750023245811462402e-01,-9.418638050556182861e-02,3.341252803802490234e-01,8.630968332290649414e-01,-3.724102675914764404e-02,3.017929494380950928e-01,8.750884532928466797e-01,-5.535079166293144226e-02,2.720126509666442871e-01,8.832523226737976074e-01,-6.779843568801879883e-02,2.452241182327270508e-01,8.886839747428894043e-01,-7.596716284751892090e-02,3.346141278743743896e-01,8.766173124313354492e-01,-2.669882774353027344e-02,3.057815134525299072e-01,8.854522705078125000e-01,-4.018563032150268555e-02,2.788656055927276611e-01,8.924654126167297363e-01,-4.695390909910202026e-02,2.541675269603729248e-01,8.968930840492248535e-01,-5.065191164612770081e-02,3.373907804489135742e-01,8.865285515785217285e-01,-1.917546987533569336e-02,3.114342987537384033e-01,8.944856524467468262e-01,-2.946401946246623993e-02,2.891145646572113037e-01,8.994822502136230469e-01,-3.375123813748359680e-02,2.691686153411865234e-01,9.012871384620666504e-01,-3.567690774798393250e-02,2.703566253185272217e-01,4.965202510356903076e-01,1.900470749660598813e-07,3.042216300964355469e-01,4.848825037479400635e-01,-8.726722560822963715e-03,3.309763371944427490e-01,4.562070965766906738e-01,-1.054825261235237122e-02,3.507444262504577637e-01,4.310331344604492188e-01,-1.253859978169202805e-02,3.687350749969482422e-01,4.185339212417602539e-01,-1.449382677674293518e-02,3.186852931976318359e-01,4.016407132148742676e-01,1.389781944453716278e-03,3.326342403888702393e-01,3.685460984706878662e-01,-3.983128815889358521e-03,3.406822383403778076e-01,3.471683859825134277e-01,-1.058780867606401443e-02,3.475664258003234863e-01,3.273262977600097656e-01,-1.604552194476127625e-02,3.031505048274993896e-01,3.909184932708740234e-01,8.570579666411504149e-05,3.157538175582885742e-01,3.521252870559692383e-01,-4.650991410017013550e-03,3.248367309570312500e-01,3.268841803073883057e-01,-1.119356323033571243e-02,3.321788311004638672e-01,3.045713305473327637e-01,-1.635117270052433014e-02,2.860772311687469482e-01,3.890360593795776367e-01,-3.263170598074793816e-03,2.935436367988586426e-01,3.483428359031677246e-01,-9.380396455526351929e-03,2.994647622108459473e-01,3.216862678527832031e-01,-1.558810286223888397e-02,3.050213158130645752e-01,2.980380058288574219e-01,-2.002799324691295624e-02,2.673158645629882812e-01,3.941642045974731445e-01,-7.734785322099924088e-03,2.688010632991790771e-01,3.605931401252746582e-01,-1.431001815944910049e-02,2.710311710834503174e-01,3.372491002082824707e-01,-1.816673576831817627e-02,2.742548584938049316e-01,3.148086071014404297e-01,-2.081082388758659363e-02
2.782467305660247803e-01,5.130047798156738281e-01,1.753757743472306174e-07,3.108438551425933838e-01,5.015048980712890625e-01,-9.303471073508262634e-03,3.362836837768554688e-01,4.730794131755828857e-01,-1.212059147655963898e-02,3.557579219341278076e-01,4.472229182720184326e-01,-1.519086863845586777e-02,3.748771548271179199e-01,4.336330592632293701e-01,-1.829750463366508484e-02,3.265940845012664795e-01,4.187093079090118408e-01,-9.296807111240923405e-04,3.417967557907104492e-01,3.859111666679382324e-01,-7.808773312717676163e-03,3.507667183876037598e-01,3.649700582027435303e-01,-1.532874535769224167e-02,3.584121763706207275e-01,3.447791934013366699e-01,-2.124778181314468384e-02,3.110900819301605225e-01,4.076270163059234619e-01,-2.428873209282755852e-03,3.245384991168975830e-01,3.695394992828369141e-01,-8.290164172649383545e-03,3.344258069992065430e-01,3.451951444149017334e-01,-1.517004612833261490e-02,3.423698842525482178e-01,3.229154348373413086e-01,-2.038878016173839569e-02,2.936943769454956055e-01,4.055552780628204346e-01,-5.876358598470687866e-03,3.025957345962524414e-01,3.663626909255981445e-01,-1.268024370074272156e-02,3.092450797557830811e-01,3.408631682395935059e-01,-1.840966567397117615e-02,3.153211772441864014e-01,3.178909420967102051e-01,-2.235819213092327118e-02,2.743217349052429199e-01,4.111517667770385742e-01,-1.051943656057119370e-02,2.774675786495208740e-01,3.793161511421203613e-01,-1.731648482382297516e-02,2.808332145214080811e-01,3.568334579467773438e-01,-2.062190137803554535e-02,2.848532199859619141e-01,3.355089426040649414e-01,-2.270593866705894470e-02,-1.000000000000000000e+00,-1.000000000000000000e+00,-1.000000000000000000e+00,-1.000000000000000000e+00,-1.000000000000000000e+00,-1.000000000000000000e+00,-1.000000000000000000e+00,-1.000000000000000000e+00,-1.000000000000000000e+00,-1.000000000000000000e+00,-1.000000000000000000e+00,-1.000000000000000000e+00,-1.000000000000000000e+00,-1.000000000000000000e+00,-1.000000000000000000e+00,-1.000000000000000000e+00,-1.000000000000000000e+00,-1.000000000000000000e+00,-1.000000000000000000e+00,-1.000000000000000000e+00,-1.000000000000000000e+00,-1.000000000000000000e+00,-1.000000000000000000e+00,-1.000000000000000000e+00,-1.000000000000000000e+00,-1.000000000000000000e+00,-1.000000000000000000e+00,-1.000000000000000000e+00,-1.000000000000000000e+00,-1.000000000000000000e+00,-1.000000000000000000e+00,-1.000000000000000000e+00,-1.000000000000000000e+00,-1.000000000000000000e+00,-1.000000000000000000e+00,-1.000000000000000000e+00,-1.000000000000000000e+00,-1.000000000000000000e+00,-1.000000000000000000e+00,-1.000000000000000000e+00,-1.000000000000000000e+00,-1.000000000000000000e+00,-1.000000000000000000e+00,-1.000000000000000000e+00,-1.000000000000000000e+00,-1.000000000000000000e+00,-1.000000000000000000e+00,-1.000000000000000000e+00,-1.000000000000000000e+00,-1.000000000000000000e+00,-1.000000000000000000e+00,-1.000000000000000000e+00,-1.000000000000000000e+00,-1.000000000000000000e+00,-1.000000000000000000e+00,-1.000000000000000000e+00,-1.000000000000000000e+00,-1.000000000000000000e+00,-1.000000000000000000e+00,-1.000000000000000000e+00,-1.000000000000000000e+00,-1.000000000000000000e+00,-1.000000000000000000e+00
2.782467305660247803e-01,5.130047798156738281e-01,1.753757743472306174e-07,3.108438551425933838e-01,5.015048980712890625e-01,-9.303471073508262634e-03,3.362836837768554688e-01,4.730794131755828857e-01,-1.212059147655963898e-02,3.557579219341278076e-01,4.472229182720184326e-01,-1.519086863845586777e-02,3.748771548271179199e-01,4.336330592632293701e-01,-1.829750463366508484e-02,3.265940845012664795e-01,4.187093079090118408e-01,-9.296807111240923405e-04,3.417967557907104492e-01,3.859111666679382324e-01,-7.808773312717676163e-03,3.507667183876037598e-01,3.649700582027435303e-01,-1.532874535769224167e-02,3.584121763706207275e-01,3.447791934013366699e-01,-2.124778181314468384e-02,3.110900819301605225e-01,4.076270163059234619e-01,-2.428873209282755852e-03,3.245384991168975830e-01,3.695394992828369141e-01,-8.290164172649383545e-03,3.344258069992065430e-01,3.451951444149017334e-01,-1.517004612833261490e-02,3.423698842525482178e-01,3.229154348373413086e-01,-2.038878016173839569e-02,2.936943769454956055e-01,4.055552780628204346e-01,-5.876358598470687866e-03,3.025957345962524414e-01,3.663626909255981445e-01,-1.268024370074272156e-02,3.092450797557830811e-01,3.408631682395935059e-01,-1.840966567397117615e-02,3.153211772441864014e-01,3.178909420967102051e-01,-2.235819213092327118e-02,2.743217349052429199e-01,4.111517667770385742e-01,-1.051943656057119370e-02,2.774675786495208740e-01,3.793161511421203613e-01,-1.731648482382297516e-02,2.808332145214080811e-01,3.568334579467773438e-01,-2.062190137803554535e-02,2.848532199859619141e-01,3.355089426040649414e-01,-2.270593866705894470e-02,-1.000000000000000000e+00,-1.000000000000000000e+00,-1.000000000000000000e+00,-1.000000000000000000e+00,-1.000000000000000000e+00,-1.000000000000000000e+00,-1.000000000000000000e+00,-1.000000000000000000e+00,-1.000000000000000000e+00,-1.000000000000000000e+00,-1.000000000000000000e+00,-1.000000000000000000e+00,-1.000000000000000000e+00,-1.000000000000000000e+00,-1.000000000000000000e+00,-1.000000000000000000e+00,-1.000000000000000000e+00,-1.000000000000000000e+00,-1.000000000000000000e+00,-1.000000000000000000e+00,-1.000000000000000000e+00,-1.000000000000000000e+00,-1.000000000000000000e+00,-1.000000000000000000e+00,-1.000000000000000000e+00,-1.000000000000000000e+00,-1.000000000000000000e+00,-1.000000000000000000e+00,-1.000000000000000000e+00,-1.000000000000000000e+00,-1.000000000000000000e+00,-1.000000000000000000e+00,-1.000000000000000000e+00,-1.000000000000000000e+00,-1.000000000000000000e+00,-1.000000000000000000e+00,-1.000000000000000000e+00,-1.000000000000000000e+00,-1.000000000000000000e+00,-1.000000000000000000e+00,-1.000000000000000000e+00,-1.000000000000000000e+00,-1.000000000000000000e+00,-1.000000000000000000e+00,-1.000000000000000000e+00,-1.000000000000000000e+00,-1.000000000000000000e+00,-1.000000000000000000e+00,-1.000000000000000000e+00,-1.000000000000000000e+00,-1.000000000000000000e+00,-1.000000000000000000e+00,-1.000000000000000000e+00,-1.000000000000000000e+00,-1.000000000000000000e+00,-1.000000000000000000e+00,-1.000000000000000000e+00,-1.000000000000000000e+00,-1.000000000000000000e+00,-1.000000000000000000e+00,-1.000000000000000000e+00,-1.000000000000000000e+00,-1.000000000000000000e+00
2.779407799243927002e-01,5.123502016067504883e-01,2.251594395374922897e-07,3.102214038372039795e-01,5.014254450798034668e-01,-1.063092704862356186e-02,3.367498517036437988e-01,4.736658036708831787e-01,-1.414030045270919800e-02,3.567183911800384521e-01,4.477628171443939209e-01,-1.745705120265483856e-02,3.767510354518890381e-01,4.354710280895233154e-01,-2.067670784890651703e-02,3.253539502620697021e-01,4.190890789031982422e-01,-2.176062902435660362e-03,3.407177627086639404e-01,3.862251043319702148e-01,-9.101227857172489166e-03,3.497635126113891602e-01,3.649472594261169434e-01,-1.636681146919727325e-02,3.576211929321289062e-01,3.450600504875183105e-01,-2.205525711178779602e-02,3.100774884223937988e-01,4.084429740905761719e-01,-2.901134779676795006e-03,3.247424066066741943e-01,3.708755373954772949e-01,-8.990261703729629517e-03,3.350393176078796387e-01,3.458563685417175293e-01,-1.568400114774703979e-02,3.438283205032348633e-01,3.228527605533599854e-01,-2.074492722749710083e-02,2.929286062717437744e-01,4.063328206539154053e-01,-5.727799609303474426e-03,3.017908334732055664e-01,3.666497170925140381e-01,-1.276803947985172272e-02,3.087618649005889893e-01,3.406928777694702148e-01,-1.860985159873962402e-02,3.158000707626342773e-01,3.174444437026977539e-01,-2.261224016547203064e-02,2.737830579280853271e-01,4.109800457954406738e-01,-9.807490743696689606e-03,2.762843966484069824e-01,3.791015446186065674e-01,-1.674417033791542053e-02,2.796174883842468262e-01,3.572289049625396729e-01,-2.030434086918830872e-02,2.842029333114624023e-01,3.362157642841339111e-01,-2.259664237499237061e-02,3.772110939025878906e-01,8.029202818870544434e-01,2.569187245171633549e-07,3.824334144592285156e-01,7.632426619529724121e-01,-3.380854800343513489e-02,3.693339526653289795e-01,7.456851601600646973e-01,-5.123256519436836243e-02,3.509826064109802246e-01,7.463959455490112305e-01,-6.180477514863014221e-02,3.343256115913391113e-01,7.468965053558349609e-01,-7.227577269077301025e-02,3.273432850837707520e-01,7.871606945991516113e-01,-4.903504997491836548e-02,2.836930155754089355e-01,7.969138622283935547e-01,-6.418070942163467407e-02,2.512478232383728027e-01,7.993214130401611328e-01,-7.407286763191223145e-02,2.274905145168304443e-01,8.022828698158264160e-01,-8.016643673181533813e-02,3.196132481098175049e-01,8.058104515075683594e-01,-3.571804612874984741e-02,2.764677405357360840e-01,8.136616349220275879e-01,-4.994354769587516785e-02,2.436556965112686157e-01,8.117791414260864258e-01,-6.058171018958091736e-02,2.199956029653549194e-01,8.130652904510498047e-01,-6.747604906558990479e-02,3.158888518810272217e-01,8.140162229537963867e-01,-2.273058518767356873e-02,2.750916481018066406e-01,8.209929466247558594e-01,-3.377970680594444275e-02,2.453767061233520508e-01,8.194541931152343750e-01,-4.235918819904327393e-02,2.239343822002410889e-01,8.177067041397094727e-01,-4.733251780271530151e-02,3.135800659656524658e-01,8.172294497489929199e-01,-1.178832165896892548e-02,2.835311293601989746e-01,8.206348419189453125e-01,-2.054332010447978973e-02,2.610666155815124512e-01,8.195483088493347168e-01,-2.541905082762241364e-02,2.452987432479858398e-01,8.173487782478332520e-01,-2.795698493719100952e-02
2.897275090217590332e-01,5.578659772872924805e-01,1.216800455949851312e-07,3.210568130016326904e-01,5.504928231239318848e-01,-1.243164855986833572e-02,3.473878204822540283e-01,5.228321552276611328e-01,-1.831859536468982697e-02,3.672824800014495850e-01,4.958444833755493164e-01,-2.332477271556854248e-02,3.876148164272308350e-01,4.808360338211059570e-01,-2.855958603322505951e-02,3.372981548309326172e-01,4.743741154670715332e-01,-1.361876819282770157e-02,3.546974658966064453e-01,4.402516186237335205e-01,-2.374153211712837219e-02,3.635216355323791504e-01,4.209013283252716064e-01,-3.136766329407691956e-02,3.706847727298736572e-01,4.017706811428070068e-01,-3.699976578354835510e-02,3.211074173450469971e-01,4.635771811008453369e-01,-1.470760256052017212e-02,3.388109505176544189e-01,4.231488704681396484e-01,-2.327274531126022339e-02,3.493906259536743164e-01,3.999043405055999756e-01,-2.951618470251560211e-02,3.574140667915344238e-01,3.777319490909576416e-01,-3.418583050370216370e-02,3.025976121425628662e-01,4.623670578002929688e-01,-1.735376752912998199e-02,3.128868937492370605e-01,4.221652448177337646e-01,-2.649873308837413788e-02,3.206343054771423340e-01,3.996643126010894775e-01,-3.141553699970245361e-02,3.278026580810546875e-01,3.792364001274108887e-01,-3.470907732844352722e-02,2.820449769496917725e-01,4.690062403678894043e-01,-2.116571180522441864e-02,2.847819030284881592e-01,4.370245635509490967e-01,-2.961963973939418793e-02,2.884182929992675781e-01,4.169230759143829346e-01,-3.254447504878044128e-02,2.926368415355682373e-01,3.980446457862854004e-01,-3.437997028231620789e-02,-1.000000000000000000e+00,-1.000000000000000000e+00,-1.000000000000000000e+00,-1.000000000000000000e+00,-1.000000000000000000e+00,-1.000000000000000000e+00,-1.000000000000000000e+00,-1.000000000000000000e+00,-1.000000000000000000e+00,-1.000000000000000000e+00,-1.000000000000000000e+00,-1.000000000000000000e+00,-1.000000000000000000e+00,-1.000000000000000000e+00,-1.000000000000000000e+00,-1.000000000000000000e+00,-1.000000000000000000e+00,-1.000000000000000000e+00,-1.000000000000000000e+00,-1.000000000000000000e+00,-1.000000000000000000e+00,-1.000000000000000000e+00,-1.000000000000000000e+00,-1.000000000000000000e+00,-1.000000000000000000e+00,-1.000000000000000000e+00,-1.000000000000000000e+00,-1.000000000000000000e+00,-1.000000000000000000e+00,-1.000000000000000000e+00,-1.000000000000000000e+00,-1.000000000000000000e+00,-1.000000000000000000e+00,-1.000000000000000000e+00,-1.000000000000000000e+00,-1.000000000000000000e+00,-1.000000000000000000e+00,-1.000000000000000000e+00,-1.000000000000000000e+00,-1.000000000000000000e+00,-1.000000000000000000e+00,-1.000000000000000000e+00,-1.000000000000000000e+00,-1.000000000000000000e+00,-1.000000000000000000e+00,-1.000000000000000000e+00,-1.000000000000000000e+00,-1.000000000000000000e+00,-1.000000000000000000e+00,-1.000000000000000000e+00,-1.000000000000000000e+00,-1.000000000000000000e+00,-1.000000000000000000e+00,-1.000000000000000000e+00,-1.000000000000000000e+00,-1.000000000000000000e+00,-1.000000000000000000e+00,-1.000000000000000000e+00,-1.000000000000000000e+00,-1.000000000000000000e+00,-1.000000000000000000e+00,-1.000000000000000000e+00,-1.000000000000000000e+00
2.897275090217590332e-01,5.578659772872924805e-01,1.216800455949851312e-07,3.210568130016326904e-01,5.504928231239318848e-01,-1.243164855986833572e-02,3.473878204822540283e-01,5.228321552276611328e-01,-1.831859536468982697e-02,3.672824800014495850e-01,4.958444833755493164e-01,-2.332477271556854248e-02,3.876148164272308350e-01,4.808360338211059570e-01,-2.855958603322505951e-02,3.372981548309326172e-01,4.743741154670715332e-01,-1.361876819282770157e-02,3.546974658966064453e-01,4.402516186237335205e-01,-2.374153211712837219e-02,3.635216355323791504e-01,4.209013283252716064e-01,-3.136766329407691956e-02,3.706847727298736572e-01,4.017706811428070068e-01,-3.699976578354835510e-02,3.211074173450469971e-01,4.635771811008453369e-01,-1.470760256052017212e-02,3.388109505176544189e-01,4.231488704681396484e-01,-2.327274531126022339e-02,3.493906259536743164e-01,3.999043405055999756e-01,-2.951618470251560211e-02,3.574140667915344238e-01,3.777319490909576416e-01,-3.418583050370216370e-02,3.025976121425628662e-01,4.623670578002929688e-01,-1.735376752912998199e-02,3.128868937492370605e-01,4.221652448177337646e-01,-2.649873308837413788e-02,3.206343054771423340e-01,3.996643126010894775e-01,-3.141553699970245361e-02,3.278026580810546875e-01,3.792364001274108887e-01,-3.470907732844352722e-02,2.820449769496917725e-01,4.690062403678894043e-01,-2.116571180522441864e-02,2.847819030284881592e-01,4.370245635509490967e-01,-2.961963973939418793e-02,2.884182929992675781e-01,4.169230759143829346e-01,-3.254447504878044128e-02,2.926368415355682373e-01,3.980446457862854004e-01,-3.437997028231620789e-02,-1.000000000000000000e+00,-1.000000000000000000e+00,-1.000000000000000000e+00,-1.000000000000000000e+00,-1.000000000000000000e+00,-1.000000000000000000e+00,-1.000000000000000000e+00,-1.000000000000000000e+00,-1.000000000000000000e+00,-1.000000000000000000e+00,-1.000000000000000000e+00,-1.000000000000000000e+00,-1.000000000000000000e+00,-1.000000000000000000e+00,-1.000000000000000000e+00,-1.000000000000000000e+00,-1.000000000000000000e+00,-1.000000000000000000e+00,-1.000000000000000000e+00,-1.000000000000000000e+00,-1.000000000000000000e+00,-1.000000000000000000e+00,-1.000000000000000000e+00,-1.000000000000000000e+00,-1.000000000000000000e+00,-1.000000000000000000e+00,-1.000000000000000000e+00,-1.000000000000000000e+00,-1.000000000000000000e+00,-1.000000000000000000e+00,-1.000000000000000000e+00,-1.000000000000000000e+00,-1.000000000000000000e+00,-1.000000000000000000e+00,-1.000000000000000000e+00,-1.000000000000000000e+00,-1.000000000000000000e+00,-1.000000000000000000e+00,-1.000000000000000000e+00,-1.000000000000000000e+00,-1.000000000000000000e+00,-1.000000000000000000e+00,-1.000000000000000000e+00,-1.000000000000000000e+00,-1.000000000000000000e+00,-1.000000000000000000e+00,-1.000000000000000000e+00,-1.000000000000000000e+00,-1.000000000000000000e+00,-1.000000000000000000e+00,-1.000000000000000000e+00,-1.000000000000000000e+00,-1.000000000000000000e+00,-1.000000000000000000e+00,-1.000000000000000000e+00,-1.000000000000000000e+00,-1.000000000000000000e+00,-1.000000000000000000e+00,-1.000000000000000000e+00,-1.000000000000000000e+00,-1.000000000000000000e+00,-1.000000000000000000e+00,-1.000000000000000000e+00
2.893372476100921631e-01,5.644351243972778320e-01,2.299010333217665902e-07,3.216403126716613770e-01,5.528723001480102539e-01,-1.051534246653318405e-02,3.478665053844451904e-01,5.243448615074157715e-01,-1.530726160854101181e-02,3.668194711208343506e-01,4.983627498149871826e-01,-1.989847607910633087e-02,3.869643807411193848e-01,4.824095964431762695e-01,-2.471873350441455841e-02,3.361476957798004150e-01,4.751110374927520752e-01,-7.648378144949674606e-03,3.530384302139282227e-01,4.422449171543121338e-01,-1.705027744174003601e-02,3.630290627479553223e-01,4.216605126857757568e-01,-2.517862431704998016e-02,3.715361952781677246e-01,4.018741250038146973e-01,-3.099099919199943542e-02,3.202875256538391113e-01,4.653745889663696289e-01,-9.419502690434455872e-03,3.371164500713348389e-01,4.274280369281768799e-01,-1.711256988346576691e-02,3.479895889759063721e-01,4.026271104812622070e-01,-2.375531196594238281e-02,3.566224277019500732e-01,3.792510330677032471e-01,-2.863132767379283905e-02,3.023447394371032715e-01,4.648056328296661377e-01,-1.299506612122058868e-02,3.118682801723480225e-01,4.257904291152954102e-01,-2.114264294505119324e-02,3.191297650337219238e-01,4.019739627838134766e-01,-2.596492134034633636e-02,3.260667920112609863e-01,3.804094195365905762e-01,-2.915584854781627655e-02,2.821121513843536377e-01,4.715467691421508789e-01,-1.770506054162979126e-02,2.848363220691680908e-01,4.396244883537292480e-01,-2.515958994626998901e-02,2.883662283420562744e-01,4.185987710952758789e-01,-2.774903737008571625e-02,2.926333844661712646e-01,3.986289799213409424e-01,-2.925034053623676300e-02,3.711011707782745361e-01,7.270721793174743652e-01,1.630286021736537805e-07,3.790149092674255371e-01,6.801012158393859863e-01,-2.830114588141441345e-02,3.614137768745422363e-01,6.519566774368286133e-01,-4.179214313626289368e-02,3.404116034507751465e-01,6.406153440475463867e-01,-4.945242777466773987e-02,3.258690237998962402e-01,6.314032673835754395e-01,-5.711182206869125366e-02,3.218324780464172363e-01,6.879132986068725586e-01,-5.061616003513336182e-02,2.786675989627838135e-01,6.710483431816101074e-01,-6.723880767822265625e-02,2.500076591968536377e-01,6.607551574707031250e-01,-7.683996856212615967e-02,2.261788845062255859e-01,6.538480520248413086e-01,-8.272217214107513428e-02,3.107260763645172119e-01,7.075935602188110352e-01,-4.116568714380264282e-02,2.628533542156219482e-01,6.928165555000305176e-01,-5.879010260105133057e-02,2.300614416599273682e-01,6.789161562919616699e-01,-7.007107883691787720e-02,2.024035304784774780e-01,6.681515574455261230e-01,-7.731302827596664429e-02,3.049586117267608643e-01,7.168372869491577148e-01,-3.141700476408004761e-02,2.623962163925170898e-01,7.024434804916381836e-01,-4.558505862951278687e-02,2.325962632894515991e-01,6.904001235961914062e-01,-5.578133463859558105e-02,2.080195844173431396e-01,6.822794675827026367e-01,-6.170336157083511353e-02,3.029137253761291504e-01,7.191329598426818848e-01,-2.323962748050689697e-02,2.720530331134796143e-01,7.077038288116455078e-01,-3.498962894082069397e-02,2.484014332294464111e-01,6.979094743728637695e-01,-4.249643534421920776e-02,2.295214980840682983e-01,6.916165947914123535e-01,-4.684567451477050781e-02
2.925935685634613037e-01,5.819621086120605469e-01,1.176080530740364338e-07,3.247305750846862793e-01,5.840378999710083008e-01,-1.448759529739618301e-02,3.539690971374511719e-01,5.695524215698242188e-01,-2.345235273241996765e-02,3.779859244823455811e-01,5.528432726860046387e-01,-3.132319450378417969e-02,3.986052870750427246e-01,5.360697507858276367e-01,-4.028619453310966492e-02,3.436717689037322998e-01,5.334177613258361816e-01,-2.367595583200454712e-02,3.609870970249176025e-01,5.036587119102478027e-01,-3.709904104471206665e-02,3.704222440719604492e-01,4.861477613449096680e-01,-4.597567394375801086e-02,3.784309625625610352e-01,4.691042602062225342e-01,-5.205468833446502686e-02,3.270593285560607910e-01,5.245986580848693848e-01,-2.459364756941795349e-02,3.435962200164794922e-01,4.911420345306396484e-01,-3.570941463112831116e-02,3.534793257713317871e-01,4.704003632068634033e-01,-4.265218228101730347e-02,3.617593348026275635e-01,4.515957236289978027e-01,-4.844047874212265015e-02,3.068902194499969482e-01,5.235012769699096680e-01,-2.673353254795074463e-02,3.161128461360931396e-01,4.911288619041442871e-01,-3.784471750259399414e-02,3.214548230171203613e-01,4.708215296268463135e-01,-4.237279668450355530e-02,3.273860216140747070e-01,4.527959525585174561e-01,-4.599951207637786865e-02,2.844755053520202637e-01,5.288651585578918457e-01,-2.999264188110828400e-02,2.853477001190185547e-01,5.042493939399719238e-01,-3.983664885163307190e-02,2.871784567832946777e-01,4.875570535659790039e-01,-4.240428283810615540e-02,2.895936965942382812e-01,4.713554680347442627e-01,-4.442884027957916260e-02,3.729952275753021240e-01,6.941190958023071289e-01,2.999483115218026796e-07,3.849515914916992188e-01,6.521531343460083008e-01,-2.419574931263923645e-02,3.754620850086212158e-01,6.189322471618652344e-01,-3.864043205976486206e-02,3.560396432876586914e-01,5.934823155403137207e-01,-4.841186106204986572e-02,3.425292074680328369e-01,5.686606764793395996e-01,-5.785008892416954041e-02,3.268598616123199463e-01,6.343618035316467285e-01,-4.197842627763748169e-02,2.899775505065917969e-01,6.049656867980957031e-01,-5.796051397919654846e-02,2.658773362636566162e-01,5.885274410247802734e-01,-6.658176332712173462e-02,2.452422082424163818e-01,5.777985453605651855e-01,-7.168905436992645264e-02,3.107049763202667236e-01,6.528700590133666992e-01,-3.519981354475021362e-02,2.709381282329559326e-01,6.211972236633300781e-01,-5.165555328130722046e-02,2.444877028465270996e-01,5.998590588569641113e-01,-5.954986065626144409e-02,2.225978672504425049e-01,5.830171108245849609e-01,-6.397829204797744751e-02,3.010636568069458008e-01,6.647102236747741699e-01,-2.858351357281208038e-02,2.634311616420745850e-01,6.372381448745727539e-01,-4.176117107272148132e-02,2.388416230678558350e-01,6.179592013359069824e-01,-4.799935966730117798e-02,2.188220322132110596e-01,6.013379096984863281e-01,-5.107648670673370361e-02,2.975205183029174805e-01,6.722238063812255859e-01,-2.341092377901077271e-02,2.660466134548187256e-01,6.521037220954895020e-01,-3.281078860163688660e-02,2.458976507186889648e-01,6.377226114273071289e-01,-3.658001124858856201e-02,2.304707467555999756e-01,6.241635680198669434e-01,-3.822523728013038635e-02
2.925935685634613037e-01,5.819621086120605469e-01,1.176080530740364338e-07,3.247305750846862793e-01,5.840378999710083008e-01,-1.448759529739618301e-02,3.539690971374511719e-01,5.695524215698242188e-01,-2.345235273241996765e-02,3.779859244823455811e-01,5.528432726860046387e-01,-3.132319450378417969e-02,3.986052870750427246e-01,5.360697507858276367e-01,-4.028619453310966492e-02,3.436717689037322998e-01,5.334177613258361816e-01,-2.367595583200454712e-02,3.609870970249176025e-01,5.036587119102478027e-01,-3.709904104471206665e-02,3.704222440719604492e-01,4.861477613449096680e-01,-4.597567394375801086e-02,3.784309625625610352e-01,4.691042602062225342e-01,-5.205468833446502686e-02,3.270593285560607910e-01,5.245986580848693848e-01,-2.459364756941795349e-02,3.435962200164794922e-01,4.911420345306396484e-01,-3.570941463112831116e-02,3.534793257713317871e-01,4.704003632068634033e-01,-4.265218228101730347e-02,3.617593348026275635e-01,4.515957236289978027e-01,-4.844047874212265015e-02,3.068902194499969482e-01,5.235012769699096680e-01,-2.673353254795074463e-02,3.161128461360931396e-01,4.911288619041442871e-01,-3.784471750259399414e-02,3.214548230171203613e-01,4.708215296268463135e-01,-4.237279668450355530e-02,3.273860216140747070e-01,4.527959525585174561e-01,-4.599951207637786865e-02,2.844755053520202637e-01,5.288651585578918457e-01,-2.999264188110828400e-02,2.853477001190185547e-01,5.042493939399719238e-01,-3.983664885163307190e-02,2.871784567832946777e-01,4.875570535659790039e-01,-4.240428283810615540e-02,2.895936965942382812e-01,4.713554680347442627e-01,-4.442884027957916260e-02,3.729952275753021240e-01,6.941190958023071289e-01,2.999483115218026796e-07,3.849515914916992188e-01,6.521531343460083008e-01,-2.419574931263923645e-02,3.754620850086212158e-01,6.189322471618652344e-01,-3.864043205976486206e-02,3.560396432876586914e-01,5.934823155403137207e-01,-4.841186106204986572e-02,3.425292074680328369e-01,5.686606764793395996e-01,-5.785008892416954041e-02,3.268598616123199463e-01,6.343618035316467285e-01,-4.197842627763748169e-02,2.899775505065917969e-01,6.049656867980957031e-01,-5.796051397919654846e-02,2.658773362636566162e-01,5.885274410247802734e-01,-6.658176332712173462e-02,2.452422082424163818e-01,5.777985453605651855e-01,-7.168905436992645264e-02,3.107049763202667236e-01,6.528700590133666992e-01,-3.519981354475021362e-02,2.709381282329559326e-01,6.211972236633300781e-01,-5.165555328130722046e-02,2.444877028465270996e-01,5.998590588569641113e-01,-5.954986065626144409e-02,2.225978672504425049e-01,5.830171108245849609e-01,-6.397829204797744751e-02,3.010636568069458008e-01,6.647102236747741699e-01,-2.858351357281208038e-02,2.634311616420745850e-01,6.372381448745727539e-01,-4.176117107272148132e-02,2.388416230678558350e-01,6.179592013359069824e-01,-4.799935966730117798e-02,2.188220322132110596e-01,6.013379096984863281e-01,-5.107648670673370361e-02,2.975205183029174805e-01,6.722238063812255859e-01,-2.341092377901077271e-02,2.660466134548187256e-01,6.521037220954895020e-01,-3.281078860163688660e-02,2.458976507186889648e-01,6.377226114273071289e-01,-3.658001124858856201e-02,2.304707467555999756e-01,6.241635680198669434e-01,-3.822523728013038635e-02
2.960594594478607178e-01,6.051275134086608887e-01,1.373449265429371735e-07,3.271918594837188721e-01,5.967209339141845703e-01,-5.878012161701917648e-03,3.555062711238861084e-01,5.806266069412231445e-01,-1.142864301800727844e-02,3.781307637691497803e-01,5.673621296882629395e-01,-1.689301989972591400e-02,3.972499668598175049e-01,5.535359382629394531e-01,-2.377513796091079712e-02,3.425337970256805420e-01,5.592467784881591797e-01,-1.927514933049678802e-02,3.587870895862579346e-01,5.310974121093750000e-01,-2.936586923897266388e-02,3.684287667274475098e-01,5.139393210411071777e-01,-3.528840839862823486e-02,3.765922784805297852e-01,4.986266195774078369e-01,-3.958084806799888611e-02,3.263317942619323730e-01,5.536810755729675293e-01,-2.408898994326591492e-02,3.419713079929351807e-01,5.213712453842163086e-01,-3.305399790406227112e-02,3.526389598846435547e-01,5.016258955001831055e-01,-3.931633383035659790e-02,3.609854280948638916e-01,4.848260879516601562e-01,-4.476937651634216309e-02,3.064830601215362549e-01,5.553416013717651367e-01,-2.894659154117107391e-02,3.142434954643249512e-01,5.270873904228210449e-01,-3.858458250761032104e-02,3.208490610122680664e-01,5.051426291465759277e-01,-4.386335238814353943e-02,3.268609642982482910e-01,4.857473969459533691e-01,-4.829325154423713684e-02,2.863065302371978760e-01,5.623247027397155762e-01,-3.383535146713256836e-02,2.842667400836944580e-01,5.394237637519836426e-01,-4.349177703261375427e-02,2.851793766021728516e-01,5.207114815711975098e-01,-4.695722460746765137e-02,2.858403623104095459e-01,5.019166469573974609e-01,-4.973955079913139343e-02,3.771497011184692383e-01,6.691690683364868164e-01,2.500283926565316506e-07,3.889453411102294922e-01,6.257750988006591797e-01,-1.982013322412967682e-02,3.761183917522430420e-01,5.882562994956970215e-01,-3.004702925682067871e-02,3.556141257286071777e-01,5.634242296218872070e-01,-3.577326238155364990e-02,3.427569270133972168e-01,5.416095256805419922e-01,-4.090171679854393005e-02,3.302326798439025879e-01,6.037744283676147461e-01,-3.360472247004508972e-02,2.940597832202911377e-01,5.727463960647583008e-01,-4.517600685358047485e-02,2.717365026473999023e-01,5.581037998199462891e-01,-5.082635581493377686e-02,2.528979182243347168e-01,5.488611459732055664e-01,-5.410080030560493469e-02,3.133824467658996582e-01,6.235592365264892578e-01,-2.693552896380424500e-02,2.746963500976562500e-01,5.883511304855346680e-01,-3.989794850349426270e-02,2.495644986629486084e-01,5.682533383369445801e-01,-4.602401703596115112e-02,2.291980981826782227e-01,5.534999966621398926e-01,-4.910473152995109558e-02,3.033015131950378418e-01,6.383114457130432129e-01,-2.028625085949897766e-02,2.666802406311035156e-01,6.088975071907043457e-01,-3.082641586661338806e-02,2.433577328920364380e-01,5.910577774047851562e-01,-3.660354018211364746e-02,2.240618020296096802e-01,5.772204399108886719e-01,-3.940876200795173645e-02,2.992756962776184082e-01,6.492307186126708984e-01,-1.456241961568593979e-02,2.696191072463989258e-01,6.273519992828369141e-01,-2.237246371805667877e-02,2.506096959114074707e-01,6.136291623115539551e-01,-2.597350068390369415e-02,2.353833615779876709e-01,6.020515561103820801e-01,-2.748113870620727539e-02
2.858485281467437744e-01,6.181975603103637695e-01,1.820185104861593572e-07,3.168243169784545898e-01,6.108368039131164551e-01,-8.217860944569110870e-03,3.492296636104583740e-01,5.911128520965576172e-01,-1.227887999266386032e-02,3.724114596843719482e-01,5.728167891502380371e-01,-1.526013202965259552e-02,3.896378576755523682e-01,5.555435419082641602e-01,-1.939099654555320740e-02,3.390645384788513184e-01,5.783302187919616699e-01,-1.885777153074741364e-02,3.570590615272521973e-01,5.531045198440551758e-01,-2.797375805675983429e-02,3.684009611606597900e-01,5.369693040847778320e-01,-3.342802450060844421e-02,3.787225484848022461e-01,5.228885412216186523e-01,-3.770508617162704468e-02,3.222497105598449707e-01,5.696784853935241699e-01,-2.105911262333393097e-02,3.373173177242279053e-01,5.400741696357727051e-01,-3.011739999055862427e-02,3.478222489356994629e-01,5.182819962501525879e-01,-3.703087195754051208e-02,3.573891818523406982e-01,4.995140135288238525e-01,-4.310229420661926270e-02,3.025321364402770996e-01,5.682527422904968262e-01,-2.359869331121444702e-02,3.110201060771942139e-01,5.451815724372863770e-01,-3.373818472027778625e-02,3.171563148498535156e-01,5.241575837135314941e-01,-3.935978934168815613e-02,3.237489163875579834e-01,5.052821636199951172e-01,-4.369084164500236511e-02,2.829252481460571289e-01,5.715187191963195801e-01,-2.637492492794990540e-02,2.848792374134063721e-01,5.497594475746154785e-01,-3.691000863909721375e-02,2.881837189197540283e-01,5.319159626960754395e-01,-4.172110185027122498e-02,2.924839854240417480e-01,5.148995518684387207e-01,-4.532154276967048645e-02,3.834971487522125244e-01,6.573742628097534180e-01,3.136670159165078076e-07,3.910641074180603027e-01,6.147077679634094238e-01,-2.350880019366741180e-02,3.784444034099578857e-01,5.854456424713134766e-01,-3.824861347675323486e-02,3.599857091903686523e-01,5.650032758712768555e-01,-4.736261442303657532e-02,3.490674197673797607e-01,5.419998764991760254e-01,-5.591109395027160645e-02,3.339628279209136963e-01,6.059504747390747070e-01,-4.777097702026367188e-02,2.930747270584106445e-01,5.753453969955444336e-01,-6.251258403062820435e-02,2.692323327064514160e-01,5.598589777946472168e-01,-6.836296617984771729e-02,2.495096027851104736e-01,5.496153831481933594e-01,-7.129696011543273926e-02,3.191874921321868896e-01,6.282484531402587891e-01,-3.923894092440605164e-02,2.758277356624603271e-01,5.933337807655334473e-01,-5.583636462688446045e-02,2.499050498008728027e-01,5.724272727966308594e-01,-6.212129816412925720e-02,2.298151254653930664e-01,5.578281283378601074e-01,-6.523239612579345703e-02,3.101764321327209473e-01,6.456928253173828125e-01,-3.021665289998054504e-02,2.680968642234802246e-01,6.215074658393859863e-01,-4.321871325373649597e-02,2.431276440620422363e-01,6.064214110374450684e-01,-4.957343637943267822e-02,2.243947684764862061e-01,5.951899290084838867e-01,-5.269500613212585449e-02,3.062018156051635742e-01,6.579142212867736816e-01,-2.207893133163452148e-02,2.724473178386688232e-01,6.444426774978637695e-01,-3.171965852379798889e-02,2.519470155239105225e-01,6.351746916770935059e-01,-3.707550838589668274e-02,2.359543740749359131e-01,6.265893578529357910e-01,-3.997158259153366089e-02
2.873002290725708008e-01,6.168024539947509766e-01,2.336019946369560785e-07,3.184148073196411133e-01,6.098573207855224609e-01,-8.024978451430797577e-03,3.476909697055816650e-01,5.920609235763549805e-01,-1.373128127306699753e-02,3.702910244464874268e-01,5.775246620178222656e-01,-1.880601793527603149e-02,3.898842632770538330e-01,5.647912621498107910e-01,-2.494043298065662384e-02,3.357569873332977295e-01,5.675814151763916016e-01,-2.120108157396316528e-02,3.549029231071472168e-01,5.412154197692871094e-01,-3.289375826716423035e-02,3.673383891582489014e-01,5.252254605293273926e-01,-4.004590958356857300e-02,3.785527050495147705e-01,5.116501450538635254e-01,-4.546205699443817139e-02,3.204845786094665527e-01,5.608421564102172852e-01,-2.527953125536441803e-02,3.366417288780212402e-01,5.312557816505432129e-01,-3.721066191792488098e-02,3.481219410896301270e-01,5.113004446029663086e-01,-4.581416025757789612e-02,3.580309748649597168e-01,4.935221076011657715e-01,-5.259963124990463257e-02,3.022170662879943848e-01,5.639501810073852539e-01,-2.947784774005413055e-02,3.110896944999694824e-01,5.359398722648620605e-01,-4.192104190587997437e-02,3.185985684394836426e-01,5.162746310234069824e-01,-4.852223023772239685e-02,3.256752789020538330e-01,4.974779486656188965e-01,-5.350970849394798279e-02,2.839282155036926270e-01,5.731791257858276367e-01,-3.380630537867546082e-02,2.834496796131134033e-01,5.543668270111083984e-01,-4.564035311341285706e-02,2.864632010459899902e-01,5.383822917938232422e-01,-5.045002698898315430e-02,2.898311913013458252e-01,5.219492912292480469e-01,-5.395375937223434448e-02,3.811142742633819580e-01,6.628305315971374512e-01,3.739874046004842967e-07,3.894377946853637695e-01,6.193376183509826660e-01,-2.498440630733966827e-02,3.795462846755981445e-01,5.885101556777954102e-01,-4.107701405882835388e-02,3.589306473731994629e-01,5.681356191635131836e-01,-5.114590376615524292e-02,3.442114591598510742e-01,5.450786352157592773e-01,-6.073584035038948059e-02,3.354537785053253174e-01,6.096289753913879395e-01,-4.975323379039764404e-02,2.928131222724914551e-01,5.800759196281433105e-01,-6.504715234041213989e-02,2.694311738014221191e-01,5.653877258300781250e-01,-7.087505608797073364e-02,2.501333951950073242e-01,5.547311902046203613e-01,-7.352925837039947510e-02,3.194113671779632568e-01,6.360224485397338867e-01,-4.087991267442703247e-02,2.735400795936584473e-01,6.040650010108947754e-01,-5.751486867666244507e-02,2.471499443054199219e-01,5.842896699905395508e-01,-6.343401223421096802e-02,2.273234128952026367e-01,5.695972442626953125e-01,-6.584359705448150635e-02,3.104084730148315430e-01,6.543811559677124023e-01,-3.165449947118759155e-02,2.680823206901550293e-01,6.348320245742797852e-01,-4.484092444181442261e-02,2.417896091938018799e-01,6.222195029258728027e-01,-5.156891793012619019e-02,2.221293151378631592e-01,6.119436025619506836e-01,-5.478510260581970215e-02,3.074102997779846191e-01,6.642438769340515137e-01,-2.339459396898746490e-02,2.747287154197692871e-01,6.497113108634948730e-01,-3.253848105669021606e-02,2.556004226207733154e-01,6.407465934753417969e-01,-3.713929653167724609e-02,2.406326830387115479e-01,6.320427060127258301e-01,-3.932126611471176147e-02
2.860414385795593262e-01,6.168245077133178711e-01,2.523812838717276463e-07,3.185140788555145264e-01,6.076208353042602539e-01,-7.181022316217422485e-03,3.492500483989715576e-01,5.889977216720581055e-01,-1.322088949382305145e-02,3.728636801242828369e-01,5.743032097816467285e-01,-1.856672950088977814e-02,3.925938010215759277e-01,5.597577095031738281e-01,-2.536398544907569885e-02,3.367512226104736328e-01,5.697596669197082520e-01,-2.283075824379920959e-02,3.555673360824584961e-01,5.419923067092895508e-01,-3.447939828038215637e-02,3.679725229740142822e-01,5.256526470184326172e-01,-4.152708873152732849e-02,3.794850111007690430e-01,5.117795467376708984e-01,-4.680741578340530396e-02,3.206539750099182129e-01,5.643675327301025391e-01,-2.706491015851497650e-02,3.367001414299011230e-01,5.329399704933166504e-01,-3.853005915880203247e-02,3.480740785598754883e-01,5.114186406135559082e-01,-4.701939225196838379e-02,3.580771386623382568e-01,4.921617507934570312e-01,-5.404039099812507629e-02,3.013050258159637451e-01,5.674284696578979492e-01,-3.111341223120689392e-02,3.111168146133422852e-01,5.380148291587829590e-01,-4.303811863064765930e-02,3.182220458984375000e-01,5.166370272636413574e-01,-4.983593150973320007e-02,3.248454928398132324e-01,4.965885579586029053e-01,-5.520722642540931702e-02,2.815516591072082520e-01,5.756865739822387695e-01,-3.508616983890533447e-02,2.821592688560485840e-01,5.558516383171081543e-01,-4.688583314418792725e-02,2.847784757614135742e-01,5.392073392868041992e-01,-5.186444148421287537e-02,2.875782251358032227e-01,5.223342180252075195e-01,-5.554208531975746155e-02,3.805677890777587891e-01,6.631893515586853027e-01,3.671688659778737929e-07,3.892598450183868408e-01,6.194549798965454102e-01,-2.552569285035133362e-02,3.785903751850128174e-01,5.884176492691040039e-01,-4.160413891077041626e-02,3.583659827709197998e-01,5.675256252288818359e-01,-5.140588060021400452e-02,3.445714116096496582e-01,5.456046462059020996e-01,-6.070070341229438782e-02,3.341048955917358398e-01,6.090223789215087891e-01,-5.079635977745056152e-02,2.920346558094024658e-01,5.791036486625671387e-01,-6.634512543678283691e-02,2.689071893692016602e-01,5.649445056915283203e-01,-7.216523587703704834e-02,2.504443824291229248e-01,5.554204583168029785e-01,-7.451508194208145142e-02,3.184854090213775635e-01,6.350005269050598145e-01,-4.125573858618736267e-02,2.733050584793090820e-01,6.030939221382141113e-01,-5.773779004812240601e-02,2.470126599073410034e-01,5.835955142974853516e-01,-6.306627392768859863e-02,2.279609143733978271e-01,5.696859359741210938e-01,-6.485787034034729004e-02,3.099372386932373047e-01,6.534057259559631348e-01,-3.139465674757957458e-02,2.680286765098571777e-01,6.342303752899169922e-01,-4.471558704972267151e-02,2.418721914291381836e-01,6.218062639236450195e-01,-5.132602527737617493e-02,2.223805785179138184e-01,6.118512749671936035e-01,-5.419335886836051941e-02,3.075792789459228516e-01,6.635900735855102539e-01,-2.246402390301227570e-02,2.747336626052856445e-01,6.499732136726379395e-01,-3.155372664332389832e-02,2.559150159358978271e-01,6.411128640174865723e-01,-3.602426126599311829e-02,2.416812479496002197e-01,6.323180198669433594e-01,-3.799257427453994751e-02
2.898141443729400635e-01,6.128537058830261230e-01,2.222176505028983229e-07,3.188344240188598633e-01,6.048094034194946289e-01,-9.658068418502807617e-03,3.464573621749877930e-01,5.844970345497131348e-01,-1.583431102335453033e-02,3.695881068706512451e-01,5.691519379615783691e-01,-2.105877362191677094e-02,3.899503052234649658e-01,5.545055270195007324e-01,-2.741538733243942261e-02,3.330018222332000732e-01,5.553020834922790527e-01,-2.199923433363437653e-02,3.502025008201599121e-01,5.251651406288146973e-01,-3.288759291172027588e-02,3.605856001377105713e-01,5.070844888687133789e-01,-3.970267996191978455e-02,3.697016835212707520e-01,4.905695915222167969e-01,-4.461642727255821228e-02,3.173830807209014893e-01,5.491735339164733887e-01,-2.514694631099700928e-02,3.325771391391754150e-01,5.168573260307312012e-01,-3.503144904971122742e-02,3.426769077777862549e-01,4.950841665267944336e-01,-4.194797948002815247e-02,3.514688611030578613e-01,4.763298630714416504e-01,-4.784912243485450745e-02,2.987121939659118652e-01,5.507941842079162598e-01,-2.877132408320903778e-02,3.071081042289733887e-01,5.203648805618286133e-01,-3.881140053272247314e-02,3.138298094272613525e-01,4.992927908897399902e-01,-4.414546117186546326e-02,3.206629157066345215e-01,4.817876517772674561e-01,-4.844184592366218567e-02,2.794053256511688232e-01,5.586884021759033203e-01,-3.289925679564476013e-02,2.757303416728973389e-01,5.328955650329589844e-01,-4.306721687316894531e-02,2.757014930248260498e-01,5.128458738327026367e-01,-4.697817564010620117e-02,2.767125368118286133e-01,4.936694502830505371e-01,-4.975896701216697693e-02,3.729492723941802979e-01,6.783400774002075195e-01,3.621650819241040153e-07,3.823226094245910645e-01,6.333515644073486328e-01,-2.347170375287532806e-02,3.707416653633117676e-01,6.002035737037658691e-01,-3.743450716137886047e-02,3.481863439083099365e-01,5.819104909896850586e-01,-4.606033116579055786e-02,3.308807611465454102e-01,5.624103546142578125e-01,-5.415887385606765747e-02,3.262303471565246582e-01,6.192232966423034668e-01,-4.325860738754272461e-02,2.856956124305725098e-01,5.888107419013977051e-01,-5.782719328999519348e-02,2.623204886913299561e-01,5.740011930465698242e-01,-6.443574279546737671e-02,2.428786456584930420e-01,5.637812614440917969e-01,-6.779795140027999878e-02,3.103270828723907471e-01,6.443681120872497559e-01,-3.509732708334922791e-02,2.653072476387023926e-01,6.123924255371093750e-01,-5.040843784809112549e-02,2.380647957324981689e-01,5.930687785148620605e-01,-5.650306865572929382e-02,2.169734388589859009e-01,5.787968039512634277e-01,-5.921829864382743835e-02,3.010582923889160156e-01,6.618847846984863281e-01,-2.688426524400711060e-02,2.594600319862365723e-01,6.388563513755798340e-01,-3.823958337306976318e-02,2.344073951244354248e-01,6.245687603950500488e-01,-4.352492466568946838e-02,2.152148485183715820e-01,6.130205392837524414e-01,-4.598785564303398132e-02,2.978916466236114502e-01,6.725528836250305176e-01,-1.988421194255352020e-02,2.665147185325622559e-01,6.561337113380432129e-01,-2.819357439875602722e-02,2.478014528751373291e-01,6.467394828796386719e-01,-3.192837536334991455e-02,2.333680689334869385e-01,6.386585235595703125e-01,-3.330889716744422913e-02
2.812683582305908203e-01,6.084197759628295898e-01,2.564324859122280031e-07,3.140164315700531006e-01,6.024868488311767578e-01,-1.345086656510829926e-02,3.434259891510009766e-01,5.808606743812561035e-01,-1.987825892865657806e-02,3.669052720069885254e-01,5.604012012481689453e-01,-2.521781995892524719e-02,3.877878785133361816e-01,5.418496727943420410e-01,-3.134842589497566223e-02,3.297222852706909180e-01,5.439776182174682617e-01,-1.570904441177845001e-02,3.460125625133514404e-01,5.144190192222595215e-01,-2.557942457497119904e-02,3.555487096309661865e-01,4.963151216506958008e-01,-3.309758752584457397e-02,3.631985485553741455e-01,4.784598350524902344e-01,-3.847429901361465454e-02,3.127752244472503662e-01,5.364334583282470703e-01,-1.647403277456760406e-02,3.268237709999084473e-01,5.039831399917602539e-01,-2.456468343734741211e-02,3.358029127120971680e-01,4.821361005306243896e-01,-3.199832141399383545e-02,3.432160317897796631e-01,4.614720046520233154e-01,-3.820076212286949158e-02,2.929680943489074707e-01,5.360828042030334473e-01,-1.878023892641067505e-02,3.008818328380584717e-01,5.056133270263671875e-01,-2.773867733776569366e-02,3.059002757072448730e-01,4.837003052234649658e-01,-3.335700184106826782e-02,3.115937113761901855e-01,4.645666182041168213e-01,-3.756522014737129211e-02,2.716058492660522461e-01,5.414958596229553223e-01,-2.218963019549846649e-02,2.706370353698730469e-01,5.137171745300292969e-01,-3.115227259695529938e-02,2.708953619003295898e-01,4.937436580657958984e-01,-3.466847911477088928e-02,2.723329365253448486e-01,4.748198688030242920e-01,-3.698460757732391357e-02,3.724675774574279785e-01,6.951387524604797363e-01,2.937278793524455978e-07,3.811843991279602051e-01,6.495334506034851074e-01,-2.006180025637149811e-02,3.690787553787231445e-01,6.149265170097351074e-01,-3.128401935100555420e-02,3.478651940822601318e-01,5.947942733764648438e-01,-3.819011896848678589e-02,3.333638310432434082e-01,5.759207010269165039e-01,-4.461888968944549561e-02,3.243766427040100098e-01,6.331824064254760742e-01,-3.543089330196380615e-02,2.838720977306365967e-01,6.029835939407348633e-01,-4.776686802506446838e-02,2.589957416057586670e-01,5.882351398468017578e-01,-5.349978059530258179e-02,2.389966249465942383e-01,5.779962539672851562e-01,-5.653531476855278015e-02,3.094418644905090332e-01,6.560199856758117676e-01,-2.910405397415161133e-02,2.646883726119995117e-01,6.249933242797851562e-01,-4.239511117339134216e-02,2.358812540769577026e-01,6.066139340400695801e-01,-4.845003783702850342e-02,2.133246362209320068e-01,5.922583341598510742e-01,-5.144390836358070374e-02,3.011215925216674805e-01,6.720353960990905762e-01,-2.272332273423671722e-02,2.602601647377014160e-01,6.469606757164001465e-01,-3.277590498328208923e-02,2.341372668743133545e-01,6.320554018020629883e-01,-3.770835325121879578e-02,2.138499170541763306e-01,6.198310256004333496e-01,-3.998315334320068359e-02,2.980814278125762939e-01,6.830389499664306641e-01,-1.745299994945526123e-02,2.663184106349945068e-01,6.649116277694702148e-01,-2.505715750157833099e-02,2.468300759792327881e-01,6.543259024620056152e-01,-2.837624959647655487e-02,2.315065562725067139e-01,6.449517011642456055e-01,-2.952536195516586304e-02
2.812683582305908203e-01,6.084197759628295898e-01,2.564324859122280031e-07,3.140164315700531006e-01,6.024868488311767578e-01,-1.345086656510829926e-02,3.434259891510009766e-01,5.808606743812561035e-01,-1.987825892865657806e-02,3.669052720069885254e-01,5.604012012481689453e-01,-2.521781995892524719e-02,3.877878785133361816e-01,5.418496727943420410e-01,-3.134842589497566223e-02,3.297222852706909180e-01,5.439776182174682617e-01,-1.570904441177845001e-02,3.460125625133514404e-01,5.144190192222595215e-01,-2.557942457497119904e-02,3.555487096309661865e-01,4.963151216506958008e-01,-3.309758752584457397e-02,3.631985485553741455e-01,4.784598350524902344e-01,-3.847429901361465454e-02,3.127752244472503662e-01,5.364334583282470703e-01,-1.647403277456760406e-02,3.268237709999084473e-01,5.039831399917602539e-01,-2.456468343734741211e-02,3.358029127120971680e-01,4.821361005306243896e-01,-3.199832141399383545e-02,3.432160317897796631e-01,4.614720046520233154e-01,-3.820076212286949158e-02,2.929680943489074707e-01,5.360828042030334473e-01,-1.878023892641067505e-02,3.008818328380584717e-01,5.056133270263671875e-01,-2.773867733776569366e-02,3.059002757072448730e-01,4.837003052234649658e-01,-3.335700184106826782e-02,3.115937113761901855e-01,4.645666182041168213e-01,-3.756522014737129211e-02,2.716058492660522461e-01,5.414958596229553223e-01,-2.218963019549846649e-02,2.706370353698730469e-01,5.137171745300292969e-01,-3.115227259695529938e-02,2.708953619003295898e-01,4.937436580657958984e-01,-3.466847911477088928e-02,2.723329365253448486e-01,4.748198688030242920e-01,-3.698460757732391357e-02,3.724675774574279785e-01,6.951387524604797363e-01,2.937278793524455978e-07,3.811843991279602051e-01,6.495334506034851074e-01,-2.006180025637149811e-02,3.690787553787231445e-01,6.149265170097351074e-01,-3.128401935100555420e-02,3.478651940822601318e-01,5.947942733764648438e-01,-3.819011896848678589e-02,3.333638310432434082e-01,5.759207010269165039e-01,-4.461888968944549561e-02,3.243766427040100098e-01,6.331824064254760742e-01,-3.543089330196380615e-02,2.838720977306365967e-01,6.029835939407348633e-01,-4.776686802506446838e-02,2.589957416057586670e-01,5.882351398468017578e-01,-5.349978059530258179e-02,2.389966249465942383e-01,5.779962539672851562e-01,-5.653531476855278015e-02,3.094418644905090332e-01,6.560199856758117676e-01,-2.910405397415161133e-02,2.646883726119995117e-01,6.249933242797851562e-01,-4.239511117339134216e-02,2.358812540769577026e-01,6.066139340400695801e-01,-4.845003783702850342e-02,2.133246362209320068e-01,5.922583341598510742e-01,-5.144390836358070374e-02,3.011215925216674805e-01,6.720353960990905762e-01,-2.272332273423671722e-02,2.602601647377014160e-01,6.469606757164001465e-01,-3.277590498328208923e-02,2.341372668743133545e-01,6.320554018020629883e-01,-3.770835325121879578e-02,2.138499170541763306e-01,6.198310256004333496e-01,-3.998315334320068359e-02,2.980814278125762939e-01,6.830389499664306641e-01,-1.745299994945526123e-02,2.663184106349945068e-01,6.649116277694702148e-01,-2.505715750157833099e-02,2.468300759792327881e-01,6.543259024620056152e-01,-2.837624959647655487e-02,2.315065562725067139e-01,6.449517011642456055e-01,-2.952536195516586304e-02
2.827116250991821289e-01,6.102054715156555176e-01,2.132454142156348098e-07,3.154593408107757568e-01,6.031050086021423340e-01,-1.298632938414812088e-02,3.449760377407073975e-01,5.812809467315673828e-01,-1.950420625507831573e-02,3.682769238948822021e-01,5.608898997306823730e-01,-2.520014904439449310e-02,3.885338306427001953e-01,5.415894389152526855e-01,-3.168931603431701660e-02,3.297960460186004639e-01,5.443223118782043457e-01,-1.610924303531646729e-02,3.452549278736114502e-01,5.143703818321228027e-01,-2.675489895045757294e-02,3.545902073383331299e-01,4.957118332386016846e-01,-3.471440076828002930e-02,3.625133335590362549e-01,4.779461920261383057e-01,-4.036185145378112793e-02,3.128134906291961670e-01,5.367121696472167969e-01,-1.715130545198917389e-02,3.263353109359741211e-01,5.040688514709472656e-01,-2.604815922677516937e-02,3.357194364070892334e-01,4.827197194099426270e-01,-3.318302333354949951e-02,3.438866436481475830e-01,4.628811180591583252e-01,-3.908487781882286072e-02,2.934974133968353271e-01,5.367758274078369141e-01,-1.973362639546394348e-02,3.010350763797760010e-01,5.046484470367431641e-01,-2.927593328058719635e-02,3.064768612384796143e-01,4.830316007137298584e-01,-3.414200618863105774e-02,3.124207258224487305e-01,4.644413888454437256e-01,-3.778812661767005920e-02,2.731112241744995117e-01,5.430039167404174805e-01,-2.344542182981967926e-02,2.718469798564910889e-01,5.145049095153808594e-01,-3.280712664127349854e-02,2.718775570392608643e-01,4.944288730621337891e-01,-3.605269268155097961e-02,2.724398076534271240e-01,4.756379425525665283e-01,-3.815834596753120422e-02,3.720273077487945557e-01,6.936210989952087402e-01,2.723890304423548514e-07,3.805276751518249512e-01,6.484348773956298828e-01,-1.931422017514705658e-02,3.679544031620025635e-01,6.144081354141235352e-01,-3.017101995646953583e-02,3.469915688037872314e-01,5.939314961433410645e-01,-3.702693060040473938e-02,3.318094313144683838e-01,5.741673111915588379e-01,-4.324592277407646179e-02,3.218714296817779541e-01,6.298320293426513672e-01,-3.365495800971984863e-02,2.818352878093719482e-01,6.021161675453186035e-01,-4.574470221996307373e-02,2.578651905059814453e-01,5.881129503250122070e-01,-5.146391689777374268e-02,2.388181090354919434e-01,5.782337784767150879e-01,-5.447658896446228027e-02,3.075017929077148438e-01,6.525949835777282715e-01,-2.775449678301811218e-02,2.628798782825469971e-01,6.246254444122314453e-01,-4.054152220487594604e-02,2.344266176223754883e-01,6.068633198738098145e-01,-4.619373381137847900e-02,2.124428153038024902e-01,5.931096076965332031e-01,-4.886813834309577942e-02,2.996420860290527344e-01,6.694138646125793457e-01,-2.193995378911495209e-02,2.582790553569793701e-01,6.458151936531066895e-01,-3.237780556082725525e-02,2.318256795406341553e-01,6.307749748229980469e-01,-3.755033016204833984e-02,2.112289369106292725e-01,6.188404560089111328e-01,-3.981570899486541748e-02,2.975088953971862793e-01,6.813752055168151855e-01,-1.712837070226669312e-02,2.657711803913116455e-01,6.643572449684143066e-01,-2.527297101914882660e-02,2.461264431476593018e-01,6.538425683975219727e-01,-2.870579063892364502e-02,2.308541238307952881e-01,6.450158357620239258e-01,-2.978230267763137817e-02
2.784381210803985596e-01,5.879090428352355957e-01,3.621291853050934151e-07,3.131824135780334473e-01,5.671072602272033691e-01,-1.057157665491104126e-02,3.396799862384796143e-01,5.324880480766296387e-01,-1.389661524444818497e-02,3.594069480895996094e-01,5.064615011215209961e-01,-1.705016754567623138e-02,3.799995779991149902e-01,4.917449355125427246e-01,-2.049486525356769562e-02,3.211942017078399658e-01,4.919866919517517090e-01,-3.514420939609408379e-03,3.338035345077514648e-01,4.613841474056243896e-01,-1.006925851106643677e-02,3.437667787075042725e-01,4.407206177711486816e-01,-1.804102770984172821e-02,3.527342081069946289e-01,4.196028709411621094e-01,-2.440277300775051117e-02,3.040191829204559326e-01,4.846802353858947754e-01,-5.025033839046955109e-03,3.135535120964050293e-01,4.500080049037933350e-01,-9.379412047564983368e-03,3.221294879913330078e-01,4.249927997589111328e-01,-1.697629503905773163e-02,3.299784660339355469e-01,4.020185470581054688e-01,-2.312624827027320862e-02,2.857578992843627930e-01,4.863803982734680176e-01,-8.383795619010925293e-03,2.888064682483673096e-01,4.506895542144775391e-01,-1.424141600728034973e-02,2.925342917442321777e-01,4.245095252990722656e-01,-2.068074233829975128e-02,2.964625358581542969e-01,4.019163250923156738e-01,-2.521810494363307953e-02,2.656422257423400879e-01,4.975750744342803955e-01,-1.299820654094219208e-02,2.633875906467437744e-01,4.657756686210632324e-01,-1.934435404837131500e-02,2.627149224281311035e-01,4.440219402313232422e-01,-2.253466658294200897e-02,2.633905410766601562e-01,4.231718778610229492e-01,-2.436411567032337189e-02,3.722903430461883545e-01,7.335249781608581543e-01,2.491277086846821476e-07,3.719794154167175293e-01,6.811973452568054199e-01,-2.344986610114574432e-02,3.484117388725280762e-01,6.509471535682678223e-01,-3.328850865364074707e-02,3.218267560005187988e-01,6.407056450843811035e-01,-3.772500157356262207e-02,3.007225692272186279e-01,6.438972949981689453e-01,-4.184799641370773315e-02,3.149769604206085205e-01,6.904183626174926758e-01,-3.994820639491081238e-02,2.704885005950927734e-01,6.700776219367980957e-01,-5.080762878060340881e-02,2.427654415369033813e-01,6.602239012718200684e-01,-5.615265294909477234e-02,2.202221304178237915e-01,6.545042395591735840e-01,-5.920428410172462463e-02,3.045667707920074463e-01,7.147616147994995117e-01,-3.099078126251697540e-02,2.548124194145202637e-01,6.929923892021179199e-01,-4.273428395390510559e-02,2.233143448829650879e-01,6.776815652847290039e-01,-4.953392595052719116e-02,1.989308893680572510e-01,6.693801283836364746e-01,-5.370239540934562683e-02,2.996869981288909912e-01,7.287808060646057129e-01,-2.166394330561161041e-02,2.555000185966491699e-01,7.076659798622131348e-01,-3.059327229857444763e-02,2.289721369743347168e-01,6.915035843849182129e-01,-3.732121363282203674e-02,2.092527300119400024e-01,6.816278696060180664e-01,-4.124716669321060181e-02,2.987153828144073486e-01,7.361775040626525879e-01,-1.366002857685089111e-02,2.654486298561096191e-01,7.183538675308227539e-01,-2.133661694824695587e-02,2.453680634498596191e-01,7.037935256958007812e-01,-2.628149464726448059e-02,2.314588129520416260e-01,6.931712031364440918e-01,-2.909058518707752228e-02
2.757299542427062988e-01,5.639406442642211914e-01,2.469002424732025247e-07,3.082339167594909668e-01,5.503033399581909180e-01,-1.022775378078222275e-02,3.342235088348388672e-01,5.190756320953369141e-01,-1.406554132699966431e-02,3.536465167999267578e-01,4.917429685592651367e-01,-1.779139600694179535e-02,3.725062012672424316e-01,4.756154417991638184e-01,-2.177557907998561859e-02,3.190078437328338623e-01,4.737175107002258301e-01,-6.039614323526620865e-03,3.316234946250915527e-01,4.409839212894439697e-01,-1.368385925889015198e-02,3.392376005649566650e-01,4.210104048252105713e-01,-2.069253101944923401e-02,3.459233045578002930e-01,4.019621908664703369e-01,-2.608508989214897156e-02,3.012529909610748291e-01,4.655328691005706787e-01,-7.453680969774723053e-03,3.108852505683898926e-01,4.284519255161285400e-01,-1.404548995196819305e-02,3.174307942390441895e-01,4.042872488498687744e-01,-2.067055180668830872e-02,3.231533169746398926e-01,3.811312913894653320e-01,-2.580516226589679718e-02,2.828679680824279785e-01,4.664961099624633789e-01,-1.062633376568555832e-02,2.862430810928344727e-01,4.291909933090209961e-01,-1.834406331181526184e-02,2.887479066848754883e-01,4.055444300174713135e-01,-2.399074845016002655e-02,2.923184037208557129e-01,3.832035362720489502e-01,-2.788713201880455017e-02,2.636260986328125000e-01,4.754307866096496582e-01,-1.491688471287488937e-02,2.612763941287994385e-01,4.439934194087982178e-01,-2.260668762028217316e-02,2.599064409732818604e-01,4.232406616210937500e-01,-2.621022239327430725e-02,2.599067389965057373e-01,4.026583433151245117e-01,-2.844144962728023529e-02,3.682715594768524170e-01,7.542390227317810059e-01,3.114379580893000821e-07,3.679038286209106445e-01,7.068326473236083984e-01,-2.546771988272666931e-02,3.444341421127319336e-01,6.814626455307006836e-01,-3.817018121480941772e-02,3.170650899410247803e-01,6.712076067924499512e-01,-4.513965174555778503e-02,2.986406385898590088e-01,6.588308215141296387e-01,-5.146459862589836121e-02,3.104886412620544434e-01,7.201906442642211914e-01,-4.593480378389358521e-02,2.660652101039886475e-01,7.048797011375427246e-01,-6.094704568386077881e-02,2.371761500835418701e-01,6.961844563484191895e-01,-6.800089031457901001e-02,2.137258648872375488e-01,6.907151341438293457e-01,-7.188401371240615845e-02,2.984610199928283691e-01,7.473454475402832031e-01,-3.750675544142723083e-02,2.487275302410125732e-01,7.327062487602233887e-01,-5.311273038387298584e-02,2.161409854888916016e-01,7.189304828643798828e-01,-6.005865707993507385e-02,1.902645230293273926e-01,7.078282237052917480e-01,-6.353476643562316895e-02,2.921476960182189941e-01,7.624244689941406250e-01,-2.886100672185420990e-02,2.471410185098648071e-01,7.530350685119628906e-01,-4.104170203208923340e-02,2.180260866880416870e-01,7.399936914443969727e-01,-4.709483683109283447e-02,1.954820603132247925e-01,7.275748252868652344e-01,-5.001521110534667969e-02,2.905359268188476562e-01,7.700391411781311035e-01,-2.170369587838649750e-02,2.557969391345977783e-01,7.659773826599121094e-01,-3.198629617691040039e-02,2.327911108732223511e-01,7.569522261619567871e-01,-3.712802380323410034e-02,2.155364751815795898e-01,7.463259100914001465e-01,-3.939626738429069519e-02
2.756482362747192383e-01,5.647707581520080566e-01,2.145130508779402589e-07,3.082962930202484131e-01,5.519729256629943848e-01,-1.038778387010097504e-02,3.349306583404541016e-01,5.201584100723266602e-01,-1.424190588295459747e-02,3.532587587833404541e-01,4.936798512935638428e-01,-1.778183318674564362e-02,3.728849589824676514e-01,4.786475896835327148e-01,-2.155195735394954681e-02,3.183085620403289795e-01,4.742516577243804932e-01,-6.396182347089052200e-03,3.308844268321990967e-01,4.413544535636901855e-01,-1.383196376264095306e-02,3.386852443218231201e-01,4.207670986652374268e-01,-2.071497030556201935e-02,3.453237414360046387e-01,4.015392363071441650e-01,-2.609946206212043762e-02,3.010315001010894775e-01,4.663586616516113281e-01,-7.774541154503822327e-03,3.115722537040710449e-01,4.282655715942382812e-01,-1.409525144845247269e-02,3.188167512416839600e-01,4.035032391548156738e-01,-2.055559493601322174e-02,3.248278498649597168e-01,3.804901242256164551e-01,-2.565165050327777863e-02,2.828466296195983887e-01,4.674014151096343994e-01,-1.091966591775417328e-02,2.868544161319732666e-01,4.290417432785034180e-01,-1.832333207130432129e-02,2.897276580333709717e-01,4.041464328765869141e-01,-2.419426292181015015e-02,2.931449711322784424e-01,3.810954391956329346e-01,-2.835289016366004944e-02,2.634184360504150391e-01,4.761766195297241211e-01,-1.517335046082735062e-02,2.609879970550537109e-01,4.443383812904357910e-01,-2.282003872096538544e-02,2.597767412662506104e-01,4.227893948554992676e-01,-2.673346549272537231e-02,2.598073482513427734e-01,4.011812210083007812e-01,-2.932900562882423401e-02,3.681720197200775146e-01,7.551834583282470703e-01,3.131540893264173064e-07,3.682424426078796387e-01,7.058955430984497070e-01,-2.453350462019443512e-02,3.471690416336059570e-01,6.803077459335327148e-01,-3.728054091334342957e-02,3.206750154495239258e-01,6.734023094177246094e-01,-4.476805403828620911e-02,3.019421398639678955e-01,6.602602601051330566e-01,-5.161921679973602295e-02,3.102238476276397705e-01,7.222902774810791016e-01,-4.306682199239730835e-02,2.653875052928924561e-01,7.061712741851806641e-01,-5.809020251035690308e-02,2.370932251214981079e-01,6.974636316299438477e-01,-6.570640951395034790e-02,2.142554819583892822e-01,6.921029686927795410e-01,-7.001135498285293579e-02,2.988905012607574463e-01,7.505638599395751953e-01,-3.525950759649276733e-02,2.499399185180664062e-01,7.368156313896179199e-01,-5.071603506803512573e-02,2.180882394313812256e-01,7.243831753730773926e-01,-5.790466070175170898e-02,1.924717426300048828e-01,7.135726213455200195e-01,-6.157203018665313721e-02,2.927541434764862061e-01,7.660529017448425293e-01,-2.735318057239055634e-02,2.483738362789154053e-01,7.560625076293945312e-01,-3.955943509936332703e-02,2.202335596084594727e-01,7.431536912918090820e-01,-4.491510242223739624e-02,1.983841806650161743e-01,7.306121587753295898e-01,-4.716789722442626953e-02,2.910102605819702148e-01,7.740517258644104004e-01,-2.089680917561054230e-02,2.556636333465576172e-01,7.681369781494140625e-01,-3.035621717572212219e-02,2.329275161027908325e-01,7.590075135231018066e-01,-3.397925943136215210e-02,2.161743640899658203e-01,7.482077479362487793e-01,-3.502506762742996216e-02
2.748195528984069824e-01,5.453609228134155273e-01,2.574442419245315250e-07,3.073983490467071533e-01,5.310140252113342285e-01,-1.024929713457822800e-02,3.326448500156402588e-01,4.994794130325317383e-01,-1.395390182733535767e-02,3.514134883880615234e-01,4.727155268192291260e-01,-1.756447926163673401e-02,3.702122271060943604e-01,4.580742418766021729e-01,-2.128298208117485046e-02,3.172695338726043701e-01,4.523839354515075684e-01,-4.473772365599870682e-03,3.293698132038116455e-01,4.192962050437927246e-01,-1.169468276202678680e-02,3.368928432464599609e-01,3.988680243492126465e-01,-1.861822791397571564e-02,3.430146276950836182e-01,3.800687193870544434e-01,-2.396426722407341003e-02,2.996064722537994385e-01,4.434159398078918457e-01,-5.844677332788705826e-03,3.091390728950500488e-01,4.048078656196594238e-01,-1.223900634795427322e-02,3.155591189861297607e-01,3.796001076698303223e-01,-1.890181377530097961e-02,3.208375573158264160e-01,3.565351366996765137e-01,-2.385147288441658020e-02,2.810556888580322266e-01,4.439769685268402100e-01,-9.085883386433124542e-03,2.845703661441802979e-01,4.043402075767517090e-01,-1.682060398161411285e-02,2.873012125492095947e-01,3.789932429790496826e-01,-2.293037995696067810e-02,2.907740473747253418e-01,3.559597730636596680e-01,-2.695451118052005768e-02,2.615513205528259277e-01,4.529145658016204834e-01,-1.341813057661056519e-02,2.596462965011596680e-01,4.197154045104980469e-01,-2.124425210058689117e-02,2.587893009185791016e-01,3.975895047187805176e-01,-2.520363032817840576e-02,2.591668963432312012e-01,3.761373162269592285e-01,-2.754364721477031708e-02,3.622286915779113770e-01,7.840591669082641602e-01,3.863793551772687351e-07,3.657162785530090332e-01,7.368862032890319824e-01,-3.388812020421028137e-02,3.501240015029907227e-01,7.135081291198730469e-01,-5.187818780541419983e-02,3.277705311775207520e-01,7.111296653747558594e-01,-6.308849900960922241e-02,3.100570440292358398e-01,7.031424045562744141e-01,-7.346863299608230591e-02,3.015832304954528809e-01,7.537539601325988770e-01,-5.178720504045486450e-02,2.584882378578186035e-01,7.445928454399108887e-01,-6.932111829519271851e-02,2.303623557090759277e-01,7.397918105125427246e-01,-7.944465428590774536e-02,2.066849172115325928e-01,7.366436719894409180e-01,-8.560073375701904297e-02,2.892626225948333740e-01,7.798960208892822266e-01,-4.082689806818962097e-02,2.413777112960815430e-01,7.706093788146972656e-01,-5.870302394032478333e-02,2.083624303340911865e-01,7.624869942665100098e-01,-6.896381825208663940e-02,1.816710084676742554e-01,7.553577423095703125e-01,-7.495308667421340942e-02,2.823476791381835938e-01,7.944039702415466309e-01,-3.043822757899761200e-02,2.379620671272277832e-01,7.865010499954223633e-01,-4.510306194424629211e-02,2.075978517532348633e-01,7.783933281898498535e-01,-5.410629138350486755e-02,1.832349449396133423e-01,7.712095379829406738e-01,-5.897707119584083557e-02,2.806555032730102539e-01,8.019130825996398926e-01,-2.214528992772102356e-02,2.455374598503112793e-01,7.943596839904785156e-01,-3.379131481051445007e-02,2.216851711273193359e-01,7.852798104286193848e-01,-4.003222286701202393e-02,2.033067941665649414e-01,7.761201858520507812e-01,-4.314356669783592224e-02
2.732765376567840576e-01,5.414363145828247070e-01,2.309058260152596631e-07,3.059869110584259033e-01,5.279504656791687012e-01,-1.031677238643169403e-02,3.326000571250915527e-01,4.961936473846435547e-01,-1.392085757106542587e-02,3.514478206634521484e-01,4.699392616748809814e-01,-1.727757044136524200e-02,3.709130883216857910e-01,4.567304849624633789e-01,-2.070253156125545502e-02,3.160292208194732666e-01,4.474517405033111572e-01,-4.400711972266435623e-03,3.288514316082000732e-01,4.137133955955505371e-01,-1.085963658988475800e-02,3.358871936798095703e-01,3.924039006233215332e-01,-1.735980063676834106e-02,3.415854275226593018e-01,3.728961050510406494e-01,-2.255633100867271423e-02,2.986106574535369873e-01,4.385642707347869873e-01,-5.498792510479688644e-03,3.092651665210723877e-01,3.991029262542724609e-01,-1.109975297003984451e-02,3.160491287708282471e-01,3.734190762042999268e-01,-1.739240996539592743e-02,3.213079571723937988e-01,3.503809869289398193e-01,-2.224802970886230469e-02,2.803201973438262939e-01,4.387083947658538818e-01,-8.393517695367336273e-03,2.850210964679718018e-01,3.983885049819946289e-01,-1.493301149457693100e-02,2.879244983196258545e-01,3.728005588054656982e-01,-2.066991664469242096e-02,2.911612093448638916e-01,3.496409356594085693e-01,-2.469142526388168335e-02,2.607207298278808594e-01,4.468481838703155518e-01,-1.244940422475337982e-02,2.591383159160614014e-01,4.137971699237823486e-01,-1.922653056681156158e-02,2.586781680583953857e-01,3.916912674903869629e-01,-2.281129546463489532e-02,2.595329284667968750e-01,3.699910342693328857e-01,-2.510465309023857117e-02,3.596893250942230225e-01,7.934201955795288086e-01,2.976220230266335420e-07,3.631198704242706299e-01,7.470335960388183594e-01,-2.758218161761760712e-02,3.471535444259643555e-01,7.234603762626647949e-01,-4.176833853125572205e-02,3.260743618011474609e-01,7.213788032531738281e-01,-5.068020522594451904e-02,3.103420138359069824e-01,7.176644802093505859e-01,-5.865393951535224915e-02,3.001259565353393555e-01,7.661016583442687988e-01,-4.268228262662887573e-02,2.573435008525848389e-01,7.561919689178466797e-01,-5.804131180047988892e-02,2.301839441061019897e-01,7.522162199020385742e-01,-6.685451418161392212e-02,2.071393728256225586e-01,7.512982487678527832e-01,-7.235767692327499390e-02,2.873856127262115479e-01,7.915344238281250000e-01,-3.451453149318695068e-02,2.386886030435562134e-01,7.818989157676696777e-01,-5.015077069401741028e-02,2.062906026840209961e-01,7.743920087814331055e-01,-5.925591289997100830e-02,1.794325709342956543e-01,7.680199742317199707e-01,-6.475379317998886108e-02,2.794813811779022217e-01,8.055568337440490723e-01,-2.683635056018829346e-02,2.337707877159118652e-01,7.979549169540405273e-01,-3.941249474883079529e-02,2.031552195549011230e-01,7.903564572334289551e-01,-4.756168276071548462e-02,1.785409152507781982e-01,7.835672497749328613e-01,-5.208903923630714417e-02,2.764104306697845459e-01,8.122655749320983887e-01,-2.093194611370563507e-02,2.396111190319061279e-01,8.075516223907470703e-01,-3.065495006740093231e-02,2.143275141716003418e-01,8.023266196250915527e-01,-3.611030057072639465e-02,1.946531534194946289e-01,7.967204451560974121e-01,-3.893779590725898743e-02
2.732765376567840576e-01,5.414363145828247070e-01,2.309058260152596631e-07,3.059869110584259033e-01,5.279504656791687012e-01,-1.031677238643169403e-02,3.326000571250915527e-01,4.961936473846435547e-01,-1.392085757106542587e-02,3.514478206634521484e-01,4.699392616748809814e-01,-1.727757044136524200e-02,3.709130883216857910e-01,4.567304849624633789e-01,-2.070253156125545502e-02,3.160292208194732666e-01,4.474517405033111572e-01,-4.400711972266435623e-03,3.288514316082000732e-01,4.137133955955505371e-01,-1.085963658988475800e-02,3.358871936798095703e-01,3.924039006233215332e-01,-1.735980063676834106e-02,3.415854275226593018e-01,3.728961050510406494e-01,-2.255633100867271423e-02,2.986106574535369873e-01,4.385642707347869873e-01,-5.498792510479688644e-03,3.092651665210723877e-01,3.991029262542724609e-01,-1.109975297003984451e-02,3.160491287708282471e-01,3.734190762042999268e-01,-1.739240996539592743e-02,3.213079571723937988e-01,3.503809869289398193e-01,-2.224802970886230469e-02,2.803201973438262939e-01,4.387083947658538818e-01,-8.393517695367336273e-03,2.850210964679718018e-01,3.983885049819946289e-01,-1.493301149457693100e-02,2.879244983196258545e-01,3.728005588054656982e-01,-2.066991664469242096e-02,2.911612093448638916e-01,3.496409356594085693e-01,-2.469142526388168335e-02,2.607207298278808594e-01,4.468481838703155518e-01,-1.244940422475337982e-02,2.591383159160614014e-01,4.137971699237823486e-01,-1.922653056681156158e-02,2.586781680583953857e-01,3.916912674903869629e-01,-2.281129546463489532e-02,2.595329284667968750e-01,3.699910342693328857e-01,-2.510465309023857117e-02,3.596893250942230225e-01,7.934201955795288086e-01,2.976220230266335420e-07,3.631198704242706299e-01,7.470335960388183594e-01,-2.758218161761760712e-02,3.471535444259643555e-01,7.234603762626647949e-01,-4.176833853125572205e-02,3.260743618011474609e-01,7.213788032531738281e-01,-5.068020522594451904e-02,3.103420138359069824e-01,7.176644802093505859e-01,-5.865393951535224915e-02,3.001259565353393555e-01,7.661016583442687988e-01,-4.268228262662887573e-02,2.573435008525848389e-01,7.561919689178466797e-01,-5.804131180047988892e-02,2.301839441061019897e-01,7.522162199020385742e-01,-6.685451418161392212e-02,2.071393728256225586e-01,7.512982487678527832e-01,-7.235767692327499390e-02,2.873856127262115479e-01,7.915344238281250000e-01,-3.451453149318695068e-02,2.386886030435562134e-01,7.818989157676696777e-01,-5.015077069401741028e-02,2.062906026840209961e-01,7.743920087814331055e-01,-5.925591289997100830e-02,1.794325709342956543e-01,7.680199742317199707e-01,-6.475379317998886108e-02,2.794813811779022217e-01,8.055568337440490723e-01,-2.683635056018829346e-02,2.337707877159118652e-01,7.979549169540405273e-01,-3.941249474883079529e-02,2.031552195549011230e-01,7.903564572334289551e-01,-4.756168276071548462e-02,1.785409152507781982e-01,7.835672497749328613e-01,-5.208903923630714417e-02,2.764104306697845459e-01,8.122655749320983887e-01,-2.093194611370563507e-02,2.396111190319061279e-01,8.075516223907470703e-01,-3.065495006740093231e-02,2.143275141716003418e-01,8.023266196250915527e-01,-3.611030057072639465e-02,1.946531534194946289e-01,7.967204451560974121e-01,-3.893779590725898743e-02
2.725236117839813232e-01,5.423075556755065918e-01,2.118980262366676470e-07,3.054162859916687012e-01,5.286932587623596191e-01,-1.047673262655735016e-02,3.322062492370605469e-01,4.972328245639801025e-01,-1.393197756260633469e-02,3.506150841712951660e-01,4.699798226356506348e-01,-1.713450625538825989e-02,3.701153397560119629e-01,4.559328854084014893e-01,-2.037226036190986633e-02,3.162028491497039795e-01,4.476516842842102051e-01,-3.757685888558626175e-03,3.289987742900848389e-01,4.144006967544555664e-01,-1.038372423499822617e-02,3.362188339233398438e-01,3.933254182338714600e-01,-1.703102700412273407e-02,3.422335088253021240e-01,3.738147616386413574e-01,-2.233561128377914429e-02,2.989050149917602539e-01,4.387385249137878418e-01,-4.930370021611452103e-03,3.092216253280639648e-01,3.988241255283355713e-01,-1.074090786278247833e-02,3.159623742103576660e-01,3.733658194541931152e-01,-1.715455204248428345e-02,3.213344514369964600e-01,3.502659201622009277e-01,-2.209638804197311401e-02,2.806649506092071533e-01,4.391152858734130859e-01,-8.028932847082614899e-03,2.845360934734344482e-01,3.990582823753356934e-01,-1.507165003567934036e-02,2.875614166259765625e-01,3.731030225753784180e-01,-2.103278599679470062e-02,2.909110188484191895e-01,3.496063053607940674e-01,-2.515343390405178070e-02,2.609369456768035889e-01,4.471689164638519287e-01,-1.231409795582294464e-02,2.591761052608489990e-01,4.139627814292907715e-01,-1.949072629213333130e-02,2.587744891643524170e-01,3.915511965751647949e-01,-2.330024167895317078e-02,2.596272230148315430e-01,3.692297935485839844e-01,-2.580771036446094513e-02,3.593189120292663574e-01,7.916261553764343262e-01,2.703092150113661774e-07,3.622553944587707520e-01,7.445993423461914062e-01,-2.527651190757751465e-02,3.445906043052673340e-01,7.221593260765075684e-01,-3.806259483098983765e-02,3.229743242263793945e-01,7.187350988388061523e-01,-4.574240744113922119e-02,3.093226850032806396e-01,7.134371995925903320e-01,-5.252309888601303101e-02,3.014887571334838867e-01,7.672441601753234863e-01,-4.238261282444000244e-02,2.578519582748413086e-01,7.566040158271789551e-01,-5.650255084037780762e-02,2.302541583776473999e-01,7.531135678291320801e-01,-6.397172808647155762e-02,2.075475454330444336e-01,7.524177432060241699e-01,-6.858169287443161011e-02,2.884337604045867920e-01,7.936967611312866211e-01,-3.452048823237419128e-02,2.381805628538131714e-01,7.843069434165954590e-01,-4.956156015396118164e-02,2.058018445968627930e-01,7.770187258720397949e-01,-5.718478932976722717e-02,1.795463562011718750e-01,7.711217403411865234e-01,-6.143785640597343445e-02,2.795897126197814941e-01,8.069241642951965332e-01,-2.670137956738471985e-02,2.326470315456390381e-01,8.001237511634826660e-01,-3.850769251585006714e-02,2.020933032035827637e-01,7.928127646446228027e-01,-4.544087126851081848e-02,1.779802441596984863e-01,7.865365147590637207e-01,-4.905248433351516724e-02,2.756109535694122314e-01,8.119891285896301270e-01,-2.044784091413021088e-02,2.381006330251693726e-01,8.079680204391479492e-01,-2.914928458631038666e-02,2.129921913146972656e-01,8.028770685195922852e-01,-3.364787250757217407e-02,1.936364620923995972e-01,7.977263331413269043e-01,-3.586042672395706177e-02
2.737081050872802734e-01,5.194184780120849609e-01,2.727595358464895980e-07,3.064149618148803711e-01,5.070856213569641113e-01,-1.197211816906929016e-02,3.317825198173522949e-01,4.764194786548614502e-01,-1.595305651426315308e-02,3.511177897453308105e-01,4.491385221481323242e-01,-1.949707604944705963e-02,3.702678084373474121e-01,4.356043934822082520e-01,-2.297348156571388245e-02,3.172579109668731689e-01,4.252688884735107422e-01,-4.755712114274501801e-03,3.303785026073455811e-01,3.914843201637268066e-01,-1.184753235429525375e-02,3.380646109580993652e-01,3.697696924209594727e-01,-1.877657882869243622e-02,3.442897200584411621e-01,3.496453762054443359e-01,-2.423557639122009277e-02,3.004249930381774902e-01,4.151902794837951660e-01,-4.997696261852979660e-03,3.112349510192871094e-01,3.750092685222625732e-01,-1.180412992835044861e-02,3.187066912651062012e-01,3.487390875816345215e-01,-1.874631084501743317e-02,3.247674703598022461e-01,3.255545496940612793e-01,-2.374840900301933289e-02,2.824568152427673340e-01,4.150025844573974609e-01,-7.325782440602779388e-03,2.862553000450134277e-01,3.734900653362274170e-01,-1.582651585340499878e-02,2.898698151111602783e-01,3.467380106449127197e-01,-2.276578545570373535e-02,2.939375638961791992e-01,3.227018117904663086e-01,-2.711589075624942780e-02,2.636525630950927734e-01,4.227830171585083008e-01,-1.085715927183628082e-02,2.632837891578674316e-01,3.879694044589996338e-01,-1.954095996916294098e-02,2.634241580963134766e-01,3.643128871917724609e-01,-2.435009740293025970e-02,2.647851407527923584e-01,3.412473797798156738e-01,-2.718951739370822906e-02,3.605586886405944824e-01,8.170653581619262695e-01,4.451242432423896389e-07,3.617416918277740479e-01,7.762387394905090332e-01,-4.503829404711723328e-02,3.497799634933471680e-01,7.592062950134277344e-01,-7.093117386102676392e-02,3.296741545200347900e-01,7.604030966758728027e-01,-8.822382241487503052e-02,3.069368600845336914e-01,7.628104686737060547e-01,-1.040776222944259644e-01,2.978229522705078125e-01,8.114519119262695312e-01,-6.839057058095932007e-02,2.567507326602935791e-01,8.124768137931823730e-01,-9.251387417316436768e-02,2.263353168964385986e-01,8.125824928283691406e-01,-1.072070449590682983e-01,1.999371349811553955e-01,8.130496144294738770e-01,-1.163675040006637573e-01,2.865023910999298096e-01,8.376739025115966797e-01,-5.408598855137825012e-02,2.358808517456054688e-01,8.386280536651611328e-01,-7.822190225124359131e-02,1.990990340709686279e-01,8.344464898109436035e-01,-9.221349656581878662e-02,1.691756844520568848e-01,8.308750987052917480e-01,-1.010367721319198608e-01,2.798820137977600098e-01,8.488702774047851562e-01,-4.099892824888229370e-02,2.328031659126281738e-01,8.506091237068176270e-01,-5.998732149600982666e-02,1.994742453098297119e-01,8.461077809333801270e-01,-7.173456251621246338e-02,1.726591438055038452e-01,8.414185047149658203e-01,-7.860341668128967285e-02,2.780759632587432861e-01,8.515189290046691895e-01,-3.093129396438598633e-02,2.417259663343429565e-01,8.533238172531127930e-01,-4.516810551285743713e-02,2.149680107831954956e-01,8.502064347267150879e-01,-5.414393171668052673e-02,1.929290592670440674e-01,8.459834456443786621e-01,-5.971053987741470337e-02
2.748255729675292969e-01,5.171706080436706543e-01,2.161488055207883008e-07,3.068414628505706787e-01,5.053121447563171387e-01,-1.086784526705741882e-02,3.330053985118865967e-01,4.753550589084625244e-01,-1.426216121762990952e-02,3.523109257221221924e-01,4.486203491687774658e-01,-1.725503057241439819e-02,3.713855445384979248e-01,4.352189898490905762e-01,-2.028220891952514648e-02,3.186347186565399170e-01,4.242664575576782227e-01,-4.369753412902355194e-03,3.324196040630340576e-01,3.909798562526702881e-01,-1.107077859342098236e-02,3.399098217487335205e-01,3.690070807933807373e-01,-1.765141077339649200e-02,3.462513685226440430e-01,3.489754498004913330e-01,-2.301161922514438629e-02,3.024123311042785645e-01,4.141138792037963867e-01,-5.170635413378477097e-03,3.141274154186248779e-01,3.739486932754516602e-01,-1.153235509991645813e-02,3.219246268272399902e-01,3.473801016807556152e-01,-1.823204942047595978e-02,3.281824588775634766e-01,3.238176107406616211e-01,-2.338204346597194672e-02,2.849295735359191895e-01,4.135604500770568848e-01,-7.926001213490962982e-03,2.903828024864196777e-01,3.716722130775451660e-01,-1.572813838720321655e-02,2.941798865795135498e-01,3.442767858505249023e-01,-2.257701940834522247e-02,2.980839610099792480e-01,3.199102282524108887e-01,-2.730690501630306244e-02,2.660256624221801758e-01,4.202656447887420654e-01,-1.180762704461812973e-02,2.653864622116088867e-01,3.860864639282226562e-01,-1.996506564319133759e-02,2.658423185348510742e-01,3.627743721008300781e-01,-2.483212575316429138e-02,2.676642537117004395e-01,3.397330641746520996e-01,-2.812158316373825073e-02,3.621511459350585938e-01,8.268329501152038574e-01,4.504536548211035552e-07,3.637004494667053223e-01,7.856341600418090820e-01,-4.582710191607475281e-02,3.514885902404785156e-01,7.662509083747863770e-01,-7.205559313297271729e-02,3.304207921028137207e-01,7.661592364311218262e-01,-8.927408605813980103e-02,3.070214986801147461e-01,7.692010402679443359e-01,-1.050981879234313965e-01,2.994765937328338623e-01,8.173019886016845703e-01,-7.007516920566558838e-02,2.554182410240173340e-01,8.188399076461791992e-01,-9.485252946615219116e-02,2.241577804088592529e-01,8.203542232513427734e-01,-1.097406297922134399e-01,1.975890696048736572e-01,8.211869001388549805e-01,-1.186272352933883667e-01,2.884231507778167725e-01,8.431515097618103027e-01,-5.444972962141036987e-02,2.368019074201583862e-01,8.457884788513183594e-01,-7.906962931156158447e-02,1.995847672224044800e-01,8.444350361824035645e-01,-9.277486801147460938e-02,1.696584522724151611e-01,8.420031666755676270e-01,-1.011819466948509216e-01,2.813997864723205566e-01,8.541002869606018066e-01,-3.983439877629280090e-02,2.345685064792633057e-01,8.558456301689147949e-01,-5.799971893429756165e-02,2.007357180118560791e-01,8.527979254722595215e-01,-6.727718561887741089e-02,1.733944118022918701e-01,8.473335504531860352e-01,-7.258097082376480103e-02,2.788299024105072021e-01,8.572214841842651367e-01,-2.838011272251605988e-02,2.428359538316726685e-01,8.607755899429321289e-01,-4.070372134447097778e-02,2.161287665367126465e-01,8.583083152770996094e-01,-4.702597856521606445e-02,1.940747499465942383e-01,8.530510663986206055e-01,-5.076142400503158569e-02
2.743886113166809082e-01,5.167005062103271484e-01,2.051295666660735151e-07,3.066478967666625977e-01,5.051981210708618164e-01,-1.100416667759418488e-02,3.330280482769012451e-01,4.754111170768737793e-01,-1.444933097809553146e-02,3.524917364120483398e-01,4.488506019115447998e-01,-1.751806028187274933e-02,3.715625107288360596e-01,4.354086816310882568e-01,-2.057414315640926361e-02,3.186555802822113037e-01,4.238612055778503418e-01,-4.241879098117351532e-03,3.327326476573944092e-01,3.908738493919372559e-01,-1.095464546233415604e-02,3.403514027595520020e-01,3.694025874137878418e-01,-1.758991926908493042e-02,3.466445803642272949e-01,3.496781885623931885e-01,-2.302804775536060333e-02,3.024498522281646729e-01,4.135939180850982666e-01,-4.958669189363718033e-03,3.141434490680694580e-01,3.741777241230010986e-01,-1.141731720417737961e-02,3.217362463474273682e-01,3.482922911643981934e-01,-1.820194907486438751e-02,3.276276886463165283e-01,3.252740502357482910e-01,-2.343214116990566254e-02,2.849813997745513916e-01,4.129472970962524414e-01,-7.659684866666793823e-03,2.905613183975219727e-01,3.716518878936767578e-01,-1.554551627486944199e-02,2.945046722888946533e-01,3.443700373172760010e-01,-2.239348553121089935e-02,2.983194291591644287e-01,3.200139403343200684e-01,-2.713908813893795013e-02,2.661394476890563965e-01,4.197685122489929199e-01,-1.150739751756191254e-02,2.658600211143493652e-01,3.861283659934997559e-01,-1.981111429631710052e-02,2.661953270435333252e-01,3.628757596015930176e-01,-2.476361207664012909e-02,2.675887048244476318e-01,3.400078415870666504e-01,-2.809720672667026520e-02,3.621209859848022461e-01,8.258455395698547363e-01,4.155498061209073057e-07,3.634083867073059082e-01,7.851656675338745117e-01,-4.409082606434822083e-02,3.506172895431518555e-01,7.666840553283691406e-01,-6.905791163444519043e-02,3.299201130867004395e-01,7.671935558319091797e-01,-8.539519459009170532e-02,3.065782785415649414e-01,7.660690546035766602e-01,-1.004152894020080566e-01,2.975522875785827637e-01,8.159061074256896973e-01,-6.608323007822036743e-02,2.551552057266235352e-01,8.175191283226013184e-01,-8.929608017206192017e-02,2.251401096582412720e-01,8.190457820892333984e-01,-1.037336960434913635e-01,1.994325667619705200e-01,8.201221823692321777e-01,-1.126633435487747192e-01,2.864373624324798584e-01,8.422918319702148438e-01,-5.126193910837173462e-02,2.359236180782318115e-01,8.450495600700378418e-01,-7.379994541406631470e-02,1.995318084955215454e-01,8.438751101493835449e-01,-8.698380738496780396e-02,1.704740375280380249e-01,8.421052694320678711e-01,-9.536078572273254395e-02,2.796570062637329102e-01,8.542947769165039062e-01,-3.753692284226417542e-02,2.328421175479888916e-01,8.555566668510437012e-01,-5.472294241189956665e-02,1.996175497770309448e-01,8.524069786071777344e-01,-6.430763751268386841e-02,1.730637401342391968e-01,8.477231860160827637e-01,-7.000724226236343384e-02,2.776991724967956543e-01,8.582777976989746094e-01,-2.683098614215850830e-02,2.416328787803649902e-01,8.596819639205932617e-01,-3.926148638129234314e-02,2.153703570365905762e-01,8.565903902053833008e-01,-4.585808143019676208e-02,1.940526664257049561e-01,8.515624403953552246e-01,-4.976227134466171265e-02
2.748856544494628906e-01,5.176285505294799805e-01,2.228979383289697580e-07,3.072051703929901123e-01,5.060504674911499023e-01,-1.141404639929533005e-02,3.335403203964233398e-01,4.770547747611999512e-01,-1.520827412605285645e-02,3.528199493885040283e-01,4.506829977035522461e-01,-1.849963888525962830e-02,3.719919323921203613e-01,4.359787702560424805e-01,-2.173255942761898041e-02,3.198954761028289795e-01,4.251632988452911377e-01,-4.741115029901266098e-03,3.344905972480773926e-01,3.911974430084228516e-01,-1.188585441559553146e-02,3.431731164455413818e-01,3.693130016326904297e-01,-1.878109946846961975e-02,3.509773313999176025e-01,3.494814336299896240e-01,-2.427559159696102142e-02,3.036605119705200195e-01,4.145444631576538086e-01,-5.197900813072919846e-03,3.162123560905456543e-01,3.750846385955810547e-01,-1.172907277941703796e-02,3.249289095401763916e-01,3.492134213447570801e-01,-1.850912906229496002e-02,3.322966694831848145e-01,3.266084790229797363e-01,-2.368524484336376190e-02,2.860256135463714600e-01,4.134071767330169678e-01,-7.688071578741073608e-03,2.926861345767974854e-01,3.709692060947418213e-01,-1.550794020295143127e-02,2.974006831645965576e-01,3.436820507049560547e-01,-2.214412391185760498e-02,3.023976981639862061e-01,3.197228908538818359e-01,-2.668975852429866791e-02,2.671041190624237061e-01,4.198298156261444092e-01,-1.136382482945919037e-02,2.670917510986328125e-01,3.853974044322967529e-01,-1.962422952055931091e-02,2.679383158683776855e-01,3.617567121982574463e-01,-2.447386458516120911e-02,2.701105177402496338e-01,3.386225998401641846e-01,-2.763538062572479248e-02,3.597110509872436523e-01,8.193605542182922363e-01,3.480760994989395840e-07,3.610851466655731201e-01,7.748785018920898438e-01,-3.932908549904823303e-02,3.477022051811218262e-01,7.547194957733154297e-01,-6.191726028919219971e-02,3.278524577617645264e-01,7.549901008605957031e-01,-7.731278240680694580e-02,3.070982396602630615e-01,7.568321228027343750e-01,-9.151019155979156494e-02,2.946421504020690918e-01,8.015848994255065918e-01,-5.970493331551551819e-02,2.538603246212005615e-01,8.039848804473876953e-01,-8.249823004007339478e-02,2.256306409835815430e-01,8.066321611404418945e-01,-9.654934704303741455e-02,2.011625915765762329e-01,8.099519014358520508e-01,-1.051052436232566833e-01,2.834340631961822510e-01,8.292400836944580078e-01,-4.776315018534660339e-02,2.343265265226364136e-01,8.324912786483764648e-01,-6.979963183403015137e-02,1.987111717462539673e-01,8.326692581176757812e-01,-8.215228468179702759e-02,1.694368720054626465e-01,8.317831158638000488e-01,-8.971433341503143311e-02,2.764180004596710205e-01,8.439684510231018066e-01,-3.697822615504264832e-02,2.303119301795959473e-01,8.452003598213195801e-01,-5.392312631011009216e-02,1.983115673065185547e-01,8.430550098419189453e-01,-6.292943656444549561e-02,1.715119928121566772e-01,8.390365242958068848e-01,-6.805799156427383423e-02,2.744181156158447266e-01,8.505446314811706543e-01,-2.902516908943653107e-02,2.395270913839340210e-01,8.511769175529479980e-01,-4.095171764492988586e-02,2.145582139492034912e-01,8.490009307861328125e-01,-4.686471819877624512e-02,1.940577328205108643e-01,8.450224399566650391e-01,-5.023100227117538452e-02
2.748856544494628906e-01,5.176285505294799805e-01,2.228979383289697580e-07,3.072051703929901123e-01,5.060504674911499023e-01,-1.141404639929533005e-02,3.335403203964233398e-01,4.770547747611999512e-01,-1.520827412605285645e-02,3.528199493885040283e-01,4.506829977035522461e-01,-1.849963888525962830e-02,3.719919323921203613e-01,4.359787702560424805e-01,-2.173255942761898041e-02,3.198954761028289795e-01,4.251632988452911377e-01,-4.741115029901266098e-03,3.344905972480773926e-01,3.911974430084228516e-01,-1.188585441559553146e-02,3.431731164455413818e-01,3.693130016326904297e-01,-1.878109946846961975e-02,3.509773313999176025e-01,3.494814336299896240e-01,-2.427559159696102142e-02,3.036605119705200195e-01,4.145444631576538086e-01,-5.197900813072919846e-03,3.162123560905456543e-01,3.750846385955810547e-01,-1.172907277941703796e-02,3.249289095401763916e-01,3.492134213447570801e-01,-1.850912906229496002e-02,3.322966694831848145e-01,3.266084790229797363e-01,-2.368524484336376190e-02,2.860256135463714600e-01,4.134071767330169678e-01,-7.688071578741073608e-03,2.926861345767974854e-01,3.709692060947418213e-01,-1.550794020295143127e-02,2.974006831645965576e-01,3.436820507049560547e-01,-2.214412391185760498e-02,3.023976981639862061e-01,3.197228908538818359e-01,-2.668975852429866791e-02,2.671041190624237061e-01,4.198298156261444092e-01,-1.136382482945919037e-02,2.670917510986328125e-01,3.853974044322967529e-01,-1.962422952055931091e-02,2.679383158683776855e-01,3.617567121982574463e-01,-2.447386458516120911e-02,2.701105177402496338e-01,3.386225998401641846e-01,-2.763538062572479248e-02,3.597110509872436523e-01,8.193605542182922363e-01,3.480760994989395840e-07,3.610851466655731201e-01,7.748785018920898438e-01,-3.932908549904823303e-02,3.477022051811218262e-01,7.547194957733154297e-01,-6.191726028919219971e-02,3.278524577617645264e-01,7.549901008605957031e-01,-7.731278240680694580e-02,3.070982396602630615e-01,7.568321228027343750e-01,-9.151019155979156494e-02,2.946421504020690918e-01,8.015848994255065918e-01,-5.970493331551551819e-02,2.538603246212005615e-01,8.039848804473876953e-01,-8.249823004007339478e-02,2.256306409835815430e-01,8.066321611404418945e-01,-9.654934704303741455e-02,2.011625915765762329e-01,8.099519014358520508e-01,-1.051052436232566833e-01,2.834340631961822510e-01,8.292400836944580078e-01,-4.776315018534660339e-02,2.343265265226364136e-01,8.324912786483764648e-01,-6.979963183403015137e-02,1.987111717462539673e-01,8.326692581176757812e-01,-8.215228468179702759e-02,1.694368720054626465e-01,8.317831158638000488e-01,-8.971433341503143311e-02,2.764180004596710205e-01,8.439684510231018066e-01,-3.697822615504264832e-02,2.303119301795959473e-01,8.452003598213195801e-01,-5.392312631011009216e-02,1.983115673065185547e-01,8.430550098419189453e-01,-6.292943656444549561e-02,1.715119928121566772e-01,8.390365242958068848e-01,-6.805799156427383423e-02,2.744181156158447266e-01,8.505446314811706543e-01,-2.902516908943653107e-02,2.395270913839340210e-01,8.511769175529479980e-01,-4.095171764492988586e-02,2.145582139492034912e-01,8.490009307861328125e-01,-4.686471819877624512e-02,1.940577328205108643e-01,8.450224399566650391e-01,-5.023100227117538452e-02
2.813611626625061035e-01,5.270447134971618652e-01,2.045146487716920092e-07,3.128961026668548584e-01,5.146822929382324219e-01,-1.053147856146097183e-02,3.380124568939208984e-01,4.853342771530151367e-01,-1.419353112578392029e-02,3.566886186599731445e-01,4.587581753730773926e-01,-1.774045079946517944e-02,3.756927847862243652e-01,4.434902071952819824e-01,-2.126877941191196442e-02,3.245485126972198486e-01,4.318529963493347168e-01,-3.856044262647628784e-03,3.396516442298889160e-01,3.988806307315826416e-01,-1.143181230872869492e-02,3.491439819335937500e-01,3.778955638408660889e-01,-1.898199692368507385e-02,3.572585582733154297e-01,3.579830825328826904e-01,-2.481373585760593414e-02,3.085182309150695801e-01,4.211777448654174805e-01,-4.839439410716295242e-03,3.210963308811187744e-01,3.831822574138641357e-01,-1.116854976862668991e-02,3.301816582679748535e-01,3.591527044773101807e-01,-1.774621568620204926e-02,3.374382257461547852e-01,3.371812999248504639e-01,-2.278684824705123901e-02,2.910509705543518066e-01,4.199563562870025635e-01,-7.826436311006546021e-03,2.979050874710083008e-01,3.789207935333251953e-01,-1.511292718350887299e-02,3.033231198787689209e-01,3.523145318031311035e-01,-2.097231149673461914e-02,3.083894550800323486e-01,3.283690214157104492e-01,-2.503393776714801788e-02,2.721207141876220703e-01,4.267238974571228027e-01,-1.203497499227523804e-02,2.726182937622070312e-01,3.929882645606994629e-01,-1.952759549021720886e-02,2.738434672355651855e-01,3.694611191749572754e-01,-2.336530201137065887e-02,2.757122218608856201e-01,3.471955060958862305e-01,-2.579172141849994659e-02,3.567952513694763184e-01,7.887443304061889648e-01,3.309233420623058919e-07,3.581667244434356689e-01,7.450196743011474609e-01,-3.981502354145050049e-02,3.425044715404510498e-01,7.280352711677551270e-01,-6.209801137447357178e-02,3.226719796657562256e-01,7.277216911315917969e-01,-7.676729559898376465e-02,3.057862222194671631e-01,7.202162742614746094e-01,-9.034688025712966919e-02,2.943241894245147705e-01,7.718568444252014160e-01,-6.078085303306579590e-02,2.550316751003265381e-01,7.716973423957824707e-01,-8.225669711828231812e-02,2.282934784889221191e-01,7.712739706039428711e-01,-9.503706544637680054e-02,2.051490247249603271e-01,7.710022926330566406e-01,-1.030823066830635071e-01,2.816147804260253906e-01,7.983484864234924316e-01,-4.765729606151580811e-02,2.352282106876373291e-01,7.978392243385314941e-01,-6.856972724199295044e-02,2.026991695165634155e-01,7.950701117515563965e-01,-7.938924431800842285e-02,1.758105456829071045e-01,7.922551631927490234e-01,-8.602955192327499390e-02,2.738110423088073730e-01,8.119692802429199219e-01,-3.568745404481887817e-02,2.296103537082672119e-01,8.116801381111145020e-01,-5.236442387104034424e-02,1.997739076614379883e-01,8.063497543334960938e-01,-6.091094017028808594e-02,1.754363775253295898e-01,8.003805875778198242e-01,-6.582051515579223633e-02,2.704763114452362061e-01,8.177425861358642578e-01,-2.644055150449275970e-02,2.365064322948455811e-01,8.159156441688537598e-01,-3.816149756312370300e-02,2.135369777679443359e-01,8.117169737815856934e-01,-4.396900534629821777e-02,1.950907111167907715e-01,8.067520856857299805e-01,-4.755064472556114197e-02
2.828703820705413818e-01,5.345737934112548828e-01,1.972885854684136575e-07,3.151113092899322510e-01,5.231207609176635742e-01,-1.115247886627912521e-02,3.407043516635894775e-01,4.941658973693847656e-01,-1.528741233050823212e-02,3.599084317684173584e-01,4.669288992881774902e-01,-1.915961317718029022e-02,3.792082071304321289e-01,4.509558379650115967e-01,-2.304646745324134827e-02,3.289313316345214844e-01,4.408951699733734131e-01,-4.663977771997451782e-03,3.443191647529602051e-01,4.084475338459014893e-01,-1.252792403101921082e-02,3.531776666641235352e-01,3.874706327915191650e-01,-2.024030499160289764e-02,3.604317307472229004e-01,3.676720261573791504e-01,-2.621057629585266113e-02,3.128033280372619629e-01,4.298989176750183105e-01,-5.429672542959451675e-03,3.261501789093017578e-01,3.925993144512176514e-01,-1.202855072915554047e-02,3.349641561508178711e-01,3.688400685787200928e-01,-1.869978755712509155e-02,3.417657911777496338e-01,3.473434448242187500e-01,-2.377129159867763519e-02,2.949865162372589111e-01,4.285774230957031250e-01,-8.245560340583324432e-03,3.025595247745513916e-01,3.881109654903411865e-01,-1.580701209604740143e-02,3.078108429908752441e-01,3.618386983871459961e-01,-2.162966877222061157e-02,3.129048943519592285e-01,3.378828167915344238e-01,-2.569615468382835388e-02,2.755312025547027588e-01,4.356078207492828369e-01,-1.231848448514938354e-02,2.766247689723968506e-01,4.027715027332305908e-01,-2.007992565631866455e-02,2.781045436859130859e-01,3.799282908439636230e-01,-2.395758032798767090e-02,2.804436087608337402e-01,3.578458428382873535e-01,-2.642142772674560547e-02,3.580203056335449219e-01,7.782802581787109375e-01,2.654090849318890832e-07,3.614362478256225586e-01,7.327793240547180176e-01,-3.173939883708953857e-02,3.449005782604217529e-01,7.098636627197265625e-01,-4.857129976153373718e-02,3.212009370326995850e-01,7.006304264068603516e-01,-5.932382121682167053e-02,3.053656220436096191e-01,6.867721676826477051e-01,-6.904625892639160156e-02,2.969648241996765137e-01,7.509707212448120117e-01,-4.920343309640884399e-02,2.565184235572814941e-01,7.450967431068420410e-01,-6.646071374416351318e-02,2.303056120872497559e-01,7.422068715095520020e-01,-7.654667645692825317e-02,2.075758576393127441e-01,7.410070896148681641e-01,-8.320432901382446289e-02,2.826834917068481445e-01,7.753854393959045410e-01,-3.944215178489685059e-02,2.362478077411651611e-01,7.701052427291870117e-01,-5.742112174630165100e-02,2.047859132289886475e-01,7.638611197471618652e-01,-6.686711311340332031e-02,1.781196743249893188e-01,7.585396766662597656e-01,-7.258947938680648804e-02,2.736716568470001221e-01,7.880015969276428223e-01,-3.030726127326488495e-02,2.308535873889923096e-01,7.841902375221252441e-01,-4.468540474772453308e-02,2.017396986484527588e-01,7.771410346031188965e-01,-5.220562219619750977e-02,1.773468852043151855e-01,7.702713608741760254e-01,-5.635775625705718994e-02,2.701204717159271240e-01,7.935901284217834473e-01,-2.335965633392333984e-02,2.361846268177032471e-01,7.914012074470520020e-01,-3.345017880201339722e-02,2.133188545703887939e-01,7.861978411674499512e-01,-3.830807283520698547e-02,1.951594203710556030e-01,7.800838351249694824e-01,-4.107357561588287354e-02
2.924239039421081543e-01,5.592262744903564453e-01,1.577606099090189673e-07,3.237108886241912842e-01,5.452956557273864746e-01,-9.049590677022933960e-03,3.478637337684631348e-01,5.155468583106994629e-01,-1.286185439676046371e-02,3.671663701534271240e-01,4.890267848968505859e-01,-1.691445522010326385e-02,3.866944909095764160e-01,4.737611114978790283e-01,-2.116926014423370361e-02,3.363429605960845947e-01,4.671741425991058350e-01,-4.812360275536775589e-03,3.515028655529022217e-01,4.348685741424560547e-01,-1.330250687897205353e-02,3.611863553524017334e-01,4.152510166168212891e-01,-2.119789458811283112e-02,3.697447776794433594e-01,3.958628773689270020e-01,-2.717310003936290741e-02,3.205862045288085938e-01,4.581133127212524414e-01,-7.144133560359477997e-03,3.348281085491180420e-01,4.210726618766784668e-01,-1.436715852469205856e-02,3.449828326702117920e-01,3.977371752262115479e-01,-2.105119079351425171e-02,3.534434735774993896e-01,3.750208020210266113e-01,-2.612924762070178986e-02,3.029372096061706543e-01,4.578759372234344482e-01,-1.126626506447792053e-02,3.114233314990997314e-01,4.190551042556762695e-01,-1.951020583510398865e-02,3.175407648086547852e-01,3.941929936408996582e-01,-2.482890151441097260e-02,3.238961100578308105e-01,3.712357282638549805e-01,-2.838460355997085571e-02,2.836573123931884766e-01,4.655005931854248047e-01,-1.644827984273433685e-02,2.853860557079315186e-01,4.334082603454589844e-01,-2.422410249710083008e-02,2.877552509307861328e-01,4.119300544261932373e-01,-2.721108496189117432e-02,2.911287248134613037e-01,3.913961052894592285e-01,-2.907097712159156799e-02,3.583940565586090088e-01,7.370734214782714844e-01,2.647686869750032201e-07,3.617292642593383789e-01,6.901968121528625488e-01,-2.620045654475688934e-02,3.449546694755554199e-01,6.635305881500244141e-01,-3.998732194304466248e-02,3.193747103214263916e-01,6.550568938255310059e-01,-4.776246473193168640e-02,3.008254766464233398e-01,6.538307666778564453e-01,-5.468696355819702148e-02,3.011780381202697754e-01,7.032240629196166992e-01,-4.755035415291786194e-02,2.615624368190765381e-01,6.851776242256164551e-01,-6.296706944704055786e-02,2.367364764213562012e-01,6.779436469078063965e-01,-7.089053094387054443e-02,2.150636613368988037e-01,6.742970347404479980e-01,-7.608302682638168335e-02,2.845332622528076172e-01,7.314589619636535645e-01,-3.957841545343399048e-02,2.408638745546340942e-01,7.092399597167968750e-01,-5.599317327141761780e-02,2.120451331138610840e-01,6.975776553153991699e-01,-6.376663595438003540e-02,1.874448955059051514e-01,6.878705024719238281e-01,-6.903190910816192627e-02,2.744942605495452881e-01,7.501485347747802734e-01,-3.145220875740051270e-02,2.355281710624694824e-01,7.304182052612304688e-01,-4.448141530156135559e-02,2.097071111202239990e-01,7.174240946769714355e-01,-5.098192021250724792e-02,1.898161768913269043e-01,7.053008675575256348e-01,-5.514815077185630798e-02,2.714498937129974365e-01,7.635898590087890625e-01,-2.484180592000484467e-02,2.417380064725875854e-01,7.562210559844970703e-01,-3.449825942516326904e-02,2.273524701595306396e-01,7.464765310287475586e-01,-3.823570907115936279e-02,2.190769314765930176e-01,7.349364161491394043e-01,-4.035716503858566284e-02
2.924239039421081543e-01,5.592262744903564453e-01,1.577606099090189673e-07,3.237108886241912842e-01,5.452956557273864746e-01,-9.049590677022933960e-03,3.478637337684631348e-01,5.155468583106994629e-01,-1.286185439676046371e-02,3.671663701534271240e-01,4.890267848968505859e-01,-1.691445522010326385e-02,3.866944909095764160e-01,4.737611114978790283e-01,-2.116926014423370361e-02,3.363429605960845947e-01,4.671741425991058350e-01,-4.812360275536775589e-03,3.515028655529022217e-01,4.348685741424560547e-01,-1.330250687897205353e-02,3.611863553524017334e-01,4.152510166168212891e-01,-2.119789458811283112e-02,3.697447776794433594e-01,3.958628773689270020e-01,-2.717310003936290741e-02,3.205862045288085938e-01,4.581133127212524414e-01,-7.144133560359477997e-03,3.348281085491180420e-01,4.210726618766784668e-01,-1.436715852469205856e-02,3.449828326702117920e-01,3.977371752262115479e-01,-2.105119079351425171e-02,3.534434735774993896e-01,3.750208020210266113e-01,-2.612924762070178986e-02,3.029372096061706543e-01,4.578759372234344482e-01,-1.126626506447792053e-02,3.114233314990997314e-01,4.190551042556762695e-01,-1.951020583510398865e-02,3.175407648086547852e-01,3.941929936408996582e-01,-2.482890151441097260e-02,3.238961100578308105e-01,3.712357282638549805e-01,-2.838460355997085571e-02,2.836573123931884766e-01,4.655005931854248047e-01,-1.644827984273433685e-02,2.853860557079315186e-01,4.334082603454589844e-01,-2.422410249710083008e-02,2.877552509307861328e-01,4.119300544261932373e-01,-2.721108496189117432e-02,2.911287248134613037e-01,3.913961052894592285e-01,-2.907097712159156799e-02,3.583940565586090088e-01,7.370734214782714844e-01,2.647686869750032201e-07,3.617292642593383789e-01,6.901968121528625488e-01,-2.620045654475688934e-02,3.449546694755554199e-01,6.635305881500244141e-01,-3.998732194304466248e-02,3.193747103214263916e-01,6.550568938255310059e-01,-4.776246473193168640e-02,3.008254766464233398e-01,6.538307666778564453e-01,-5.468696355819702148e-02,3.011780381202697754e-01,7.032240629196166992e-01,-4.755035415291786194e-02,2.615624368190765381e-01,6.851776242256164551e-01,-6.296706944704055786e-02,2.367364764213562012e-01,6.779436469078063965e-01,-7.089053094387054443e-02,2.150636613368988037e-01,6.742970347404479980e-01,-7.608302682638168335e-02,2.845332622528076172e-01,7.314589619636535645e-01,-3.957841545343399048e-02,2.408638745546340942e-01,7.092399597167968750e-01,-5.599317327141761780e-02,2.120451331138610840e-01,6.975776553153991699e-01,-6.376663595438003540e-02,1.874448955059051514e-01,6.878705024719238281e-01,-6.903190910816192627e-02,2.744942605495452881e-01,7.501485347747802734e-01,-3.145220875740051270e-02,2.355281710624694824e-01,7.304182052612304688e-01,-4.448141530156135559e-02,2.097071111202239990e-01,7.174240946769714355e-01,-5.098192021250724792e-02,1.898161768913269043e-01,7.053008675575256348e-01,-5.514815077185630798e-02,2.714498937129974365e-01,7.635898590087890625e-01,-2.484180592000484467e-02,2.417380064725875854e-01,7.562210559844970703e-01,-3.449825942516326904e-02,2.273524701595306396e-01,7.464765310287475586e-01,-3.823570907115936279e-02,2.190769314765930176e-01,7.349364161491394043e-01,-4.035716503858566284e-02
2.924324870109558105e-01,5.583844780921936035e-01,2.381203785262187012e-07,3.235318362712860107e-01,5.454440116882324219e-01,-1.079597324132919312e-02,3.490037918090820312e-01,5.168793797492980957e-01,-1.547585334628820419e-02,3.672497272491455078e-01,4.910002946853637695e-01,-1.995118893682956696e-02,3.869172632694244385e-01,4.750133156776428223e-01,-2.464017644524574280e-02,3.358657062053680420e-01,4.675380587577819824e-01,-5.894808098673820496e-03,3.515226840972900391e-01,4.357124865055084229e-01,-1.469274237751960754e-02,3.616315722465515137e-01,4.157399237155914307e-01,-2.272809855639934540e-02,3.707284629344940186e-01,3.968605697154998779e-01,-2.862707711756229401e-02,3.200831711292266846e-01,4.585405886173248291e-01,-7.438210770487785339e-03,3.342811465263366699e-01,4.211163818836212158e-01,-1.479521766304969788e-02,3.443227410316467285e-01,3.967986702919006348e-01,-2.165749296545982361e-02,3.530796170234680176e-01,3.742277920246124268e-01,-2.677733451128005981e-02,3.025846183300018311e-01,4.586670398712158203e-01,-1.097134035080671310e-02,3.106579780578613281e-01,4.194568395614624023e-01,-1.904455758631229401e-02,3.168759346008300781e-01,3.939912319183349609e-01,-2.458610199391841888e-02,3.237262070178985596e-01,3.707447648048400879e-01,-2.832884341478347778e-02,2.831673324108123779e-01,4.662493765354156494e-01,-1.570004411041736603e-02,2.847824394702911377e-01,4.342284202575683594e-01,-2.350393496453762054e-02,2.871552705764770508e-01,4.124944210052490234e-01,-2.687712199985980988e-02,2.907400429248809814e-01,3.913947939872741699e-01,-2.896366082131862640e-02,3.587407171726226807e-01,7.359629869461059570e-01,2.636727458593668416e-07,3.628250956535339355e-01,6.865413188934326172e-01,-2.333203330636024475e-02,3.452929556369781494e-01,6.584421992301940918e-01,-3.505008295178413391e-02,3.200544416904449463e-01,6.503856182098388672e-01,-4.122932627797126770e-02,3.011558055877685547e-01,6.509574651718139648e-01,-4.674036428332328796e-02,3.064602017402648926e-01,7.000463604927062988e-01,-4.337225109338760376e-02,2.652596235275268555e-01,6.827955245971679688e-01,-5.715470761060714722e-02,2.396394312381744385e-01,6.757199764251708984e-01,-6.388803571462631226e-02,2.179895341396331787e-01,6.721462011337280273e-01,-6.799697130918502808e-02,2.910254895687103271e-01,7.280446887016296387e-01,-3.596439585089683533e-02,2.442064136266708374e-01,7.085267305374145508e-01,-5.068297311663627625e-02,2.133154273033142090e-01,6.983944773674011230e-01,-5.768651515245437622e-02,1.875134855508804321e-01,6.904864311218261719e-01,-6.208927184343338013e-02,2.810355722904205322e-01,7.463555932044982910e-01,-2.824795432388782501e-02,2.393291741609573364e-01,7.282639145851135254e-01,-3.971098363399505615e-02,2.115319967269897461e-01,7.161972522735595703e-01,-4.633290693163871765e-02,1.901249289512634277e-01,7.056342959403991699e-01,-5.042330175638198853e-02,2.770737707614898682e-01,7.596035599708557129e-01,-2.178384363651275635e-02,2.456784546375274658e-01,7.548682689666748047e-01,-3.054884262382984161e-02,2.284507751464843750e-01,7.460185885429382324e-01,-3.468003123998641968e-02,2.178452759981155396e-01,7.353262305259704590e-01,-3.699862584471702576e-02
3.019051551818847656e-01,5.879948139190673828e-01,1.494216519404290011e-07,3.323690295219421387e-01,5.782090425491333008e-01,-1.228880602866411209e-02,3.574582338333129883e-01,5.562350153923034668e-01,-1.966034993529319763e-02,3.770333528518676758e-01,5.328401327133178711e-01,-2.633235231041908264e-02,3.964536190032958984e-01,5.147066712379455566e-01,-3.342566639184951782e-02,3.470948934555053711e-01,5.161060094833374023e-01,-1.516581699252128601e-02,3.640655875205993652e-01,4.837626218795776367e-01,-2.669333852827548981e-02,3.736329078674316406e-01,4.655467271804809570e-01,-3.503596037626266479e-02,3.818070590496063232e-01,4.477620422840118408e-01,-4.074117541313171387e-02,3.311801850795745850e-01,5.063815116882324219e-01,-1.635935343801975250e-02,3.471063375473022461e-01,4.700486958026885986e-01,-2.593389339745044708e-02,3.572529852390289307e-01,4.486595690250396729e-01,-3.252598643302917480e-02,3.655410408973693848e-01,4.282363653182983398e-01,-3.736247494816780090e-02,3.123363852500915527e-01,5.051867365837097168e-01,-1.906346157193183899e-02,3.212846219539642334e-01,4.674132764339447021e-01,-2.915015816688537598e-02,3.272304534912109375e-01,4.455936253070831299e-01,-3.380156308412551880e-02,3.329976499080657959e-01,4.263432323932647705e-01,-3.674137964844703674e-02,2.916231155395507812e-01,5.111758112907409668e-01,-2.281660586595535278e-02,2.928476333618164062e-01,4.814340174198150635e-01,-3.193069249391555786e-02,2.941035032272338867e-01,4.625540971755981445e-01,-3.452311456203460693e-02,2.953609526157379150e-01,4.447653591632843018e-01,-3.585302829742431641e-02,3.655793368816375732e-01,7.008279561996459961e-01,2.985787261877703713e-07,3.753564655780792236e-01,6.583452820777893066e-01,-3.076917678117752075e-02,3.654311299324035645e-01,6.285109519958496094e-01,-5.012081563472747803e-02,3.452497720718383789e-01,6.106362342834472656e-01,-6.328400969505310059e-02,3.265664577484130859e-01,5.903726816177368164e-01,-7.597166299819946289e-02,3.222647309303283691e-01,6.470589637756347656e-01,-5.589034408330917358e-02,2.803241014480590820e-01,6.171959638595581055e-01,-7.452763617038726807e-02,2.555751800537109375e-01,6.024901270866394043e-01,-8.324817568063735962e-02,2.340527474880218506e-01,5.915493369102478027e-01,-8.858121186494827271e-02,3.051095306873321533e-01,6.669569611549377441e-01,-4.731085151433944702e-02,2.615681588649749756e-01,6.338735818862915039e-01,-6.609854847192764282e-02,2.331568300724029541e-01,6.174334287643432617e-01,-7.385799288749694824e-02,2.089014649391174316e-01,6.040524840354919434e-01,-7.883462309837341309e-02,2.945823669433593750e-01,6.786823272705078125e-01,-3.904872760176658630e-02,2.544149756431579590e-01,6.513565778732299805e-01,-5.392076075077056885e-02,2.277209609746932983e-01,6.379016637802124023e-01,-6.011582911014556885e-02,2.050517350435256958e-01,6.249818205833435059e-01,-6.400008499622344971e-02,2.903327941894531250e-01,6.862000226974487305e-01,-3.265785053372383118e-02,2.582146227359771729e-01,6.682429313659667969e-01,-4.368959367275238037e-02,2.379789054393768311e-01,6.567105054855346680e-01,-4.809988290071487427e-02,2.213585376739501953e-01,6.452336311340332031e-01,-5.088167637586593628e-02
2.992901206016540527e-01,5.974656343460083008e-01,2.241166612293454818e-07,3.315779864788055420e-01,5.902051925659179688e-01,-1.387977413833141327e-02,3.580554127693176270e-01,5.675601363182067871e-01,-2.049105986952781677e-02,3.785184025764465332e-01,5.432431101799011230e-01,-2.595523186028003693e-02,3.978028893470764160e-01,5.240768790245056152e-01,-3.195361793041229248e-02,3.451663255691528320e-01,5.301355123519897461e-01,-1.476589497178792953e-02,3.627642989158630371e-01,4.986022114753723145e-01,-2.592355944216251373e-02,3.735831081867218018e-01,4.795087873935699463e-01,-3.408332169055938721e-02,3.826675713062286377e-01,4.609377682209014893e-01,-3.958744183182716370e-02,3.295185565948486328e-01,5.206006765365600586e-01,-1.464435365051031113e-02,3.459339141845703125e-01,4.856902658939361572e-01,-2.349310740828514099e-02,3.559805154800415039e-01,4.634754657745361328e-01,-3.041973896324634552e-02,3.643492460250854492e-01,4.428107738494873047e-01,-3.555166721343994141e-02,3.111279904842376709e-01,5.196040272712707520e-01,-1.620286516845226288e-02,3.207479715347290039e-01,4.849830567836761475e-01,-2.545050531625747681e-02,3.261605799198150635e-01,4.615417122840881348e-01,-3.038566000759601593e-02,3.319602906703948975e-01,4.411315619945526123e-01,-3.364425897598266602e-02,2.912119925022125244e-01,5.255291461944580078e-01,-1.894692890346050262e-02,2.932233810424804688e-01,4.976415336132049561e-01,-2.776296995580196381e-02,2.947248816490173340e-01,4.786350727081298828e-01,-3.068791888654232025e-02,2.966114878654479980e-01,4.608286321163177490e-01,-3.221720829606056213e-02,3.676584362983703613e-01,6.784120798110961914e-01,2.456912397974519990e-07,3.770512044429779053e-01,6.366115808486938477e-01,-1.987044885754585266e-02,3.652618527412414551e-01,6.020583510398864746e-01,-3.031990118324756622e-02,3.448618352413177490e-01,5.831564068794250488e-01,-3.663217276334762573e-02,3.293292820453643799e-01,5.651806592941284180e-01,-4.232254624366760254e-02,3.203988075256347656e-01,6.216576695442199707e-01,-3.492551296949386597e-02,2.815476059913635254e-01,5.957337021827697754e-01,-4.767577722668647766e-02,2.579888403415679932e-01,5.811736583709716797e-01,-5.357394367456436157e-02,2.389608472585678101e-01,5.706605315208435059e-01,-5.657731369137763977e-02,3.045169711112976074e-01,6.430947780609130859e-01,-2.891857177019119263e-02,2.621577978134155273e-01,6.168518066406250000e-01,-4.344611614942550659e-02,2.346102893352508545e-01,5.999196767807006836e-01,-5.004305019974708557e-02,2.119973599910736084e-01,5.868068933486938477e-01,-5.293304845690727234e-02,2.954911589622497559e-01,6.576730012893676758e-01,-2.282402105629444122e-02,2.566055059432983398e-01,6.357485651969909668e-01,-3.445043414831161499e-02,2.309536337852478027e-01,6.219961643218994141e-01,-3.951084986329078674e-02,2.095661908388137817e-01,6.104440093040466309e-01,-4.120100662112236023e-02,2.925327718257904053e-01,6.674487590789794922e-01,-1.775290258228778839e-02,2.605340480804443359e-01,6.506909728050231934e-01,-2.629091031849384308e-02,2.400197535753250122e-01,6.395096778869628906e-01,-2.929605916142463684e-02,2.240413427352905273e-01,6.292000412940979004e-01,-2.983831241726875305e-02
2.987118959426879883e-01,6.084514260292053223e-01,2.112301160650531529e-07,3.302379250526428223e-01,5.993220806121826172e-01,-9.249396622180938721e-03,3.582915365695953369e-01,5.781673789024353027e-01,-1.644882559776306152e-02,3.807741105556488037e-01,5.598961114883422852e-01,-2.286290749907493591e-02,4.005036354064941406e-01,5.439528822898864746e-01,-3.047424182295799255e-02,3.455749452114105225e-01,5.555179119110107422e-01,-2.329004742205142975e-02,3.643657863140106201e-01,5.235905647277832031e-01,-3.573670238256454468e-02,3.760200738906860352e-01,5.046386718750000000e-01,-4.309938102960586548e-02,3.858277201652526855e-01,4.880602061748504639e-01,-4.804169759154319763e-02,3.297601044178009033e-01,5.482215285301208496e-01,-2.648562379181385040e-02,3.476564288139343262e-01,5.127547979354858398e-01,-3.704129159450531006e-02,3.589921593666076660e-01,4.890788495540618896e-01,-4.385919123888015747e-02,3.674602210521697998e-01,4.693422913551330566e-01,-4.937341064214706421e-02,3.107424080371856689e-01,5.490509271621704102e-01,-3.015587851405143738e-02,3.202199637889862061e-01,5.155473947525024414e-01,-4.095911607146263123e-02,3.276133835315704346e-01,4.913267195224761963e-01,-4.694899916648864746e-02,3.345268666744232178e-01,4.707636535167694092e-01,-5.157424136996269226e-02,2.909100949764251709e-01,5.559533834457397461e-01,-3.415256366133689880e-02,2.908902764320373535e-01,5.302093625068664551e-01,-4.521113634109497070e-02,2.922779321670532227e-01,5.096778273582458496e-01,-4.988907277584075928e-02,2.944063544273376465e-01,4.907307922840118408e-01,-5.316147208213806152e-02,3.721829056739807129e-01,6.640754342079162598e-01,2.578706244094064459e-07,3.806546330451965332e-01,6.206646561622619629e-01,-1.834692619740962982e-02,3.684073984622955322e-01,5.834732651710510254e-01,-2.925498783588409424e-02,3.476675748825073242e-01,5.626001358032226562e-01,-3.609324619174003601e-02,3.323888480663299561e-01,5.437620878219604492e-01,-4.264204576611518860e-02,3.293761610984802246e-01,6.006706953048706055e-01,-3.604628518223762512e-02,2.883521914482116699e-01,5.720925927162170410e-01,-4.894516617059707642e-02,2.640265822410583496e-01,5.563643574714660645e-01,-5.485181882977485657e-02,2.446782588958740234e-01,5.453792214393615723e-01,-5.769664421677589417e-02,3.137688636779785156e-01,6.226678490638732910e-01,-3.042438626289367676e-02,2.696592807769775391e-01,5.913527607917785645e-01,-4.375379532575607300e-02,2.410849332809448242e-01,5.726273059844970703e-01,-5.011707916855812073e-02,2.188215106725692749e-01,5.586526393890380859e-01,-5.333672463893890381e-02,3.034847974777221680e-01,6.381742358207702637e-01,-2.442479133605957031e-02,2.626065015792846680e-01,6.116212606430053711e-01,-3.462549299001693726e-02,2.353774309158325195e-01,5.973131060600280762e-01,-4.032531008124351501e-02,2.139514833688735962e-01,5.862342715263366699e-01,-4.312749207019805908e-02,2.983005642890930176e-01,6.492276787757873535e-01,-1.921641826629638672e-02,2.656411230564117432e-01,6.301094889640808105e-01,-2.669356949627399445e-02,2.445438802242279053e-01,6.188979744911193848e-01,-3.016584739089012146e-02,2.278076857328414917e-01,6.094053387641906738e-01,-3.153790161013603210e-02
3.000246882438659668e-01,6.060873866081237793e-01,2.425537672934297007e-07,3.286684751510620117e-01,5.987015366554260254e-01,-1.002148166298866272e-02,3.567729592323303223e-01,5.776801705360412598e-01,-1.643809117376804352e-02,3.798464536666870117e-01,5.596732497215270996e-01,-2.173672243952751160e-02,3.994852304458618164e-01,5.443480610847473145e-01,-2.803910709917545319e-02,3.449839353561401367e-01,5.546604990959167480e-01,-2.190883643925189972e-02,3.636996448040008545e-01,5.237585306167602539e-01,-3.341212123632431030e-02,3.760546743869781494e-01,5.041490793228149414e-01,-4.037971794605255127e-02,3.859749138355255127e-01,4.873708486557006836e-01,-4.508762806653976440e-02,3.301184475421905518e-01,5.473876595497131348e-01,-2.416579797863960266e-02,3.473712503910064697e-01,5.135011672973632812e-01,-3.402018174529075623e-02,3.592265844345092773e-01,4.902545213699340820e-01,-4.030703380703926086e-02,3.685261011123657227e-01,4.709907472133636475e-01,-4.535619169473648071e-02,3.118804693222045898e-01,5.475037097930908203e-01,-2.701292932033538818e-02,3.209472596645355225e-01,5.155872702598571777e-01,-3.724497929215431213e-02,3.280441164970397949e-01,4.917081594467163086e-01,-4.250123351812362671e-02,3.347748816013336182e-01,4.719439744949340820e-01,-4.643448814749717712e-02,2.927081882953643799e-01,5.535026788711547852e-01,-3.033274225890636444e-02,2.924752533435821533e-01,5.280847549438476562e-01,-4.100727662444114685e-02,2.937064170837402344e-01,5.077532529830932617e-01,-4.519724100828170776e-02,2.955791056156158447e-01,4.892854094505310059e-01,-4.790742695331573486e-02,3.731651008129119873e-01,6.621914505958557129e-01,2.441414039822120685e-07,3.812597692012786865e-01,6.181307435035705566e-01,-1.845086552202701569e-02,3.671982288360595703e-01,5.803636312484741211e-01,-2.886192686855792999e-02,3.463252782821655273e-01,5.600029826164245605e-01,-3.490111976861953735e-02,3.307367265224456787e-01,5.427784919738769531e-01,-4.045992344617843628e-02,3.291091918945312500e-01,6.011127829551696777e-01,-3.624469786882400513e-02,2.881351709365844727e-01,5.710539221763610840e-01,-4.813159629702568054e-02,2.643314301967620850e-01,5.552999377250671387e-01,-5.296254530549049377e-02,2.458965331315994263e-01,5.444262027740478516e-01,-5.503716319799423218e-02,3.142141699790954590e-01,6.230796575546264648e-01,-2.999798581004142761e-02,2.707017660140991211e-01,5.912089347839355469e-01,-4.218536242842674255e-02,2.426390945911407471e-01,5.716851353645324707e-01,-4.727772250771522522e-02,2.208311557769775391e-01,5.573680996894836426e-01,-4.976323619484901428e-02,3.043093383312225342e-01,6.385294198989868164e-01,-2.348195202648639679e-02,2.632275819778442383e-01,6.101701259613037109e-01,-3.321127220988273621e-02,2.370914816856384277e-01,5.938280820846557617e-01,-3.879274055361747742e-02,2.167802155017852783e-01,5.816204547882080078e-01,-4.160645231604576111e-02,2.993222475051879883e-01,6.496714353561401367e-01,-1.771697774529457092e-02,2.668894827365875244e-01,6.297322511672973633e-01,-2.535526081919670105e-02,2.459892481565475464e-01,6.178864836692810059e-01,-2.945300936698913574e-02,2.296608388423919678e-01,6.085895299911499023e-01,-3.136507421731948853e-02
3.000246882438659668e-01,6.060873866081237793e-01,2.425537672934297007e-07,3.286684751510620117e-01,5.987015366554260254e-01,-1.002148166298866272e-02,3.567729592323303223e-01,5.776801705360412598e-01,-1.643809117376804352e-02,3.798464536666870117e-01,5.596732497215270996e-01,-2.173672243952751160e-02,3.994852304458618164e-01,5.443480610847473145e-01,-2.803910709917545319e-02,3.449839353561401367e-01,5.546604990959167480e-01,-2.190883643925189972e-02,3.636996448040008545e-01,5.237585306167602539e-01,-3.341212123632431030e-02,3.760546743869781494e-01,5.041490793228149414e-01,-4.037971794605255127e-02,3.859749138355255127e-01,4.873708486557006836e-01,-4.508762806653976440e-02,3.301184475421905518e-01,5.473876595497131348e-01,-2.416579797863960266e-02,3.473712503910064697e-01,5.135011672973632812e-01,-3.402018174529075623e-02,3.592265844345092773e-01,4.902545213699340820e-01,-4.030703380703926086e-02,3.685261011123657227e-01,4.709907472133636475e-01,-4.535619169473648071e-02,3.118804693222045898e-01,5.475037097930908203e-01,-2.701292932033538818e-02,3.209472596645355225e-01,5.155872702598571777e-01,-3.724497929215431213e-02,3.280441164970397949e-01,4.917081594467163086e-01,-4.250123351812362671e-02,3.347748816013336182e-01,4.719439744949340820e-01,-4.643448814749717712e-02,2.927081882953643799e-01,5.535026788711547852e-01,-3.033274225890636444e-02,2.924752533435821533e-01,5.280847549438476562e-01,-4.100727662444114685e-02,2.937064170837402344e-01,5.077532529830932617e-01,-4.519724100828170776e-02,2.955791056156158447e-01,4.892854094505310059e-01,-4.790742695331573486e-02,3.731651008129119873e-01,6.621914505958557129e-01,2.441414039822120685e-07,3.812597692012786865e-01,6.181307435035705566e-01,-1.845086552202701569e-02,3.671982288360595703e-01,5.803636312484741211e-01,-2.886192686855792999e-02,3.463252782821655273e-01,5.600029826164245605e-01,-3.490111976861953735e-02,3.307367265224456787e-01,5.427784919738769531e-01,-4.045992344617843628e-02,3.291091918945312500e-01,6.011127829551696777e-01,-3.624469786882400513e-02,2.881351709365844727e-01,5.710539221763610840e-01,-4.813159629702568054e-02,2.643314301967620850e-01,5.552999377250671387e-01,-5.296254530549049377e-02,2.458965331315994263e-01,5.444262027740478516e-01,-5.503716319799423218e-02,3.142141699790954590e-01,6.230796575546264648e-01,-2.999798581004142761e-02,2.707017660140991211e-01,5.912089347839355469e-01,-4.218536242842674255e-02,2.426390945911407471e-01,5.716851353645324707e-01,-4.727772250771522522e-02,2.208311557769775391e-01,5.573680996894836426e-01,-4.976323619484901428e-02,3.043093383312225342e-01,6.385294198989868164e-01,-2.348195202648639679e-02,2.632275819778442383e-01,6.101701259613037109e-01,-3.321127220988273621e-02,2.370914816856384277e-01,5.938280820846557617e-01,-3.879274055361747742e-02,2.167802155017852783e-01,5.816204547882080078e-01,-4.160645231604576111e-02,2.993222475051879883e-01,6.496714353561401367e-01,-1.771697774529457092e-02,2.668894827365875244e-01,6.297322511672973633e-01,-2.535526081919670105e-02,2.459892481565475464e-01,6.178864836692810059e-01,-2.945300936698913574e-02,2.296608388423919678e-01,6.085895299911499023e-01,-3.136507421731948853e-02
2.850590050220489502e-01,6.091437339782714844e-01,1.663250941419391893e-07,3.168565630912780762e-01,5.991697907447814941e-01,-5.889994092285633087e-03,3.516959249973297119e-01,5.786573290824890137e-01,-8.668904192745685577e-03,3.778303265571594238e-01,5.620529651641845703e-01,-1.115753687918186188e-02,3.986029028892517090e-01,5.486661791801452637e-01,-1.477182097733020782e-02,3.400870561599731445e-01,5.738693475723266602e-01,-1.178710907697677612e-02,3.584100306034088135e-01,5.520811080932617188e-01,-1.837717741727828979e-02,3.701768517494201660e-01,5.380141139030456543e-01,-2.203710004687309265e-02,3.810136318206787109e-01,5.250073671340942383e-01,-2.513875439763069153e-02,3.238985836505889893e-01,5.679076910018920898e-01,-1.446449384093284607e-02,3.378693759441375732e-01,5.447095036506652832e-01,-2.124677039682865143e-02,3.472747504711151123e-01,5.251965522766113281e-01,-2.724511921405792236e-02,3.561848402023315430e-01,5.055822730064392090e-01,-3.272495791316032410e-02,3.053627908229827881e-01,5.655481219291687012e-01,-1.768658310174942017e-02,3.156159818172454834e-01,5.449424982070922852e-01,-2.660305798053741455e-02,3.216198086738586426e-01,5.229721069335937500e-01,-3.228868544101715088e-02,3.280107080936431885e-01,5.020776987075805664e-01,-3.647842258214950562e-02,2.862379848957061768e-01,5.646732449531555176e-01,-2.099091932177543640e-02,2.913736402988433838e-01,5.430961847305297852e-01,-2.954415418207645416e-02,2.957321107387542725e-01,5.245881676673889160e-01,-3.371157124638557434e-02,3.014300465583801270e-01,5.061073899269104004e-01,-3.702615946531295776e-02,3.752181828022003174e-01,6.509292125701904297e-01,3.526242835505399853e-07,3.827419579029083252e-01,6.068977117538452148e-01,-2.477160096168518066e-02,3.694053292274475098e-01,5.748638510704040527e-01,-3.969630599021911621e-02,3.467555344104766846e-01,5.520319342613220215e-01,-4.926217719912528992e-02,3.380496501922607422e-01,5.250725150108337402e-01,-5.822669714689254761e-02,3.279620110988616943e-01,5.939586758613586426e-01,-4.255889356136322021e-02,2.923388481140136719e-01,5.605181455612182617e-01,-5.707398056983947754e-02,2.693067193031311035e-01,5.420892238616943359e-01,-6.407701969146728516e-02,2.499044835567474365e-01,5.293121933937072754e-01,-6.815126538276672363e-02,3.109438717365264893e-01,6.159108877182006836e-01,-3.437229990959167480e-02,2.712754607200622559e-01,5.785548686981201172e-01,-4.827816039323806763e-02,2.470437139272689819e-01,5.566176176071166992e-01,-5.371937155723571777e-02,2.286346554756164551e-01,5.409612655639648438e-01,-5.666482448577880859e-02,3.008289933204650879e-01,6.336738467216491699e-01,-2.647796459496021271e-02,2.623290717601776123e-01,6.059259176254272461e-01,-3.750588744878768921e-02,2.383726239204406738e-01,5.900193452835083008e-01,-4.283051937818527222e-02,2.205850481986999512e-01,5.784146189689636230e-01,-4.582377895712852478e-02,2.965284883975982666e-01,6.472287178039550781e-01,-2.001330815255641937e-02,2.650899589061737061e-01,6.299750208854675293e-01,-2.933973260223865509e-02,2.462494373321533203e-01,6.195503473281860352e-01,-3.409880399703979492e-02,2.310220301151275635e-01,6.117229461669921875e-01,-3.652245178818702698e-02
2.854274213314056396e-01,6.092966198921203613e-01,2.059336026150049292e-07,3.182244300842285156e-01,6.028124094009399414e-01,-9.357866831123828888e-03,3.525611460208892822e-01,5.853245258331298828e-01,-1.551125664263963699e-02,3.776609301567077637e-01,5.692604184150695801e-01,-2.052538655698299408e-02,3.981911838054656982e-01,5.526716113090515137e-01,-2.649321779608726501e-02,3.409268260002136230e-01,5.686165094375610352e-01,-2.666900865733623505e-02,3.625386357307434082e-01,5.425499081611633301e-01,-3.973229601979255676e-02,3.770521879196166992e-01,5.269381403923034668e-01,-4.688182473182678223e-02,3.898357748985290527e-01,5.140276551246643066e-01,-5.210984870791435242e-02,3.249118328094482422e-01,5.620369911193847656e-01,-3.029504232108592987e-02,3.424384295940399170e-01,5.310529470443725586e-01,-4.519287869334220886e-02,3.570464253425598145e-01,5.084844827651977539e-01,-5.529353022575378418e-02,3.691186308860778809e-01,4.888428151607513428e-01,-6.314416229724884033e-02,3.061211407184600830e-01,5.628339648246765137e-01,-3.371225297451019287e-02,3.154363632202148438e-01,5.359825491905212402e-01,-4.934229329228401184e-02,3.224925398826599121e-01,5.153720974922180176e-01,-5.729923397302627563e-02,3.290967941284179688e-01,4.960359632968902588e-01,-6.263742595911026001e-02,2.875276207923889160e-01,5.681062936782836914e-01,-3.709885850548744202e-02,2.887839674949645996e-01,5.486029982566833496e-01,-5.169154703617095947e-02,2.922039031982421875e-01,5.338767170906066895e-01,-5.809693783521652222e-02,2.960906922817230225e-01,5.181239247322082520e-01,-6.242045015096664429e-02,3.737604916095733643e-01,6.527604460716247559e-01,3.701596824612352066e-07,3.823291063308715820e-01,6.081885695457458496e-01,-2.590937167406082153e-02,3.716691136360168457e-01,5.771501660346984863e-01,-4.348325729370117188e-02,3.513547778129577637e-01,5.523788928985595703e-01,-5.558523535728454590e-02,3.387675285339355469e-01,5.252141952514648438e-01,-6.732115894556045532e-02,3.294669985771179199e-01,5.941463708877563477e-01,-5.061100423336029053e-02,2.923937141895294189e-01,5.623171925544738770e-01,-6.852390617132186890e-02,2.693637907505035400e-01,5.446988940238952637e-01,-7.708792388439178467e-02,2.495047897100448608e-01,5.319474339485168457e-01,-8.197300881147384644e-02,3.118431866168975830e-01,6.178265213966369629e-01,-4.291449487209320068e-02,2.689525783061981201e-01,5.837841033935546875e-01,-6.218490004539489746e-02,2.422775924205780029e-01,5.640310645103454590e-01,-7.042729109525680542e-02,2.213055342435836792e-01,5.502966642379760742e-01,-7.473843544721603394e-02,3.011755347251892090e-01,6.369004845619201660e-01,-3.498485311865806580e-02,2.593536972999572754e-01,6.140849590301513672e-01,-5.036666989326477051e-02,2.326734364032745361e-01,6.029570102691650391e-01,-5.742542818188667297e-02,2.124667167663574219e-01,5.951722264289855957e-01,-6.081691011786460876e-02,2.967689633369445801e-01,6.502903699874877930e-01,-2.822675183415412903e-02,2.622710764408111572e-01,6.346858739852905273e-01,-3.984023630619049072e-02,2.424190193414688110e-01,6.267302632331848145e-01,-4.518005251884460449e-02,2.267667204141616821e-01,6.209671497344970703e-01,-4.768374189734458923e-02
2.853237688541412354e-01,6.106104850769042969e-01,2.154910134777310304e-07,3.173477351665496826e-01,6.088185906410217285e-01,-9.173064492642879486e-03,3.497028350830078125e-01,5.948387980461120605e-01,-1.414026785641908646e-02,3.734062612056732178e-01,5.818592309951782227e-01,-1.834344677627086639e-02,3.931000530719757080e-01,5.692298412322998047e-01,-2.344168350100517273e-02,3.402627706527709961e-01,5.649295449256896973e-01,-2.020885236561298370e-02,3.609369099140167236e-01,5.371966958045959473e-01,-3.095765784382820129e-02,3.746438026428222656e-01,5.219006538391113281e-01,-3.703479096293449402e-02,3.863995671272277832e-01,5.086549520492553711e-01,-4.135811701416969299e-02,3.250171244144439697e-01,5.560642480850219727e-01,-2.337745018303394318e-02,3.426446318626403809e-01,5.233068466186523438e-01,-3.375034034252166748e-02,3.548905551433563232e-01,5.018345117568969727e-01,-4.062957316637039185e-02,3.644203543663024902e-01,4.828692674636840820e-01,-4.584173485636711121e-02,3.054935336112976074e-01,5.560196042060852051e-01,-2.704402059316635132e-02,3.151064515113830566e-01,5.256600379943847656e-01,-3.858215361833572388e-02,3.222987949848175049e-01,5.028790235519409180e-01,-4.466370120644569397e-02,3.285969495773315430e-01,4.824101924896240234e-01,-4.878691583871841431e-02,2.852869629859924316e-01,5.623621344566345215e-01,-3.103539347648620605e-02,2.860675454139709473e-01,5.396470427513122559e-01,-4.246184229850769043e-02,2.892637848854064941e-01,5.221367478370666504e-01,-4.697895422577857971e-02,2.920315861701965332e-01,5.052318572998046875e-01,-4.979841411113739014e-02,3.669552505016326904e-01,6.656278371810913086e-01,3.459394122273806715e-07,3.756300508975982666e-01,6.193184852600097656e-01,-2.288558706641197205e-02,3.619599044322967529e-01,5.854694247245788574e-01,-3.669589385390281677e-02,3.383443057537078857e-01,5.626718401908874512e-01,-4.587030410766601562e-02,3.264812529087066650e-01,5.351927280426025391e-01,-5.467126145958900452e-02,3.223020136356353760e-01,5.987182855606079102e-01,-4.009065777063369751e-02,2.836824357509613037e-01,5.669136047363281250e-01,-5.503915622830390930e-02,2.597346007823944092e-01,5.498057603836059570e-01,-6.250949203968048096e-02,2.397776842117309570e-01,5.380826592445373535e-01,-6.671418994665145874e-02,3.053573369979858398e-01,6.217006444931030273e-01,-3.322845324873924255e-02,2.618682086467742920e-01,5.876988172531127930e-01,-4.770643636584281921e-02,2.347952127456665039e-01,5.677372813224792480e-01,-5.382393673062324524e-02,2.141097933053970337e-01,5.531205534934997559e-01,-5.695407837629318237e-02,2.950533330440521240e-01,6.405713558197021484e-01,-2.663072012364864349e-02,2.540606260299682617e-01,6.145995855331420898e-01,-3.802482783794403076e-02,2.287196815013885498e-01,6.002427339553833008e-01,-4.335335642099380493e-02,2.096365392208099365e-01,5.892056822776794434e-01,-4.602491855621337891e-02,2.905934453010559082e-01,6.549309492111206055e-01,-2.137810736894607544e-02,2.585468590259552002e-01,6.360054016113281250e-01,-3.073899634182453156e-02,2.387525737285614014e-01,6.255455017089843750e-01,-3.508834540843963623e-02,2.230536937713623047e-01,6.172099709510803223e-01,-3.695070743560791016e-02
2.853237688541412354e-01,6.106104850769042969e-01,2.154910134777310304e-07,3.173477351665496826e-01,6.088185906410217285e-01,-9.173064492642879486e-03,3.497028350830078125e-01,5.948387980461120605e-01,-1.414026785641908646e-02,3.734062612056732178e-01,5.818592309951782227e-01,-1.834344677627086639e-02,3.931000530719757080e-01,5.692298412322998047e-01,-2.344168350100517273e-02,3.402627706527709961e-01,5.649295449256896973e-01,-2.020885236561298370e-02,3.609369099140167236e-01,5.371966958045959473e-01,-3.095765784382820129e-02,3.746438026428222656e-01,5.219006538391113281e-01,-3.703479096293449402e-02,3.863995671272277832e-01,5.086549520492553711e-01,-4.135811701416969299e-02,3.250171244144439697e-01,5.560642480850219727e-01,-2.337745018303394318e-02,3.426446318626403809e-01,5.233068466186523438e-01,-3.375034034252166748e-02,3.548905551433563232e-01,5.018345117568969727e-01,-4.062957316637039185e-02,3.644203543663024902e-01,4.828692674636840820e-01,-4.584173485636711121e-02,3.054935336112976074e-01,5.560196042060852051e-01,-2.704402059316635132e-02,3.151064515113830566e-01,5.256600379943847656e-01,-3.858215361833572388e-02,3.222987949848175049e-01,5.028790235519409180e-01,-4.466370120644569397e-02,3.285969495773315430e-01,4.824101924896240234e-01,-4.878691583871841431e-02,2.852869629859924316e-01,5.623621344566345215e-01,-3.103539347648620605e-02,2.860675454139709473e-01,5.396470427513122559e-01,-4.246184229850769043e-02,2.892637848854064941e-01,5.221367478370666504e-01,-4.697895422577857971e-02,2.920315861701965332e-01,5.052318572998046875e-01,-4.979841411113739014e-02,3.669552505016326904e-01,6.656278371810913086e-01,3.459394122273806715e-07,3.756300508975982666e-01,6.193184852600097656e-01,-2.288558706641197205e-02,3.619599044322967529e-01,5.854694247245788574e-01,-3.669589385390281677e-02,3.383443057537078857e-01,5.626718401908874512e-01,-4.587030410766601562e-02,3.264812529087066650e-01,5.351927280426025391e-01,-5.467126145958900452e-02,3.223020136356353760e-01,5.987182855606079102e-01,-4.009065777063369751e-02,2.836824357509613037e-01,5.669136047363281250e-01,-5.503915622830390930e-02,2.597346007823944092e-01,5.498057603836059570e-01,-6.250949203968048096e-02,2.397776842117309570e-01,5.380826592445373535e-01,-6.671418994665145874e-02,3.053573369979858398e-01,6.217006444931030273e-01,-3.322845324873924255e-02,2.618682086467742920e-01,5.876988172531127930e-01,-4.770643636584281921e-02,2.347952127456665039e-01,5.677372813224792480e-01,-5.382393673062324524e-02,2.141097933053970337e-01,5.531205534934997559e-01,-5.695407837629318237e-02,2.950533330440521240e-01,6.405713558197021484e-01,-2.663072012364864349e-02,2.540606260299682617e-01,6.145995855331420898e-01,-3.802482783794403076e-02,2.287196815013885498e-01,6.002427339553833008e-01,-4.335335642099380493e-02,2.096365392208099365e-01,5.892056822776794434e-01,-4.602491855621337891e-02,2.905934453010559082e-01,6.549309492111206055e-01,-2.137810736894607544e-02,2.585468590259552002e-01,6.360054016113281250e-01,-3.073899634182453156e-02,2.387525737285614014e-01,6.255455017089843750e-01,-3.508834540843963623e-02,2.230536937713623047e-01,6.172099709510803223e-01,-3.695070743560791016e-02
2.850373387336730957e-01,6.150822639465332031e-01,2.017822424704718287e-07,3.169723153114318848e-01,6.100522875785827637e-01,-7.937719114124774933e-03,3.486644327640533447e-01,5.916677713394165039e-01,-1.215803157538175583e-02,3.728876709938049316e-01,5.759838223457336426e-01,-1.600942760705947876e-02,3.933103680610656738e-01,5.616084933280944824e-01,-2.081315033137798309e-02,3.372280895709991455e-01,5.639995932579040527e-01,-1.671654172241687775e-02,3.570736646652221680e-01,5.373272299766540527e-01,-2.648665569722652435e-02,3.697333335876464844e-01,5.220145583152770996e-01,-3.235881403088569641e-02,3.803926110267639160e-01,5.076749920845031738e-01,-3.643050417304039001e-02,3.223570585250854492e-01,5.550914406776428223e-01,-1.992462016642093658e-02,3.402969837188720703e-01,5.226155519485473633e-01,-2.826613187789916992e-02,3.515452742576599121e-01,5.009236931800842285e-01,-3.425072506070137024e-02,3.599773049354553223e-01,4.814449846744537354e-01,-3.906818851828575134e-02,3.036274313926696777e-01,5.545718073844909668e-01,-2.369511500000953674e-02,3.130673468112945557e-01,5.232404470443725586e-01,-3.283298388123512268e-02,3.188227713108062744e-01,5.017532110214233398e-01,-3.740812465548515320e-02,3.240144550800323486e-01,4.827976226806640625e-01,-4.077866673469543457e-02,2.837702631950378418e-01,5.605015158653259277e-01,-2.789355069398880005e-02,2.845777869224548340e-01,5.361122488975524902e-01,-3.705247119069099426e-02,2.869829535484313965e-01,5.178771615028381348e-01,-4.003955051302909851e-02,2.893707454204559326e-01,5.007785558700561523e-01,-4.192382842302322388e-02,3.640787005424499512e-01,6.758779883384704590e-01,2.856635603620816255e-07,3.734700381755828857e-01,6.288457512855529785e-01,-2.090194821357727051e-02,3.600719273090362549e-01,5.938799977302551270e-01,-3.348702192306518555e-02,3.369776010513305664e-01,5.723421573638916016e-01,-4.150346666574478149e-02,3.206361830234527588e-01,5.508174300193786621e-01,-4.907887056469917297e-02,3.216076791286468506e-01,6.099124550819396973e-01,-4.001769796013832092e-02,2.791970372200012207e-01,5.774896144866943359e-01,-5.404425412416458130e-02,2.543914914131164551e-01,5.613099336624145508e-01,-6.019324064254760742e-02,2.344068288803100586e-01,5.503725409507751465e-01,-6.304649263620376587e-02,3.053176403045654297e-01,6.331885457038879395e-01,-3.311253711581230164e-02,2.607030868530273438e-01,5.971798896789550781e-01,-4.619361087679862976e-02,2.333978861570358276e-01,5.769667029380798340e-01,-5.104561895132064819e-02,2.130765616893768311e-01,5.625703334808349609e-01,-5.342674627900123596e-02,2.943238615989685059e-01,6.508364081382751465e-01,-2.617832459509372711e-02,2.538515329360961914e-01,6.204388141632080078e-01,-3.563988581299781799e-02,2.292175292968750000e-01,6.032436490058898926e-01,-3.958506882190704346e-02,2.114734947681427002e-01,5.910390615463256836e-01,-4.154178127646446228e-02,2.881909310817718506e-01,6.643275022506713867e-01,-2.044427394866943359e-02,2.564010024070739746e-01,6.428114175796508789e-01,-2.796513400971889496e-02,2.369081079959869385e-01,6.305816769599914551e-01,-3.123960271477699280e-02,2.220967710018157959e-01,6.215564608573913574e-01,-3.251769393682479858e-02
2.854867279529571533e-01,6.154726147651672363e-01,2.241135348413081374e-07,3.164660334587097168e-01,6.110786795616149902e-01,-8.175218477845191956e-03,3.477635383605957031e-01,5.930024981498718262e-01,-1.249564252793788910e-02,3.718917071819305420e-01,5.768641233444213867e-01,-1.622694917023181915e-02,3.920026421546936035e-01,5.629904866218566895e-01,-2.087447978556156158e-02,3.366740942001342773e-01,5.649762749671936035e-01,-1.654755510389804840e-02,3.561169207096099854e-01,5.371002554893493652e-01,-2.599430270493030548e-02,3.687567412853240967e-01,5.209083557128906250e-01,-3.166446834802627563e-02,3.791036605834960938e-01,5.066841840744018555e-01,-3.553282096982002258e-02,3.215932250022888184e-01,5.561226606369018555e-01,-1.916245371103286743e-02,3.391871154308319092e-01,5.240055918693542480e-01,-2.730661630630493164e-02,3.506076931953430176e-01,5.022775530815124512e-01,-3.324968367815017700e-02,3.591768145561218262e-01,4.831480383872985840e-01,-3.801644966006278992e-02,3.029018938541412354e-01,5.553690195083618164e-01,-2.235906198620796204e-02,3.113132119178771973e-01,5.243713259696960449e-01,-3.146329522132873535e-02,3.177341222763061523e-01,5.025517344474792480e-01,-3.651363402605056763e-02,3.234505951404571533e-01,4.838554263114929199e-01,-4.020958393812179565e-02,2.832678556442260742e-01,5.605174899101257324e-01,-2.592420950531959534e-02,2.841726541519165039e-01,5.361950993537902832e-01,-3.531452268362045288e-02,2.864763736724853516e-01,5.176290273666381836e-01,-3.890221193432807922e-02,2.890828847885131836e-01,5.009226202964782715e-01,-4.119155928492546082e-02,3.641911447048187256e-01,6.740640401840209961e-01,2.623263526402297430e-07,3.736994266510009766e-01,6.275461912155151367e-01,-1.938001997768878937e-02,3.590179383754730225e-01,5.894032120704650879e-01,-3.051005117595195770e-02,3.365420997142791748e-01,5.667136311531066895e-01,-3.732670098543167114e-02,3.215484321117401123e-01,5.455436110496520996e-01,-4.359396919608116150e-02,3.202429115772247314e-01,6.081897020339965820e-01,-3.687467053532600403e-02,2.781215906143188477e-01,5.763415694236755371e-01,-4.891000315546989441e-02,2.534876465797424316e-01,5.599422454833984375e-01,-5.376772210001945496e-02,2.347925901412963867e-01,5.494137406349182129e-01,-5.584974214434623718e-02,3.047093749046325684e-01,6.322999000549316406e-01,-3.038352541625499725e-02,2.599288225173950195e-01,5.970607995986938477e-01,-4.128541797399520874e-02,2.324762344360351562e-01,5.766733884811401367e-01,-4.513705894351005554e-02,2.128432244062423706e-01,5.625544190406799316e-01,-4.697232320904731750e-02,2.946762740612030029e-01,6.494230628013610840e-01,-2.381744235754013062e-02,2.533149123191833496e-01,6.189484596252441406e-01,-3.173579275608062744e-02,2.285098731517791748e-01,6.016896963119506836e-01,-3.544902428984642029e-02,2.107521295547485352e-01,5.894624590873718262e-01,-3.740593418478965759e-02,2.897962629795074463e-01,6.619633436203002930e-01,-1.835155300796031952e-02,2.567465901374816895e-01,6.412971019744873047e-01,-2.517390623688697815e-02,2.365256547927856445e-01,6.291378736495971680e-01,-2.843179367482662201e-02,2.211126536130905151e-01,6.200392246246337891e-01,-2.976071275770664215e-02
2.967421710491180420e-01,6.174405813217163086e-01,2.477164571246248670e-07,3.267459869384765625e-01,6.074415445327758789e-01,-1.013082545250654221e-02,3.532205820083618164e-01,5.851790904998779297e-01,-1.570714637637138367e-02,3.734850287437438965e-01,5.644797086715698242e-01,-2.097650989890098572e-02,3.923813998699188232e-01,5.463576316833496094e-01,-2.704046480357646942e-02,3.355593979358673096e-01,5.495812892913818359e-01,-1.408078055828809738e-02,3.505321443080902100e-01,5.227329730987548828e-01,-2.400252968072891235e-02,3.602679073810577393e-01,5.085706710815429688e-01,-3.108529746532440186e-02,3.698631227016448975e-01,4.943459630012512207e-01,-3.639106079936027527e-02,3.205206990242004395e-01,5.438183546066284180e-01,-1.677216030657291412e-02,3.335109055042266846e-01,5.117151737213134766e-01,-2.587328292429447174e-02,3.434405922889709473e-01,4.919452667236328125e-01,-3.339898586273193359e-02,3.523387908935546875e-01,4.729665517807006836e-01,-3.955893963575363159e-02,3.026262521743774414e-01,5.464414358139038086e-01,-2.061682753264904022e-02,3.075392842292785645e-01,5.164560079574584961e-01,-3.079997375607490540e-02,3.116740584373474121e-01,4.970090389251708984e-01,-3.594434633851051331e-02,3.168951570987701416e-01,4.786041676998138428e-01,-3.963610157370567322e-02,2.836249172687530518e-01,5.555320978164672852e-01,-2.520465664565563202e-02,2.835630774497985840e-01,5.304605364799499512e-01,-3.504488244652748108e-02,2.855579853057861328e-01,5.126229524612426758e-01,-3.842543065547943115e-02,2.879680395126342773e-01,4.942061007022857666e-01,-4.069256410002708435e-02,3.696802556514739990e-01,7.009213566780090332e-01,2.382519284083173261e-07,3.751524090766906738e-01,6.527723670005798340e-01,-1.969446428120136261e-02,3.599852919578552246e-01,6.163100600242614746e-01,-3.072428144514560699e-02,3.376850783824920654e-01,5.957775115966796875e-01,-3.731153160333633423e-02,3.211772739887237549e-01,5.776681303977966309e-01,-4.385169222950935364e-02,3.232452273368835449e-01,6.398872137069702148e-01,-3.985278680920600891e-02,2.798415720462799072e-01,6.128389239311218262e-01,-5.319834500551223755e-02,2.538068592548370361e-01,5.979979634284973145e-01,-5.874393880367279053e-02,2.333635687828063965e-01,5.869278311729431152e-01,-6.137722358107566833e-02,3.099842667579650879e-01,6.653488874435424805e-01,-3.380728140473365784e-02,2.638570070266723633e-01,6.352803707122802734e-01,-4.806373268365859985e-02,2.351910173892974854e-01,6.161047220230102539e-01,-5.380017682909965515e-02,2.131162285804748535e-01,6.013225913047790527e-01,-5.654326453804969788e-02,3.016013205051422119e-01,6.832424998283386230e-01,-2.747511491179466248e-02,2.593575119972229004e-01,6.583003401756286621e-01,-3.817123547196388245e-02,2.326190769672393799e-01,6.428799629211425781e-01,-4.326883703470230103e-02,2.119326591491699219e-01,6.301831603050231934e-01,-4.568404331803321838e-02,2.977563142776489258e-01,6.958618760108947754e-01,-2.215923555195331573e-02,2.641977667808532715e-01,6.781095862388610840e-01,-3.053383156657218933e-02,2.432125061750411987e-01,6.665204167366027832e-01,-3.474175184965133667e-02,2.267362177371978760e-01,6.552667617797851562e-01,-3.665674850344657898e-02
2.983252704143524170e-01,6.223506331443786621e-01,2.822661713253182825e-07,3.273479640483856201e-01,6.092485189437866211e-01,-1.178122684359550476e-02,3.503168523311614990e-01,5.826344490051269531e-01,-1.876151189208030701e-02,3.687768876552581787e-01,5.585597157478332520e-01,-2.538969926536083221e-02,3.878618776798248291e-01,5.375545620918273926e-01,-3.272733837366104126e-02,3.339196443557739258e-01,5.459091663360595703e-01,-1.188266649842262268e-02,3.473346531391143799e-01,5.182575583457946777e-01,-2.275511063635349274e-02,3.575736880302429199e-01,5.043763518333435059e-01,-3.163499385118484497e-02,3.671650290489196777e-01,4.896486997604370117e-01,-3.796403110027313232e-02,3.181020617485046387e-01,5.410284399986267090e-01,-1.380717195570468903e-02,3.299341499805450439e-01,5.089727044105529785e-01,-2.252627350389957428e-02,3.390588164329528809e-01,4.885011911392211914e-01,-3.055052831768989563e-02,3.476829528808593750e-01,4.681011438369750977e-01,-3.703875839710235596e-02,3.000869452953338623e-01,5.453141927719116211e-01,-1.741242222487926483e-02,3.043586909770965576e-01,5.141976475715637207e-01,-2.624993957579135895e-02,3.079240024089813232e-01,4.930185079574584961e-01,-3.126866370439529419e-02,3.130979239940643311e-01,4.727042317390441895e-01,-3.508511185646057129e-02,2.810028791427612305e-01,5.569258928298950195e-01,-2.216063253581523895e-02,2.805119752883911133e-01,5.298890471458435059e-01,-3.018401935696601868e-02,2.822341322898864746e-01,5.107835531234741211e-01,-3.292613103985786438e-02,2.844717502593994141e-01,4.914444386959075928e-01,-3.488830476999282837e-02,3.704263865947723389e-01,7.126368284225463867e-01,2.887731227474432671e-07,3.731450736522674561e-01,6.652471423149108887e-01,-1.802733354270458221e-02,3.583734333515167236e-01,6.296676993370056152e-01,-2.845863625407218933e-02,3.350963890552520752e-01,6.079156398773193359e-01,-3.488404676318168640e-02,3.171280920505523682e-01,5.878112912178039551e-01,-4.106486961245536804e-02,3.210287392139434814e-01,6.536189913749694824e-01,-3.499797731637954712e-02,2.778266966342926025e-01,6.275920867919921875e-01,-4.789175465703010559e-02,2.523061931133270264e-01,6.132094860076904297e-01,-5.323570221662521362e-02,2.329583913087844849e-01,6.020696759223937988e-01,-5.573020130395889282e-02,3.082178235054016113e-01,6.791633367538452148e-01,-3.012425452470779419e-02,2.624914050102233887e-01,6.514270901679992676e-01,-4.432284832000732422e-02,2.331241667270660400e-01,6.337797045707702637e-01,-5.063948780298233032e-02,2.102807164192199707e-01,6.201174259185791016e-01,-5.358627066016197205e-02,3.016526401042938232e-01,6.987105607986450195e-01,-2.513228170573711395e-02,2.597604990005493164e-01,6.785895824432373047e-01,-3.667434677481651306e-02,2.318750917911529541e-01,6.661307811737060547e-01,-4.277153313159942627e-02,2.097194939851760864e-01,6.556581854820251465e-01,-4.560466110706329346e-02,3.002013266086578369e-01,7.124642729759216309e-01,-2.087127789855003357e-02,2.683602869510650635e-01,6.976010799407958984e-01,-3.016631864011287689e-02,2.482851445674896240e-01,6.878282427787780762e-01,-3.459753096103668213e-02,2.325117737054824829e-01,6.784031391143798828e-01,-3.637154772877693176e-02
2.983252704143524170e-01,6.223506331443786621e-01,2.822661713253182825e-07,3.273479640483856201e-01,6.092485189437866211e-01,-1.178122684359550476e-02,3.503168523311614990e-01,5.826344490051269531e-01,-1.876151189208030701e-02,3.687768876552581787e-01,5.585597157478332520e-01,-2.538969926536083221e-02,3.878618776798248291e-01,5.375545620918273926e-01,-3.272733837366104126e-02,3.339196443557739258e-01,5.459091663360595703e-01,-1.188266649842262268e-02,3.473346531391143799e-01,5.182575583457946777e-01,-2.275511063635349274e-02,3.575736880302429199e-01,5.043763518333435059e-01,-3.163499385118484497e-02,3.671650290489196777e-01,4.896486997604370117e-01,-3.796403110027313232e-02,3.181020617485046387e-01,5.410284399986267090e-01,-1.380717195570468903e-02,3.299341499805450439e-01,5.089727044105529785e-01,-2.252627350389957428e-02,3.390588164329528809e-01,4.885011911392211914e-01,-3.055052831768989563e-02,3.476829528808593750e-01,4.681011438369750977e-01,-3.703875839710235596e-02,3.000869452953338623e-01,5.453141927719116211e-01,-1.741242222487926483e-02,3.043586909770965576e-01,5.141976475715637207e-01,-2.624993957579135895e-02,3.079240024089813232e-01,4.930185079574584961e-01,-3.126866370439529419e-02,3.130979239940643311e-01,4.727042317390441895e-01,-3.508511185646057129e-02,2.810028791427612305e-01,5.569258928298950195e-01,-2.216063253581523895e-02,2.805119752883911133e-01,5.298890471458435059e-01,-3.018401935696601868e-02,2.822341322898864746e-01,5.107835531234741211e-01,-3.292613103985786438e-02,2.844717502593994141e-01,4.914444386959075928e-01,-3.488830476999282837e-02,3.704263865947723389e-01,7.126368284225463867e-01,2.887731227474432671e-07,3.731450736522674561e-01,6.652471423149108887e-01,-1.802733354270458221e-02,3.583734333515167236e-01,6.296676993370056152e-01,-2.845863625407218933e-02,3.350963890552520752e-01,6.079156398773193359e-01,-3.488404676318168640e-02,3.171280920505523682e-01,5.878112912178039551e-01,-4.106486961245536804e-02,3.210287392139434814e-01,6.536189913749694824e-01,-3.499797731637954712e-02,2.778266966342926025e-01,6.275920867919921875e-01,-4.789175465703010559e-02,2.523061931133270264e-01,6.132094860076904297e-01,-5.323570221662521362e-02,2.329583913087844849e-01,6.020696759223937988e-01,-5.573020130395889282e-02,3.082178235054016113e-01,6.791633367538452148e-01,-3.012425452470779419e-02,2.624914050102233887e-01,6.514270901679992676e-01,-4.432284832000732422e-02,2.331241667270660400e-01,6.337797045707702637e-01,-5.063948780298233032e-02,2.102807164192199707e-01,6.201174259185791016e-01,-5.358627066016197205e-02,3.016526401042938232e-01,6.987105607986450195e-01,-2.513228170573711395e-02,2.597604990005493164e-01,6.785895824432373047e-01,-3.667434677481651306e-02,2.318750917911529541e-01,6.661307811737060547e-01,-4.277153313159942627e-02,2.097194939851760864e-01,6.556581854820251465e-01,-4.560466110706329346e-02,3.002013266086578369e-01,7.124642729759216309e-01,-2.087127789855003357e-02,2.683602869510650635e-01,6.976010799407958984e-01,-3.016631864011287689e-02,2.482851445674896240e-01,6.878282427787780762e-01,-3.459753096103668213e-02,2.325117737054824829e-01,6.784031391143798828e-01,-3.637154772877693176e-02
2.994972765445709229e-01,6.212326288223266602e-01,2.852476086445676629e-07,3.276879489421844482e-01,6.093437671661376953e-01,-1.225226186215877533e-02,3.498481512069702148e-01,5.835124254226684570e-01,-1.970615424215793610e-02,3.683339059352874756e-01,5.603855252265930176e-01,-2.665159665048122406e-02,3.870433270931243896e-01,5.399869084358215332e-01,-3.422555327415466309e-02,3.347174227237701416e-01,5.473405122756958008e-01,-1.364917680621147156e-02,3.475178778171539307e-01,5.175157785415649414e-01,-2.518026717007160187e-02,3.583406805992126465e-01,5.044547319412231445e-01,-3.411433473229408264e-02,3.683914244174957275e-01,4.920819103717803955e-01,-4.028570652008056641e-02,3.189465999603271484e-01,5.418829917907714844e-01,-1.532088685780763626e-02,3.299164474010467529e-01,5.081233382225036621e-01,-2.430413849651813507e-02,3.387491106986999512e-01,4.880643486976623535e-01,-3.209339454770088196e-02,3.471335470676422119e-01,4.687515199184417725e-01,-3.833828121423721313e-02,3.006637096405029297e-01,5.458551645278930664e-01,-1.870100386440753937e-02,3.043375909328460693e-01,5.140676498413085938e-01,-2.795724943280220032e-02,3.076383471488952637e-01,4.927589595317840576e-01,-3.323049470782279968e-02,3.125512599945068359e-01,4.726111888885498047e-01,-3.711210191249847412e-02,2.812205851078033447e-01,5.576452016830444336e-01,-2.318279631435871124e-02,2.801984250545501709e-01,5.299112200736999512e-01,-3.159438446164131165e-02,2.810689806938171387e-01,5.107391476631164551e-01,-3.442595154047012329e-02,2.827207148075103760e-01,4.918608069419860840e-01,-3.637408465147018433e-02,3.704997897148132324e-01,7.146049141883850098e-01,2.934750966687715845e-07,3.745048344135284424e-01,6.660280227661132812e-01,-1.716300472617149353e-02,3.588908910751342773e-01,6.288974881172180176e-01,-2.713930048048496246e-02,3.346357643604278564e-01,6.077921986579895020e-01,-3.293067589402198792e-02,3.166686892509460449e-01,5.889911055564880371e-01,-3.846971318125724792e-02,3.222437798976898193e-01,6.549215316772460938e-01,-3.698639944195747375e-02,2.768448591232299805e-01,6.285171508789062500e-01,-4.926253110170364380e-02,2.506417036056518555e-01,6.141273975372314453e-01,-5.361106619238853455e-02,2.310547530651092529e-01,6.038314104080200195e-01,-5.523432046175003052e-02,3.093686997890472412e-01,6.817091703414916992e-01,-3.194970637559890747e-02,2.612884044647216797e-01,6.538507342338562012e-01,-4.561761021614074707e-02,2.315568625926971436e-01,6.354961991310119629e-01,-5.068233236670494080e-02,2.097315937280654907e-01,6.214439272880554199e-01,-5.257167294621467590e-02,3.020210564136505127e-01,7.014323472976684570e-01,-2.644409611821174622e-02,2.573714852333068848e-01,6.792110800743103027e-01,-3.747058659791946411e-02,2.287339270114898682e-01,6.637932062149047852e-01,-4.306282848119735718e-02,2.069383561611175537e-01,6.509423255920410156e-01,-4.546268656849861145e-02,2.995797693729400635e-01,7.156074643135070801e-01,-2.142033167183399200e-02,2.651814222335815430e-01,6.988172531127929688e-01,-2.987725287675857544e-02,2.436580061912536621e-01,6.872654557228088379e-01,-3.354278206825256348e-02,2.274081707000732422e-01,6.767390370368957520e-01,-3.475340828299522400e-02
2.898769080638885498e-01,6.141153573989868164e-01,2.729592836203664774e-07,3.191984891891479492e-01,6.015141010284423828e-01,-1.166081801056861877e-02,3.430181443691253662e-01,5.742166042327880859e-01,-1.820257119834423065e-02,3.603775203227996826e-01,5.495365858078002930e-01,-2.422646805644035339e-02,3.793434798717498779e-01,5.312747955322265625e-01,-3.085167519748210907e-02,3.266823887825012207e-01,5.351477861404418945e-01,-1.136033516377210617e-02,3.385781049728393555e-01,5.075632333755493164e-01,-2.193331532180309296e-02,3.485866785049438477e-01,4.959403872489929199e-01,-3.087813779711723328e-02,3.583366274833679199e-01,4.844263792037963867e-01,-3.727824240922927856e-02,3.101522028446197510e-01,5.301022529602050781e-01,-1.287194900214672089e-02,3.209397792816162109e-01,4.989275336265563965e-01,-2.124891243875026703e-02,3.294270932674407959e-01,4.797005057334899902e-01,-2.916024811565876007e-02,3.373367488384246826e-01,4.613076746463775635e-01,-3.556146845221519470e-02,2.920653223991394043e-01,5.338879227638244629e-01,-1.618037559092044830e-02,2.967837750911712646e-01,5.023885965347290039e-01,-2.489039674401283264e-02,2.994463443756103516e-01,4.815772771835327148e-01,-3.091494552791118622e-02,3.034987151622772217e-01,4.623166322708129883e-01,-3.538994491100311279e-02,2.728901207447052002e-01,5.454260110855102539e-01,-2.057889290153980255e-02,2.729645073413848877e-01,5.173580646514892578e-01,-2.864490449428558350e-02,2.733784019947052002e-01,4.993369877338409424e-01,-3.227777406573295593e-02,2.746669352054595947e-01,4.811552166938781738e-01,-3.486411646008491516e-02,3.757425844669342041e-01,7.521494030952453613e-01,3.105066639363940340e-07,3.753619492053985596e-01,6.968548297882080078e-01,-2.073976397514343262e-02,3.539474606513977051e-01,6.621212363243103027e-01,-3.222367912530899048e-02,3.242883384227752686e-01,6.442741751670837402e-01,-3.833680972456932068e-02,3.017214834690093994e-01,6.282399892807006836e-01,-4.391910135746002197e-02,3.239618837833404541e-01,7.004879713058471680e-01,-4.287585243582725525e-02,2.736066579818725586e-01,6.774389743804931641e-01,-5.509360507130622864e-02,2.480078488588333130e-01,6.634476184844970703e-01,-5.816887691617012024e-02,2.289280295372009277e-01,6.527742743492126465e-01,-5.874158442020416260e-02,3.123246133327484131e-01,7.330864071846008301e-01,-3.579397499561309814e-02,2.595551609992980957e-01,7.052651047706604004e-01,-4.894229397177696228e-02,2.301113158464431763e-01,6.878033876419067383e-01,-5.280566215515136719e-02,2.090511023998260498e-01,6.755441427230834961e-01,-5.426203459501266479e-02,3.063093721866607666e-01,7.555314898490905762e-01,-2.829262800514698029e-02,2.573145031929016113e-01,7.308487892150878906e-01,-3.806358203291893005e-02,2.297314107418060303e-01,7.149383425712585449e-01,-4.296127706766128540e-02,2.101039290428161621e-01,7.030033469200134277e-01,-4.540162533521652222e-02,3.047643899917602539e-01,7.699036598205566406e-01,-2.162006124854087830e-02,2.666960358619689941e-01,7.547498345375061035e-01,-3.006297536194324493e-02,2.451148629188537598e-01,7.437570691108703613e-01,-3.471871092915534973e-02,2.296379506587982178e-01,7.338896989822387695e-01,-3.683898225426673889e-02
2.900257110595703125e-01,6.135126352310180664e-01,2.521213104955677409e-07,3.187787830829620361e-01,6.002447605133056641e-01,-1.114687696099281311e-02,3.426512777805328369e-01,5.742795467376708984e-01,-1.805827394127845764e-02,3.598907887935638428e-01,5.511001348495483398e-01,-2.464775554835796356e-02,3.794625699520111084e-01,5.332368016242980957e-01,-3.186412155628204346e-02,3.266859352588653564e-01,5.356327295303344727e-01,-1.129911188036203384e-02,3.387794494628906250e-01,5.080252885818481445e-01,-2.202964201569557190e-02,3.485826849937438965e-01,4.959508478641510010e-01,-3.073478117585182190e-02,3.584390878677368164e-01,4.846415817737579346e-01,-3.689959272742271423e-02,3.106585443019866943e-01,5.303253531455993652e-01,-1.324556116014719009e-02,3.211721479892730713e-01,4.986476898193359375e-01,-2.166785113513469696e-02,3.294373452663421631e-01,4.791168272495269775e-01,-2.908686921000480652e-02,3.374515175819396973e-01,4.603299796581268311e-01,-3.509634733200073242e-02,2.927734553813934326e-01,5.338171124458312988e-01,-1.697208732366561890e-02,2.971573472023010254e-01,5.021157860755920410e-01,-2.592002972960472107e-02,3.003132343292236328e-01,4.818046987056732178e-01,-3.161314874887466431e-02,3.051899373531341553e-01,4.624180197715759277e-01,-3.583795577287673950e-02,2.734582424163818359e-01,5.445795655250549316e-01,-2.172778360545635223e-02,2.728954851627349854e-01,5.170895457267761230e-01,-2.987570315599441528e-02,2.731419503688812256e-01,4.991117119789123535e-01,-3.333787247538566589e-02,2.741552591323852539e-01,4.808005690574645996e-01,-3.584246709942817688e-02,3.720493614673614502e-01,7.508537173271179199e-01,3.497146678910212358e-07,3.722474277019500732e-01,6.987073421478271484e-01,-2.134802192449569702e-02,3.538680076599121094e-01,6.656066775321960449e-01,-3.543953597545623779e-02,3.256302177906036377e-01,6.465581059455871582e-01,-4.403869062662124634e-02,3.027555942535400391e-01,6.301800012588500977e-01,-5.206228047609329224e-02,3.248653411865234375e-01,7.050171494483947754e-01,-4.991750419139862061e-02,2.741143703460693359e-01,6.829161047935485840e-01,-6.561022251844406128e-02,2.470768690109252930e-01,6.680390238761901855e-01,-7.028272747993469238e-02,2.272450625896453857e-01,6.569303870201110840e-01,-7.146030664443969727e-02,3.112003803253173828e-01,7.371882796287536621e-01,-4.320489242672920227e-02,2.570393383502960205e-01,7.127705216407775879e-01,-5.922383069992065430e-02,2.261538505554199219e-01,6.949827075004577637e-01,-6.318438798189163208e-02,2.051244080066680908e-01,6.804972887039184570e-01,-6.446603685617446899e-02,3.024450242519378662e-01,7.595276832580566406e-01,-3.586495667695999146e-02,2.536602914333343506e-01,7.386322617530822754e-01,-4.876418784260749817e-02,2.252565324306488037e-01,7.225741147994995117e-01,-5.421114712953567505e-02,2.068660557270050049e-01,7.085840106010437012e-01,-5.657159164547920227e-02,2.983094155788421631e-01,7.736127972602844238e-01,-2.918475307524204254e-02,2.578817009925842285e-01,7.666407227516174316e-01,-3.946310654282569885e-02,2.359738647937774658e-01,7.554230690002441406e-01,-4.416341334581375122e-02,2.233781516551971436e-01,7.422246932983398438e-01,-4.608365520834922791e-02
2.861532568931579590e-01,6.149439215660095215e-01,2.359500541615489055e-07,3.157871961593627930e-01,6.040908694267272949e-01,-1.047503389418125153e-02,3.396060466766357422e-01,5.732022523880004883e-01,-1.531371008604764938e-02,3.555625975131988525e-01,5.471397638320922852e-01,-1.980662532150745392e-02,3.746097981929779053e-01,5.311194658279418945e-01,-2.481604926288127899e-02,3.221715688705444336e-01,5.325933098793029785e-01,-8.381059393286705017e-03,3.323303759098052979e-01,5.051819682121276855e-01,-1.729474216699600220e-02,3.411070704460144043e-01,4.940426647663116455e-01,-2.518068626523017883e-02,3.500884473323822021e-01,4.835532009601593018e-01,-3.106121532618999481e-02,3.056013286113739014e-01,5.274513363838195801e-01,-9.896639734506607056e-03,3.153105080127716064e-01,4.964769184589385986e-01,-1.704318448901176453e-02,3.236393034458160400e-01,4.772196710109710693e-01,-2.405762486159801483e-02,3.314880728721618652e-01,4.580796658992767334e-01,-2.976914308965206146e-02,2.877784967422485352e-01,5.314354896545410156e-01,-1.322908978909254074e-02,2.913796603679656982e-01,4.997541904449462891e-01,-2.134719677269458771e-02,2.942317128181457520e-01,4.799636304378509521e-01,-2.717807888984680176e-02,2.981787323951721191e-01,4.604163169860839844e-01,-3.144412115216255188e-02,2.690411210060119629e-01,5.428193211555480957e-01,-1.757697574794292450e-02,2.688850164413452148e-01,5.148648023605346680e-01,-2.532010711729526520e-02,2.696814239025115967e-01,4.973000288009643555e-01,-2.908178418874740601e-02,2.711746096611022949e-01,4.789319038391113281e-01,-3.180635720491409302e-02,3.787453770637512207e-01,7.771148085594177246e-01,3.484475712411949644e-07,3.751920163631439209e-01,7.270382046699523926e-01,-2.426336146891117096e-02,3.514258563518524170e-01,6.957384943962097168e-01,-3.757626190781593323e-02,3.209077715873718262e-01,6.849102377891540527e-01,-4.455972462892532349e-02,2.976958751678466797e-01,6.696265339851379395e-01,-5.076875165104866028e-02,3.277362287044525146e-01,7.437685728073120117e-01,-4.769089445471763611e-02,2.776861190795898438e-01,7.236841917037963867e-01,-6.065361946821212769e-02,2.504981458187103271e-01,7.110965251922607422e-01,-6.382711976766586304e-02,2.296847701072692871e-01,7.020771503448486328e-01,-6.465201079845428467e-02,3.170462250709533691e-01,7.758302092552185059e-01,-3.897335007786750793e-02,2.647132277488708496e-01,7.509133815765380859e-01,-5.247130990028381348e-02,2.352073639631271362e-01,7.344942688941955566e-01,-5.567310750484466553e-02,2.137318849563598633e-01,7.216932177543640137e-01,-5.681338906288146973e-02,3.102688193321228027e-01,7.958768606185913086e-01,-3.005667962133884430e-02,2.615849375724792480e-01,7.772505879402160645e-01,-4.053563997149467468e-02,2.323528528213500977e-01,7.637460231781005859e-01,-4.539402574300765991e-02,2.102290689945220947e-01,7.522449493408203125e-01,-4.813224449753761292e-02,3.069906532764434814e-01,8.074558377265930176e-01,-2.222142182290554047e-02,2.690148949623107910e-01,7.979460358619689941e-01,-3.118968568742275238e-02,2.476159036159515381e-01,7.888445854187011719e-01,-3.601398319005966187e-02,2.313810586929321289e-01,7.789656519889831543e-01,-3.863592073321342468e-02
2.861532568931579590e-01,6.149439215660095215e-01,2.359500541615489055e-07,3.157871961593627930e-01,6.040908694267272949e-01,-1.047503389418125153e-02,3.396060466766357422e-01,5.732022523880004883e-01,-1.531371008604764938e-02,3.555625975131988525e-01,5.471397638320922852e-01,-1.980662532150745392e-02,3.746097981929779053e-01,5.311194658279418945e-01,-2.481604926288127899e-02,3.221715688705444336e-01,5.325933098793029785e-01,-8.381059393286705017e-03,3.323303759098052979e-01,5.051819682121276855e-01,-1.729474216699600220e-02,3.411070704460144043e-01,4.940426647663116455e-01,-2.518068626523017883e-02,3.500884473323822021e-01,4.835532009601593018e-01,-3.106121532618999481e-02,3.056013286113739014e-01,5.274513363838195801e-01,-9.896639734506607056e-03,3.153105080127716064e-01,4.964769184589385986e-01,-1.704318448901176453e-02,3.236393034458160400e-01,4.772196710109710693e-01,-2.405762486159801483e-02,3.314880728721618652e-01,4.580796658992767334e-01,-2.976914308965206146e-02,2.877784967422485352e-01,5.314354896545410156e-01,-1.322908978909254074e-02,2.913796603679656982e-01,4.997541904449462891e-01,-2.134719677269458771e-02,2.942317128181457520e-01,4.799636304378509521e-01,-2.717807888984680176e-02,2.981787323951721191e-01,4.604163169860839844e-01,-3.144412115216255188e-02,2.690411210060119629e-01,5.428193211555480957e-01,-1.757697574794292450e-02,2.688850164413452148e-01,5.148648023605346680e-01,-2.532010711729526520e-02,2.696814239025115967e-01,4.973000288009643555e-01,-2.908178418874740601e-02,2.711746096611022949e-01,4.789319038391113281e-01,-3.180635720491409302e-02,3.787453770637512207e-01,7.771148085594177246e-01,3.484475712411949644e-07,3.751920163631439209e-01,7.270382046699523926e-01,-2.426336146891117096e-02,3.514258563518524170e-01,6.957384943962097168e-01,-3.757626190781593323e-02,3.209077715873718262e-01,6.849102377891540527e-01,-4.455972462892532349e-02,2.976958751678466797e-01,6.696265339851379395e-01,-5.076875165104866028e-02,3.277362287044525146e-01,7.437685728073120117e-01,-4.769089445471763611e-02,2.776861190795898438e-01,7.236841917037963867e-01,-6.065361946821212769e-02,2.504981458187103271e-01,7.110965251922607422e-01,-6.382711976766586304e-02,2.296847701072692871e-01,7.020771503448486328e-01,-6.465201079845428467e-02,3.170462250709533691e-01,7.758302092552185059e-01,-3.897335007786750793e-02,2.647132277488708496e-01,7.509133815765380859e-01,-5.247130990028381348e-02,2.352073639631271362e-01,7.344942688941955566e-01,-5.567310750484466553e-02,2.137318849563598633e-01,7.216932177543640137e-01,-5.681338906288146973e-02,3.102688193321228027e-01,7.958768606185913086e-01,-3.005667962133884430e-02,2.615849375724792480e-01,7.772505879402160645e-01,-4.053563997149467468e-02,2.323528528213500977e-01,7.637460231781005859e-01,-4.539402574300765991e-02,2.102290689945220947e-01,7.522449493408203125e-01,-4.813224449753761292e-02,3.069906532764434814e-01,8.074558377265930176e-01,-2.222142182290554047e-02,2.690148949623107910e-01,7.979460358619689941e-01,-3.118968568742275238e-02,2.476159036159515381e-01,7.888445854187011719e-01,-3.601398319005966187e-02,2.313810586929321289e-01,7.789656519889831543e-01,-3.863592073321342468e-02
2.815568149089813232e-01,6.172668337821960449e-01,2.035110071574308677e-07,3.113226294517517090e-01,6.040606498718261719e-01,-9.519241750240325928e-03,3.338077366352081299e-01,5.745839476585388184e-01,-1.420820411294698715e-02,3.484830260276794434e-01,5.493642687797546387e-01,-1.891431212425231934e-02,3.669890165328979492e-01,5.338473916053771973e-01,-2.390526048839092255e-02,3.174235820770263672e-01,5.324934124946594238e-01,-5.317314062267541885e-03,3.264622390270233154e-01,5.061129927635192871e-01,-1.420065201818943024e-02,3.346352279186248779e-01,4.962870776653289795e-01,-2.233810722827911377e-02,3.435497283935546875e-01,4.875529408454895020e-01,-2.822420187294483185e-02,3.008875846862792969e-01,5.275988578796386719e-01,-6.978955585509538651e-03,3.094381093978881836e-01,4.978486597537994385e-01,-1.402310747653245926e-02,3.172926008701324463e-01,4.807127118110656738e-01,-2.070087194442749023e-02,3.256942629814147949e-01,4.641995429992675781e-01,-2.586435340344905853e-02,2.834950387477874756e-01,5.318582057952880859e-01,-1.060563698410987854e-02,2.861754596233367920e-01,5.020714998245239258e-01,-1.846386305987834930e-02,2.886572182178497314e-01,4.835197329521179199e-01,-2.365168556571006775e-02,2.933284640312194824e-01,4.651091992855072021e-01,-2.726201340556144714e-02,2.653275728225708008e-01,5.438775420188903809e-01,-1.526895072311162949e-02,2.645649611949920654e-01,5.179736018180847168e-01,-2.234123833477497101e-02,2.647872567176818848e-01,5.011460185050964355e-01,-2.549189142882823944e-02,2.661663293838500977e-01,4.833612442016601562e-01,-2.766453102231025696e-02,3.848396539688110352e-01,8.153464794158935547e-01,3.787894797824264970e-07,3.806411027908325195e-01,7.625499367713928223e-01,-2.373082935810089111e-02,3.533515334129333496e-01,7.302461862564086914e-01,-3.682016953825950623e-02,3.202337622642517090e-01,7.208371162414550781e-01,-4.353345558047294617e-02,2.961749732494354248e-01,7.075247168540954590e-01,-4.936349764466285706e-02,3.342189788818359375e-01,7.815125584602355957e-01,-4.866933077573776245e-02,2.828802466392517090e-01,7.675966024398803711e-01,-6.311684101819992065e-02,2.550863027572631836e-01,7.554942369461059570e-01,-6.702617555856704712e-02,2.345586866140365601e-01,7.457107305526733398e-01,-6.788648664951324463e-02,3.239342570304870605e-01,8.151643276214599609e-01,-4.022440686821937561e-02,2.692034840583801270e-01,7.939385771751403809e-01,-5.443952977657318115e-02,2.395498752593994141e-01,7.771698236465454102e-01,-5.726664885878562927e-02,2.194947749376296997e-01,7.628968954086303711e-01,-5.771998316049575806e-02,3.172079622745513916e-01,8.349052667617797852e-01,-3.152223676443099976e-02,2.667800486087799072e-01,8.190684914588928223e-01,-4.264552518725395203e-02,2.375085055828094482e-01,8.050997257232666016e-01,-4.693026095628738403e-02,2.165178358554840088e-01,7.921808958053588867e-01,-4.890689253807067871e-02,3.135601580142974854e-01,8.453074693679809570e-01,-2.387026138603687286e-02,2.749584019184112549e-01,8.372117877006530762e-01,-3.344661742448806763e-02,2.532946765422821045e-01,8.274914026260375977e-01,-3.797206282615661621e-02,2.368085086345672607e-01,8.166378140449523926e-01,-3.998058661818504333e-02
2.792204022407531738e-01,6.202468872070312500e-01,1.698572020814026473e-07,3.089770078659057617e-01,6.065238118171691895e-01,-8.510419167578220367e-03,3.309453427791595459e-01,5.773375034332275391e-01,-1.214773394167423248e-02,3.443645238876342773e-01,5.520979762077331543e-01,-1.597393676638603210e-02,3.617502152919769287e-01,5.366515517234802246e-01,-1.993783563375473022e-02,3.144471943378448486e-01,5.343630313873291016e-01,-3.474770812317728996e-03,3.226907253265380859e-01,5.085939168930053711e-01,-1.177194342017173767e-02,3.304543197154998779e-01,5.006475448608398438e-01,-1.959692314267158508e-02,3.392479717731475830e-01,4.948027133941650391e-01,-2.513648755848407745e-02,2.977281510829925537e-01,5.297240018844604492e-01,-4.976070486009120941e-03,3.050653338432312012e-01,5.019910335540771484e-01,-1.122854743152856827e-02,3.125744462013244629e-01,4.871677160263061523e-01,-1.731083355844020844e-02,3.212303817272186279e-01,4.732370376586914062e-01,-2.212730795145034790e-02,2.805031538009643555e-01,5.339980125427246094e-01,-8.444023318588733673e-03,2.825420498847961426e-01,5.066206455230712891e-01,-1.562846824526786804e-02,2.846450805664062500e-01,4.906075298786163330e-01,-2.020309679210186005e-02,2.895292937755584717e-01,4.748873412609100342e-01,-2.348615974187850952e-02,2.622916698455810547e-01,5.459361076354980469e-01,-1.294064894318580627e-02,2.609670162200927734e-01,5.218585729598999023e-01,-1.932258717715740204e-02,2.611291706562042236e-01,5.065078139305114746e-01,-2.206907048821449280e-02,2.629637420177459717e-01,4.902759194374084473e-01,-2.402128838002681732e-02,3.958780467510223389e-01,8.426761627197265625e-01,3.414712352878268575e-07,3.883523643016815186e-01,7.901879549026489258e-01,-2.048565074801445007e-02,3.571509718894958496e-01,7.586527466773986816e-01,-3.066536784172058105e-02,3.212823569774627686e-01,7.530740499496459961e-01,-3.561362996697425842e-02,2.938783168792724609e-01,7.484147548675537109e-01,-3.960968181490898132e-02,3.381544649600982666e-01,8.108719587326049805e-01,-3.784538432955741882e-02,2.868102490901947021e-01,8.012520670890808105e-01,-5.030965432524681091e-02,2.586943209171295166e-01,7.896358370780944824e-01,-5.388788506388664246e-02,2.385851144790649414e-01,7.789266109466552734e-01,-5.442641675472259521e-02,3.312534093856811523e-01,8.453252315521240234e-01,-3.071018867194652557e-02,2.771789729595184326e-01,8.285958170890808105e-01,-4.187902435660362244e-02,2.479986548423767090e-01,8.127219080924987793e-01,-4.383334144949913025e-02,2.282295823097229004e-01,7.975696921348571777e-01,-4.387746751308441162e-02,3.271169364452362061e-01,8.660123348236083984e-01,-2.384845912456512451e-02,2.760619223117828369e-01,8.517156839370727539e-01,-3.241628780961036682e-02,2.468273937702178955e-01,8.359171152114868164e-01,-3.557084873318672180e-02,2.267856001853942871e-01,8.210080862045288086e-01,-3.680902346968650818e-02,3.249433636665344238e-01,8.769181966781616211e-01,-1.809326373040676117e-02,2.834665477275848389e-01,8.681781291961669922e-01,-2.551582641899585724e-02,2.592057883739471436e-01,8.574268817901611328e-01,-2.907969802618026733e-02,2.412665784358978271e-01,8.463323116302490234e-01,-3.048603422939777374e-02
2.745298743247985840e-01,6.313616633415222168e-01,1.257211295069282642e-07,3.029408454895019531e-01,6.169908642768859863e-01,-9.647944010794162750e-03,3.228851556777954102e-01,5.887768268585205078e-01,-1.412981376051902771e-02,3.350867033004760742e-01,5.634701251983642578e-01,-1.858603395521640778e-02,3.504513502120971680e-01,5.461547374725341797e-01,-2.324173599481582642e-02,3.079589307308197021e-01,5.456911325454711914e-01,-6.478407420217990875e-03,3.147141039371490479e-01,5.217326879501342773e-01,-1.695057004690170288e-02,3.216806650161743164e-01,5.151855349540710449e-01,-2.573801577091217041e-02,3.300043940544128418e-01,5.135946273803710938e-01,-3.162810578942298889e-02,2.907911837100982666e-01,5.417467951774597168e-01,-7.719542831182479858e-03,2.967445552349090576e-01,5.184341073036193848e-01,-1.607848517596721649e-02,3.037702441215515137e-01,5.089325308799743652e-01,-2.275555394589900970e-02,3.130056858062744141e-01,5.027711987495422363e-01,-2.793119288980960846e-02,2.730886340141296387e-01,5.473494529724121094e-01,-1.099337078630924225e-02,2.740389406681060791e-01,5.235593914985656738e-01,-2.041329257190227509e-02,2.764990329742431641e-01,5.143785476684570312e-01,-2.513841353356838226e-02,2.828592061996459961e-01,5.081074833869934082e-01,-2.840024419128894806e-02,2.548112869262695312e-01,5.605903863906860352e-01,-1.526080258190631866e-02,2.522729039192199707e-01,5.404530763626098633e-01,-2.369808219373226166e-02,2.531529068946838379e-01,5.290225744247436523e-01,-2.725271880626678467e-02,2.572412192821502686e-01,5.188840031623840332e-01,-2.959376201033592224e-02,4.088646769523620605e-01,8.693177700042724609e-01,3.322822692553017987e-07,3.945873379707336426e-01,8.344958424568176270e-01,-2.832789532840251923e-02,3.623774647712707520e-01,8.192948102951049805e-01,-3.751137480139732361e-02,3.296249210834503174e-01,8.190429210662841797e-01,-4.023550823330879211e-02,3.015116155147552490e-01,8.156858682632446289e-01,-4.138678312301635742e-02,3.380518257617950439e-01,8.676263689994812012e-01,-2.493279613554477692e-02,2.943479418754577637e-01,8.675264716148376465e-01,-2.976942062377929688e-02,2.693119347095489502e-01,8.611090183258056641e-01,-3.243014961481094360e-02,2.532336711883544922e-01,8.551407456398010254e-01,-3.319605439901351929e-02,3.370775878429412842e-01,8.843304514884948730e-01,-9.704255498945713043e-03,2.951810061931610107e-01,8.774325847625732422e-01,-1.340787205845117569e-02,2.736546695232391357e-01,8.633835911750793457e-01,-1.667439565062522888e-02,2.613064944744110107e-01,8.515962362289428711e-01,-1.832707598805427551e-02,3.375103771686553955e-01,8.895803093910217285e-01,4.022440873086452484e-03,3.015288710594177246e-01,8.812110424041748047e-01,2.164372941479086876e-03,2.858565151691436768e-01,8.676931858062744141e-01,1.590120809851214290e-04,2.760290205478668213e-01,8.549244999885559082e-01,-7.218862301670014858e-04,3.389868140220642090e-01,8.891674280166625977e-01,1.556252408772706985e-02,3.084687888622283936e-01,8.834279775619506836e-01,1.524590607732534409e-02,2.935315668582916260e-01,8.716210722923278809e-01,1.468501426279544830e-02,2.857885360717773438e-01,8.597719669342041016e-01,1.488754153251647949e-02
2.737238407135009766e-01,6.382212638854980469e-01,1.141721810427043238e-07,3.000909090042114258e-01,6.249362826347351074e-01,-1.053549349308013916e-02,3.195026218891143799e-01,5.971010327339172363e-01,-1.558966282755136490e-02,3.315315246582031250e-01,5.715169310569763184e-01,-2.042189985513687134e-02,3.465110957622528076e-01,5.545991659164428711e-01,-2.554497309029102325e-02,3.041291236877441406e-01,5.544744133949279785e-01,-8.585643023252487183e-03,3.088897168636322021e-01,5.268952250480651855e-01,-1.898635551333427429e-02,3.166342079639434814e-01,5.232637524604797363e-01,-2.775309607386589050e-02,3.251169025897979736e-01,5.280858278274536133e-01,-3.309586271643638611e-02,2.872219383716583252e-01,5.524954199790954590e-01,-8.988585323095321655e-03,2.908093631267547607e-01,5.261107683181762695e-01,-1.799693517386913300e-02,2.990713119506835938e-01,5.223391056060791016e-01,-2.564583346247673035e-02,3.083806633949279785e-01,5.270491838455200195e-01,-3.086426481604576111e-02,2.699377834796905518e-01,5.582434535026550293e-01,-1.110302470624446869e-02,2.701421380043029785e-01,5.325144529342651367e-01,-2.036823332309722900e-02,2.731724977493286133e-01,5.266368985176086426e-01,-2.631725743412971497e-02,2.783970236778259277e-01,5.287542939186096191e-01,-3.009492531418800354e-02,2.522263228893280029e-01,5.704882144927978516e-01,-1.415904331952333450e-02,2.488146126270294189e-01,5.478069186210632324e-01,-2.215488627552986145e-02,2.502150535583496094e-01,5.414094328880310059e-01,-2.580231800675392151e-02,2.533145546913146973e-01,5.408777594566345215e-01,-2.791554853320121765e-02,-1.000000000000000000e+00,-1.000000000000000000e+00,-1.000000000000000000e+00,-1.000000000000000000e+00,-1.000000000000000000e+00,-1.000000000000000000e+00,-1.000000000000000000e+00,-1.000000000000000000e+00,-1.000000000000000000e+00,-1.000000000000000000e+00,-1.000000000000000000e+00,-1.000000000000000000e+00,-1.000000000000000000e+00,-1.000000000000000000e+00,-1.000000000000000000e+00,-1.000000000000000000e+00,-1.000000000000000000e+00,-1.000000000000000000e+00,-1.000000000000000000e+00,-1.000000000000000000e+00,-1.000000000000000000e+00,-1.000000000000000000e+00,-1.000000000000000000e+00,-1.000000000000000000e+00,-1.000000000000000000e+00,-1.000000000000000000e+00,-1.000000000000000000e+00,-1.000000000000000000e+00,-1.000000000000000000e+00,-1.000000000000000000e+00,-1.000000000000000000e+00,-1.000000000000000000e+00,-1.000000000000000000e+00,-1.000000000000000000e+00,-1.000000000000000000e+00,-1.000000000000000000e+00,-1.000000000000000000e+00,-1.000000000000000000e+00,-1.000000000000000000e+00,-1.000000000000000000e+00,-1.000000000000000000e+00,-1.000000000000000000e+00,-1.000000000000000000e+00,-1.000000000000000000e+00,-1.000000000000000000e+00,-1.000000000000000000e+00,-1.000000000000000000e+00,-1.000000000000000000e+00,-1.000000000000000000e+00,-1.000000000000000000e+00,-1.000000000000000000e+00,-1.000000000000000000e+00,-1.000000000000000000e+00,-1.000000000000000000e+00,-1.000000000000000000e+00,-1.000000000000000000e+00,-1.000000000000000000e+00,-1.000000000000000000e+00,-1.000000000000000000e+00,-1.000000000000000000e+00,-1.000000000000000000e+00,-1.000000000000000000e+00,-1.000000000000000000e+00
2.737238407135009766e-01,6.382212638854980469e-01,1.141721810427043238e-07,3.000909090042114258e-01,6.249362826347351074e-01,-1.053549349308013916e-02,3.195026218891143799e-01,5.971010327339172363e-01,-1.558966282755136490e-02,3.315315246582031250e-01,5.715169310569763184e-01,-2.042189985513687134e-02,3.465110957622528076e-01,5.545991659164428711e-01,-2.554497309029102325e-02,3.041291236877441406e-01,5.544744133949279785e-01,-8.585643023252487183e-03,3.088897168636322021e-01,5.268952250480651855e-01,-1.898635551333427429e-02,3.166342079639434814e-01,5.232637524604797363e-01,-2.775309607386589050e-02,3.251169025897979736e-01,5.280858278274536133e-01,-3.309586271643638611e-02,2.872219383716583252e-01,5.524954199790954590e-01,-8.988585323095321655e-03,2.908093631267547607e-01,5.261107683181762695e-01,-1.799693517386913300e-02,2.990713119506835938e-01,5.223391056060791016e-01,-2.564583346247673035e-02,3.083806633949279785e-01,5.270491838455200195e-01,-3.086426481604576111e-02,2.699377834796905518e-01,5.582434535026550293e-01,-1.110302470624446869e-02,2.701421380043029785e-01,5.325144529342651367e-01,-2.036823332309722900e-02,2.731724977493286133e-01,5.266368985176086426e-01,-2.631725743412971497e-02,2.783970236778259277e-01,5.287542939186096191e-01,-3.009492531418800354e-02,2.522263228893280029e-01,5.704882144927978516e-01,-1.415904331952333450e-02,2.488146126270294189e-01,5.478069186210632324e-01,-2.215488627552986145e-02,2.502150535583496094e-01,5.414094328880310059e-01,-2.580231800675392151e-02,2.533145546913146973e-01,5.408777594566345215e-01,-2.791554853320121765e-02,-1.000000000000000000e+00,-1.000000000000000000e+00,-1.000000000000000000e+00,-1.000000000000000000e+00,-1.000000000000000000e+00,-1.000000000000000000e+00,-1.000000000000000000e+00,-1.000000000000000000e+00,-1.000000000000000000e+00,-1.000000000000000000e+00,-1.000000000000000000e+00,-1.000000000000000000e+00,-1.000000000000000000e+00,-1.000000000000000000e+00,-1.000000000000000000e+00,-1.000000000000000000e+00,-1.000000000000000000e+00,-1.000000000000000000e+00,-1.000000000000000000e+00,-1.000000000000000000e+00,-1.000000000000000000e+00,-1.000000000000000000e+00,-1.000000000000000000e+00,-1.000000000000000000e+00,-1.000000000000000000e+00,-1.000000000000000000e+00,-1.000000000000000000e+00,-1.000000000000000000e+00,-1.000000000000000000e+00,-1.000000000000000000e+00,-1.000000000000000000e+00,-1.000000000000000000e+00,-1.000000000000000000e+00,-1.000000000000000000e+00,-1.000000000000000000e+00,-1.000000000000000000e+00,-1.000000000000000000e+00,-1.000000000000000000e+00,-1.000000000000000000e+00,-1.000000000000000000e+00,-1.000000000000000000e+00,-1.000000000000000000e+00,-1.000000000000000000e+00,-1.000000000000000000e+00,-1.000000000000000000e+00,-1.000000000000000000e+00,-1.000000000000000000e+00,-1.000000000000000000e+00,-1.000000000000000000e+00,-1.000000000000000000e+00,-1.000000000000000000e+00,-1.000000000000000000e+00,-1.000000000000000000e+00,-1.000000000000000000e+00,-1.000000000000000000e+00,-1.000000000000000000e+00,-1.000000000000000000e+00,-1.000000000000000000e+00,-1.000000000000000000e+00,-1.000000000000000000e+00,-1.000000000000000000e+00,-1.000000000000000000e+00,-1.000000000000000000e+00
2.738196849822998047e-01,6.448575854301452637e-01,1.163812939353192633e-07,2.991613447666168213e-01,6.289290785789489746e-01,-9.656408801674842834e-03,3.174548745155334473e-01,6.015304923057556152e-01,-1.471611391752958298e-02,3.294283449649810791e-01,5.772779583930969238e-01,-1.983497478067874908e-02,3.434415459632873535e-01,5.603442788124084473e-01,-2.523866854608058929e-02,3.009538948535919189e-01,5.613148212432861328e-01,-7.571630645543336868e-03,3.057836592197418213e-01,5.347874164581298828e-01,-1.824094913899898529e-02,3.141729533672332764e-01,5.324214696884155273e-01,-2.718552760779857635e-02,3.231453299522399902e-01,5.380634069442749023e-01,-3.252842277288436890e-02,2.844351828098297119e-01,5.597803592681884766e-01,-8.554118685424327850e-03,2.876542508602142334e-01,5.331612229347229004e-01,-1.844133995473384857e-02,2.969745099544525146e-01,5.311658382415771484e-01,-2.639472857117652893e-02,3.069660961627960205e-01,5.383492112159729004e-01,-3.141274303197860718e-02,2.677149772644042969e-01,5.656934976577758789e-01,-1.121637877076864243e-02,2.669594287872314453e-01,5.396667718887329102e-01,-2.056792937219142914e-02,2.707427740097045898e-01,5.343087911605834961e-01,-2.650987915694713593e-02,2.769547104835510254e-01,5.378550887107849121e-01,-3.004866838455200195e-02,2.506458163261413574e-01,5.776957273483276367e-01,-1.480697374790906906e-02,2.463492751121520996e-01,5.545919537544250488e-01,-2.225015871226787567e-02,2.497077584266662598e-01,5.473051667213439941e-01,-2.579793892800807953e-02,2.557706236839294434e-01,5.469033718109130859e-01,-2.784295193850994110e-02,-1.000000000000000000e+00,-1.000000000000000000e+00,-1.000000000000000000e+00,-1.000000000000000000e+00,-1.000000000000000000e+00,-1.000000000000000000e+00,-1.000000000000000000e+00,-1.000000000000000000e+00,-1.000000000000000000e+00,-1.000000000000000000e+00,-1.000000000000000000e+00,-1.000000000000000000e+00,-1.000000000000000000e+00,-1.000000000000000000e+00,-1.000000000000000000e+00,-1.000000000000000000e+00,-1.000000000000000000e+00,-1.000000000000000000e+00,-1.000000000000000000e+00,-1.000000000000000000e+00,-1.000000000000000000e+00,-1.000000000000000000e+00,-1.000000000000000000e+00,-1.000000000000000000e+00,-1.000000000000000000e+00,-1.000000000000000000e+00,-1.000000000000000000e+00,-1.000000000000000000e+00,-1.000000000000000000e+00,-1.000000000000000000e+00,-1.000000000000000000e+00,-1.000000000000000000e+00,-1.000000000000000000e+00,-1.000000000000000000e+00,-1.000000000000000000e+00,-1.000000000000000000e+00,-1.000000000000000000e+00,-1.000000000000000000e+00,-1.000000000000000000e+00,-1.000000000000000000e+00,-1.000000000000000000e+00,-1.000000000000000000e+00,-1.000000000000000000e+00,-1.000000000000000000e+00,-1.000000000000000000e+00,-1.000000000000000000e+00,-1.000000000000000000e+00,-1.000000000000000000e+00,-1.000000000000000000e+00,-1.000000000000000000e+00,-1.000000000000000000e+00,-1.000000000000000000e+00,-1.000000000000000000e+00,-1.000000000000000000e+00,-1.000000000000000000e+00,-1.000000000000000000e+00,-1.000000000000000000e+00,-1.000000000000000000e+00,-1.000000000000000000e+00,-1.000000000000000000e+00,-1.000000000000000000e+00,-1.000000000000000000e+00,-1.000000000000000000e+00
2.724542617797851562e-01,6.545806527137756348e-01,9.010966550704324618e-08,2.964722216129302979e-01,6.402969360351562500e-01,-9.755032137036323547e-03,3.146704733371734619e-01,6.133216023445129395e-01,-1.574673317372798920e-02,3.259381353855133057e-01,5.910112857818603516e-01,-2.201094664633274078e-02,3.383445143699645996e-01,5.744560956954956055e-01,-2.856804057955741882e-02,2.986021041870117188e-01,5.739499926567077637e-01,-1.003635954111814499e-02,3.032092452049255371e-01,5.453823208808898926e-01,-2.374072000384330750e-02,3.114278018474578857e-01,5.446912050247192383e-01,-3.471242636442184448e-02,3.184887170791625977e-01,5.563071966171264648e-01,-4.047617316246032715e-02,2.810355126857757568e-01,5.732910633087158203e-01,-1.159851066768169403e-02,2.831421196460723877e-01,5.438703298568725586e-01,-2.437926828861236572e-02,2.916261553764343262e-01,5.439558625221252441e-01,-3.432811796665191650e-02,2.988674640655517578e-01,5.559594631195068359e-01,-4.003296792507171631e-02,2.636680603027343750e-01,5.799409747123718262e-01,-1.475139707326889038e-02,2.615292072296142578e-01,5.517073869705200195e-01,-2.615177258849143982e-02,2.663813829421997070e-01,5.503759384155273438e-01,-3.320071473717689514e-02,2.713105678558349609e-01,5.599012970924377441e-01,-3.686364367604255676e-02,2.459706664085388184e-01,5.923359394073486328e-01,-1.863981597125530243e-02,2.413510084152221680e-01,5.692330002784729004e-01,-2.757671847939491272e-02,2.448196858167648315e-01,5.656449198722839355e-01,-3.150449693202972412e-02,2.495466023683547974e-01,5.690131783485412598e-01,-3.335120528936386108e-02,-1.000000000000000000e+00,-1.000000000000000000e+00,-1.000000000000000000e+00,-1.000000000000000000e+00,-1.000000000000000000e+00,-1.000000000000000000e+00,-1.000000000000000000e+00,-1.000000000000000000e+00,-1.000000000000000000e+00,-1.000000000000000000e+00,-1.000000000000000000e+00,-1.000000000000000000e+00,-1.000000000000000000e+00,-1.000000000000000000e+00,-1.000000000000000000e+00,-1.000000000000000000e+00,-1.000000000000000000e+00,-1.000000000000000000e+00,-1.000000000000000000e+00,-1.000000000000000000e+00,-1.000000000000000000e+00,-1.000000000000000000e+00,-1.000000000000000000e+00,-1.000000000000000000e+00,-1.000000000000000000e+00,-1.000000000000000000e+00,-1.000000000000000000e+00,-1.000000000000000000e+00,-1.000000000000000000e+00,-1.000000000000000000e+00,-1.000000000000000000e+00,-1.000000000000000000e+00,-1.000000000000000000e+00,-1.000000000000000000e+00,-1.000000000000000000e+00,-1.000000000000000000e+00,-1.000000000000000000e+00,-1.000000000000000000e+00,-1.000000000000000000e+00,-1.000000000000000000e+00,-1.000000000000000000e+00,-1.000000000000000000e+00,-1.000000000000000000e+00,-1.000000000000000000e+00,-1.000000000000000000e+00,-1.000000000000000000e+00,-1.000000000000000000e+00,-1.000000000000000000e+00,-1.000000000000000000e+00,-1.000000000000000000e+00,-1.000000000000000000e+00,-1.000000000000000000e+00,-1.000000000000000000e+00,-1.000000000000000000e+00,-1.000000000000000000e+00,-1.000000000000000000e+00,-1.000000000000000000e+00,-1.000000000000000000e+00,-1.000000000000000000e+00,-1.000000000000000000e+00,-1.000000000000000000e+00,-1.000000000000000000e+00,-1.000000000000000000e+00
2.700489759445190430e-01,6.806961297988891602e-01,-1.563446083707731304e-08,2.914043068885803223e-01,6.709208488464355469e-01,-1.127122435718774796e-02,3.077339231967926025e-01,6.459735631942749023e-01,-1.848128065466880798e-02,3.184581696987152100e-01,6.226454973220825195e-01,-2.537173777818679810e-02,3.296287357807159424e-01,6.066557765007019043e-01,-3.193351998925209045e-02,2.910630404949188232e-01,6.062028408050537109e-01,-1.405247114598751068e-02,2.967258989810943604e-01,5.760482549667358398e-01,-2.896462008357048035e-02,3.033722639083862305e-01,5.857552289962768555e-01,-3.898531943559646606e-02,3.071041703224182129e-01,6.034921407699584961e-01,-4.370094835758209229e-02,2.722266614437103271e-01,6.088758111000061035e-01,-1.537186559289693832e-02,2.746190428733825684e-01,5.783400535583496094e-01,-3.032504208385944366e-02,2.820788025856018066e-01,5.913714766502380371e-01,-3.827546164393424988e-02,2.872355282306671143e-01,6.091911792755126953e-01,-4.146519303321838379e-02,2.545781433582305908e-01,6.183040142059326172e-01,-1.837860792875289917e-02,2.523456215858459473e-01,5.942152738571166992e-01,-3.171238303184509277e-02,2.562733888626098633e-01,6.031833887100219727e-01,-3.616776689887046814e-02,2.593564987182617188e-01,6.150684356689453125e-01,-3.702863305807113647e-02,2.388503551483154297e-01,6.325162053108215332e-01,-2.211412414908409119e-02,2.315453439950942993e-01,6.150528788566589355e-01,-3.098343685269355774e-02,2.332013100385665894e-01,6.190589666366577148e-01,-3.263646736741065979e-02,2.357729226350784302e-01,6.249582767486572266e-01,-3.253152593970298767e-02,-1.000000000000000000e+00,-1.000000000000000000e+00,-1.000000000000000000e+00,-1.000000000000000000e+00,-1.000000000000000000e+00,-1.000000000000000000e+00,-1.000000000000000000e+00,-1.000000000000000000e+00,-1.000000000000000000e+00,-1.000000000000000000e+00,-1.000000000000000000e+00,-1.000000000000000000e+00,-1.000000000000000000e+00,-1.000000000000000000e+00,-1.000000000000000000e+00,-1.000000000000000000e+00,-1.000000000000000000e+00,-1.000000000000000000e+00,-1.000000000000000000e+00,-1.000000000000000000e+00,-1.000000000000000000e+00,-1.000000000000000000e+00,-1.000000000000000000e+00,-1.000000000000000000e+00,-1.000000000000000000e+00,-1.000000000000000000e+00,-1.000000000000000000e+00,-1.000000000000000000e+00,-1.000000000000000000e+00,-1.000000000000000000e+00,-1.000000000000000000e+00,-1.000000000000000000e+00,-1.000000000000000000e+00,-1.000000000000000000e+00,-1.000000000000000000e+00,-1.000000000000000000e+00,-1.000000000000000000e+00,-1.000000000000000000e+00,-1.000000000000000000e+00,-1.000000000000000000e+00,-1.000000000000000000e+00,-1.000000000000000000e+00,-1.000000000000000000e+00,-1.000000000000000000e+00,-1.000000000000000000e+00,-1.000000000000000000e+00,-1.000000000000000000e+00,-1.000000000000000000e+00,-1.000000000000000000e+00,-1.000000000000000000e+00,-1.000000000000000000e+00,-1.000000000000000000e+00,-1.000000000000000000e+00,-1.000000000000000000e+00,-1.000000000000000000e+00,-1.000000000000000000e+00,-1.000000000000000000e+00,-1.000000000000000000e+00,-1.000000000000000000e+00,-1.000000000000000000e+00,-1.000000000000000000e+00,-1.000000000000000000e+00,-1.000000000000000000e+00
2.700489759445190430e-01,6.806961297988891602e-01,-1.563446083707731304e-08,2.914043068885803223e-01,6.709208488464355469e-01,-1.127122435718774796e-02,3.077339231967926025e-01,6.459735631942749023e-01,-1.848128065466880798e-02,3.184581696987152100e-01,6.226454973220825195e-01,-2.537173777818679810e-02,3.296287357807159424e-01,6.066557765007019043e-01,-3.193351998925209045e-02,2.910630404949188232e-01,6.062028408050537109e-01,-1.405247114598751068e-02,2.967258989810943604e-01,5.760482549667358398e-01,-2.896462008357048035e-02,3.033722639083862305e-01,5.857552289962768555e-01,-3.898531943559646606e-02,3.071041703224182129e-01,6.034921407699584961e-01,-4.370094835758209229e-02,2.722266614437103271e-01,6.088758111000061035e-01,-1.537186559289693832e-02,2.746190428733825684e-01,5.783400535583496094e-01,-3.032504208385944366e-02,2.820788025856018066e-01,5.913714766502380371e-01,-3.827546164393424988e-02,2.872355282306671143e-01,6.091911792755126953e-01,-4.146519303321838379e-02,2.545781433582305908e-01,6.183040142059326172e-01,-1.837860792875289917e-02,2.523456215858459473e-01,5.942152738571166992e-01,-3.171238303184509277e-02,2.562733888626098633e-01,6.031833887100219727e-01,-3.616776689887046814e-02,2.593564987182617188e-01,6.150684356689453125e-01,-3.702863305807113647e-02,2.388503551483154297e-01,6.325162053108215332e-01,-2.211412414908409119e-02,2.315453439950942993e-01,6.150528788566589355e-01,-3.098343685269355774e-02,2.332013100385665894e-01,6.190589666366577148e-01,-3.263646736741065979e-02,2.357729226350784302e-01,6.249582767486572266e-01,-3.253152593970298767e-02,-1.000000000000000000e+00,-1.000000000000000000e+00,-1.000000000000000000e+00,-1.000000000000000000e+00,-1.000000000000000000e+00,-1.000000000000000000e+00,-1.000000000000000000e+00,-1.000000000000000000e+00,-1.000000000000000000e+00,-1.000000000000000000e+00,-1.000000000000000000e+00,-1.000000000000000000e+00,-1.000000000000000000e+00,-1.000000000000000000e+00,-1.000000000000000000e+00,-1.000000000000000000e+00,-1.000000000000000000e+00,-1.000000000000000000e+00,-1.000000000000000000e+00,-1.000000000000000000e+00,-1.000000000000000000e+00,-1.000000000000000000e+00,-1.000000000000000000e+00,-1.000000000000000000e+00,-1.000000000000000000e+00,-1.000000000000000000e+00,-1.000000000000000000e+00,-1.000000000000000000e+00,-1.000000000000000000e+00,-1.000000000000000000e+00,-1.000000000000000000e+00,-1.000000000000000000e+00,-1.000000000000000000e+00,-1.000000000000000000e+00,-1.000000000000000000e+00,-1.000000000000000000e+00,-1.000000000000000000e+00,-1.000000000000000000e+00,-1.000000000000000000e+00,-1.000000000000000000e+00,-1.000000000000000000e+00,-1.000000000000000000e+00,-1.000000000000000000e+00,-1.000000000000000000e+00,-1.000000000000000000e+00,-1.000000000000000000e+00,-1.000000000000000000e+00,-1.000000000000000000e+00,-1.000000000000000000e+00,-1.000000000000000000e+00,-1.000000000000000000e+00,-1.000000000000000000e+00,-1.000000000000000000e+00,-1.000000000000000000e+00,-1.000000000000000000e+00,-1.000000000000000000e+00,-1.000000000000000000e+00,-1.000000000000000000e+00,-1.000000000000000000e+00,-1.000000000000000000e+00,-1.000000000000000000e+00,-1.000000000000000000e+00,-1.000000000000000000e+00
2.678869068622589111e-01,6.900236010551452637e-01,3.289173378107079770e-08,2.914392054080963135e-01,6.748715639114379883e-01,-9.705390781164169312e-03,3.080957233905792236e-01,6.481136083602905273e-01,-1.603505201637744904e-02,3.184657990932464600e-01,6.245902180671691895e-01,-2.266974002122879028e-02,3.297722339630126953e-01,6.077311635017395020e-01,-2.917792461812496185e-02,2.901519238948822021e-01,6.130832433700561523e-01,-1.118622720241546631e-02,2.942929565906524658e-01,5.806146860122680664e-01,-2.552110329270362854e-02,3.012683391571044922e-01,5.853931903839111328e-01,-3.532923385500907898e-02,3.061231970787048340e-01,6.011781096458435059e-01,-3.967008739709854126e-02,2.722202539443969727e-01,6.142888665199279785e-01,-1.253612153232097626e-02,2.731476426124572754e-01,5.823000073432922363e-01,-2.635082975029945374e-02,2.804292738437652588e-01,5.903564691543579102e-01,-3.441624715924263000e-02,2.855239212512969971e-01,6.070607304573059082e-01,-3.778483718633651733e-02,2.548402845859527588e-01,6.218835711479187012e-01,-1.541647408157587051e-02,2.514554262161254883e-01,5.926357507705688477e-01,-2.848722040653228760e-02,2.547869682312011719e-01,6.028905510902404785e-01,-3.286523371934890747e-02,2.573746740818023682e-01,6.189096570014953613e-01,-3.339939191937446594e-02,2.383580207824707031e-01,6.338211894035339355e-01,-1.886638998985290527e-02,2.316363155841827393e-01,6.125342249870300293e-01,-2.826300077140331268e-02,2.349196374416351318e-01,6.196361184120178223e-01,-2.973799593746662140e-02,2.386403679847717285e-01,6.310569643974304199e-01,-2.901112288236618042e-02,-1.000000000000000000e+00,-1.000000000000000000e+00,-1.000000000000000000e+00,-1.000000000000000000e+00,-1.000000000000000000e+00,-1.000000000000000000e+00,-1.000000000000000000e+00,-1.000000000000000000e+00,-1.000000000000000000e+00,-1.000000000000000000e+00,-1.000000000000000000e+00,-1.000000000000000000e+00,-1.000000000000000000e+00,-1.000000000000000000e+00,-1.000000000000000000e+00,-1.000000000000000000e+00,-1.000000000000000000e+00,-1.000000000000000000e+00,-1.000000000000000000e+00,-1.000000000000000000e+00,-1.000000000000000000e+00,-1.000000000000000000e+00,-1.000000000000000000e+00,-1.000000000000000000e+00,-1.000000000000000000e+00,-1.000000000000000000e+00,-1.000000000000000000e+00,-1.000000000000000000e+00,-1.000000000000000000e+00,-1.000000000000000000e+00,-1.000000000000000000e+00,-1.000000000000000000e+00,-1.000000000000000000e+00,-1.000000000000000000e+00,-1.000000000000000000e+00,-1.000000000000000000e+00,-1.000000000000000000e+00,-1.000000000000000000e+00,-1.000000000000000000e+00,-1.000000000000000000e+00,-1.000000000000000000e+00,-1.000000000000000000e+00,-1.000000000000000000e+00,-1.000000000000000000e+00,-1.000000000000000000e+00,-1.000000000000000000e+00,-1.000000000000000000e+00,-1.000000000000000000e+00,-1.000000000000000000e+00,-1.000000000000000000e+00,-1.000000000000000000e+00,-1.000000000000000000e+00,-1.000000000000000000e+00,-1.000000000000000000e+00,-1.000000000000000000e+00,-1.000000000000000000e+00,-1.000000000000000000e+00,-1.000000000000000000e+00,-1.000000000000000000e+00,-1.000000000000000000e+00,-1.000000000000000000e+00,-1.000000000000000000e+00,-1.000000000000000000e+00
-1.000000000000000000e+00,-1.000000000000000000e+00,-1.000000000000000000e+00,-1.000000000000000000e+00,-1.000000000000000000e+00,-1.000000000000000000e+00,-1.000000000000000000e+00,-1.000000000000000000e+00,-1.000000000000000000e+00,-1.000000000000000000e+00,-1.000000000000000000e+00,-1.000000000000000000e+00,-1.000000000000000000e+00,-1.000000000000000000e+00,-1.000000000000000000e+00,-1.000000000000000000e+00,-1.000000000000000000e+00,-1.000000000000000000e+00,-1.000000000000000000e+00,-1.000000000000000000e+00,-1.000000000000000000e+00,-1.000000000000000000e+00,-1.000000000000000000e+00,-1.000000000000000000e+00,-1.000000000000000000e+00,-1.000000000000000000e+00,-1.000000000000000000e+00,-1.000000000000000000e+00,-1.000000000000000000e+00,-1.000000000000000000e+00,-1.000000000000000000e+00,-1.000000000000000000e+00,-1.000000000000000000e+00,-1.000000000000000000e+00,-1.000000000000000000e+00,-1.000000000000000000e+00,-1.000000000000000000e+00,-1.000000000000000000e+00,-1.000000000000000000e+00,-1.000000000000000000e+00,-1.000000000000000000e+00,-1.000000000000000000e+00,-1.000000000000000000e+00,-1.000000000000000000e+00,-1.000000000000000000e+00,-1.000000000000000000e+00,-1.000000000000000000e+00,-1.000000000000000000e+00,-1.000000000000000000e+00,-1.000000000000000000e+00,-1.000000000000000000e+00,-1.000000000000000000e+00,-1.000000000000000000e+00,-1.000000000000000000e+00,-1.000000000000000000e+00,-1.000000000000000000e+00,-1.000000000000000000e+00,-1.000000000000000000e+00,-1.000000000000000000e+00,-1.000000000000000000e+00,-1.000000000000000000e+00,-1.000000000000000000e+00,-1.000000000000000000e+00,-1.000000000000000000e+00,-1.000000000000000000e+00,-1.000000000000000000e+00,-1.000000000000000000e+00,-1.000000000000000000e+00,-1.000000000000000000e+00,-1.000000000000000000e+00,-1.000000000000000000e+00,-1.000000000000000000e+00,-1.000000000000000000e+00,-1.000000000000000000e+00,-1.000000000000000000e+00,-1.000000000000000000e+00,-1.000000000000000000e+00,-1.000000000000000000e+00,-1.000000000000000000e+00,-1.000000000000000000e+00,-1.000000000000000000e+00,-1.000000000000000000e+00,-1.000000000000000000e+00,-1.000000000000000000e+00,-1.000000000000000000e+00,-1.000000000000000000e+00,-1.000000000000000000e+00,-1.000000000000000000e+00,-1.000000000000000000e+00,-1.000000000000000000e+00,-1.000000000000000000e+00,-1.000000000000000000e+00,-1.000000000000000000e+00,-1.000000000000000000e+00,-1.000000000000000000e+00,-1.000000000000000000e+00,-1.000000000000000000e+00,-1.000000000000000000e+00,-1.000000000000000000e+00,-1.000000000000000000e+00,-1.000000000000000000e+00,-1.000000000000000000e+00,-1.000000000000000000e+00,-1.000000000000000000e+00,-1.000000000000000000e+00,-1.000000000000000000e+00,-1.000000000000000000e+00,-1.000000000000000000e+00,-1.000000000000000000e+00,-1.000000000000000000e+00,-1.000000000000000000e+00,-1.000000000000000000e+00,-1.000000000000000000e+00,-1.000000000000000000e+00,-1.000000000000000000e+00,-1.000000000000000000e+00,-1.000000000000000000e+00,-1.000000000000000000e+00,-1.000000000000000000e+00,-1.000000000000000000e+00,-1.000000000000000000e+00,-1.000000000000000000e+00,-1.000000000000000000e+00,-1.000000000000000000e+00,-1.000000000000000000e+00,-1.000000000000000000e+00
-1.000000000000000000e+00,-1.000000000000000000e+00,-1.000000000000000000e+00,-1.000000000000000000e+00,-1.000000000000000000e+00,-1.000000000000000000e+00,-1.000000000000000000e+00,-1.000000000000000000e+00,-1.000000000000000000e+00,-1.000000000000000000e+00,-1.000000000000000000e+00,-1.000000000000000000e+00,-1.000000000000000000e+00,-1.000000000000000000e+00,-1.000000000000000000e+00,-1.000000000000000000e+00,-1.000000000000000000e+00,-1.000000000000000000e+00,-1.000000000000000000e+00,-1.000000000000000000e+00,-1.000000000000000000e+00,-1.000000000000000000e+00,-1.000000000000000000e+00,-1.000000000000000000e+00,-1.000000000000000000e+00,-1.000000000000000000e+00,-1.000000000000000000e+00,-1.000000000000000000e+00,-1.000000000000000000e+00,-1.000000000000000000e+00,-1.000000000000000000e+00,-1.000000000000000000e+00,-1.000000000000000000e+00,-1.000000000000000000e+00,-1.000000000000000000e+00,-1.000000000000000000e+00,-1.000000000000000000e+00,-1.000000000000000000e+00,-1.000000000000000000e+00,-1.000000000000000000e+00,-1.000000000000000000e+00,-1.000000000000000000e+00,-1.000000000000000000e+00,-1.000000000000000000e+00,-1.000000000000000000e+00,-1.000000000000000000e+00,-1.000000000000000000e+00,-1.000000000000000000e+00,-1.000000000000000000e+00,-1.000000000000000000e+00,-1.000000000000000000e+00,-1.000000000000000000e+00,-1.000000000000000000e+00,-1.000000000000000000e+00,-1.000000000000000000e+00,-1.000000000000000000e+00,-1.000000000000000000e+00,-1.000000000000000000e+00,-1.000000000000000000e+00,-1.000000000000000000e+00,-1.000000000000000000e+00,-1.000000000000000000e+00,-1.000000000000000000e+00,-1.000000000000000000e+00,-1.000000000000000000e+00,-1.000000000000000000e+00,-1.000000000000000000e+00,-1.000000000000000000e+00,-1.000000000000000000e+00,-1.000000000000000000e+00,-1.000000000000000000e+00,-1.000000000000000000e+00,-1.000000000000000000e+00,-1.000000000000000000e+00,-1.000000000000000000e+00,-1.000000000000000000e+00,-1.000000000000000000e+00,-1.000000000000000000e+00,-1.000000000000000000e+00,-1.000000000000000000e+00,-1.000000000000000000e+00,-1.000000000000000000e+00,-1.000000000000000000e+00,-1.000000000000000000e+00,-1.000000000000000000e+00,-1.000000000000000000e+00,-1.000000000000000000e+00,-1.000000000000000000e+00,-1.000000000000000000e+00,-1.000000000000000000e+00,-1.000000000000000000e+00,-1.000000000000000000e+00,-1.000000000000000000e+00,-1.000000000000000000e+00,-1.000000000000000000e+00,-1.000000000000000000e+00,-1.000000000000000000e+00,-1.000000000000000000e+00,-1.000000000000000000e+00,-1.000000000000000000e+00,-1.000000000000000000e+00,-1.000000000000000000e+00,-1.000000000000000000e+00,-1.000000000000000000e+00,-1.000000000000000000e+00,-1.000000000000000000e+00,-1.000000000000000000e+00,-1.000000000000000000e+00,-1.000000000000000000e+00,-1.000000000000000000e+00,-1.000000000000000000e+00,-1.000000000000000000e+00,-1.000000000000000000e+00,-1.000000000000000000e+00,-1.000000000000000000e+00,-1.000000000000000000e+00,-1.000000000000000000e+00,-1.000000000000000000e+00,-1.000000000000000000e+00,-1.000000000000000000e+00,-1.000000000000000000e+00,-1.000000000000000000e+00,-1.000000000000000000e+00,-1.000000000000000000e+00,-1.000000000000000000e+00,-1.000000000000000000e+00
2.640260756015777588e-01,7.515550851821899414e-01,-1.070237871658719087e-07,2.866273522377014160e-01,7.343394160270690918e-01,-1.953664980828762054e-02,3.015352785587310791e-01,7.109594345092773438e-01,-3.206076845526695251e-02,3.106683194637298584e-01,6.947251558303833008e-01,-4.324358701705932617e-02,3.175891041755676270e-01,6.809486746788024902e-01,-5.345568433403968811e-02,2.775540351867675781e-01,6.649400591850280762e-01,-2.703134156763553619e-02,2.798016667366027832e-01,6.676973104476928711e-01,-4.776909202337265015e-02,2.837671637535095215e-01,6.850929856300354004e-01,-6.120712310075759888e-02,2.852989435195922852e-01,6.986783146858215332e-01,-6.822886317968368530e-02,2.549942731857299805e-01,6.712064743041992188e-01,-2.603716775774955750e-02,2.540667951107025146e-01,6.798729300498962402e-01,-4.853978380560874939e-02,2.609781026840209961e-01,7.030929923057556152e-01,-5.709501355886459351e-02,2.657099366188049316e-01,7.201289534568786621e-01,-5.998300015926361084e-02,2.361744642257690430e-01,6.844388842582702637e-01,-2.692380733788013458e-02,2.338633835315704346e-01,6.998422145843505859e-01,-4.795147478580474854e-02,2.404300719499588013e-01,7.229502201080322266e-01,-4.896169528365135193e-02,2.455712854862213135e-01,7.349224090576171875e-01,-4.566484317183494568e-02,2.200250774621963501e-01,6.991840004920959473e-01,-2.944653853774070740e-02,2.172276973724365234e-01,7.093188166618347168e-01,-4.268793761730194092e-02,2.223215252161026001e-01,7.250163555145263672e-01,-4.181528091430664062e-02,2.271712422370910645e-01,7.329939603805541992e-01,-3.864565119147300720e-02,-1.000000000000000000e+00,-1.000000000000000000e+00,-1.000000000000000000e+00,-1.000000000000000000e+00,-1.000000000000000000e+00,-1.000000000000000000e+00,-1.000000000000000000e+00,-1.000000000000000000e+00,-1.000000000000000000e+00,-1.000000000000000000e+00,-1.000000000000000000e+00,-1.000000000000000000e+00,-1.000000000000000000e+00,-1.000000000000000000e+00,-1.000000000000000000e+00,-1.000000000000000000e+00,-1.000000000000000000e+00,-1.000000000000000000e+00,-1.000000000000000000e+00,-1.000000000000000000e+00,-1.000000000000000000e+00,-1.000000000000000000e+00,-1.000000000000000000e+00,-1.000000000000000000e+00,-1.000000000000000000e+00,-1.000000000000000000e+00,-1.000000000000000000e+00,-1.000000000000000000e+00,-1.000000000000000000e+00,-1.000000000000000000e+00,-1.000000000000000000e+00,-1.000000000000000000e+00,-1.000000000000000000e+00,-1.000000000000000000e+00,-1.000000000000000000e+00,-1.000000000000000000e+00,-1.000000000000000000e+00,-1.000000000000000000e+00,-1.000000000000000000e+00,-1.000000000000000000e+00,-1.000000000000000000e+00,-1.000000000000000000e+00,-1.000000000000000000e+00,-1.000000000000000000e+00,-1.000000000000000000e+00,-1.000000000000000000e+00,-1.000000000000000000e+00,-1.000000000000000000e+00,-1.000000000000000000e+00,-1.000000000000000000e+00,-1.000000000000000000e+00,-1.000000000000000000e+00,-1.000000000000000000e+00,-1.000000000000000000e+00,-1.000000000000000000e+00,-1.000000000000000000e+00,-1.000000000000000000e+00,-1.000000000000000000e+00,-1.000000000000000000e+00,-1.000000000000000000e+00,-1.000000000000000000e+00,-1.000000000000000000e+00,-1.000000000000000000e+00
2.615112960338592529e-01,7.595067620277404785e-01,-3.743257792621079716e-08,2.799345850944519043e-01,7.438554763793945312e-01,-2.192857675254344940e-02,2.927164733409881592e-01,7.239825129508972168e-01,-3.706730529665946960e-02,3.017106056213378906e-01,7.118967771530151367e-01,-5.043131858110427856e-02,3.081541061401367188e-01,6.998668909072875977e-01,-6.325723230838775635e-02,2.664253413677215576e-01,6.845236420631408691e-01,-3.400304913520812988e-02,2.715651690959930420e-01,6.844721436500549316e-01,-5.832742527127265930e-02,2.756957709789276123e-01,7.069962620735168457e-01,-7.426958531141281128e-02,2.787907719612121582e-01,7.263581752777099609e-01,-8.268619328737258911e-02,2.451109588146209717e-01,6.946789622306823730e-01,-3.219935670495033264e-02,2.475318312644958496e-01,6.965744495391845703e-01,-5.617694556713104248e-02,2.543293237686157227e-01,7.200987935066223145e-01,-6.620335578918457031e-02,2.600494027137756348e-01,7.401534914970397949e-01,-7.048285752534866333e-02,2.284470945596694946e-01,7.103496193885803223e-01,-3.258353099226951599e-02,2.255274802446365356e-01,7.141380310058593750e-01,-5.434856191277503967e-02,2.317277044057846069e-01,7.364440560340881348e-01,-5.746547132730484009e-02,2.372875213623046875e-01,7.535781860351562500e-01,-5.620473995804786682e-02,2.165251225233078003e-01,7.288085818290710449e-01,-3.459395468235015869e-02,2.108098715543746948e-01,7.353045344352722168e-01,-4.979670047760009766e-02,2.147838175296783447e-01,7.508720755577087402e-01,-5.209152027964591980e-02,2.195173799991607666e-01,7.617719769477844238e-01,-5.149515718221664429e-02,-1.000000000000000000e+00,-1.000000000000000000e+00,-1.000000000000000000e+00,-1.000000000000000000e+00,-1.000000000000000000e+00,-1.000000000000000000e+00,-1.000000000000000000e+00,-1.000000000000000000e+00,-1.000000000000000000e+00,-1.000000000000000000e+00,-1.000000000000000000e+00,-1.000000000000000000e+00,-1.000000000000000000e+00,-1.000000000000000000e+00,-1.000000000000000000e+00,-1.000000000000000000e+00,-1.000000000000000000e+00,-1.000000000000000000e+00,-1.000000000000000000e+00,-1.000000000000000000e+00,-1.000000000000000000e+00,-1.000000000000000000e+00,-1.000000000000000000e+00,-1.000000000000000000e+00,-1.000000000000000000e+00,-1.000000000000000000e+00,-1.000000000000000000e+00,-1.000000000000000000e+00,-1.000000000000000000e+00,-1.000000000000000000e+00,-1.000000000000000000e+00,-1.000000000000000000e+00,-1.000000000000000000e+00,-1.000000000000000000e+00,-1.000000000000000000e+00,-1.000000000000000000e+00,-1.000000000000000000e+00,-1.000000000000000000e+00,-1.000000000000000000e+00,-1.000000000000000000e+00,-1.000000000000000000e+00,-1.000000000000000000e+00,-1.000000000000000000e+00,-1.000000000000000000e+00,-1.000000000000000000e+00,-1.000000000000000000e+00,-1.000000000000000000e+00,-1.000000000000000000e+00,-1.000000000000000000e+00,-1.000000000000000000e+00,-1.000000000000000000e+00,-1.000000000000000000e+00,-1.000000000000000000e+00,-1.000000000000000000e+00,-1.000000000000000000e+00,-1.000000000000000000e+00,-1.000000000000000000e+00,-1.000000000000000000e+00,-1.000000000000000000e+00,-1.000000000000000000e+00,-1.000000000000000000e+00,-1.000000000000000000e+00,-1.000000000000000000e+00
