6.167809367179870605e-01,6.216274499893188477e-01,2.685436299998400500e-07,5.625541210174560547e-01,6.214895844459533691e-01,-1.428612694144248962e-02,5.120114088058471680e-01,5.723894238471984863e-01,-1.871776580810546875e-02,4.825749099254608154e-01,5.191906690597534180e-01,-2.276509813964366913e-02,4.596358835697174072e-01,4.914330542087554932e-01,-2.688133902847766876e-02,5.177410244941711426e-01,4.553263485431671143e-01,-6.629905197769403458e-03,4.867019653320312500e-01,3.872553110122680664e-01,-1.956074684858322144e-02,4.664425849914550781e-01,3.473713994026184082e-01,-3.097237832844257355e-02,4.495044052600860596e-01,3.111857771873474121e-01,-3.951228410005569458e-02,5.418718457221984863e-01,4.211727678775787354e-01,-1.075946725904941559e-02,5.150570273399353027e-01,3.297867774963378906e-01,-2.070571295917034149e-02,4.997948706150054932e-01,2.700739502906799316e-01,-3.135802224278450012e-02,4.891618788242340088e-01,2.196442782878875732e-01,-3.949684277176856995e-02,5.688766241073608398e-01,4.096055924892425537e-01,-1.782557927072048187e-02,5.543512105941772461e-01,3.212525844573974609e-01,-3.029170259833335876e-02,5.457479357719421387e-01,2.647891938686370850e-01,-3.996323794126510620e-02,5.379835367202758789e-01,2.183721363544464111e-01,-4.677190259099006653e-02,5.987119674682617188e-01,4.148069918155670166e-01,-2.648014016449451447e-02,5.983707904815673828e-01,3.443404436111450195e-01,-3.826482966542243958e-02,5.971059799194335938e-01,2.983649969100952148e-01,-4.339132457971572876e-02,5.951474308967590332e-01,2.591919302940368652e-01,-4.691025987267494202e-02,-1.000000000000000000e+00,-1.000000000000000000e+00,-1.000000000000000000e+00,-1.000000000000000000e+00,-1.000000000000000000e+00,-1.000000000000000000e+00,-1.000000000000000000e+00,-1.000000000000000000e+00,-1.000000000000000000e+00,-1.000000000000000000e+00,-1.000000000000000000e+00,-1.000000000000000000e+00,-1.000000000000000000e+00,-1.000000000000000000e+00,-1.000000000000000000e+00,-1.000000000000000000e+00,-1.000000000000000000e+00,-1.000000000000000000e+00,-1.000000000000000000e+00,-1.000000000000000000e+00,-1.000000000000000000e+00,-1.000000000000000000e+00,-1.000000000000000000e+00,-1.000000000000000000e+00,-1.000000000000000000e+00,-1.000000000000000000e+00,-1.000000000000000000e+00,-1.000000000000000000e+00,-1.000000000000000000e+00,-1.000000000000000000e+00,-1.000000000000000000e+00,-1.000000000000000000e+00,-1.000000000000000000e+00,-1.000000000000000000e+00,-1.000000000000000000e+00,-1.000000000000000000e+00,-1.000000000000000000e+00,-1.000000000000000000e+00,-1.000000000000000000e+00,-1.000000000000000000e+00,-1.000000000000000000e+00,-1.000000000000000000e+00,-1.000000000000000000e+00,-1.000000000000000000e+00,-1.000000000000000000e+00,-1.000000000000000000e+00,-1.000000000000000000e+00,-1.000000000000000000e+00,-1.000000000000000000e+00,-1.000000000000000000e+00,-1.000000000000000000e+00,-1.000000000000000000e+00,-1.000000000000000000e+00,-1.000000000000000000e+00,-1.000000000000000000e+00,-1.000000000000000000e+00,-1.000000000000000000e+00,-1.000000000000000000e+00,-1.000000000000000000e+00,-1.000000000000000000e+00,-1.000000000000000000e+00,-1.000000000000000000e+00,-1.000000000000000000e+00
6.167809367179870605e-01,6.216274499893188477e-01,2.685436299998400500e-07,5.625541210174560547e-01,6.214895844459533691e-01,-1.428612694144248962e-02,5.120114088058471680e-01,5.723894238471984863e-01,-1.871776580810546875e-02,4.825749099254608154e-01,5.191906690597534180e-01,-2.276509813964366913e-02,4.596358835697174072e-01,4.914330542087554932e-01,-2.688133902847766876e-02,5.177410244941711426e-01,4.553263485431671143e-01,-6.629905197769403458e-03,4.867019653320312500e-01,3.872553110122680664e-01,-1.956074684858322144e-02,4.664425849914550781e-01,3.473713994026184082e-01,-3.097237832844257355e-02,4.495044052600860596e-01,3.111857771873474121e-01,-3.951228410005569458e-02,5.418718457221984863e-01,4.211727678775787354e-01,-1.075946725904941559e-02,5.150570273399353027e-01,3.297867774963378906e-01,-2.070571295917034149e-02,4.997948706150054932e-01,2.700739502906799316e-01,-3.135802224278450012e-02,4.891618788242340088e-01,2.196442782878875732e-01,-3.949684277176856995e-02,5.688766241073608398e-01,4.096055924892425537e-01,-1.782557927072048187e-02,5.543512105941772461e-01,3.212525844573974609e-01,-3.029170259833335876e-02,5.457479357719421387e-01,2.647891938686370850e-01,-3.996323794126510620e-02,5.379835367202758789e-01,2.183721363544464111e-01,-4.677190259099006653e-02,5.987119674682617188e-01,4.148069918155670166e-01,-2.648014016449451447e-02,5.983707904815673828e-01,3.443404436111450195e-01,-3.826482966542243958e-02,5.971059799194335938e-01,2.983649969100952148e-01,-4.339132457971572876e-02,5.951474308967590332e-01,2.591919302940368652e-01,-4.691025987267494202e-02,-1.000000000000000000e+00,-1.000000000000000000e+00,-1.000000000000000000e+00,-1.000000000000000000e+00,-1.000000000000000000e+00,-1.000000000000000000e+00,-1.000000000000000000e+00,-1.000000000000000000e+00,-1.000000000000000000e+00,-1.000000000000000000e+00,-1.000000000000000000e+00,-1.000000000000000000e+00,-1.000000000000000000e+00,-1.000000000000000000e+00,-1.000000000000000000e+00,-1.000000000000000000e+00,-1.000000000000000000e+00,-1.000000000000000000e+00,-1.000000000000000000e+00,-1.000000000000000000e+00,-1.000000000000000000e+00,-1.000000000000000000e+00,-1.000000000000000000e+00,-1.000000000000000000e+00,-1.000000000000000000e+00,-1.000000000000000000e+00,-1.000000000000000000e+00,-1.000000000000000000e+00,-1.000000000000000000e+00,-1.000000000000000000e+00,-1.000000000000000000e+00,-1.000000000000000000e+00,-1.000000000000000000e+00,-1.000000000000000000e+00,-1.000000000000000000e+00,-1.000000000000000000e+00,-1.000000000000000000e+00,-1.000000000000000000e+00,-1.000000000000000000e+00,-1.000000000000000000e+00,-1.000000000000000000e+00,-1.000000000000000000e+00,-1.000000000000000000e+00,-1.000000000000000000e+00,-1.000000000000000000e+00,-1.000000000000000000e+00,-1.000000000000000000e+00,-1.000000000000000000e+00,-1.000000000000000000e+00,-1.000000000000000000e+00,-1.000000000000000000e+00,-1.000000000000000000e+00,-1.000000000000000000e+00,-1.000000000000000000e+00,-1.000000000000000000e+00,-1.000000000000000000e+00,-1.000000000000000000e+00,-1.000000000000000000e+00,-1.000000000000000000e+00,-1.000000000000000000e+00,-1.000000000000000000e+00,-1.000000000000000000e+00,-1.000000000000000000e+00
3.342656195163726807e-01,5.690637230873107910e-01,3.030112338819890283e-07,3.435094356536865234e-01,4.755679965019226074e-01,-2.389253303408622742e-02,3.223329484462738037e-01,3.702327609062194824e-01,-3.180359676480293274e-02,3.045464754104614258e-01,2.845765352249145508e-01,-3.842893615365028381e-02,2.989032566547393799e-01,2.194235920906066895e-01,-4.473508149385452271e-02,2.342790216207504272e-01,3.434810042381286621e-01,-1.834036409854888916e-02,1.913221478462219238e-01,2.698725461959838867e-01,-3.294805437326431274e-02,1.629295349121093750e-01,2.272281795740127563e-01,-4.542773589491844177e-02,1.366399377584457397e-01,1.919630914926528931e-01,-5.564213916659355164e-02,2.059041857719421387e-01,3.895660340785980225e-01,-1.943119801580905914e-02,1.442207694053649902e-01,3.314883708953857422e-01,-3.269519284367561340e-02,1.076683253049850464e-01,2.970315217971801758e-01,-4.445627704262733459e-02,7.525731623172760010e-02,2.695013880729675293e-01,-5.305651947855949402e-02,1.941112577915191650e-01,4.453339874744415283e-01,-2.368980087339878082e-02,1.339476257562637329e-01,4.110302031040191650e-01,-3.849834203720092773e-02,9.730049967765808105e-02,3.900538086891174316e-01,-4.933222010731697083e-02,6.334334611892700195e-02,3.689294159412384033e-01,-5.677684396505355835e-02,1.959620714187622070e-01,5.094634294509887695e-01,-3.057828359305858612e-02,1.483323574066162109e-01,5.010322332382202148e-01,-4.619587957859039307e-02,1.185908168554306030e-01,4.995046257972717285e-01,-5.369161441922187805e-02,8.933697640895843506e-02,4.940023124217987061e-01,-5.797664448618888855e-02,-1.000000000000000000e+00,-1.000000000000000000e+00,-1.000000000000000000e+00,-1.000000000000000000e+00,-1.000000000000000000e+00,-1.000000000000000000e+00,-1.000000000000000000e+00,-1.000000000000000000e+00,-1.000000000000000000e+00,-1.000000000000000000e+00,-1.000000000000000000e+00,-1.000000000000000000e+00,-1.000000000000000000e+00,-1.000000000000000000e+00,-1.000000000000000000e+00,-1.000000000000000000e+00,-1.000000000000000000e+00,-1.000000000000000000e+00,-1.000000000000000000e+00,-1.000000000000000000e+00,-1.000000000000000000e+00,-1.000000000000000000e+00,-1.000000000000000000e+00,-1.000000000000000000e+00,-1.000000000000000000e+00,-1.000000000000000000e+00,-1.000000000000000000e+00,-1.000000000000000000e+00,-1.000000000000000000e+00,-1.000000000000000000e+00,-1.000000000000000000e+00,-1.000000000000000000e+00,-1.000000000000000000e+00,-1.000000000000000000e+00,-1.000000000000000000e+00,-1.000000000000000000e+00,-1.000000000000000000e+00,-1.000000000000000000e+00,-1.000000000000000000e+00,-1.000000000000000000e+00,-1.000000000000000000e+00,-1.000000000000000000e+00,-1.000000000000000000e+00,-1.000000000000000000e+00,-1.000000000000000000e+00,-1.000000000000000000e+00,-1.000000000000000000e+00,-1.000000000000000000e+00,-1.000000000000000000e+00,-1.000000000000000000e+00,-1.000000000000000000e+00,-1.000000000000000000e+00,-1.000000000000000000e+00,-1.000000000000000000e+00,-1.000000000000000000e+00,-1.000000000000000000e+00,-1.000000000000000000e+00,-1.000000000000000000e+00,-1.000000000000000000e+00,-1.000000000000000000e+00,-1.000000000000000000e+00,-1.000000000000000000e+00,-1.000000000000000000e+00
3.407980203628540039e-01,5.605559945106506348e-01,2.949665542928414652e-07,3.500074446201324463e-01,4.628225266933441162e-01,-2.246846258640289307e-02,3.278810381889343262e-01,3.635372221469879150e-01,-3.107512556016445160e-02,3.075200319290161133e-01,2.822134494781494141e-01,-3.880002349615097046e-02,3.008807301521301270e-01,2.159142494201660156e-01,-4.609415680170059204e-02,2.366308718919754028e-01,3.404400646686553955e-01,-1.702565327286720276e-02,1.936936974525451660e-01,2.672597765922546387e-01,-3.192104026675224304e-02,1.641219556331634521e-01,2.249013930559158325e-01,-4.439174383878707886e-02,1.373654603958129883e-01,1.920681297779083252e-01,-5.451144650578498840e-02,2.086638808250427246e-01,3.876176476478576660e-01,-1.908489689230918884e-02,1.456482857465744019e-01,3.305179774761199951e-01,-3.238295763731002808e-02,1.082698926329612732e-01,2.974677681922912598e-01,-4.380499944090843201e-02,7.603207230567932129e-02,2.740708887577056885e-01,-5.224042758345603943e-02,1.975350379943847656e-01,4.423906207084655762e-01,-2.429771609604358673e-02,1.366598010063171387e-01,4.094509780406951904e-01,-3.907750174403190613e-02,9.865766763687133789e-02,3.878436684608459473e-01,-5.035248771309852600e-02,6.410184502601623535e-02,3.680889606475830078e-01,-5.821707844734191895e-02,2.002909779548645020e-01,5.032795071601867676e-01,-3.196747601032257080e-02,1.510517001152038574e-01,4.976922273635864258e-01,-4.730272665619850159e-02,1.192757785320281982e-01,4.946590065956115723e-01,-5.512029677629470825e-02,8.940121531486511230e-02,4.885556697845458984e-01,-5.992143973708152771e-02,-1.000000000000000000e+00,-1.000000000000000000e+00,-1.000000000000000000e+00,-1.000000000000000000e+00,-1.000000000000000000e+00,-1.000000000000000000e+00,-1.000000000000000000e+00,-1.000000000000000000e+00,-1.000000000000000000e+00,-1.000000000000000000e+00,-1.000000000000000000e+00,-1.000000000000000000e+00,-1.000000000000000000e+00,-1.000000000000000000e+00,-1.000000000000000000e+00,-1.000000000000000000e+00,-1.000000000000000000e+00,-1.000000000000000000e+00,-1.000000000000000000e+00,-1.000000000000000000e+00,-1.000000000000000000e+00,-1.000000000000000000e+00,-1.000000000000000000e+00,-1.000000000000000000e+00,-1.000000000000000000e+00,-1.000000000000000000e+00,-1.000000000000000000e+00,-1.000000000000000000e+00,-1.000000000000000000e+00,-1.000000000000000000e+00,-1.000000000000000000e+00,-1.000000000000000000e+00,-1.000000000000000000e+00,-1.000000000000000000e+00,-1.000000000000000000e+00,-1.000000000000000000e+00,-1.000000000000000000e+00,-1.000000000000000000e+00,-1.000000000000000000e+00,-1.000000000000000000e+00,-1.000000000000000000e+00,-1.000000000000000000e+00,-1.000000000000000000e+00,-1.000000000000000000e+00,-1.000000000000000000e+00,-1.000000000000000000e+00,-1.000000000000000000e+00,-1.000000000000000000e+00,-1.000000000000000000e+00,-1.000000000000000000e+00,-1.000000000000000000e+00,-1.000000000000000000e+00,-1.000000000000000000e+00,-1.000000000000000000e+00,-1.000000000000000000e+00,-1.000000000000000000e+00,-1.000000000000000000e+00,-1.000000000000000000e+00,-1.000000000000000000e+00,-1.000000000000000000e+00,-1.000000000000000000e+00,-1.000000000000000000e+00,-1.000000000000000000e+00
3.564206063747406006e-01,5.344123840332031250e-01,2.598225705696677323e-07,3.643823266029357910e-01,4.352445006370544434e-01,-2.063974179327487946e-02,3.418820500373840332e-01,3.377023041248321533e-01,-3.064267151057720184e-02,3.213685154914855957e-01,2.626807093620300293e-01,-4.046205803751945496e-02,3.191895186901092529e-01,1.977209895849227905e-01,-5.050455406308174133e-02,2.521461248397827148e-01,3.136562705039978027e-01,-1.985414512455463409e-02,2.052008062601089478e-01,2.463632225990295410e-01,-3.783538937568664551e-02,1.743061989545822144e-01,2.073434591293334961e-01,-5.250527709722518921e-02,1.463253051042556763e-01,1.766844242811203003e-01,-6.350578367710113525e-02,2.254721075296401978e-01,3.600360155105590820e-01,-2.352059260010719299e-02,1.606365740299224854e-01,3.064208626747131348e-01,-3.883682563900947571e-02,1.212812587618827820e-01,2.767119407653808594e-01,-5.118081718683242798e-02,8.661670982837677002e-02,2.562310099601745605e-01,-6.006256118416786194e-02,2.134220451116561890e-01,4.149988591670989990e-01,-2.991809695959091187e-02,1.509389877319335938e-01,3.817583918571472168e-01,-4.492111504077911377e-02,1.125440821051597595e-01,3.618613481521606445e-01,-5.542734637856483459e-02,7.820719480514526367e-02,3.467656970024108887e-01,-6.256964802742004395e-02,2.141279578208923340e-01,4.779450595378875732e-01,-3.865940496325492859e-02,1.636728644371032715e-01,4.691824316978454590e-01,-5.251105129718780518e-02,1.328029632568359375e-01,4.644239246845245361e-01,-5.843186378479003906e-02,1.039380133152008057e-01,4.600408971309661865e-01,-6.184817850589752197e-02,-1.000000000000000000e+00,-1.000000000000000000e+00,-1.000000000000000000e+00,-1.000000000000000000e+00,-1.000000000000000000e+00,-1.000000000000000000e+00,-1.000000000000000000e+00,-1.000000000000000000e+00,-1.000000000000000000e+00,-1.000000000000000000e+00,-1.000000000000000000e+00,-1.000000000000000000e+00,-1.000000000000000000e+00,-1.000000000000000000e+00,-1.000000000000000000e+00,-1.000000000000000000e+00,-1.000000000000000000e+00,-1.000000000000000000e+00,-1.000000000000000000e+00,-1.000000000000000000e+00,-1.000000000000000000e+00,-1.000000000000000000e+00,-1.000000000000000000e+00,-1.000000000000000000e+00,-1.000000000000000000e+00,-1.000000000000000000e+00,-1.000000000000000000e+00,-1.000000000000000000e+00,-1.000000000000000000e+00,-1.000000000000000000e+00,-1.000000000000000000e+00,-1.000000000000000000e+00,-1.000000000000000000e+00,-1.000000000000000000e+00,-1.000000000000000000e+00,-1.000000000000000000e+00,-1.000000000000000000e+00,-1.000000000000000000e+00,-1.000000000000000000e+00,-1.000000000000000000e+00,-1.000000000000000000e+00,-1.000000000000000000e+00,-1.000000000000000000e+00,-1.000000000000000000e+00,-1.000000000000000000e+00,-1.000000000000000000e+00,-1.000000000000000000e+00,-1.000000000000000000e+00,-1.000000000000000000e+00,-1.000000000000000000e+00,-1.000000000000000000e+00,-1.000000000000000000e+00,-1.000000000000000000e+00,-1.000000000000000000e+00,-1.000000000000000000e+00,-1.000000000000000000e+00,-1.000000000000000000e+00,-1.000000000000000000e+00,-1.000000000000000000e+00,-1.000000000000000000e+00,-1.000000000000000000e+00,-1.000000000000000000e+00,-1.000000000000000000e+00
3.730503320693969727e-01,5.079497098922729492e-01,2.426000094146729680e-07,3.858545720577239990e-01,4.057500958442687988e-01,-2.008071914315223694e-02,3.640976846218109131e-01,3.058673143386840820e-01,-2.994981780648231506e-02,3.466652333736419678e-01,2.280820012092590332e-01,-3.983131796121597290e-02,3.465986847877502441e-01,1.644549667835235596e-01,-5.085598677396774292e-02,2.797634005546569824e-01,2.734420895576477051e-01,-2.470322884619235992e-02,2.344818413257598877e-01,2.010259032249450684e-01,-4.579798132181167603e-02,2.043395191431045532e-01,1.593246310949325562e-01,-6.270123273134231567e-02,1.761277318000793457e-01,1.266713291406631470e-01,-7.529411464929580688e-02,2.511233389377593994e-01,3.169954121112823486e-01,-2.971625514328479767e-02,1.876284331083297729e-01,2.563956081867218018e-01,-4.798573628067970276e-02,1.479619741439819336e-01,2.224736213684082031e-01,-6.293640285730361938e-02,1.113738119602203369e-01,1.988995224237442017e-01,-7.385671138763427734e-02,2.377968430519104004e-01,3.718732297420501709e-01,-3.711117804050445557e-02,1.754283905029296875e-01,3.324849903583526611e-01,-5.491056665778160095e-02,1.360680162906646729e-01,3.091311454772949219e-01,-6.752633303403854370e-02,9.887430071830749512e-02,2.907840013504028320e-01,-7.631228864192962646e-02,2.363709211349487305e-01,4.367309510707855225e-01,-4.664251953363418579e-02,1.853800863027572632e-01,4.220132827758789062e-01,-6.328827887773513794e-02,1.534809470176696777e-01,4.129784405231475830e-01,-7.107513397932052612e-02,1.232817620038986206e-01,4.032263457775115967e-01,-7.606553286314010620e-02,-1.000000000000000000e+00,-1.000000000000000000e+00,-1.000000000000000000e+00,-1.000000000000000000e+00,-1.000000000000000000e+00,-1.000000000000000000e+00,-1.000000000000000000e+00,-1.000000000000000000e+00,-1.000000000000000000e+00,-1.000000000000000000e+00,-1.000000000000000000e+00,-1.000000000000000000e+00,-1.000000000000000000e+00,-1.000000000000000000e+00,-1.000000000000000000e+00,-1.000000000000000000e+00,-1.000000000000000000e+00,-1.000000000000000000e+00,-1.000000000000000000e+00,-1.000000000000000000e+00,-1.000000000000000000e+00,-1.000000000000000000e+00,-1.000000000000000000e+00,-1.000000000000000000e+00,-1.000000000000000000e+00,-1.000000000000000000e+00,-1.000000000000000000e+00,-1.000000000000000000e+00,-1.000000000000000000e+00,-1.000000000000000000e+00,-1.000000000000000000e+00,-1.000000000000000000e+00,-1.000000000000000000e+00,-1.000000000000000000e+00,-1.000000000000000000e+00,-1.000000000000000000e+00,-1.000000000000000000e+00,-1.000000000000000000e+00,-1.000000000000000000e+00,-1.000000000000000000e+00,-1.000000000000000000e+00,-1.000000000000000000e+00,-1.000000000000000000e+00,-1.000000000000000000e+00,-1.000000000000000000e+00,-1.000000000000000000e+00,-1.000000000000000000e+00,-1.000000000000000000e+00,-1.000000000000000000e+00,-1.000000000000000000e+00,-1.000000000000000000e+00,-1.000000000000000000e+00,-1.000000000000000000e+00,-1.000000000000000000e+00,-1.000000000000000000e+00,-1.000000000000000000e+00,-1.000000000000000000e+00,-1.000000000000000000e+00,-1.000000000000000000e+00,-1.000000000000000000e+00,-1.000000000000000000e+00,-1.000000000000000000e+00,-1.000000000000000000e+00
3.987935185432434082e-01,4.659249484539031982e-01,2.484841559180495096e-07,4.125909507274627686e-01,3.659141063690185547e-01,-1.626664772629737854e-02,3.948235213756561279e-01,2.673280239105224609e-01,-2.524713613092899323e-02,3.810353875160217285e-01,1.955225616693496704e-01,-3.548156097531318665e-02,3.840353190898895264e-01,1.423852592706680298e-01,-4.727931320667266846e-02,3.125277459621429443e-01,2.308759391307830811e-01,-2.218234725296497345e-02,2.709951102733612061e-01,1.501094847917556763e-01,-4.256940633058547974e-02,2.442331910133361816e-01,1.052913516759872437e-01,-5.839432775974273682e-02,2.193490266799926758e-01,7.096028327941894531e-02,-6.990040838718414307e-02,2.845180034637451172e-01,2.714598178863525391e-01,-2.992784418165683746e-02,2.236937284469604492e-01,2.002044618129730225e-01,-4.816312342882156372e-02,1.853652149438858032e-01,1.578005999326705933e-01,-6.301476061344146729e-02,1.506802439689636230e-01,1.283200681209564209e-01,-7.376460731029510498e-02,2.707843482494354248e-01,3.252830505371093750e-01,-3.984368965029716492e-02,2.090931534767150879e-01,2.778028249740600586e-01,-5.787749961018562317e-02,1.702111065387725830e-01,2.482853680849075317e-01,-7.118807733058929443e-02,1.350383460521697998e-01,2.248577177524566650e-01,-8.023278415203094482e-02,2.685083150863647461e-01,3.910732865333557129e-01,-5.140358954668045044e-02,2.164668738842010498e-01,3.711475431919097900e-01,-6.825625896453857422e-02,1.833235025405883789e-01,3.588489890098571777e-01,-7.613764703273773193e-02,1.528235673904418945e-01,3.474473059177398682e-01,-8.117994666099548340e-02,-1.000000000000000000e+00,-1.000000000000000000e+00,-1.000000000000000000e+00,-1.000000000000000000e+00,-1.000000000000000000e+00,-1.000000000000000000e+00,-1.000000000000000000e+00,-1.000000000000000000e+00,-1.000000000000000000e+00,-1.000000000000000000e+00,-1.000000000000000000e+00,-1.000000000000000000e+00,-1.000000000000000000e+00,-1.000000000000000000e+00,-1.000000000000000000e+00,-1.000000000000000000e+00,-1.000000000000000000e+00,-1.000000000000000000e+00,-1.000000000000000000e+00,-1.000000000000000000e+00,-1.000000000000000000e+00,-1.000000000000000000e+00,-1.000000000000000000e+00,-1.000000000000000000e+00,-1.000000000000000000e+00,-1.000000000000000000e+00,-1.000000000000000000e+00,-1.000000000000000000e+00,-1.000000000000000000e+00,-1.000000000000000000e+00,-1.000000000000000000e+00,-1.000000000000000000e+00,-1.000000000000000000e+00,-1.000000000000000000e+00,-1.000000000000000000e+00,-1.000000000000000000e+00,-1.000000000000000000e+00,-1.000000000000000000e+00,-1.000000000000000000e+00,-1.000000000000000000e+00,-1.000000000000000000e+00,-1.000000000000000000e+00,-1.000000000000000000e+00,-1.000000000000000000e+00,-1.000000000000000000e+00,-1.000000000000000000e+00,-1.000000000000000000e+00,-1.000000000000000000e+00,-1.000000000000000000e+00,-1.000000000000000000e+00,-1.000000000000000000e+00,-1.000000000000000000e+00,-1.000000000000000000e+00,-1.000000000000000000e+00,-1.000000000000000000e+00,-1.000000000000000000e+00,-1.000000000000000000e+00,-1.000000000000000000e+00,-1.000000000000000000e+00,-1.000000000000000000e+00,-1.000000000000000000e+00,-1.000000000000000000e+00,-1.000000000000000000e+00
4.223407506942749023e-01,4.485671520233154297e-01,2.539572676596435485e-07,4.417930245399475098e-01,3.551752567291259766e-01,-2.101147919893264771e-02,4.334213733673095703e-01,2.542353272438049316e-01,-3.481896594166755676e-02,4.264963865280151367e-01,1.793934553861618042e-01,-4.902273043990135193e-02,4.318372011184692383e-01,1.294661313295364380e-01,-6.480712443590164185e-02,3.526438474655151367e-01,1.918560415506362915e-01,-3.079753182828426361e-02,3.104650676250457764e-01,1.036817878484725952e-01,-5.444444343447685242e-02,2.819304466247558594e-01,5.797684192657470703e-02,-7.236359268426895142e-02,2.560528814792633057e-01,2.482700347900390625e-02,-8.510220050811767578e-02,3.244087994098663330e-01,2.292549014091491699e-01,-3.762196004390716553e-02,2.672895193099975586e-01,1.467447727918624878e-01,-5.899807065725326538e-02,2.303043603897094727e-01,1.005679368972778320e-01,-7.613526284694671631e-02,1.978670507669448853e-01,6.818425655364990234e-02,-8.853403478860855103e-02,3.077525198459625244e-01,2.823880314826965332e-01,-4.674850404262542725e-02,2.493122220039367676e-01,2.195784747600555420e-01,-6.695946305990219116e-02,2.116868495941162109e-01,1.825735270977020264e-01,-8.218716830015182495e-02,1.783760488033294678e-01,1.541375219821929932e-01,-9.264212101697921753e-02,3.003229498863220215e-01,3.488391339778900146e-01,-5.778363719582557678e-02,2.494520395994186401e-01,3.159153163433074951e-01,-7.642281800508499146e-02,2.178081572055816650e-01,2.989836037158966064e-01,-8.554218709468841553e-02,1.891720443964004517e-01,2.843829393386840820e-01,-9.149427711963653564e-02,-1.000000000000000000e+00,-1.000000000000000000e+00,-1.000000000000000000e+00,-1.000000000000000000e+00,-1.000000000000000000e+00,-1.000000000000000000e+00,-1.000000000000000000e+00,-1.000000000000000000e+00,-1.000000000000000000e+00,-1.000000000000000000e+00,-1.000000000000000000e+00,-1.000000000000000000e+00,-1.000000000000000000e+00,-1.000000000000000000e+00,-1.000000000000000000e+00,-1.000000000000000000e+00,-1.000000000000000000e+00,-1.000000000000000000e+00,-1.000000000000000000e+00,-1.000000000000000000e+00,-1.000000000000000000e+00,-1.000000000000000000e+00,-1.000000000000000000e+00,-1.000000000000000000e+00,-1.000000000000000000e+00,-1.000000000000000000e+00,-1.000000000000000000e+00,-1.000000000000000000e+00,-1.000000000000000000e+00,-1.000000000000000000e+00,-1.000000000000000000e+00,-1.000000000000000000e+00,-1.000000000000000000e+00,-1.000000000000000000e+00,-1.000000000000000000e+00,-1.000000000000000000e+00,-1.000000000000000000e+00,-1.000000000000000000e+00,-1.000000000000000000e+00,-1.000000000000000000e+00,-1.000000000000000000e+00,-1.000000000000000000e+00,-1.000000000000000000e+00,-1.000000000000000000e+00,-1.000000000000000000e+00,-1.000000000000000000e+00,-1.000000000000000000e+00,-1.000000000000000000e+00,-1.000000000000000000e+00,-1.000000000000000000e+00,-1.000000000000000000e+00,-1.000000000000000000e+00,-1.000000000000000000e+00,-1.000000000000000000e+00,-1.000000000000000000e+00,-1.000000000000000000e+00,-1.000000000000000000e+00,-1.000000000000000000e+00,-1.000000000000000000e+00,-1.000000000000000000e+00,-1.000000000000000000e+00,-1.000000000000000000e+00,-1.000000000000000000e+00
4.468961954116821289e-01,4.474251270294189453e-01,2.375774528218244086e-07,4.714836478233337402e-01,3.620977997779846191e-01,-2.416872978210449219e-02,4.728077352046966553e-01,2.633723616600036621e-01,-3.937474638223648071e-02,4.736498594284057617e-01,1.882633417844772339e-01,-5.437286198139190674e-02,4.790288805961608887e-01,1.306123584508895874e-01,-7.036723196506500244e-02,4.010041356086730957e-01,1.719403117895126343e-01,-3.021131269633769989e-02,3.662662506103515625e-01,7.621249556541442871e-02,-5.293242633342742920e-02,3.393609821796417236e-01,2.446566522121429443e-02,-7.059361785650253296e-02,3.138796687126159668e-01,-1.403689384460449219e-02,-8.355854451656341553e-02,3.703208565711975098e-01,1.988569647073745728e-01,-3.533511981368064880e-02,3.219783902168273926e-01,1.038254648447036743e-01,-5.675483494997024536e-02,2.868057191371917725e-01,5.203503370285034180e-02,-7.404685765504837036e-02,2.544837594032287598e-01,1.584582030773162842e-02,-8.647369593381881714e-02,3.490497171878814697e-01,2.454444915056228638e-01,-4.324140772223472595e-02,2.988990843296051025e-01,1.681657880544662476e-01,-6.402420252561569214e-02,2.641109228134155273e-01,1.237787604331970215e-01,-7.927466928958892822e-02,2.323047816753387451e-01,8.954316377639770508e-02,-8.958984166383743286e-02,3.350217044353485107e-01,3.095067143440246582e-01,-5.339127033948898315e-02,2.888329029083251953e-01,2.646037638187408447e-01,-7.291825860738754272e-02,2.577296793460845947e-01,2.420884668827056885e-01,-8.235564082860946655e-02,2.285908013582229614e-01,2.226350605487823486e-01,-8.836074918508529663e-02,-1.000000000000000000e+00,-1.000000000000000000e+00,-1.000000000000000000e+00,-1.000000000000000000e+00,-1.000000000000000000e+00,-1.000000000000000000e+00,-1.000000000000000000e+00,-1.000000000000000000e+00,-1.000000000000000000e+00,-1.000000000000000000e+00,-1.000000000000000000e+00,-1.000000000000000000e+00,-1.000000000000000000e+00,-1.000000000000000000e+00,-1.000000000000000000e+00,-1.000000000000000000e+00,-1.000000000000000000e+00,-1.000000000000000000e+00,-1.000000000000000000e+00,-1.000000000000000000e+00,-1.000000000000000000e+00,-1.000000000000000000e+00,-1.000000000000000000e+00,-1.000000000000000000e+00,-1.000000000000000000e+00,-1.000000000000000000e+00,-1.000000000000000000e+00,-1.000000000000000000e+00,-1.000000000000000000e+00,-1.000000000000000000e+00,-1.000000000000000000e+00,-1.000000000000000000e+00,-1.000000000000000000e+00,-1.000000000000000000e+00,-1.000000000000000000e+00,-1.000000000000000000e+00,-1.000000000000000000e+00,-1.000000000000000000e+00,-1.000000000000000000e+00,-1.000000000000000000e+00,-1.000000000000000000e+00,-1.000000000000000000e+00,-1.000000000000000000e+00,-1.000000000000000000e+00,-1.000000000000000000e+00,-1.000000000000000000e+00,-1.000000000000000000e+00,-1.000000000000000000e+00,-1.000000000000000000e+00,-1.000000000000000000e+00,-1.000000000000000000e+00,-1.000000000000000000e+00,-1.000000000000000000e+00,-1.000000000000000000e+00,-1.000000000000000000e+00,-1.000000000000000000e+00,-1.000000000000000000e+00,-1.000000000000000000e+00,-1.000000000000000000e+00,-1.000000000000000000e+00,-1.000000000000000000e+00,-1.000000000000000000e+00,-1.000000000000000000e+00
4.689915478229522705e-01,4.656282067298889160e-01,1.915883842684706906e-07,5.032644271850585938e-01,3.879039883613586426e-01,-2.104193903505802155e-02,5.141710042953491211e-01,2.830159366130828857e-01,-3.220514208078384399e-02,5.229658484458923340e-01,2.042419016361236572e-01,-4.367643967270851135e-02,5.364992618560791016e-01,1.517608016729354858e-01,-5.598691105842590332e-02,4.515132904052734375e-01,1.742306351661682129e-01,-1.993669942021369934e-02,4.294672310352325439e-01,7.161682844161987305e-02,-3.771142289042472839e-02,4.118624925613403320e-01,1.361364126205444336e-02,-5.299300327897071838e-02,3.935361206531524658e-01,-3.414133191108703613e-02,-6.521254777908325195e-02,4.179798662662506104e-01,1.889139860868453979e-01,-2.483034320175647736e-02,3.798843920230865479e-01,8.636066317558288574e-02,-4.221728816628456116e-02,3.530533909797668457e-01,2.914892137050628662e-02,-5.782173946499824524e-02,3.265848159790039062e-01,-1.512826979160308838e-02,-6.929897516965866089e-02,3.917598128318786621e-01,2.249370962381362915e-01,-3.260185569524765015e-02,3.498341441154479980e-01,1.354231238365173340e-01,-5.097247287631034851e-02,3.195498585700988770e-01,8.374153077602386475e-02,-6.547912955284118652e-02,2.897612452507019043e-01,4.190041124820709229e-02,-7.540287077426910400e-02,3.714409470558166504e-01,2.801278233528137207e-01,-4.246586933732032776e-02,3.312157988548278809e-01,2.216094881296157837e-01,-6.003252416849136353e-02,3.039296865463256836e-01,1.917321383953094482e-01,-6.856292486190795898e-02,2.771209180355072021e-01,1.649589091539382935e-01,-7.416320592164993286e-02,-1.000000000000000000e+00,-1.000000000000000000e+00,-1.000000000000000000e+00,-1.000000000000000000e+00,-1.000000000000000000e+00,-1.000000000000000000e+00,-1.000000000000000000e+00,-1.000000000000000000e+00,-1.000000000000000000e+00,-1.000000000000000000e+00,-1.000000000000000000e+00,-1.000000000000000000e+00,-1.000000000000000000e+00,-1.000000000000000000e+00,-1.000000000000000000e+00,-1.000000000000000000e+00,-1.000000000000000000e+00,-1.000000000000000000e+00,-1.000000000000000000e+00,-1.000000000000000000e+00,-1.000000000000000000e+00,-1.000000000000000000e+00,-1.000000000000000000e+00,-1.000000000000000000e+00,-1.000000000000000000e+00,-1.000000000000000000e+00,-1.000000000000000000e+00,-1.000000000000000000e+00,-1.000000000000000000e+00,-1.000000000000000000e+00,-1.000000000000000000e+00,-1.000000000000000000e+00,-1.000000000000000000e+00,-1.000000000000000000e+00,-1.000000000000000000e+00,-1.000000000000000000e+00,-1.000000000000000000e+00,-1.000000000000000000e+00,-1.000000000000000000e+00,-1.000000000000000000e+00,-1.000000000000000000e+00,-1.000000000000000000e+00,-1.000000000000000000e+00,-1.000000000000000000e+00,-1.000000000000000000e+00,-1.000000000000000000e+00,-1.000000000000000000e+00,-1.000000000000000000e+00,-1.000000000000000000e+00,-1.000000000000000000e+00,-1.000000000000000000e+00,-1.000000000000000000e+00,-1.000000000000000000e+00,-1.000000000000000000e+00,-1.000000000000000000e+00,-1.000000000000000000e+00,-1.000000000000000000e+00,-1.000000000000000000e+00,-1.000000000000000000e+00,-1.000000000000000000e+00,-1.000000000000000000e+00,-1.000000000000000000e+00,-1.000000000000000000e+00
4.877773821353912354e-01,4.792282283306121826e-01,2.494342083991796244e-07,5.260549783706665039e-01,4.088220000267028809e-01,-2.547173760831356049e-02,5.522382259368896484e-01,3.209538459777832031e-01,-4.292872175574302673e-02,5.711535215377807617e-01,2.522977590560913086e-01,-6.093982979655265808e-02,5.927426815032958984e-01,2.058538645505905151e-01,-7.954454421997070312e-02,4.999550282955169678e-01,2.035908252000808716e-01,-2.187118865549564362e-02,4.959266185760498047e-01,1.109107732772827148e-01,-4.532984271645545959e-02,4.916726350784301758e-01,5.855467915534973145e-02,-6.563918292522430420e-02,4.840923547744750977e-01,1.238660514354705811e-02,-7.993127405643463135e-02,4.662142693996429443e-01,2.037214487791061401e-01,-2.686191536486148834e-02,4.355309903621673584e-01,8.954520523548126221e-02,-4.720384627580642700e-02,4.128425717353820801e-01,2.261769771575927734e-02,-6.479128450155258179e-02,3.894654214382171631e-01,-3.134576976299285889e-02,-7.717876136302947998e-02,4.380429089069366455e-01,2.274007201194763184e-01,-3.564441204071044922e-02,4.050060808658599854e-01,1.284973621368408203e-01,-5.599799752235412598e-02,3.799150884151458740e-01,6.989431381225585938e-02,-7.063268870115280151e-02,3.548320531845092773e-01,2.162481844425201416e-02,-7.980487495660781860e-02,4.141211807727813721e-01,2.716453075408935547e-01,-4.708012565970420837e-02,3.811688721179962158e-01,2.027988880872726440e-01,-6.383538991212844849e-02,3.579164147377014160e-01,1.652383804321289062e-01,-7.055056095123291016e-02,3.346951305866241455e-01,1.324556767940521240e-01,-7.461880892515182495e-02,-1.000000000000000000e+00,-1.000000000000000000e+00,-1.000000000000000000e+00,-1.000000000000000000e+00,-1.000000000000000000e+00,-1.000000000000000000e+00,-1.000000000000000000e+00,-1.000000000000000000e+00,-1.000000000000000000e+00,-1.000000000000000000e+00,-1.000000000000000000e+00,-1.000000000000000000e+00,-1.000000000000000000e+00,-1.000000000000000000e+00,-1.000000000000000000e+00,-1.000000000000000000e+00,-1.000000000000000000e+00,-1.000000000000000000e+00,-1.000000000000000000e+00,-1.000000000000000000e+00,-1.000000000000000000e+00,-1.000000000000000000e+00,-1.000000000000000000e+00,-1.000000000000000000e+00,-1.000000000000000000e+00,-1.000000000000000000e+00,-1.000000000000000000e+00,-1.000000000000000000e+00,-1.000000000000000000e+00,-1.000000000000000000e+00,-1.000000000000000000e+00,-1.000000000000000000e+00,-1.000000000000000000e+00,-1.000000000000000000e+00,-1.000000000000000000e+00,-1.000000000000000000e+00,-1.000000000000000000e+00,-1.000000000000000000e+00,-1.000000000000000000e+00,-1.000000000000000000e+00,-1.000000000000000000e+00,-1.000000000000000000e+00,-1.000000000000000000e+00,-1.000000000000000000e+00,-1.000000000000000000e+00,-1.000000000000000000e+00,-1.000000000000000000e+00,-1.000000000000000000e+00,-1.000000000000000000e+00,-1.000000000000000000e+00,-1.000000000000000000e+00,-1.000000000000000000e+00,-1.000000000000000000e+00,-1.000000000000000000e+00,-1.000000000000000000e+00,-1.000000000000000000e+00,-1.000000000000000000e+00,-1.000000000000000000e+00,-1.000000000000000000e+00,-1.000000000000000000e+00,-1.000000000000000000e+00,-1.000000000000000000e+00,-1.000000000000000000e+00
5.090945363044738770e-01,5.146218538284301758e-01,2.288018805529645761e-07,5.513553619384765625e-01,4.607507586479187012e-01,-1.985429972410202026e-02,5.858339667320251465e-01,3.819091916084289551e-01,-3.397956863045692444e-02,6.133846640586853027e-01,3.207582831382751465e-01,-4.921381920576095581e-02,6.410348415374755859e-01,2.802674770355224609e-01,-6.507711857557296753e-02,5.514998435974121094e-01,2.461671382188796997e-01,-1.645926758646965027e-02,5.628690719604492188e-01,1.501072794198989868e-01,-3.686888515949249268e-02,5.670307278633117676e-01,9.650449454784393311e-02,-5.486087128520011902e-02,5.658681392669677734e-01,5.156154930591583252e-02,-6.771853566169738770e-02,5.178205370903015137e-01,2.340410500764846802e-01,-2.258656360208988190e-02,5.050365924835205078e-01,1.142957955598831177e-01,-3.972415253520011902e-02,4.922702014446258545e-01,4.663665592670440674e-02,-5.525427684187889099e-02,4.772265255451202393e-01,-6.434336304664611816e-03,-6.640443205833435059e-02,4.858947992324829102e-01,2.474411427974700928e-01,-3.197734057903289795e-02,4.664422273635864258e-01,1.368332803249359131e-01,-4.907627031207084656e-02,4.491955935955047607e-01,7.071961462497711182e-02,-6.202041357755661011e-02,4.318827986717224121e-01,1.619666814804077148e-02,-7.057882100343704224e-02,4.558760523796081543e-01,2.835589945316314697e-01,-4.349240660667419434e-02,4.304775297641754150e-01,2.053106129169464111e-01,-5.829862505197525024e-02,4.112934470176696777e-01,1.605715751647949219e-01,-6.389605253934860229e-02,3.924727141857147217e-01,1.202453076839447021e-01,-6.718770414590835571e-02,-1.000000000000000000e+00,-1.000000000000000000e+00,-1.000000000000000000e+00,-1.000000000000000000e+00,-1.000000000000000000e+00,-1.000000000000000000e+00,-1.000000000000000000e+00,-1.000000000000000000e+00,-1.000000000000000000e+00,-1.000000000000000000e+00,-1.000000000000000000e+00,-1.000000000000000000e+00,-1.000000000000000000e+00,-1.000000000000000000e+00,-1.000000000000000000e+00,-1.000000000000000000e+00,-1.000000000000000000e+00,-1.000000000000000000e+00,-1.000000000000000000e+00,-1.000000000000000000e+00,-1.000000000000000000e+00,-1.000000000000000000e+00,-1.000000000000000000e+00,-1.000000000000000000e+00,-1.000000000000000000e+00,-1.000000000000000000e+00,-1.000000000000000000e+00,-1.000000000000000000e+00,-1.000000000000000000e+00,-1.000000000000000000e+00,-1.000000000000000000e+00,-1.000000000000000000e+00,-1.000000000000000000e+00,-1.000000000000000000e+00,-1.000000000000000000e+00,-1.000000000000000000e+00,-1.000000000000000000e+00,-1.000000000000000000e+00,-1.000000000000000000e+00,-1.000000000000000000e+00,-1.000000000000000000e+00,-1.000000000000000000e+00,-1.000000000000000000e+00,-1.000000000000000000e+00,-1.000000000000000000e+00,-1.000000000000000000e+00,-1.000000000000000000e+00,-1.000000000000000000e+00,-1.000000000000000000e+00,-1.000000000000000000e+00,-1.000000000000000000e+00,-1.000000000000000000e+00,-1.000000000000000000e+00,-1.000000000000000000e+00,-1.000000000000000000e+00,-1.000000000000000000e+00,-1.000000000000000000e+00,-1.000000000000000000e+00,-1.000000000000000000e+00,-1.000000000000000000e+00,-1.000000000000000000e+00,-1.000000000000000000e+00,-1.000000000000000000e+00
5.262860059738159180e-01,5.651563405990600586e-01,2.213635923453693977e-07,5.770828127861022949e-01,5.299723148345947266e-01,-1.633605919778347015e-02,6.163756847381591797e-01,4.523129463195800781e-01,-2.561689727008342743e-02,6.496654748916625977e-01,3.972699046134948730e-01,-3.638125211000442505e-02,6.853315234184265137e-01,3.784138858318328857e-01,-4.769879207015037537e-02,5.956496000289916992e-01,3.038038313388824463e-01,-8.693799376487731934e-03,6.172712445259094238e-01,2.114973068237304688e-01,-2.475252747535705566e-02,6.283859014511108398e-01,1.600711941719055176e-01,-4.012094810605049133e-02,6.341301202774047852e-01,1.155460923910140991e-01,-5.170023441314697266e-02,5.632134079933166504e-01,2.819287180900573730e-01,-1.455180626362562180e-02,5.643438100814819336e-01,1.627160310745239258e-01,-2.765482291579246521e-02,5.620176792144775391e-01,9.472377598285675049e-02,-4.037934169173240662e-02,5.568392276763916016e-01,3.984981775283813477e-02,-4.961867630481719971e-02,5.303046703338623047e-01,2.845175266265869141e-01,-2.362201549112796783e-02,5.224987268447875977e-01,1.708597838878631592e-01,-3.732736408710479736e-02,5.136799216270446777e-01,1.024046391248703003e-01,-4.837400093674659729e-02,5.042098164558410645e-01,4.478541016578674316e-02,-5.572137236595153809e-02,4.970667064189910889e-01,3.108378946781158447e-01,-3.473207354545593262e-02,4.805417656898498535e-01,2.255937606096267700e-01,-4.687212035059928894e-02,4.675544500350952148e-01,1.755364984273910522e-01,-5.123210325837135315e-02,4.549759030342102051e-01,1.291841268539428711e-01,-5.382665991783142090e-02,-1.000000000000000000e+00,-1.000000000000000000e+00,-1.000000000000000000e+00,-1.000000000000000000e+00,-1.000000000000000000e+00,-1.000000000000000000e+00,-1.000000000000000000e+00,-1.000000000000000000e+00,-1.000000000000000000e+00,-1.000000000000000000e+00,-1.000000000000000000e+00,-1.000000000000000000e+00,-1.000000000000000000e+00,-1.000000000000000000e+00,-1.000000000000000000e+00,-1.000000000000000000e+00,-1.000000000000000000e+00,-1.000000000000000000e+00,-1.000000000000000000e+00,-1.000000000000000000e+00,-1.000000000000000000e+00,-1.000000000000000000e+00,-1.000000000000000000e+00,-1.000000000000000000e+00,-1.000000000000000000e+00,-1.000000000000000000e+00,-1.000000000000000000e+00,-1.000000000000000000e+00,-1.000000000000000000e+00,-1.000000000000000000e+00,-1.000000000000000000e+00,-1.000000000000000000e+00,-1.000000000000000000e+00,-1.000000000000000000e+00,-1.000000000000000000e+00,-1.000000000000000000e+00,-1.000000000000000000e+00,-1.000000000000000000e+00,-1.000000000000000000e+00,-1.000000000000000000e+00,-1.000000000000000000e+00,-1.000000000000000000e+00,-1.000000000000000000e+00,-1.000000000000000000e+00,-1.000000000000000000e+00,-1.000000000000000000e+00,-1.000000000000000000e+00,-1.000000000000000000e+00,-1.000000000000000000e+00,-1.000000000000000000e+00,-1.000000000000000000e+00,-1.000000000000000000e+00,-1.000000000000000000e+00,-1.000000000000000000e+00,-1.000000000000000000e+00,-1.000000000000000000e+00,-1.000000000000000000e+00,-1.000000000000000000e+00,-1.000000000000000000e+00,-1.000000000000000000e+00,-1.000000000000000000e+00,-1.000000000000000000e+00,-1.000000000000000000e+00
5.377019643783569336e-01,6.051869392395019531e-01,2.562287022556120064e-07,5.908519029617309570e-01,5.892802476882934570e-01,-2.200230397284030914e-02,6.387325525283813477e-01,5.243833065032958984e-01,-3.301009535789489746e-02,6.786104440689086914e-01,4.774192571640014648e-01,-4.415728524327278137e-02,7.163754701614379883e-01,4.660798609256744385e-01,-5.554061755537986755e-02,6.323705315589904785e-01,3.721347749233245850e-01,-1.516776066273450851e-02,6.623602509498596191e-01,2.836522758007049561e-01,-3.326400369405746460e-02,6.766601800918579102e-01,2.311078757047653198e-01,-4.958750307559967041e-02,6.841704845428466797e-01,1.869400888681411743e-01,-6.125925481319427490e-02,6.011692285537719727e-01,3.382883667945861816e-01,-1.820280589163303375e-02,6.163766384124755859e-01,2.184859216213226318e-01,-3.269542008638381958e-02,6.217448115348815918e-01,1.478831768035888672e-01,-4.623884335160255432e-02,6.213890910148620605e-01,9.173932671546936035e-02,-5.588760972023010254e-02,5.677605867385864258e-01,3.310951292514801025e-01,-2.471609972417354584e-02,5.721503496170043945e-01,2.167451083660125732e-01,-3.955638781189918518e-02,5.716820359230041504e-01,1.487745642662048340e-01,-5.135242268443107605e-02,5.684932470321655273e-01,9.142132103443145752e-02,-5.901307985186576843e-02,5.318833589553833008e-01,3.479021787643432617e-01,-3.368384763598442078e-02,5.247688293457031250e-01,2.594624161720275879e-01,-4.693773761391639709e-02,5.177969336509704590e-01,2.057764381170272827e-01,-5.238343775272369385e-02,5.105642080307006836e-01,1.566026657819747925e-01,-5.551706627011299133e-02,-1.000000000000000000e+00,-1.000000000000000000e+00,-1.000000000000000000e+00,-1.000000000000000000e+00,-1.000000000000000000e+00,-1.000000000000000000e+00,-1.000000000000000000e+00,-1.000000000000000000e+00,-1.000000000000000000e+00,-1.000000000000000000e+00,-1.000000000000000000e+00,-1.000000000000000000e+00,-1.000000000000000000e+00,-1.000000000000000000e+00,-1.000000000000000000e+00,-1.000000000000000000e+00,-1.000000000000000000e+00,-1.000000000000000000e+00,-1.000000000000000000e+00,-1.000000000000000000e+00,-1.000000000000000000e+00,-1.000000000000000000e+00,-1.000000000000000000e+00,-1.000000000000000000e+00,-1.000000000000000000e+00,-1.000000000000000000e+00,-1.000000000000000000e+00,-1.000000000000000000e+00,-1.000000000000000000e+00,-1.000000000000000000e+00,-1.000000000000000000e+00,-1.000000000000000000e+00,-1.000000000000000000e+00,-1.000000000000000000e+00,-1.000000000000000000e+00,-1.000000000000000000e+00,-1.000000000000000000e+00,-1.000000000000000000e+00,-1.000000000000000000e+00,-1.000000000000000000e+00,-1.000000000000000000e+00,-1.000000000000000000e+00,-1.000000000000000000e+00,-1.000000000000000000e+00,-1.000000000000000000e+00,-1.000000000000000000e+00,-1.000000000000000000e+00,-1.000000000000000000e+00,-1.000000000000000000e+00,-1.000000000000000000e+00,-1.000000000000000000e+00,-1.000000000000000000e+00,-1.000000000000000000e+00,-1.000000000000000000e+00,-1.000000000000000000e+00,-1.000000000000000000e+00,-1.000000000000000000e+00,-1.000000000000000000e+00,-1.000000000000000000e+00,-1.000000000000000000e+00,-1.000000000000000000e+00,-1.000000000000000000e+00,-1.000000000000000000e+00
5.377019643783569336e-01,6.051869392395019531e-01,2.562287022556120064e-07,5.908519029617309570e-01,5.892802476882934570e-01,-2.200230397284030914e-02,6.387325525283813477e-01,5.243833065032958984e-01,-3.301009535789489746e-02,6.786104440689086914e-01,4.774192571640014648e-01,-4.415728524327278137e-02,7.163754701614379883e-01,4.660798609256744385e-01,-5.554061755537986755e-02,6.323705315589904785e-01,3.721347749233245850e-01,-1.516776066273450851e-02,6.623602509498596191e-01,2.836522758007049561e-01,-3.326400369405746460e-02,6.766601800918579102e-01,2.311078757047653198e-01,-4.958750307559967041e-02,6.841704845428466797e-01,1.869400888681411743e-01,-6.125925481319427490e-02,6.011692285537719727e-01,3.382883667945861816e-01,-1.820280589163303375e-02,6.163766384124755859e-01,2.184859216213226318e-01,-3.269542008638381958e-02,6.217448115348815918e-01,1.478831768035888672e-01,-4.623884335160255432e-02,6.213890910148620605e-01,9.173932671546936035e-02,-5.588760972023010254e-02,5.677605867385864258e-01,3.310951292514801025e-01,-2.471609972417354584e-02,5.721503496170043945e-01,2.167451083660125732e-01,-3.955638781189918518e-02,5.716820359230041504e-01,1.487745642662048340e-01,-5.135242268443107605e-02,5.684932470321655273e-01,9.142132103443145752e-02,-5.901307985186576843e-02,5.318833589553833008e-01,3.479021787643432617e-01,-3.368384763598442078e-02,5.247688293457031250e-01,2.594624161720275879e-01,-4.693773761391639709e-02,5.177969336509704590e-01,2.057764381170272827e-01,-5.238343775272369385e-02,5.105642080307006836e-01,1.566026657819747925e-01,-5.551706627011299133e-02,-1.000000000000000000e+00,-1.000000000000000000e+00,-1.000000000000000000e+00,-1.000000000000000000e+00,-1.000000000000000000e+00,-1.000000000000000000e+00,-1.000000000000000000e+00,-1.000000000000000000e+00,-1.000000000000000000e+00,-1.000000000000000000e+00,-1.000000000000000000e+00,-1.000000000000000000e+00,-1.000000000000000000e+00,-1.000000000000000000e+00,-1.000000000000000000e+00,-1.000000000000000000e+00,-1.000000000000000000e+00,-1.000000000000000000e+00,-1.000000000000000000e+00,-1.000000000000000000e+00,-1.000000000000000000e+00,-1.000000000000000000e+00,-1.000000000000000000e+00,-1.000000000000000000e+00,-1.000000000000000000e+00,-1.000000000000000000e+00,-1.000000000000000000e+00,-1.000000000000000000e+00,-1.000000000000000000e+00,-1.000000000000000000e+00,-1.000000000000000000e+00,-1.000000000000000000e+00,-1.000000000000000000e+00,-1.000000000000000000e+00,-1.000000000000000000e+00,-1.000000000000000000e+00,-1.000000000000000000e+00,-1.000000000000000000e+00,-1.000000000000000000e+00,-1.000000000000000000e+00,-1.000000000000000000e+00,-1.000000000000000000e+00,-1.000000000000000000e+00,-1.000000000000000000e+00,-1.000000000000000000e+00,-1.000000000000000000e+00,-1.000000000000000000e+00,-1.000000000000000000e+00,-1.000000000000000000e+00,-1.000000000000000000e+00,-1.000000000000000000e+00,-1.000000000000000000e+00,-1.000000000000000000e+00,-1.000000000000000000e+00,-1.000000000000000000e+00,-1.000000000000000000e+00,-1.000000000000000000e+00,-1.000000000000000000e+00,-1.000000000000000000e+00,-1.000000000000000000e+00,-1.000000000000000000e+00,-1.000000000000000000e+00,-1.000000000000000000e+00
5.467853546142578125e-01,6.392123103141784668e-01,2.619604515530227218e-07,6.045427322387695312e-01,6.589292287826538086e-01,-1.872521266341209412e-02,6.653280854225158691e-01,6.236571669578552246e-01,-2.567688375711441040e-02,7.145335078239440918e-01,5.933923125267028809e-01,-3.263273835182189941e-02,7.516705989837646484e-01,5.938539505004882812e-01,-3.976513817906379700e-02,6.798408627510070801e-01,4.791306853294372559e-01,-1.309551019221544266e-02,7.226654291152954102e-01,4.138437211513519287e-01,-2.686825208365917206e-02,7.471296191215515137e-01,3.722573220729827881e-01,-3.937404975295066833e-02,7.671267390251159668e-01,3.348332941532135010e-01,-4.915802180767059326e-02,6.552283763885498047e-01,4.304548501968383789e-01,-1.594931259751319885e-02,6.891330480575561523e-01,3.335391581058502197e-01,-2.691558189690113068e-02,7.093104124069213867e-01,2.763046622276306152e-01,-3.731581196188926697e-02,7.231160402297973633e-01,2.264247238636016846e-01,-4.525171592831611633e-02,6.246112585067749023e-01,4.082172214984893799e-01,-2.166240662336349487e-02,6.476709842681884766e-01,3.116408884525299072e-01,-3.435809910297393799e-02,6.599585413932800293e-01,2.541149258613586426e-01,-4.462180286645889282e-02,6.695643663406372070e-01,2.032243311405181885e-01,-5.179923400282859802e-02,5.887376666069030762e-01,4.082756042480468750e-01,-2.961549721658229828e-02,5.917193889617919922e-01,3.284739851951599121e-01,-4.340410977602005005e-02,5.923706889152526855e-01,2.782365083694458008e-01,-5.016389116644859314e-02,5.929270982742309570e-01,2.312555164098739624e-01,-5.410275235772132874e-02,-1.000000000000000000e+00,-1.000000000000000000e+00,-1.000000000000000000e+00,-1.000000000000000000e+00,-1.000000000000000000e+00,-1.000000000000000000e+00,-1.000000000000000000e+00,-1.000000000000000000e+00,-1.000000000000000000e+00,-1.000000000000000000e+00,-1.000000000000000000e+00,-1.000000000000000000e+00,-1.000000000000000000e+00,-1.000000000000000000e+00,-1.000000000000000000e+00,-1.000000000000000000e+00,-1.000000000000000000e+00,-1.000000000000000000e+00,-1.000000000000000000e+00,-1.000000000000000000e+00,-1.000000000000000000e+00,-1.000000000000000000e+00,-1.000000000000000000e+00,-1.000000000000000000e+00,-1.000000000000000000e+00,-1.000000000000000000e+00,-1.000000000000000000e+00,-1.000000000000000000e+00,-1.000000000000000000e+00,-1.000000000000000000e+00,-1.000000000000000000e+00,-1.000000000000000000e+00,-1.000000000000000000e+00,-1.000000000000000000e+00,-1.000000000000000000e+00,-1.000000000000000000e+00,-1.000000000000000000e+00,-1.000000000000000000e+00,-1.000000000000000000e+00,-1.000000000000000000e+00,-1.000000000000000000e+00,-1.000000000000000000e+00,-1.000000000000000000e+00,-1.000000000000000000e+00,-1.000000000000000000e+00,-1.000000000000000000e+00,-1.000000000000000000e+00,-1.000000000000000000e+00,-1.000000000000000000e+00,-1.000000000000000000e+00,-1.000000000000000000e+00,-1.000000000000000000e+00,-1.000000000000000000e+00,-1.000000000000000000e+00,-1.000000000000000000e+00,-1.000000000000000000e+00,-1.000000000000000000e+00,-1.000000000000000000e+00,-1.000000000000000000e+00,-1.000000000000000000e+00,-1.000000000000000000e+00,-1.000000000000000000e+00,-1.000000000000000000e+00
5.510133504867553711e-01,6.403249502182006836e-01,3.007730811077635735e-07,6.067821979522705078e-01,6.567713022232055664e-01,-1.979888603091239929e-02,6.689063906669616699e-01,6.271575689315795898e-01,-2.674570493400096893e-02,7.186924815177917480e-01,6.040022373199462891e-01,-3.318295627832412720e-02,7.563751339912414551e-01,5.988976955413818359e-01,-3.933176770806312561e-02,6.856215596199035645e-01,4.848459362983703613e-01,-1.126670185476541519e-02,7.300140261650085449e-01,4.254825413227081299e-01,-2.378037758171558380e-02,7.562470436096191406e-01,3.867377936840057373e-01,-3.541137278079986572e-02,7.776651382446289062e-01,3.517300784587860107e-01,-4.451510682702064514e-02,6.629279851913452148e-01,4.383662939071655273e-01,-1.285978406667709351e-02,7.005697488784790039e-01,3.532654643058776855e-01,-2.264638058841228485e-02,7.222641110420227051e-01,2.981381714344024658e-01,-3.256584703922271729e-02,7.381616234779357910e-01,2.497626692056655884e-01,-4.035063460469245911e-02,6.334919929504394531e-01,4.150082170963287354e-01,-1.771561242640018463e-02,6.616743206977844238e-01,3.287959694862365723e-01,-2.852340228855609894e-02,6.776703000068664551e-01,2.717943787574768066e-01,-3.841072320938110352e-02,6.907696723937988281e-01,2.216947376728057861e-01,-4.595695063471794128e-02,5.975747704505920410e-01,4.108567237854003906e-01,-2.500085905194282532e-02,6.024725437164306641e-01,3.368666768074035645e-01,-3.691131621599197388e-02,6.061171293258666992e-01,2.856608629226684570e-01,-4.347693920135498047e-02,6.109845638275146484e-01,2.373296618461608887e-01,-4.771990701556205750e-02,-1.000000000000000000e+00,-1.000000000000000000e+00,-1.000000000000000000e+00,-1.000000000000000000e+00,-1.000000000000000000e+00,-1.000000000000000000e+00,-1.000000000000000000e+00,-1.000000000000000000e+00,-1.000000000000000000e+00,-1.000000000000000000e+00,-1.000000000000000000e+00,-1.000000000000000000e+00,-1.000000000000000000e+00,-1.000000000000000000e+00,-1.000000000000000000e+00,-1.000000000000000000e+00,-1.000000000000000000e+00,-1.000000000000000000e+00,-1.000000000000000000e+00,-1.000000000000000000e+00,-1.000000000000000000e+00,-1.000000000000000000e+00,-1.000000000000000000e+00,-1.000000000000000000e+00,-1.000000000000000000e+00,-1.000000000000000000e+00,-1.000000000000000000e+00,-1.000000000000000000e+00,-1.000000000000000000e+00,-1.000000000000000000e+00,-1.000000000000000000e+00,-1.000000000000000000e+00,-1.000000000000000000e+00,-1.000000000000000000e+00,-1.000000000000000000e+00,-1.000000000000000000e+00,-1.000000000000000000e+00,-1.000000000000000000e+00,-1.000000000000000000e+00,-1.000000000000000000e+00,-1.000000000000000000e+00,-1.000000000000000000e+00,-1.000000000000000000e+00,-1.000000000000000000e+00,-1.000000000000000000e+00,-1.000000000000000000e+00,-1.000000000000000000e+00,-1.000000000000000000e+00,-1.000000000000000000e+00,-1.000000000000000000e+00,-1.000000000000000000e+00,-1.000000000000000000e+00,-1.000000000000000000e+00,-1.000000000000000000e+00,-1.000000000000000000e+00,-1.000000000000000000e+00,-1.000000000000000000e+00,-1.000000000000000000e+00,-1.000000000000000000e+00,-1.000000000000000000e+00,-1.000000000000000000e+00,-1.000000000000000000e+00,-1.000000000000000000e+00
5.462285876274108887e-01,6.230562925338745117e-01,3.184815966505993856e-07,6.038169264793395996e-01,6.381362676620483398e-01,-2.079984359443187714e-02,6.658827066421508789e-01,6.042754054069519043e-01,-2.826149947941303253e-02,7.136186957359313965e-01,5.728906989097595215e-01,-3.520200774073600769e-02,7.514866590499877930e-01,5.618308186531066895e-01,-4.185426607728004456e-02,6.773900389671325684e-01,4.666718542575836182e-01,-1.378133147954940796e-02,7.219093441963195801e-01,4.020861983299255371e-01,-2.783941477537155151e-02,7.479760646820068359e-01,3.614916205406188965e-01,-4.029518738389015198e-02,7.697681188583374023e-01,3.249907493591308594e-01,-4.978221282362937927e-02,6.543331742286682129e-01,4.198831617832183838e-01,-1.545977592468261719e-02,6.911836862564086914e-01,3.314882218837738037e-01,-2.625435963273048401e-02,7.130056619644165039e-01,2.778781652450561523e-01,-3.646023198962211609e-02,7.299749255180358887e-01,2.314674258232116699e-01,-4.429228231310844421e-02,6.251855492591857910e-01,3.970556855201721191e-01,-2.039674296975135803e-02,6.533857583999633789e-01,3.082929551601409912e-01,-3.217801079154014587e-02,6.688299775123596191e-01,2.532148957252502441e-01,-4.111969470977783203e-02,6.822617650032043457e-01,2.044470906257629395e-01,-4.773945361375808716e-02,5.900056362152099609e-01,3.954541981220245361e-01,-2.784776873886585236e-02,5.959496498107910156e-01,3.207309842109680176e-01,-4.062789678573608398e-02,5.986720323562622070e-01,2.710481882095336914e-01,-4.675871506333351135e-02,6.015266180038452148e-01,2.241104841232299805e-01,-5.025302991271018982e-02,-1.000000000000000000e+00,-1.000000000000000000e+00,-1.000000000000000000e+00,-1.000000000000000000e+00,-1.000000000000000000e+00,-1.000000000000000000e+00,-1.000000000000000000e+00,-1.000000000000000000e+00,-1.000000000000000000e+00,-1.000000000000000000e+00,-1.000000000000000000e+00,-1.000000000000000000e+00,-1.000000000000000000e+00,-1.000000000000000000e+00,-1.000000000000000000e+00,-1.000000000000000000e+00,-1.000000000000000000e+00,-1.000000000000000000e+00,-1.000000000000000000e+00,-1.000000000000000000e+00,-1.000000000000000000e+00,-1.000000000000000000e+00,-1.000000000000000000e+00,-1.000000000000000000e+00,-1.000000000000000000e+00,-1.000000000000000000e+00,-1.000000000000000000e+00,-1.000000000000000000e+00,-1.000000000000000000e+00,-1.000000000000000000e+00,-1.000000000000000000e+00,-1.000000000000000000e+00,-1.000000000000000000e+00,-1.000000000000000000e+00,-1.000000000000000000e+00,-1.000000000000000000e+00,-1.000000000000000000e+00,-1.000000000000000000e+00,-1.000000000000000000e+00,-1.000000000000000000e+00,-1.000000000000000000e+00,-1.000000000000000000e+00,-1.000000000000000000e+00,-1.000000000000000000e+00,-1.000000000000000000e+00,-1.000000000000000000e+00,-1.000000000000000000e+00,-1.000000000000000000e+00,-1.000000000000000000e+00,-1.000000000000000000e+00,-1.000000000000000000e+00,-1.000000000000000000e+00,-1.000000000000000000e+00,-1.000000000000000000e+00,-1.000000000000000000e+00,-1.000000000000000000e+00,-1.000000000000000000e+00,-1.000000000000000000e+00,-1.000000000000000000e+00,-1.000000000000000000e+00,-1.000000000000000000e+00,-1.000000000000000000e+00,-1.000000000000000000e+00
5.435481071472167969e-01,5.958466529846191406e-01,3.494324971597961849e-07,5.988615751266479492e-01,5.965085625648498535e-01,-2.175256051123142242e-02,6.562007069587707520e-01,5.498436093330383301e-01,-3.039043396711349487e-02,7.020354866981506348e-01,5.157893896102905273e-01,-3.802444040775299072e-02,7.385101914405822754e-01,5.025629997253417969e-01,-4.587863758206367493e-02,6.592573523521423340e-01,4.194591641426086426e-01,-2.100103534758090973e-02,6.999788284301757812e-01,3.473023772239685059e-01,-3.736104816198348999e-02,7.231751084327697754e-01,3.013475239276885986e-01,-5.031307414174079895e-02,7.418317794799804688e-01,2.590539455413818359e-01,-6.007558479905128479e-02,6.344556212425231934e-01,3.769005537033081055e-01,-2.351282909512519836e-02,6.677669286727905273e-01,2.767340242862701416e-01,-3.677322715520858765e-02,6.875855326652526855e-01,2.179184406995773315e-01,-4.759149253368377686e-02,7.022722363471984863e-01,1.670735776424407959e-01,-5.581349506974220276e-02,6.038851141929626465e-01,3.588505983352661133e-01,-2.901858091354370117e-02,6.267538070678710938e-01,2.590960562229156494e-01,-4.357852414250373840e-02,6.402161121368408203e-01,1.984239518642425537e-01,-5.418103933334350586e-02,6.511369347572326660e-01,1.456355452537536621e-01,-6.184243410825729370e-02,5.685498714447021484e-01,3.619093298912048340e-01,-3.686122223734855652e-02,5.712652206420898438e-01,2.859226465225219727e-01,-5.206033959984779358e-02,5.709444880485534668e-01,2.359983175992965698e-01,-5.976677313446998596e-02,5.706470608711242676e-01,1.886171102523803711e-01,-6.453888118267059326e-02,-1.000000000000000000e+00,-1.000000000000000000e+00,-1.000000000000000000e+00,-1.000000000000000000e+00,-1.000000000000000000e+00,-1.000000000000000000e+00,-1.000000000000000000e+00,-1.000000000000000000e+00,-1.000000000000000000e+00,-1.000000000000000000e+00,-1.000000000000000000e+00,-1.000000000000000000e+00,-1.000000000000000000e+00,-1.000000000000000000e+00,-1.000000000000000000e+00,-1.000000000000000000e+00,-1.000000000000000000e+00,-1.000000000000000000e+00,-1.000000000000000000e+00,-1.000000000000000000e+00,-1.000000000000000000e+00,-1.000000000000000000e+00,-1.000000000000000000e+00,-1.000000000000000000e+00,-1.000000000000000000e+00,-1.000000000000000000e+00,-1.000000000000000000e+00,-1.000000000000000000e+00,-1.000000000000000000e+00,-1.000000000000000000e+00,-1.000000000000000000e+00,-1.000000000000000000e+00,-1.000000000000000000e+00,-1.000000000000000000e+00,-1.000000000000000000e+00,-1.000000000000000000e+00,-1.000000000000000000e+00,-1.000000000000000000e+00,-1.000000000000000000e+00,-1.000000000000000000e+00,-1.000000000000000000e+00,-1.000000000000000000e+00,-1.000000000000000000e+00,-1.000000000000000000e+00,-1.000000000000000000e+00,-1.000000000000000000e+00,-1.000000000000000000e+00,-1.000000000000000000e+00,-1.000000000000000000e+00,-1.000000000000000000e+00,-1.000000000000000000e+00,-1.000000000000000000e+00,-1.000000000000000000e+00,-1.000000000000000000e+00,-1.000000000000000000e+00,-1.000000000000000000e+00,-1.000000000000000000e+00,-1.000000000000000000e+00,-1.000000000000000000e+00,-1.000000000000000000e+00,-1.000000000000000000e+00,-1.000000000000000000e+00,-1.000000000000000000e+00
5.333336591720581055e-01,5.585757493972778320e-01,3.591620441056875279e-07,5.884106159210205078e-01,5.347387790679931641e-01,-1.685632020235061646e-02,6.412499547004699707e-01,4.778637290000915527e-01,-2.491932734847068787e-02,6.842903494834899902e-01,4.402582347393035889e-01,-3.331253677606582642e-02,7.184038758277893066e-01,4.291172325611114502e-01,-4.205916821956634521e-02,6.335420012474060059e-01,3.513027727603912354e-01,-1.426691934466362000e-02,6.687961816787719727e-01,2.699362635612487793e-01,-2.989252842962741852e-02,6.878266334533691406e-01,2.248394787311553955e-01,-4.345484450459480286e-02,7.016422748565673828e-01,1.877230107784271240e-01,-5.329464375972747803e-02,6.054841279983520508e-01,3.180333375930786133e-01,-1.894764974713325500e-02,6.281232833862304688e-01,2.094392180442810059e-01,-3.168206661939620972e-02,6.397859454154968262e-01,1.458742618560791016e-01,-4.436443746089935303e-02,6.464462876319885254e-01,9.330570697784423828e-02,-5.390303954482078552e-02,5.742866992950439453e-01,3.066431879997253418e-01,-2.630640007555484772e-02,5.861258506774902344e-01,2.014785856008529663e-01,-3.918864950537681580e-02,5.926738381385803223e-01,1.386412680149078369e-01,-5.023409798741340637e-02,5.974690318107604980e-01,8.604559302330017090e-02,-5.849208310246467590e-02,5.401574373245239258e-01,3.163886666297912598e-01,-3.558734059333801270e-02,5.341148972511291504e-01,2.402184456586837769e-01,-4.798670485615730286e-02,5.297545194625854492e-01,1.909583806991577148e-01,-5.420842766761779785e-02,5.273323655128479004e-01,1.452662348747253418e-01,-5.825584009289741516e-02,-1.000000000000000000e+00,-1.000000000000000000e+00,-1.000000000000000000e+00,-1.000000000000000000e+00,-1.000000000000000000e+00,-1.000000000000000000e+00,-1.000000000000000000e+00,-1.000000000000000000e+00,-1.000000000000000000e+00,-1.000000000000000000e+00,-1.000000000000000000e+00,-1.000000000000000000e+00,-1.000000000000000000e+00,-1.000000000000000000e+00,-1.000000000000000000e+00,-1.000000000000000000e+00,-1.000000000000000000e+00,-1.000000000000000000e+00,-1.000000000000000000e+00,-1.000000000000000000e+00,-1.000000000000000000e+00,-1.000000000000000000e+00,-1.000000000000000000e+00,-1.000000000000000000e+00,-1.000000000000000000e+00,-1.000000000000000000e+00,-1.000000000000000000e+00,-1.000000000000000000e+00,-1.000000000000000000e+00,-1.000000000000000000e+00,-1.000000000000000000e+00,-1.000000000000000000e+00,-1.000000000000000000e+00,-1.000000000000000000e+00,-1.000000000000000000e+00,-1.000000000000000000e+00,-1.000000000000000000e+00,-1.000000000000000000e+00,-1.000000000000000000e+00,-1.000000000000000000e+00,-1.000000000000000000e+00,-1.000000000000000000e+00,-1.000000000000000000e+00,-1.000000000000000000e+00,-1.000000000000000000e+00,-1.000000000000000000e+00,-1.000000000000000000e+00,-1.000000000000000000e+00,-1.000000000000000000e+00,-1.000000000000000000e+00,-1.000000000000000000e+00,-1.000000000000000000e+00,-1.000000000000000000e+00,-1.000000000000000000e+00,-1.000000000000000000e+00,-1.000000000000000000e+00,-1.000000000000000000e+00,-1.000000000000000000e+00,-1.000000000000000000e+00,-1.000000000000000000e+00,-1.000000000000000000e+00,-1.000000000000000000e+00,-1.000000000000000000e+00
5.249885320663452148e-01,5.153213739395141602e-01,4.437334553131222492e-07,5.758346319198608398e-01,4.683699011802673340e-01,-2.272032387554645538e-02,6.198895573616027832e-01,3.987696170806884766e-01,-3.383928537368774414e-02,6.538996696472167969e-01,3.485600948333740234e-01,-4.509122669696807861e-02,6.885843276977539062e-01,3.322156667709350586e-01,-5.649150535464286804e-02,5.945096611976623535e-01,2.743532359600067139e-01,-1.212406996637582779e-02,6.189239025115966797e-01,1.876593828201293945e-01,-2.624775655567646027e-02,6.318399310111999512e-01,1.366580128669738770e-01,-3.982240706682205200e-02,6.409739255905151367e-01,9.174105525016784668e-02,-5.037793144583702087e-02,5.622624158859252930e-01,2.530495226383209229e-01,-1.455492619425058365e-02,5.699758529663085938e-01,1.407591849565505981e-01,-2.560161612927913666e-02,5.742815136909484863e-01,7.733061909675598145e-02,-3.803916648030281067e-02,5.765546560287475586e-01,2.445384860038757324e-02,-4.793566837906837463e-02,5.314443707466125488e-01,2.533967196941375732e-01,-2.068020403385162354e-02,5.299893617630004883e-01,1.475648880004882812e-01,-3.275515511631965637e-02,5.297378897666931152e-01,8.484449982643127441e-02,-4.270615056157112122e-02,5.296147465705871582e-01,3.294190764427185059e-02,-5.025999993085861206e-02,5.006445050239562988e-01,2.749625146389007568e-01,-2.963436767458915710e-02,4.890742301940917969e-01,1.991860568523406982e-01,-4.092267900705337524e-02,4.801251888275146484e-01,1.529690623283386230e-01,-4.586099088191986084e-02,4.731401503086090088e-01,1.107961237430572510e-01,-4.918685555458068848e-02,-1.000000000000000000e+00,-1.000000000000000000e+00,-1.000000000000000000e+00,-1.000000000000000000e+00,-1.000000000000000000e+00,-1.000000000000000000e+00,-1.000000000000000000e+00,-1.000000000000000000e+00,-1.000000000000000000e+00,-1.000000000000000000e+00,-1.000000000000000000e+00,-1.000000000000000000e+00,-1.000000000000000000e+00,-1.000000000000000000e+00,-1.000000000000000000e+00,-1.000000000000000000e+00,-1.000000000000000000e+00,-1.000000000000000000e+00,-1.000000000000000000e+00,-1.000000000000000000e+00,-1.000000000000000000e+00,-1.000000000000000000e+00,-1.000000000000000000e+00,-1.000000000000000000e+00,-1.000000000000000000e+00,-1.000000000000000000e+00,-1.000000000000000000e+00,-1.000000000000000000e+00,-1.000000000000000000e+00,-1.000000000000000000e+00,-1.000000000000000000e+00,-1.000000000000000000e+00,-1.000000000000000000e+00,-1.000000000000000000e+00,-1.000000000000000000e+00,-1.000000000000000000e+00,-1.000000000000000000e+00,-1.000000000000000000e+00,-1.000000000000000000e+00,-1.000000000000000000e+00,-1.000000000000000000e+00,-1.000000000000000000e+00,-1.000000000000000000e+00,-1.000000000000000000e+00,-1.000000000000000000e+00,-1.000000000000000000e+00,-1.000000000000000000e+00,-1.000000000000000000e+00,-1.000000000000000000e+00,-1.000000000000000000e+00,-1.000000000000000000e+00,-1.000000000000000000e+00,-1.000000000000000000e+00,-1.000000000000000000e+00,-1.000000000000000000e+00,-1.000000000000000000e+00,-1.000000000000000000e+00,-1.000000000000000000e+00,-1.000000000000000000e+00,-1.000000000000000000e+00,-1.000000000000000000e+00,-1.000000000000000000e+00,-1.000000000000000000e+00
5.080481171607971191e-01,4.699127376079559326e-01,5.246506589173804969e-07,5.536895394325256348e-01,4.163250327110290527e-01,-2.581346780061721802e-02,5.914717912673950195e-01,3.349358737468719482e-01,-3.991406410932540894e-02,6.181920766830444336e-01,2.720345556735992432e-01,-5.313519760966300964e-02,6.471720933914184570e-01,2.406688332557678223e-01,-6.704884022474288940e-02,5.620094537734985352e-01,2.205436676740646362e-01,-2.507050707936286926e-02,5.807119011878967285e-01,1.328865587711334229e-01,-4.836141690611839294e-02,5.937947630882263184e-01,8.258840441703796387e-02,-6.807082146406173706e-02,6.051328778266906738e-01,3.991514444351196289e-02,-8.191323280334472656e-02,5.295205712318420410e-01,2.043744176626205444e-01,-2.905235253274440765e-02,5.362586379051208496e-01,9.061111509799957275e-02,-4.798114672303199768e-02,5.415815114974975586e-01,2.090296149253845215e-02,-6.492839753627777100e-02,5.472244024276733398e-01,-3.860262036323547363e-02,-7.714869827032089233e-02,4.963979721069335938e-01,2.149087190628051758e-01,-3.666599094867706299e-02,4.882592558860778809e-01,1.032174229621887207e-01,-5.697608366608619690e-02,4.835605025291442871e-01,3.305891156196594238e-02,-7.220505923032760620e-02,4.829322695732116699e-01,-2.730068564414978027e-02,-8.256323635578155518e-02,4.625211954116821289e-01,2.499653697013854980e-01,-4.673552885651588440e-02,4.386865198612213135e-01,1.791782379150390625e-01,-6.579523533582687378e-02,4.213864207267761230e-01,1.340880990028381348e-01,-7.503135502338409424e-02,4.085401296615600586e-01,8.922767639160156250e-02,-8.084961771965026855e-02,-1.000000000000000000e+00,-1.000000000000000000e+00,-1.000000000000000000e+00,-1.000000000000000000e+00,-1.000000000000000000e+00,-1.000000000000000000e+00,-1.000000000000000000e+00,-1.000000000000000000e+00,-1.000000000000000000e+00,-1.000000000000000000e+00,-1.000000000000000000e+00,-1.000000000000000000e+00,-1.000000000000000000e+00,-1.000000000000000000e+00,-1.000000000000000000e+00,-1.000000000000000000e+00,-1.000000000000000000e+00,-1.000000000000000000e+00,-1.000000000000000000e+00,-1.000000000000000000e+00,-1.000000000000000000e+00,-1.000000000000000000e+00,-1.000000000000000000e+00,-1.000000000000000000e+00,-1.000000000000000000e+00,-1.000000000000000000e+00,-1.000000000000000000e+00,-1.000000000000000000e+00,-1.000000000000000000e+00,-1.000000000000000000e+00,-1.000000000000000000e+00,-1.000000000000000000e+00,-1.000000000000000000e+00,-1.000000000000000000e+00,-1.000000000000000000e+00,-1.000000000000000000e+00,-1.000000000000000000e+00,-1.000000000000000000e+00,-1.000000000000000000e+00,-1.000000000000000000e+00,-1.000000000000000000e+00,-1.000000000000000000e+00,-1.000000000000000000e+00,-1.000000000000000000e+00,-1.000000000000000000e+00,-1.000000000000000000e+00,-1.000000000000000000e+00,-1.000000000000000000e+00,-1.000000000000000000e+00,-1.000000000000000000e+00,-1.000000000000000000e+00,-1.000000000000000000e+00,-1.000000000000000000e+00,-1.000000000000000000e+00,-1.000000000000000000e+00,-1.000000000000000000e+00,-1.000000000000000000e+00,-1.000000000000000000e+00,-1.000000000000000000e+00,-1.000000000000000000e+00,-1.000000000000000000e+00,-1.000000000000000000e+00,-1.000000000000000000e+00
4.967903196811676025e-01,4.379807412624359131e-01,5.050062554801115766e-07,5.347731113433837891e-01,3.607981503009796143e-01,-2.380456961691379547e-02,5.618226528167724609e-01,2.597264051437377930e-01,-3.776852041482925415e-02,5.755762457847595215e-01,1.835937798023223877e-01,-5.159614235162734985e-02,5.852345228195190430e-01,1.467294991016387939e-01,-6.660504639148712158e-02,5.139038562774658203e-01,1.642623543739318848e-01,-2.849075570702552795e-02,5.171166062355041504e-01,6.495949625968933105e-02,-5.389310419559478760e-02,5.208311080932617188e-01,5.454719066619873047e-03,-7.493118196725845337e-02,5.234923958778381348e-01,-4.674570262432098389e-02,-9.002117067575454712e-02,4.796675741672515869e-01,1.670545637607574463e-01,-3.470675274729728699e-02,4.657036960124969482e-01,4.994273185729980469e-02,-5.704494565725326538e-02,4.581110477447509766e-01,-2.165032923221588135e-02,-7.611618191003799438e-02,4.513667523860931396e-01,-8.245645463466644287e-02,-9.002799540758132935e-02,4.505277574062347412e-01,1.960545480251312256e-01,-4.380437359213829041e-02,4.184718132019042969e-01,8.926805853843688965e-02,-6.681698560714721680e-02,3.978377878665924072e-01,2.475228905677795410e-02,-8.203515410423278809e-02,3.823634386062622070e-01,-3.110779821872711182e-02,-9.241123497486114502e-02,4.245826900005340576e-01,2.459996044635772705e-01,-5.518627166748046875e-02,3.911988139152526855e-01,1.812485903501510620e-01,-7.595659792423248291e-02,3.668076992034912109e-01,1.434969604015350342e-01,-8.544965833425521851e-02,3.464555144309997559e-01,1.051095128059387207e-01,-9.159397333860397339e-02,-1.000000000000000000e+00,-1.000000000000000000e+00,-1.000000000000000000e+00,-1.000000000000000000e+00,-1.000000000000000000e+00,-1.000000000000000000e+00,-1.000000000000000000e+00,-1.000000000000000000e+00,-1.000000000000000000e+00,-1.000000000000000000e+00,-1.000000000000000000e+00,-1.000000000000000000e+00,-1.000000000000000000e+00,-1.000000000000000000e+00,-1.000000000000000000e+00,-1.000000000000000000e+00,-1.000000000000000000e+00,-1.000000000000000000e+00,-1.000000000000000000e+00,-1.000000000000000000e+00,-1.000000000000000000e+00,-1.000000000000000000e+00,-1.000000000000000000e+00,-1.000000000000000000e+00,-1.000000000000000000e+00,-1.000000000000000000e+00,-1.000000000000000000e+00,-1.000000000000000000e+00,-1.000000000000000000e+00,-1.000000000000000000e+00,-1.000000000000000000e+00,-1.000000000000000000e+00,-1.000000000000000000e+00,-1.000000000000000000e+00,-1.000000000000000000e+00,-1.000000000000000000e+00,-1.000000000000000000e+00,-1.000000000000000000e+00,-1.000000000000000000e+00,-1.000000000000000000e+00,-1.000000000000000000e+00,-1.000000000000000000e+00,-1.000000000000000000e+00,-1.000000000000000000e+00,-1.000000000000000000e+00,-1.000000000000000000e+00,-1.000000000000000000e+00,-1.000000000000000000e+00,-1.000000000000000000e+00,-1.000000000000000000e+00,-1.000000000000000000e+00,-1.000000000000000000e+00,-1.000000000000000000e+00,-1.000000000000000000e+00,-1.000000000000000000e+00,-1.000000000000000000e+00,-1.000000000000000000e+00,-1.000000000000000000e+00,-1.000000000000000000e+00,-1.000000000000000000e+00,-1.000000000000000000e+00,-1.000000000000000000e+00,-1.000000000000000000e+00
4.829124510288238525e-01,4.120683073997497559e-01,4.039850693970947759e-07,5.098530054092407227e-01,3.201104998588562012e-01,-1.876566745340824127e-02,5.219067931175231934e-01,2.132438123226165771e-01,-3.050952777266502380e-02,5.296066403388977051e-01,1.365725398063659668e-01,-4.387677088379859924e-02,5.271313190460205078e-01,8.541098237037658691e-02,-5.773549526929855347e-02,4.578336179256439209e-01,1.348939538002014160e-01,-1.605899631977081299e-02,4.428024590015411377e-01,4.335448145866394043e-02,-4.075454548001289368e-02,4.510524868965148926e-01,1.761406660079956055e-03,-6.250209361314773560e-02,4.583643078804016113e-01,-3.020629286766052246e-02,-7.698793709278106689e-02,4.265197515487670898e-01,1.530747264623641968e-01,-2.389905229210853577e-02,3.820710480213165283e-01,5.465273559093475342e-02,-4.350467398762702942e-02,3.576011657714843750e-01,-6.750524044036865234e-03,-6.227714195847511292e-02,3.353630304336547852e-01,-5.746136605739593506e-02,-7.647620886564254761e-02,4.035430252552032471e-01,1.915870159864425659e-01,-3.537256643176078796e-02,3.530173897743225098e-01,1.121672019362449646e-01,-5.461535602807998657e-02,3.211152553558349609e-01,5.901265144348144531e-02,-6.766057759523391724e-02,2.940282225608825684e-01,1.360186934471130371e-02,-7.701971381902694702e-02,3.884237408638000488e-01,2.485578358173370361e-01,-4.928920045495033264e-02,3.445288538932800293e-01,2.002614885568618774e-01,-6.577455997467041016e-02,3.141232728958129883e-01,1.708456873893737793e-01,-7.234999537467956543e-02,2.865698933601379395e-01,1.387344300746917725e-01,-7.682623714208602905e-02,-1.000000000000000000e+00,-1.000000000000000000e+00,-1.000000000000000000e+00,-1.000000000000000000e+00,-1.000000000000000000e+00,-1.000000000000000000e+00,-1.000000000000000000e+00,-1.000000000000000000e+00,-1.000000000000000000e+00,-1.000000000000000000e+00,-1.000000000000000000e+00,-1.000000000000000000e+00,-1.000000000000000000e+00,-1.000000000000000000e+00,-1.000000000000000000e+00,-1.000000000000000000e+00,-1.000000000000000000e+00,-1.000000000000000000e+00,-1.000000000000000000e+00,-1.000000000000000000e+00,-1.000000000000000000e+00,-1.000000000000000000e+00,-1.000000000000000000e+00,-1.000000000000000000e+00,-1.000000000000000000e+00,-1.000000000000000000e+00,-1.000000000000000000e+00,-1.000000000000000000e+00,-1.000000000000000000e+00,-1.000000000000000000e+00,-1.000000000000000000e+00,-1.000000000000000000e+00,-1.000000000000000000e+00,-1.000000000000000000e+00,-1.000000000000000000e+00,-1.000000000000000000e+00,-1.000000000000000000e+00,-1.000000000000000000e+00,-1.000000000000000000e+00,-1.000000000000000000e+00,-1.000000000000000000e+00,-1.000000000000000000e+00,-1.000000000000000000e+00,-1.000000000000000000e+00,-1.000000000000000000e+00,-1.000000000000000000e+00,-1.000000000000000000e+00,-1.000000000000000000e+00,-1.000000000000000000e+00,-1.000000000000000000e+00,-1.000000000000000000e+00,-1.000000000000000000e+00,-1.000000000000000000e+00,-1.000000000000000000e+00,-1.000000000000000000e+00,-1.000000000000000000e+00,-1.000000000000000000e+00,-1.000000000000000000e+00,-1.000000000000000000e+00,-1.000000000000000000e+00,-1.000000000000000000e+00,-1.000000000000000000e+00,-1.000000000000000000e+00
4.580195844173431396e-01,3.859984278678894043e-01,3.249762698942504358e-07,4.803763628005981445e-01,2.942535281181335449e-01,-2.026594616472721100e-02,4.807539582252502441e-01,1.846345514059066772e-01,-3.286331519484519958e-02,4.777113199234008789e-01,1.081422418355941772e-01,-4.533047974109649658e-02,4.746081829071044922e-01,6.158033013343811035e-02,-5.961042270064353943e-02,4.141391217708587646e-01,1.154034808278083801e-01,-3.098100610077381134e-02,3.842216432094573975e-01,2.805460989475250244e-02,-5.435983836650848389e-02,3.689223527908325195e-01,-2.369268238544464111e-02,-7.336807250976562500e-02,3.523774147033691406e-01,-6.508198380470275879e-02,-8.750959485769271851e-02,3.847695291042327881e-01,1.476395428180694580e-01,-3.907871991395950317e-02,3.368551433086395264e-01,5.851343274116516113e-02,-6.223243474960327148e-02,3.065127432346343994e-01,1.280258595943450928e-02,-8.087672293186187744e-02,2.765226364135742188e-01,-2.106645703315734863e-02,-9.467042237520217896e-02,3.638803958892822266e-01,2.000224292278289795e-01,-4.943897202610969543e-02,3.096472918987274170e-01,1.239418834447860718e-01,-7.359655946493148804e-02,2.737680077552795410e-01,8.242432028055191040e-02,-8.973236382007598877e-02,2.409671247005462646e-01,4.997003078460693359e-02,-1.008617654442787170e-01,3.498182594776153564e-01,2.690070867538452148e-01,-6.128784269094467163e-02,2.977088093757629395e-01,2.322142422199249268e-01,-8.464623987674713135e-02,2.634052932262420654e-01,2.151715159416198730e-01,-9.581930935382843018e-02,2.320308238267898560e-01,1.968698799610137939e-01,-1.030673310160636902e-01,-1.000000000000000000e+00,-1.000000000000000000e+00,-1.000000000000000000e+00,-1.000000000000000000e+00,-1.000000000000000000e+00,-1.000000000000000000e+00,-1.000000000000000000e+00,-1.000000000000000000e+00,-1.000000000000000000e+00,-1.000000000000000000e+00,-1.000000000000000000e+00,-1.000000000000000000e+00,-1.000000000000000000e+00,-1.000000000000000000e+00,-1.000000000000000000e+00,-1.000000000000000000e+00,-1.000000000000000000e+00,-1.000000000000000000e+00,-1.000000000000000000e+00,-1.000000000000000000e+00,-1.000000000000000000e+00,-1.000000000000000000e+00,-1.000000000000000000e+00,-1.000000000000000000e+00,-1.000000000000000000e+00,-1.000000000000000000e+00,-1.000000000000000000e+00,-1.000000000000000000e+00,-1.000000000000000000e+00,-1.000000000000000000e+00,-1.000000000000000000e+00,-1.000000000000000000e+00,-1.000000000000000000e+00,-1.000000000000000000e+00,-1.000000000000000000e+00,-1.000000000000000000e+00,-1.000000000000000000e+00,-1.000000000000000000e+00,-1.000000000000000000e+00,-1.000000000000000000e+00,-1.000000000000000000e+00,-1.000000000000000000e+00,-1.000000000000000000e+00,-1.000000000000000000e+00,-1.000000000000000000e+00,-1.000000000000000000e+00,-1.000000000000000000e+00,-1.000000000000000000e+00,-1.000000000000000000e+00,-1.000000000000000000e+00,-1.000000000000000000e+00,-1.000000000000000000e+00,-1.000000000000000000e+00,-1.000000000000000000e+00,-1.000000000000000000e+00,-1.000000000000000000e+00,-1.000000000000000000e+00,-1.000000000000000000e+00,-1.000000000000000000e+00,-1.000000000000000000e+00,-1.000000000000000000e+00,-1.000000000000000000e+00,-1.000000000000000000e+00
4.338215589523315430e-01,3.851201832294464111e-01,2.972768697873107158e-07,4.490711688995361328e-01,2.891894280910491943e-01,-2.299152687191963196e-02,4.392484426498413086e-01,1.809018701314926147e-01,-3.652637079358100891e-02,4.284335374832153320e-01,1.026331782341003418e-01,-4.952901974320411682e-02,4.172495305538177490e-01,5.498424172401428223e-02,-6.408962607383728027e-02,3.677906990051269531e-01,1.332692056894302368e-01,-3.526621311902999878e-02,3.258480429649353027e-01,5.033449828624725342e-02,-5.986932292580604553e-02,2.953354120254516602e-01,7.190138101577758789e-03,-7.867366075515747070e-02,2.650634050369262695e-01,-2.382165193557739258e-02,-9.247892349958419800e-02,3.414653241634368896e-01,1.743736416101455688e-01,-4.238203167915344238e-02,2.837698459625244141e-01,9.307277202606201172e-02,-6.621309369802474976e-02,2.439567893743515015e-01,5.332417786121368408e-02,-8.499196171760559082e-02,2.067820280790328979e-01,2.630506455898284912e-02,-9.876589477062225342e-02,3.266634047031402588e-01,2.325407713651657104e-01,-5.168274044990539551e-02,2.645855545997619629e-01,1.774548590183258057e-01,-7.499039173126220703e-02,2.241570204496383667e-01,1.484938263893127441e-01,-9.006702154874801636e-02,1.881933510303497314e-01,1.248725727200508118e-01,-1.006689146161079407e-01,3.209261596202850342e-01,3.045015633106231689e-01,-6.291129440069198608e-02,2.695221900939941406e-01,2.810533046722412109e-01,-8.498109132051467896e-02,2.351030260324478149e-01,2.702619433403015137e-01,-9.525018930435180664e-02,2.032386511564254761e-01,2.569886445999145508e-01,-1.019151583313941956e-01,-1.000000000000000000e+00,-1.000000000000000000e+00,-1.000000000000000000e+00,-1.000000000000000000e+00,-1.000000000000000000e+00,-1.000000000000000000e+00,-1.000000000000000000e+00,-1.000000000000000000e+00,-1.000000000000000000e+00,-1.000000000000000000e+00,-1.000000000000000000e+00,-1.000000000000000000e+00,-1.000000000000000000e+00,-1.000000000000000000e+00,-1.000000000000000000e+00,-1.000000000000000000e+00,-1.000000000000000000e+00,-1.000000000000000000e+00,-1.000000000000000000e+00,-1.000000000000000000e+00,-1.000000000000000000e+00,-1.000000000000000000e+00,-1.000000000000000000e+00,-1.000000000000000000e+00,-1.000000000000000000e+00,-1.000000000000000000e+00,-1.000000000000000000e+00,-1.000000000000000000e+00,-1.000000000000000000e+00,-1.000000000000000000e+00,-1.000000000000000000e+00,-1.000000000000000000e+00,-1.000000000000000000e+00,-1.000000000000000000e+00,-1.000000000000000000e+00,-1.000000000000000000e+00,-1.000000000000000000e+00,-1.000000000000000000e+00,-1.000000000000000000e+00,-1.000000000000000000e+00,-1.000000000000000000e+00,-1.000000000000000000e+00,-1.000000000000000000e+00,-1.000000000000000000e+00,-1.000000000000000000e+00,-1.000000000000000000e+00,-1.000000000000000000e+00,-1.000000000000000000e+00,-1.000000000000000000e+00,-1.000000000000000000e+00,-1.000000000000000000e+00,-1.000000000000000000e+00,-1.000000000000000000e+00,-1.000000000000000000e+00,-1.000000000000000000e+00,-1.000000000000000000e+00,-1.000000000000000000e+00,-1.000000000000000000e+00,-1.000000000000000000e+00,-1.000000000000000000e+00,-1.000000000000000000e+00,-1.000000000000000000e+00,-1.000000000000000000e+00
4.129551351070404053e-01,4.011531174182891846e-01,2.774860661247657845e-07,4.224640130996704102e-01,3.016480803489685059e-01,-2.272534370422363281e-02,4.017296433448791504e-01,1.933915019035339355e-01,-3.441063314676284790e-02,3.828718066215515137e-01,1.179753020405769348e-01,-4.555863887071609497e-02,3.740159273147583008e-01,6.689682602882385254e-02,-5.844000354409217834e-02,3.251237571239471436e-01,1.687160730361938477e-01,-3.480465710163116455e-02,2.795153856277465820e-01,9.661816805601119995e-02,-5.822705850005149841e-02,2.486739605665206909e-01,5.398780107498168945e-02,-7.586438953876495361e-02,2.200775891542434692e-01,2.139522135257720947e-02,-8.929853141307830811e-02,3.010241091251373291e-01,2.175706326961517334e-01,-4.118916019797325134e-02,2.332691699266433716e-01,1.586511731147766113e-01,-6.433124840259552002e-02,1.915300637483596802e-01,1.257509887218475342e-01,-8.254887908697128296e-02,1.541837006807327271e-01,1.039569154381752014e-01,-9.609656780958175659e-02,2.919735312461853027e-01,2.768814563751220703e-01,-4.971349239349365234e-02,2.235382050275802612e-01,2.448312044143676758e-01,-7.276175171136856079e-02,1.801843792200088501e-01,2.240341752767562866e-01,-8.842906355857849121e-02,1.420067995786666870e-01,2.075205743312835693e-01,-9.945072978734970093e-02,2.947022020816802979e-01,3.443435430526733398e-01,-6.014589592814445496e-02,2.394015491008758545e-01,3.403585553169250488e-01,-8.282524347305297852e-02,2.025419324636459351e-01,3.383352160453796387e-01,-9.488271921873092651e-02,1.679684966802597046e-01,3.330946564674377441e-01,-1.027946993708610535e-01,-1.000000000000000000e+00,-1.000000000000000000e+00,-1.000000000000000000e+00,-1.000000000000000000e+00,-1.000000000000000000e+00,-1.000000000000000000e+00,-1.000000000000000000e+00,-1.000000000000000000e+00,-1.000000000000000000e+00,-1.000000000000000000e+00,-1.000000000000000000e+00,-1.000000000000000000e+00,-1.000000000000000000e+00,-1.000000000000000000e+00,-1.000000000000000000e+00,-1.000000000000000000e+00,-1.000000000000000000e+00,-1.000000000000000000e+00,-1.000000000000000000e+00,-1.000000000000000000e+00,-1.000000000000000000e+00,-1.000000000000000000e+00,-1.000000000000000000e+00,-1.000000000000000000e+00,-1.000000000000000000e+00,-1.000000000000000000e+00,-1.000000000000000000e+00,-1.000000000000000000e+00,-1.000000000000000000e+00,-1.000000000000000000e+00,-1.000000000000000000e+00,-1.000000000000000000e+00,-1.000000000000000000e+00,-1.000000000000000000e+00,-1.000000000000000000e+00,-1.000000000000000000e+00,-1.000000000000000000e+00,-1.000000000000000000e+00,-1.000000000000000000e+00,-1.000000000000000000e+00,-1.000000000000000000e+00,-1.000000000000000000e+00,-1.000000000000000000e+00,-1.000000000000000000e+00,-1.000000000000000000e+00,-1.000000000000000000e+00,-1.000000000000000000e+00,-1.000000000000000000e+00,-1.000000000000000000e+00,-1.000000000000000000e+00,-1.000000000000000000e+00,-1.000000000000000000e+00,-1.000000000000000000e+00,-1.000000000000000000e+00,-1.000000000000000000e+00,-1.000000000000000000e+00,-1.000000000000000000e+00,-1.000000000000000000e+00,-1.000000000000000000e+00,-1.000000000000000000e+00,-1.000000000000000000e+00,-1.000000000000000000e+00,-1.000000000000000000e+00
3.909313082695007324e-01,4.253827929496765137e-01,3.445493916842679027e-07,4.009911119937896729e-01,3.221427798271179199e-01,-3.404042124748229980e-02,3.734459578990936279e-01,2.193228453397750854e-01,-5.009375885128974915e-02,3.469118773937225342e-01,1.506306529045104980e-01,-6.284227222204208374e-02,3.350047469139099121e-01,9.440548717975616455e-02,-7.707031071186065674e-02,2.938148677349090576e-01,2.156459242105484009e-01,-5.172888934612274170e-02,2.434312552213668823e-01,1.545324474573135376e-01,-7.849550247192382812e-02,2.111094594001770020e-01,1.150484755635261536e-01,-9.779369086027145386e-02,1.799422055482864380e-01,8.413031697273254395e-02,-1.126730293035507202e-01,2.685475945472717285e-01,2.679126262664794922e-01,-5.271657556295394897e-02,1.992765665054321289e-01,2.178280651569366455e-01,-7.905761152505874634e-02,1.556158661842346191e-01,1.915100961923599243e-01,-9.920589625835418701e-02,1.152543723583221436e-01,1.740742474794387817e-01,-1.146581023931503296e-01,2.597781717777252197e-01,3.279867470264434814e-01,-5.613558739423751831e-02,1.909233629703521729e-01,3.050734102725982666e-01,-8.213792741298675537e-02,1.473829150199890137e-01,2.916994392871856689e-01,-1.007087379693984985e-01,1.086510568857192993e-01,2.817153036594390869e-01,-1.140351220965385437e-01,2.631486356258392334e-01,3.949167728424072266e-01,-6.215412169694900513e-02,2.092477232217788696e-01,3.992112278938293457e-01,-8.686673641204833984e-02,1.745533943176269531e-01,4.031521677970886230e-01,-1.012987196445465088e-01,1.420501619577407837e-01,4.037111401557922363e-01,-1.115530356764793396e-01,-1.000000000000000000e+00,-1.000000000000000000e+00,-1.000000000000000000e+00,-1.000000000000000000e+00,-1.000000000000000000e+00,-1.000000000000000000e+00,-1.000000000000000000e+00,-1.000000000000000000e+00,-1.000000000000000000e+00,-1.000000000000000000e+00,-1.000000000000000000e+00,-1.000000000000000000e+00,-1.000000000000000000e+00,-1.000000000000000000e+00,-1.000000000000000000e+00,-1.000000000000000000e+00,-1.000000000000000000e+00,-1.000000000000000000e+00,-1.000000000000000000e+00,-1.000000000000000000e+00,-1.000000000000000000e+00,-1.000000000000000000e+00,-1.000000000000000000e+00,-1.000000000000000000e+00,-1.000000000000000000e+00,-1.000000000000000000e+00,-1.000000000000000000e+00,-1.000000000000000000e+00,-1.000000000000000000e+00,-1.000000000000000000e+00,-1.000000000000000000e+00,-1.000000000000000000e+00,-1.000000000000000000e+00,-1.000000000000000000e+00,-1.000000000000000000e+00,-1.000000000000000000e+00,-1.000000000000000000e+00,-1.000000000000000000e+00,-1.000000000000000000e+00,-1.000000000000000000e+00,-1.000000000000000000e+00,-1.000000000000000000e+00,-1.000000000000000000e+00,-1.000000000000000000e+00,-1.000000000000000000e+00,-1.000000000000000000e+00,-1.000000000000000000e+00,-1.000000000000000000e+00,-1.000000000000000000e+00,-1.000000000000000000e+00,-1.000000000000000000e+00,-1.000000000000000000e+00,-1.000000000000000000e+00,-1.000000000000000000e+00,-1.000000000000000000e+00,-1.000000000000000000e+00,-1.000000000000000000e+00,-1.000000000000000000e+00,-1.000000000000000000e+00,-1.000000000000000000e+00,-1.000000000000000000e+00,-1.000000000000000000e+00,-1.000000000000000000e+00
3.744923472404479980e-01,4.637604355812072754e-01,2.958558695809188066e-07,3.796778619289398193e-01,3.621878921985626221e-01,-2.912284806370735168e-02,3.481204509735107422e-01,2.673085033893585205e-01,-4.151388257741928101e-02,3.162489533424377441e-01,1.965345442295074463e-01,-5.133362114429473877e-02,3.018400669097900391e-01,1.349169015884399414e-01,-6.170317530632019043e-02,2.665161788463592529e-01,2.639129161834716797e-01,-3.711848706007003784e-02,2.122734785079956055e-01,2.126913815736770630e-01,-5.942527204751968384e-02,1.789039075374603271e-01,1.779685467481613159e-01,-7.560337334871292114e-02,1.474635154008865356e-01,1.503883749246597290e-01,-8.796485513448715210e-02,2.422613650560379028e-01,3.172070980072021484e-01,-3.819984942674636841e-02,1.719551682472229004e-01,2.805620729923248291e-01,-5.909023433923721313e-02,1.284473240375518799e-01,2.616251111030578613e-01,-7.419481128454208374e-02,8.960621058940887451e-02,2.506218552589416504e-01,-8.530985563993453979e-02,2.345761507749557495e-01,3.772738575935363770e-01,-4.215902835130691528e-02,1.663069725036621094e-01,3.615868389606475830e-01,-6.375458091497421265e-02,1.234494894742965698e-01,3.532725572586059570e-01,-7.762151211500167847e-02,8.543820679187774658e-02,3.476866781711578369e-01,-8.674670755863189697e-02,2.398618459701538086e-01,4.435794949531555176e-01,-4.867759346961975098e-02,1.850388646125793457e-01,4.535727500915527344e-01,-6.972774863243103027e-02,1.515558809041976929e-01,4.611354470252990723e-01,-8.064457774162292480e-02,1.204077899456024170e-01,4.658264517784118652e-01,-8.736082911491394043e-02,-1.000000000000000000e+00,-1.000000000000000000e+00,-1.000000000000000000e+00,-1.000000000000000000e+00,-1.000000000000000000e+00,-1.000000000000000000e+00,-1.000000000000000000e+00,-1.000000000000000000e+00,-1.000000000000000000e+00,-1.000000000000000000e+00,-1.000000000000000000e+00,-1.000000000000000000e+00,-1.000000000000000000e+00,-1.000000000000000000e+00,-1.000000000000000000e+00,-1.000000000000000000e+00,-1.000000000000000000e+00,-1.000000000000000000e+00,-1.000000000000000000e+00,-1.000000000000000000e+00,-1.000000000000000000e+00,-1.000000000000000000e+00,-1.000000000000000000e+00,-1.000000000000000000e+00,-1.000000000000000000e+00,-1.000000000000000000e+00,-1.000000000000000000e+00,-1.000000000000000000e+00,-1.000000000000000000e+00,-1.000000000000000000e+00,-1.000000000000000000e+00,-1.000000000000000000e+00,-1.000000000000000000e+00,-1.000000000000000000e+00,-1.000000000000000000e+00,-1.000000000000000000e+00,-1.000000000000000000e+00,-1.000000000000000000e+00,-1.000000000000000000e+00,-1.000000000000000000e+00,-1.000000000000000000e+00,-1.000000000000000000e+00,-1.000000000000000000e+00,-1.000000000000000000e+00,-1.000000000000000000e+00,-1.000000000000000000e+00,-1.000000000000000000e+00,-1.000000000000000000e+00,-1.000000000000000000e+00,-1.000000000000000000e+00,-1.000000000000000000e+00,-1.000000000000000000e+00,-1.000000000000000000e+00,-1.000000000000000000e+00,-1.000000000000000000e+00,-1.000000000000000000e+00,-1.000000000000000000e+00,-1.000000000000000000e+00,-1.000000000000000000e+00,-1.000000000000000000e+00,-1.000000000000000000e+00,-1.000000000000000000e+00,-1.000000000000000000e+00
3.643604516983032227e-01,4.968988895416259766e-01,2.732576547259668587e-07,3.647257983684539795e-01,3.967067301273345947e-01,-2.489295415580272675e-02,3.296770155429840088e-01,3.074250221252441406e-01,-3.451333567500114441e-02,2.957258224487304688e-01,2.392487674951553345e-01,-4.272366687655448914e-02,2.787505388259887695e-01,1.756639927625656128e-01,-5.080472677946090698e-02,2.447323203086853027e-01,3.101774454116821289e-01,-2.401377074420452118e-02,1.902639120817184448e-01,2.572362124919891357e-01,-4.192085564136505127e-02,1.552595645189285278e-01,2.254866957664489746e-01,-5.550461262464523315e-02,1.234756112098693848e-01,2.018185108900070190e-01,-6.622584164142608643e-02,2.226863056421279907e-01,3.633297979831695557e-01,-2.539815567433834076e-02,1.522989273071289062e-01,3.329324722290039062e-01,-4.242457821965217590e-02,1.094914972782135010e-01,3.144570887088775635e-01,-5.513880029320716858e-02,7.235924899578094482e-02,3.027021288871765137e-01,-6.414974480867385864e-02,2.170141488313674927e-01,4.203447997570037842e-01,-2.986624091863632202e-02,1.493984460830688477e-01,4.097880423069000244e-01,-4.826879501342773438e-02,1.080622375011444092e-01,4.040786623954772949e-01,-5.989782884716987610e-02,7.087528705596923828e-02,3.984813392162322998e-01,-6.724140793085098267e-02,2.249373197555541992e-01,4.808072745800018311e-01,-3.676795214414596558e-02,1.715669929981231689e-01,4.908243715763092041e-01,-5.526134744286537170e-02,1.398940980434417725e-01,5.000151395797729492e-01,-6.436093151569366455e-02,1.099708676338195801e-01,5.066467523574829102e-01,-6.942426413297653198e-02,-1.000000000000000000e+00,-1.000000000000000000e+00,-1.000000000000000000e+00,-1.000000000000000000e+00,-1.000000000000000000e+00,-1.000000000000000000e+00,-1.000000000000000000e+00,-1.000000000000000000e+00,-1.000000000000000000e+00,-1.000000000000000000e+00,-1.000000000000000000e+00,-1.000000000000000000e+00,-1.000000000000000000e+00,-1.000000000000000000e+00,-1.000000000000000000e+00,-1.000000000000000000e+00,-1.000000000000000000e+00,-1.000000000000000000e+00,-1.000000000000000000e+00,-1.000000000000000000e+00,-1.000000000000000000e+00,-1.000000000000000000e+00,-1.000000000000000000e+00,-1.000000000000000000e+00,-1.000000000000000000e+00,-1.000000000000000000e+00,-1.000000000000000000e+00,-1.000000000000000000e+00,-1.000000000000000000e+00,-1.000000000000000000e+00,-1.000000000000000000e+00,-1.000000000000000000e+00,-1.000000000000000000e+00,-1.000000000000000000e+00,-1.000000000000000000e+00,-1.000000000000000000e+00,-1.000000000000000000e+00,-1.000000000000000000e+00,-1.000000000000000000e+00,-1.000000000000000000e+00,-1.000000000000000000e+00,-1.000000000000000000e+00,-1.000000000000000000e+00,-1.000000000000000000e+00,-1.000000000000000000e+00,-1.000000000000000000e+00,-1.000000000000000000e+00,-1.000000000000000000e+00,-1.000000000000000000e+00,-1.000000000000000000e+00,-1.000000000000000000e+00,-1.000000000000000000e+00,-1.000000000000000000e+00,-1.000000000000000000e+00,-1.000000000000000000e+00,-1.000000000000000000e+00,-1.000000000000000000e+00,-1.000000000000000000e+00,-1.000000000000000000e+00,-1.000000000000000000e+00,-1.000000000000000000e+00,-1.000000000000000000e+00,-1.000000000000000000e+00
3.578091263771057129e-01,5.190411210060119629e-01,2.927374964656337397e-07,3.569518029689788818e-01,4.201621115207672119e-01,-2.534648403525352478e-02,3.232633769512176514e-01,3.308084011077880859e-01,-3.556610271334648132e-02,2.903947234153747559e-01,2.585620284080505371e-01,-4.442894458770751953e-02,2.720101475715637207e-01,1.939551830291748047e-01,-5.297298356890678406e-02,2.359695136547088623e-01,3.298047184944152832e-01,-2.112338878214359283e-02,1.815847009420394897e-01,2.741792201995849609e-01,-3.785635903477668762e-02,1.471526920795440674e-01,2.430308014154434204e-01,-5.125154927372932434e-02,1.159745007753372192e-01,2.191219478845596313e-01,-6.193695962429046631e-02,2.141746580600738525e-01,3.839898705482482910e-01,-2.243699692189693451e-02,1.432929486036300659e-01,3.514454960823059082e-01,-3.812614083290100098e-02,1.011893749237060547e-01,3.345856964588165283e-01,-5.144773796200752258e-02,6.525596976280212402e-02,3.234351873397827148e-01,-6.105482205748558044e-02,2.093333899974822998e-01,4.420019984245300293e-01,-2.700695954263210297e-02,1.435565352439880371e-01,4.265448451042175293e-01,-4.413485899567604065e-02,1.021739840507507324e-01,4.196294248104095459e-01,-5.661448463797569275e-02,6.424902379512786865e-02,4.124677479267120361e-01,-6.500151753425598145e-02,2.180209457874298096e-01,5.030921697616577148e-01,-3.410232439637184143e-02,1.668027192354202271e-01,5.108124613761901855e-01,-5.197120457887649536e-02,1.345865428447723389e-01,5.198774337768554688e-01,-6.122855097055435181e-02,1.031492501497268677e-01,5.248427391052246094e-01,-6.664207577705383301e-02,-1.000000000000000000e+00,-1.000000000000000000e+00,-1.000000000000000000e+00,-1.000000000000000000e+00,-1.000000000000000000e+00,-1.000000000000000000e+00,-1.000000000000000000e+00,-1.000000000000000000e+00,-1.000000000000000000e+00,-1.000000000000000000e+00,-1.000000000000000000e+00,-1.000000000000000000e+00,-1.000000000000000000e+00,-1.000000000000000000e+00,-1.000000000000000000e+00,-1.000000000000000000e+00,-1.000000000000000000e+00,-1.000000000000000000e+00,-1.000000000000000000e+00,-1.000000000000000000e+00,-1.000000000000000000e+00,-1.000000000000000000e+00,-1.000000000000000000e+00,-1.000000000000000000e+00,-1.000000000000000000e+00,-1.000000000000000000e+00,-1.000000000000000000e+00,-1.000000000000000000e+00,-1.000000000000000000e+00,-1.000000000000000000e+00,-1.000000000000000000e+00,-1.000000000000000000e+00,-1.000000000000000000e+00,-1.000000000000000000e+00,-1.000000000000000000e+00,-1.000000000000000000e+00,-1.000000000000000000e+00,-1.000000000000000000e+00,-1.000000000000000000e+00,-1.000000000000000000e+00,-1.000000000000000000e+00,-1.000000000000000000e+00,-1.000000000000000000e+00,-1.000000000000000000e+00,-1.000000000000000000e+00,-1.000000000000000000e+00,-1.000000000000000000e+00,-1.000000000000000000e+00,-1.000000000000000000e+00,-1.000000000000000000e+00,-1.000000000000000000e+00,-1.000000000000000000e+00,-1.000000000000000000e+00,-1.000000000000000000e+00,-1.000000000000000000e+00,-1.000000000000000000e+00,-1.000000000000000000e+00,-1.000000000000000000e+00,-1.000000000000000000e+00,-1.000000000000000000e+00,-1.000000000000000000e+00,-1.000000000000000000e+00,-1.000000000000000000e+00
3.603741228580474854e-01,5.258872509002685547e-01,2.724094372297258815e-07,3.614921271800994873e-01,4.255197048187255859e-01,-2.526688575744628906e-02,3.296152055263519287e-01,3.341504633426666260e-01,-3.586637228727340698e-02,2.983017563819885254e-01,2.590919137001037598e-01,-4.499847069382667542e-02,2.789435386657714844e-01,1.938957273960113525e-01,-5.355964228510856628e-02,2.394037544727325439e-01,3.306857943534851074e-01,-2.091074362397193909e-02,1.877432316541671753e-01,2.716764211654663086e-01,-3.785070404410362244e-02,1.529412269592285156e-01,2.391412556171417236e-01,-5.131382122635841370e-02,1.228198260068893433e-01,2.154883295297622681e-01,-6.176250055432319641e-02,2.168604284524917603e-01,3.833759129047393799e-01,-2.198986709117889404e-02,1.471907496452331543e-01,3.432454466819763184e-01,-3.728019073605537415e-02,1.053491681814193726e-01,3.220850527286529541e-01,-4.984066262841224670e-02,7.033112645149230957e-02,3.103592395782470703e-01,-5.878558754920959473e-02,2.114007920026779175e-01,4.399162530899047852e-01,-2.636640705168247223e-02,1.459280699491500854e-01,4.197964072227478027e-01,-4.264567792415618896e-02,1.049946695566177368e-01,4.081898331642150879e-01,-5.435076728463172913e-02,6.814002990722656250e-02,3.987873792648315430e-01,-6.212606653571128845e-02,2.194255590438842773e-01,4.993842840194702148e-01,-3.329146653413772583e-02,1.677944064140319824e-01,5.044240355491638184e-01,-5.002120509743690491e-02,1.337107419967651367e-01,5.076904892921447754e-01,-5.876773595809936523e-02,1.016118824481964111e-01,5.082907676696777344e-01,-6.387457251548767090e-02,-1.000000000000000000e+00,-1.000000000000000000e+00,-1.000000000000000000e+00,-1.000000000000000000e+00,-1.000000000000000000e+00,-1.000000000000000000e+00,-1.000000000000000000e+00,-1.000000000000000000e+00,-1.000000000000000000e+00,-1.000000000000000000e+00,-1.000000000000000000e+00,-1.000000000000000000e+00,-1.000000000000000000e+00,-1.000000000000000000e+00,-1.000000000000000000e+00,-1.000000000000000000e+00,-1.000000000000000000e+00,-1.000000000000000000e+00,-1.000000000000000000e+00,-1.000000000000000000e+00,-1.000000000000000000e+00,-1.000000000000000000e+00,-1.000000000000000000e+00,-1.000000000000000000e+00,-1.000000000000000000e+00,-1.000000000000000000e+00,-1.000000000000000000e+00,-1.000000000000000000e+00,-1.000000000000000000e+00,-1.000000000000000000e+00,-1.000000000000000000e+00,-1.000000000000000000e+00,-1.000000000000000000e+00,-1.000000000000000000e+00,-1.000000000000000000e+00,-1.000000000000000000e+00,-1.000000000000000000e+00,-1.000000000000000000e+00,-1.000000000000000000e+00,-1.000000000000000000e+00,-1.000000000000000000e+00,-1.000000000000000000e+00,-1.000000000000000000e+00,-1.000000000000000000e+00,-1.000000000000000000e+00,-1.000000000000000000e+00,-1.000000000000000000e+00,-1.000000000000000000e+00,-1.000000000000000000e+00,-1.000000000000000000e+00,-1.000000000000000000e+00,-1.000000000000000000e+00,-1.000000000000000000e+00,-1.000000000000000000e+00,-1.000000000000000000e+00,-1.000000000000000000e+00,-1.000000000000000000e+00,-1.000000000000000000e+00,-1.000000000000000000e+00,-1.000000000000000000e+00,-1.000000000000000000e+00,-1.000000000000000000e+00,-1.000000000000000000e+00
3.718477487564086914e-01,5.162953734397888184e-01,2.376762040512403473e-07,3.749160170555114746e-01,4.171593785285949707e-01,-2.296647243201732635e-02,3.445561230182647705e-01,3.254419267177581787e-01,-3.362913429737091064e-02,3.153762221336364746e-01,2.496666759252548218e-01,-4.343122243881225586e-02,3.006368875503540039e-01,1.830797344446182251e-01,-5.320958420634269714e-02,2.571499049663543701e-01,3.100877106189727783e-01,-2.247028239071369171e-02,2.041155248880386353e-01,2.494548559188842773e-01,-4.136192426085472107e-02,1.694149076938629150e-01,2.162818014621734619e-01,-5.586538836359977722e-02,1.392183899879455566e-01,1.922599375247955322e-01,-6.658773869276046753e-02,2.328077256679534912e-01,3.585537672042846680e-01,-2.499458566308021545e-02,1.631186455488204956e-01,3.152733445167541504e-01,-4.155660793185234070e-02,1.207202896475791931e-01,2.922466099262237549e-01,-5.428446084260940552e-02,8.419461548328399658e-02,2.791610658168792725e-01,-6.317837536334991455e-02,2.240690439939498901e-01,4.135871529579162598e-01,-3.048305213451385498e-02,1.583845764398574829e-01,3.916741609573364258e-01,-4.669067263603210449e-02,1.173109859228134155e-01,3.781512379646301270e-01,-5.795563012361526489e-02,8.044670522212982178e-02,3.680187761783599854e-01,-6.554135680198669434e-02,2.284469157457351685e-01,4.741107523441314697e-01,-3.839673474431037903e-02,1.769883036613464355e-01,4.756040573120117188e-01,-5.377784371376037598e-02,1.448549926280975342e-01,4.770265221595764160e-01,-6.108746677637100220e-02,1.149775981903076172e-01,4.772301912307739258e-01,-6.534738838672637939e-02,-1.000000000000000000e+00,-1.000000000000000000e+00,-1.000000000000000000e+00,-1.000000000000000000e+00,-1.000000000000000000e+00,-1.000000000000000000e+00,-1.000000000000000000e+00,-1.000000000000000000e+00,-1.000000000000000000e+00,-1.000000000000000000e+00,-1.000000000000000000e+00,-1.000000000000000000e+00,-1.000000000000000000e+00,-1.000000000000000000e+00,-1.000000000000000000e+00,-1.000000000000000000e+00,-1.000000000000000000e+00,-1.000000000000000000e+00,-1.000000000000000000e+00,-1.000000000000000000e+00,-1.000000000000000000e+00,-1.000000000000000000e+00,-1.000000000000000000e+00,-1.000000000000000000e+00,-1.000000000000000000e+00,-1.000000000000000000e+00,-1.000000000000000000e+00,-1.000000000000000000e+00,-1.000000000000000000e+00,-1.000000000000000000e+00,-1.000000000000000000e+00,-1.000000000000000000e+00,-1.000000000000000000e+00,-1.000000000000000000e+00,-1.000000000000000000e+00,-1.000000000000000000e+00,-1.000000000000000000e+00,-1.000000000000000000e+00,-1.000000000000000000e+00,-1.000000000000000000e+00,-1.000000000000000000e+00,-1.000000000000000000e+00,-1.000000000000000000e+00,-1.000000000000000000e+00,-1.000000000000000000e+00,-1.000000000000000000e+00,-1.000000000000000000e+00,-1.000000000000000000e+00,-1.000000000000000000e+00,-1.000000000000000000e+00,-1.000000000000000000e+00,-1.000000000000000000e+00,-1.000000000000000000e+00,-1.000000000000000000e+00,-1.000000000000000000e+00,-1.000000000000000000e+00,-1.000000000000000000e+00,-1.000000000000000000e+00,-1.000000000000000000e+00,-1.000000000000000000e+00,-1.000000000000000000e+00,-1.000000000000000000e+00,-1.000000000000000000e+00
3.845852911472320557e-01,4.945340156555175781e-01,2.273333876701144618e-07,3.928997516632080078e-01,3.934045135974884033e-01,-2.416650764644145966e-02,3.673078417778015137e-01,2.989979684352874756e-01,-3.741707280278205872e-02,3.410725891590118408e-01,2.246510982513427734e-01,-5.001101270318031311e-02,3.298692703247070312e-01,1.572623997926712036e-01,-6.359947472810745239e-02,2.859587073326110840e-01,2.730522155761718750e-01,-3.261592239141464233e-02,2.346574813127517700e-01,2.051532417535781860e-01,-5.698904022574424744e-02,2.010023742914199829e-01,1.680105179548263550e-01,-7.471428066492080688e-02,1.705953180789947510e-01,1.385485082864761353e-01,-8.744762092828750610e-02,2.598652541637420654e-01,3.197157979011535645e-01,-3.661778196692466736e-02,1.922142207622528076e-01,2.655979990959167480e-01,-5.903366208076477051e-02,1.490866541862487793e-01,2.372698038816452026e-01,-7.560964673757553101e-02,1.099758744239807129e-01,2.177240997552871704e-01,-8.724980056285858154e-02,2.498242408037185669e-01,3.759804368019104004e-01,-4.308161139488220215e-02,1.846148967742919922e-01,3.444933891296386719e-01,-6.421040743589401245e-02,1.428428292274475098e-01,3.257141411304473877e-01,-7.736907154321670532e-02,1.042964756488800049e-01,3.093976080417633057e-01,-8.611082285642623901e-02,2.516001760959625244e-01,4.405448436737060547e-01,-5.179339647293090820e-02,1.986141651868820190e-01,4.320890605449676514e-01,-7.123211026191711426e-02,1.647510230541229248e-01,4.261611700057983398e-01,-8.013331145048141479e-02,1.329772025346755981e-01,4.177488982677459717e-01,-8.552473783493041992e-02,-1.000000000000000000e+00,-1.000000000000000000e+00,-1.000000000000000000e+00,-1.000000000000000000e+00,-1.000000000000000000e+00,-1.000000000000000000e+00,-1.000000000000000000e+00,-1.000000000000000000e+00,-1.000000000000000000e+00,-1.000000000000000000e+00,-1.000000000000000000e+00,-1.000000000000000000e+00,-1.000000000000000000e+00,-1.000000000000000000e+00,-1.000000000000000000e+00,-1.000000000000000000e+00,-1.000000000000000000e+00,-1.000000000000000000e+00,-1.000000000000000000e+00,-1.000000000000000000e+00,-1.000000000000000000e+00,-1.000000000000000000e+00,-1.000000000000000000e+00,-1.000000000000000000e+00,-1.000000000000000000e+00,-1.000000000000000000e+00,-1.000000000000000000e+00,-1.000000000000000000e+00,-1.000000000000000000e+00,-1.000000000000000000e+00,-1.000000000000000000e+00,-1.000000000000000000e+00,-1.000000000000000000e+00,-1.000000000000000000e+00,-1.000000000000000000e+00,-1.000000000000000000e+00,-1.000000000000000000e+00,-1.000000000000000000e+00,-1.000000000000000000e+00,-1.000000000000000000e+00,-1.000000000000000000e+00,-1.000000000000000000e+00,-1.000000000000000000e+00,-1.000000000000000000e+00,-1.000000000000000000e+00,-1.000000000000000000e+00,-1.000000000000000000e+00,-1.000000000000000000e+00,-1.000000000000000000e+00,-1.000000000000000000e+00,-1.000000000000000000e+00,-1.000000000000000000e+00,-1.000000000000000000e+00,-1.000000000000000000e+00,-1.000000000000000000e+00,-1.000000000000000000e+00,-1.000000000000000000e+00,-1.000000000000000000e+00,-1.000000000000000000e+00,-1.000000000000000000e+00,-1.000000000000000000e+00,-1.000000000000000000e+00,-1.000000000000000000e+00
3.845852911472320557e-01,4.945340156555175781e-01,2.273333876701144618e-07,3.928997516632080078e-01,3.934045135974884033e-01,-2.416650764644145966e-02,3.673078417778015137e-01,2.989979684352874756e-01,-3.741707280278205872e-02,3.410725891590118408e-01,2.246510982513427734e-01,-5.001101270318031311e-02,3.298692703247070312e-01,1.572623997926712036e-01,-6.359947472810745239e-02,2.859587073326110840e-01,2.730522155761718750e-01,-3.261592239141464233e-02,2.346574813127517700e-01,2.051532417535781860e-01,-5.698904022574424744e-02,2.010023742914199829e-01,1.680105179548263550e-01,-7.471428066492080688e-02,1.705953180789947510e-01,1.385485082864761353e-01,-8.744762092828750610e-02,2.598652541637420654e-01,3.197157979011535645e-01,-3.661778196692466736e-02,1.922142207622528076e-01,2.655979990959167480e-01,-5.903366208076477051e-02,1.490866541862487793e-01,2.372698038816452026e-01,-7.560964673757553101e-02,1.099758744239807129e-01,2.177240997552871704e-01,-8.724980056285858154e-02,2.498242408037185669e-01,3.759804368019104004e-01,-4.308161139488220215e-02,1.846148967742919922e-01,3.444933891296386719e-01,-6.421040743589401245e-02,1.428428292274475098e-01,3.257141411304473877e-01,-7.736907154321670532e-02,1.042964756488800049e-01,3.093976080417633057e-01,-8.611082285642623901e-02,2.516001760959625244e-01,4.405448436737060547e-01,-5.179339647293090820e-02,1.986141651868820190e-01,4.320890605449676514e-01,-7.123211026191711426e-02,1.647510230541229248e-01,4.261611700057983398e-01,-8.013331145048141479e-02,1.329772025346755981e-01,4.177488982677459717e-01,-8.552473783493041992e-02,-1.000000000000000000e+00,-1.000000000000000000e+00,-1.000000000000000000e+00,-1.000000000000000000e+00,-1.000000000000000000e+00,-1.000000000000000000e+00,-1.000000000000000000e+00,-1.000000000000000000e+00,-1.000000000000000000e+00,-1.000000000000000000e+00,-1.000000000000000000e+00,-1.000000000000000000e+00,-1.000000000000000000e+00,-1.000000000000000000e+00,-1.000000000000000000e+00,-1.000000000000000000e+00,-1.000000000000000000e+00,-1.000000000000000000e+00,-1.000000000000000000e+00,-1.000000000000000000e+00,-1.000000000000000000e+00,-1.000000000000000000e+00,-1.000000000000000000e+00,-1.000000000000000000e+00,-1.000000000000000000e+00,-1.000000000000000000e+00,-1.000000000000000000e+00,-1.000000000000000000e+00,-1.000000000000000000e+00,-1.000000000000000000e+00,-1.000000000000000000e+00,-1.000000000000000000e+00,-1.000000000000000000e+00,-1.000000000000000000e+00,-1.000000000000000000e+00,-1.000000000000000000e+00,-1.000000000000000000e+00,-1.000000000000000000e+00,-1.000000000000000000e+00,-1.000000000000000000e+00,-1.000000000000000000e+00,-1.000000000000000000e+00,-1.000000000000000000e+00,-1.000000000000000000e+00,-1.000000000000000000e+00,-1.000000000000000000e+00,-1.000000000000000000e+00,-1.000000000000000000e+00,-1.000000000000000000e+00,-1.000000000000000000e+00,-1.000000000000000000e+00,-1.000000000000000000e+00,-1.000000000000000000e+00,-1.000000000000000000e+00,-1.000000000000000000e+00,-1.000000000000000000e+00,-1.000000000000000000e+00,-1.000000000000000000e+00,-1.000000000000000000e+00,-1.000000000000000000e+00,-1.000000000000000000e+00,-1.000000000000000000e+00,-1.000000000000000000e+00
4.216408133506774902e-01,4.466234147548675537e-01,2.401967833520757267e-07,4.400445222854614258e-01,3.516654372215270996e-01,-2.212353236973285675e-02,4.306932091712951660e-01,2.534879148006439209e-01,-3.724196925759315491e-02,4.214099645614624023e-01,1.793993860483169556e-01,-5.243903771042823792e-02,4.193188548088073730e-01,1.225258111953735352e-01,-6.908784806728363037e-02,3.557941615581512451e-01,1.975193619728088379e-01,-3.533713147044181824e-02,3.128371536731719971e-01,1.086778640747070312e-01,-6.153362616896629333e-02,2.837294340133666992e-01,6.548172235488891602e-02,-8.037330210208892822e-02,2.567290365695953369e-01,3.514066338539123535e-02,-9.342450648546218872e-02,3.280845880508422852e-01,2.352035492658615112e-01,-4.182220622897148132e-02,2.706539928913116455e-01,1.537749469280242920e-01,-6.578791886568069458e-02,2.321563661098480225e-01,1.102475374937057495e-01,-8.415763825178146362e-02,1.971747875213623047e-01,7.967898249626159668e-02,-9.742134064435958862e-02,3.116120100021362305e-01,2.879092693328857422e-01,-5.057484656572341919e-02,2.535071969032287598e-01,2.291217148303985596e-01,-7.274544984102249146e-02,2.148641794919967651e-01,1.926625818014144897e-01,-8.816397190093994141e-02,1.802068352699279785e-01,1.637805402278900146e-01,-9.889606386423110962e-02,3.036882579326629639e-01,3.526749014854431152e-01,-6.117455288767814636e-02,2.538954913616180420e-01,3.216594457626342773e-01,-8.113377541303634644e-02,2.225222289562225342e-01,3.029062151908874512e-01,-9.076506644487380981e-02,1.937954574823379517e-01,2.845987975597381592e-01,-9.721930325031280518e-02,-1.000000000000000000e+00,-1.000000000000000000e+00,-1.000000000000000000e+00,-1.000000000000000000e+00,-1.000000000000000000e+00,-1.000000000000000000e+00,-1.000000000000000000e+00,-1.000000000000000000e+00,-1.000000000000000000e+00,-1.000000000000000000e+00,-1.000000000000000000e+00,-1.000000000000000000e+00,-1.000000000000000000e+00,-1.000000000000000000e+00,-1.000000000000000000e+00,-1.000000000000000000e+00,-1.000000000000000000e+00,-1.000000000000000000e+00,-1.000000000000000000e+00,-1.000000000000000000e+00,-1.000000000000000000e+00,-1.000000000000000000e+00,-1.000000000000000000e+00,-1.000000000000000000e+00,-1.000000000000000000e+00,-1.000000000000000000e+00,-1.000000000000000000e+00,-1.000000000000000000e+00,-1.000000000000000000e+00,-1.000000000000000000e+00,-1.000000000000000000e+00,-1.000000000000000000e+00,-1.000000000000000000e+00,-1.000000000000000000e+00,-1.000000000000000000e+00,-1.000000000000000000e+00,-1.000000000000000000e+00,-1.000000000000000000e+00,-1.000000000000000000e+00,-1.000000000000000000e+00,-1.000000000000000000e+00,-1.000000000000000000e+00,-1.000000000000000000e+00,-1.000000000000000000e+00,-1.000000000000000000e+00,-1.000000000000000000e+00,-1.000000000000000000e+00,-1.000000000000000000e+00,-1.000000000000000000e+00,-1.000000000000000000e+00,-1.000000000000000000e+00,-1.000000000000000000e+00,-1.000000000000000000e+00,-1.000000000000000000e+00,-1.000000000000000000e+00,-1.000000000000000000e+00,-1.000000000000000000e+00,-1.000000000000000000e+00,-1.000000000000000000e+00,-1.000000000000000000e+00,-1.000000000000000000e+00,-1.000000000000000000e+00,-1.000000000000000000e+00
4.418172836303710938e-01,4.398419857025146484e-01,2.375113723473987193e-07,4.674857258796691895e-01,3.552374839782714844e-01,-2.663914673030376434e-02,4.681804180145263672e-01,2.572785019874572754e-01,-4.309280589222908020e-02,4.654535055160522461e-01,1.799119859933853149e-01,-5.874150246381759644e-02,4.673114418983459473e-01,1.185246855020523071e-01,-7.527182251214981079e-02,4.008250534534454346e-01,1.758989840745925903e-01,-3.456896916031837463e-02,3.665181696414947510e-01,8.314618468284606934e-02,-5.875550583004951477e-02,3.405384123325347900e-01,3.450757265090942383e-02,-7.674204558134078979e-02,3.164012730121612549e-01,-3.298848867416381836e-03,-8.979576826095581055e-02,3.687989115715026855e-01,2.033775746822357178e-01,-3.866545855998992920e-02,3.184787034988403320e-01,1.127037107944488525e-01,-6.177492812275886536e-02,2.832953035831451416e-01,6.326000392436981201e-02,-7.961934059858322144e-02,2.514989972114562988e-01,2.618482708930969238e-02,-9.238314628601074219e-02,3.470577001571655273e-01,2.495113164186477661e-01,-4.558844864368438721e-02,2.965269386768341064e-01,1.748354136943817139e-01,-6.776243448257446289e-02,2.621245682239532471e-01,1.295715570449829102e-01,-8.367350697517395020e-02,2.314170300960540771e-01,9.273351728916168213e-02,-9.455773234367370605e-02,3.332963585853576660e-01,3.106710612773895264e-01,-5.481009185314178467e-02,2.893509268760681152e-01,2.659128606319427490e-01,-7.521048188209533691e-02,2.593837976455688477e-01,2.406763881444931030e-01,-8.554698526859283447e-02,2.313899844884872437e-01,2.173271328210830688e-01,-9.240540117025375366e-02,-1.000000000000000000e+00,-1.000000000000000000e+00,-1.000000000000000000e+00,-1.000000000000000000e+00,-1.000000000000000000e+00,-1.000000000000000000e+00,-1.000000000000000000e+00,-1.000000000000000000e+00,-1.000000000000000000e+00,-1.000000000000000000e+00,-1.000000000000000000e+00,-1.000000000000000000e+00,-1.000000000000000000e+00,-1.000000000000000000e+00,-1.000000000000000000e+00,-1.000000000000000000e+00,-1.000000000000000000e+00,-1.000000000000000000e+00,-1.000000000000000000e+00,-1.000000000000000000e+00,-1.000000000000000000e+00,-1.000000000000000000e+00,-1.000000000000000000e+00,-1.000000000000000000e+00,-1.000000000000000000e+00,-1.000000000000000000e+00,-1.000000000000000000e+00,-1.000000000000000000e+00,-1.000000000000000000e+00,-1.000000000000000000e+00,-1.000000000000000000e+00,-1.000000000000000000e+00,-1.000000000000000000e+00,-1.000000000000000000e+00,-1.000000000000000000e+00,-1.000000000000000000e+00,-1.000000000000000000e+00,-1.000000000000000000e+00,-1.000000000000000000e+00,-1.000000000000000000e+00,-1.000000000000000000e+00,-1.000000000000000000e+00,-1.000000000000000000e+00,-1.000000000000000000e+00,-1.000000000000000000e+00,-1.000000000000000000e+00,-1.000000000000000000e+00,-1.000000000000000000e+00,-1.000000000000000000e+00,-1.000000000000000000e+00,-1.000000000000000000e+00,-1.000000000000000000e+00,-1.000000000000000000e+00,-1.000000000000000000e+00,-1.000000000000000000e+00,-1.000000000000000000e+00,-1.000000000000000000e+00,-1.000000000000000000e+00,-1.000000000000000000e+00,-1.000000000000000000e+00,-1.000000000000000000e+00,-1.000000000000000000e+00,-1.000000000000000000e+00
4.630927145481109619e-01,4.513111710548400879e-01,2.659135134308598936e-07,4.978625476360321045e-01,3.743039369583129883e-01,-2.609057165682315826e-02,5.076001882553100586e-01,2.752845287322998047e-01,-4.010103642940521240e-02,5.124816298484802246e-01,1.929029971361160278e-01,-5.338708311319351196e-02,5.212997198104858398e-01,1.308323740959167480e-01,-6.736720353364944458e-02,4.487056434154510498e-01,1.754694133996963501e-01,-2.841704711318016052e-02,4.314631223678588867e-01,7.081493735313415527e-02,-5.098464712500572205e-02,4.162290990352630615e-01,9.532555937767028809e-03,-6.906639784574508667e-02,4.003588855266571045e-01,-4.171702265739440918e-02,-8.238949626684188843e-02,4.139470160007476807e-01,1.879745274782180786e-01,-3.157560527324676514e-02,3.764008283615112305e-01,8.341015875339508057e-02,-5.204210430383682251e-02,3.497413694858551025e-01,2.214032411575317383e-02,-6.880875676870346069e-02,3.242402970790863037e-01,-2.577337622642517090e-02,-8.092785626649856567e-02,3.876692652702331543e-01,2.226637154817581177e-01,-3.792069852352142334e-02,3.474706709384918213e-01,1.361339688301086426e-01,-5.858705192804336548e-02,3.183850049972534180e-01,8.218659460544586182e-02,-7.347548753023147583e-02,2.904190421104431152e-01,3.818586468696594238e-02,-8.345685899257659912e-02,3.679478168487548828e-01,2.759209573268890381e-01,-4.675684869289398193e-02,3.302826285362243652e-01,2.178762108087539673e-01,-6.615001708269119263e-02,3.041146099567413330e-01,1.858618259429931641e-01,-7.532450556755065918e-02,2.783703804016113281e-01,1.580194681882858276e-01,-8.114860951900482178e-02,-1.000000000000000000e+00,-1.000000000000000000e+00,-1.000000000000000000e+00,-1.000000000000000000e+00,-1.000000000000000000e+00,-1.000000000000000000e+00,-1.000000000000000000e+00,-1.000000000000000000e+00,-1.000000000000000000e+00,-1.000000000000000000e+00,-1.000000000000000000e+00,-1.000000000000000000e+00,-1.000000000000000000e+00,-1.000000000000000000e+00,-1.000000000000000000e+00,-1.000000000000000000e+00,-1.000000000000000000e+00,-1.000000000000000000e+00,-1.000000000000000000e+00,-1.000000000000000000e+00,-1.000000000000000000e+00,-1.000000000000000000e+00,-1.000000000000000000e+00,-1.000000000000000000e+00,-1.000000000000000000e+00,-1.000000000000000000e+00,-1.000000000000000000e+00,-1.000000000000000000e+00,-1.000000000000000000e+00,-1.000000000000000000e+00,-1.000000000000000000e+00,-1.000000000000000000e+00,-1.000000000000000000e+00,-1.000000000000000000e+00,-1.000000000000000000e+00,-1.000000000000000000e+00,-1.000000000000000000e+00,-1.000000000000000000e+00,-1.000000000000000000e+00,-1.000000000000000000e+00,-1.000000000000000000e+00,-1.000000000000000000e+00,-1.000000000000000000e+00,-1.000000000000000000e+00,-1.000000000000000000e+00,-1.000000000000000000e+00,-1.000000000000000000e+00,-1.000000000000000000e+00,-1.000000000000000000e+00,-1.000000000000000000e+00,-1.000000000000000000e+00,-1.000000000000000000e+00,-1.000000000000000000e+00,-1.000000000000000000e+00,-1.000000000000000000e+00,-1.000000000000000000e+00,-1.000000000000000000e+00,-1.000000000000000000e+00,-1.000000000000000000e+00,-1.000000000000000000e+00,-1.000000000000000000e+00,-1.000000000000000000e+00,-1.000000000000000000e+00
4.837030470371246338e-01,4.565683305263519287e-01,2.957497429179056780e-07,5.200796127319335938e-01,3.842697739601135254e-01,-2.371060475707054138e-02,5.422486662864685059e-01,2.944121360778808594e-01,-3.987625613808631897e-02,5.568888187408447266e-01,2.244804352521896362e-01,-5.627128109335899353e-02,5.741930603981018066e-01,1.728181540966033936e-01,-7.364490628242492676e-02,4.940297901630401611e-01,1.822055280208587646e-01,-2.695282734930515289e-02,4.895266294479370117e-01,8.147586882114410400e-02,-5.245869606733322144e-02,4.854267239570617676e-01,2.347348630428314209e-02,-7.323476672172546387e-02,4.807841777801513672e-01,-2.602344751358032227e-02,-8.751731365919113159e-02,4.605731964111328125e-01,1.857233196496963501e-01,-3.290746361017227173e-02,4.330398142337799072e-01,6.816263496875762939e-02,-5.493272095918655396e-02,4.134584963321685791e-01,-2.444997429847717285e-03,-7.343915849924087524e-02,3.947592377662658691e-01,-6.048393249511718750e-02,-8.633806556463241577e-02,4.329147934913635254e-01,2.144078016281127930e-01,-4.193337634205818176e-02,4.001994729042053223e-01,1.115078702569007874e-01,-6.356394290924072266e-02,3.764130175113677979e-01,4.685167968273162842e-02,-7.911205291748046875e-02,3.543686270713806152e-01,-9.298697113990783691e-03,-8.919735997915267944e-02,4.095220267772674561e-01,2.639207839965820312e-01,-5.318649485707283020e-02,3.772595524787902832e-01,1.963708549737930298e-01,-7.215121388435363770e-02,3.547548651695251465e-01,1.563849747180938721e-01,-8.009718358516693115e-02,3.334133625030517578e-01,1.200080811977386475e-01,-8.485042303800582886e-02,-1.000000000000000000e+00,-1.000000000000000000e+00,-1.000000000000000000e+00,-1.000000000000000000e+00,-1.000000000000000000e+00,-1.000000000000000000e+00,-1.000000000000000000e+00,-1.000000000000000000e+00,-1.000000000000000000e+00,-1.000000000000000000e+00,-1.000000000000000000e+00,-1.000000000000000000e+00,-1.000000000000000000e+00,-1.000000000000000000e+00,-1.000000000000000000e+00,-1.000000000000000000e+00,-1.000000000000000000e+00,-1.000000000000000000e+00,-1.000000000000000000e+00,-1.000000000000000000e+00,-1.000000000000000000e+00,-1.000000000000000000e+00,-1.000000000000000000e+00,-1.000000000000000000e+00,-1.000000000000000000e+00,-1.000000000000000000e+00,-1.000000000000000000e+00,-1.000000000000000000e+00,-1.000000000000000000e+00,-1.000000000000000000e+00,-1.000000000000000000e+00,-1.000000000000000000e+00,-1.000000000000000000e+00,-1.000000000000000000e+00,-1.000000000000000000e+00,-1.000000000000000000e+00,-1.000000000000000000e+00,-1.000000000000000000e+00,-1.000000000000000000e+00,-1.000000000000000000e+00,-1.000000000000000000e+00,-1.000000000000000000e+00,-1.000000000000000000e+00,-1.000000000000000000e+00,-1.000000000000000000e+00,-1.000000000000000000e+00,-1.000000000000000000e+00,-1.000000000000000000e+00,-1.000000000000000000e+00,-1.000000000000000000e+00,-1.000000000000000000e+00,-1.000000000000000000e+00,-1.000000000000000000e+00,-1.000000000000000000e+00,-1.000000000000000000e+00,-1.000000000000000000e+00,-1.000000000000000000e+00,-1.000000000000000000e+00,-1.000000000000000000e+00,-1.000000000000000000e+00,-1.000000000000000000e+00,-1.000000000000000000e+00,-1.000000000000000000e+00
5.016183257102966309e-01,4.832285046577453613e-01,2.718863640893687261e-07,5.436503887176513672e-01,4.284929037094116211e-01,-2.623876370489597321e-02,5.744472742080688477e-01,3.441303670406341553e-01,-4.296067729592323303e-02,5.983017683029174805e-01,2.747259438037872314e-01,-5.933268740773200989e-02,6.247624158859252930e-01,2.312569171190261841e-01,-7.642582803964614868e-02,5.448750853538513184e-01,2.211017459630966187e-01,-2.777873165905475616e-02,5.543369650840759277e-01,1.271516978740692139e-01,-5.307933315634727478e-02,5.596228837966918945e-01,7.192675769329071045e-02,-7.394030690193176270e-02,5.627071857452392578e-01,2.560456097126007080e-02,-8.866760879755020142e-02,5.114349126815795898e-01,2.077322900295257568e-01,-3.239009529352188110e-02,5.010956525802612305e-01,8.664987981319427490e-02,-5.390758067369461060e-02,4.912410378456115723e-01,1.321277022361755371e-02,-7.157290726900100708e-02,4.805094003677368164e-01,-4.627080261707305908e-02,-8.424928039312362671e-02,4.798801839351654053e-01,2.228033393621444702e-01,-4.059585183858871460e-02,4.614877998828887939e-01,1.109193488955497742e-01,-6.229249387979507446e-02,4.450038075447082520e-01,3.990907967090606689e-02,-7.797096669673919678e-02,4.296185672283172607e-01,-2.226576209068298340e-02,-8.851601928472518921e-02,4.497880935668945312e-01,2.621292471885681152e-01,-5.128462985157966614e-02,4.256016314029693604e-01,1.875368654727935791e-01,-7.053221017122268677e-02,4.067139923572540283e-01,1.426028609275817871e-01,-7.894141227006912231e-02,3.885433077812194824e-01,1.008453890681266785e-01,-8.445525169372558594e-02,-1.000000000000000000e+00,-1.000000000000000000e+00,-1.000000000000000000e+00,-1.000000000000000000e+00,-1.000000000000000000e+00,-1.000000000000000000e+00,-1.000000000000000000e+00,-1.000000000000000000e+00,-1.000000000000000000e+00,-1.000000000000000000e+00,-1.000000000000000000e+00,-1.000000000000000000e+00,-1.000000000000000000e+00,-1.000000000000000000e+00,-1.000000000000000000e+00,-1.000000000000000000e+00,-1.000000000000000000e+00,-1.000000000000000000e+00,-1.000000000000000000e+00,-1.000000000000000000e+00,-1.000000000000000000e+00,-1.000000000000000000e+00,-1.000000000000000000e+00,-1.000000000000000000e+00,-1.000000000000000000e+00,-1.000000000000000000e+00,-1.000000000000000000e+00,-1.000000000000000000e+00,-1.000000000000000000e+00,-1.000000000000000000e+00,-1.000000000000000000e+00,-1.000000000000000000e+00,-1.000000000000000000e+00,-1.000000000000000000e+00,-1.000000000000000000e+00,-1.000000000000000000e+00,-1.000000000000000000e+00,-1.000000000000000000e+00,-1.000000000000000000e+00,-1.000000000000000000e+00,-1.000000000000000000e+00,-1.000000000000000000e+00,-1.000000000000000000e+00,-1.000000000000000000e+00,-1.000000000000000000e+00,-1.000000000000000000e+00,-1.000000000000000000e+00,-1.000000000000000000e+00,-1.000000000000000000e+00,-1.000000000000000000e+00,-1.000000000000000000e+00,-1.000000000000000000e+00,-1.000000000000000000e+00,-1.000000000000000000e+00,-1.000000000000000000e+00,-1.000000000000000000e+00,-1.000000000000000000e+00,-1.000000000000000000e+00,-1.000000000000000000e+00,-1.000000000000000000e+00,-1.000000000000000000e+00,-1.000000000000000000e+00,-1.000000000000000000e+00
5.228039026260375977e-01,5.173493623733520508e-01,2.152673346245137509e-07,5.693655014038085938e-01,4.728623628616333008e-01,-2.207742445170879364e-02,6.071605682373046875e-01,3.993409276008605957e-01,-3.515344858169555664e-02,6.362971663475036621e-01,3.399698734283447266e-01,-4.864812269806861877e-02,6.658368706703186035e-01,2.992914319038391113e-01,-6.237420067191123962e-02,5.849998593330383301e-01,2.680561840534210205e-01,-1.513658463954925537e-02,6.019602417945861816e-01,1.781284064054489136e-01,-3.455945104360580444e-02,6.089341640472412109e-01,1.272940784692764282e-01,-5.161552131175994873e-02,6.116924285888671875e-01,8.357998728752136230e-02,-6.363586336374282837e-02,5.537965297698974609e-01,2.485768496990203857e-01,-1.928017847239971161e-02,5.539489984512329102e-01,1.323220431804656982e-01,-3.517638146877288818e-02,5.504053235054016113e-01,6.468720734119415283e-02,-4.927299171686172485e-02,5.444972515106201172e-01,8.815661072731018066e-03,-5.930877104401588440e-02,5.218473672866821289e-01,2.524960041046142578e-01,-2.718309685587882996e-02,5.157906413078308105e-01,1.419857144355773926e-01,-4.364684969186782837e-02,5.077984333038330078e-01,7.454776763916015625e-02,-5.485711619257926941e-02,5.001021027565002441e-01,1.637306809425354004e-02,-6.227404996752738953e-02,4.887643456459045410e-01,2.789373397827148438e-01,-3.752598538994789124e-02,4.724836349487304688e-01,1.994667649269104004e-01,-5.185873433947563171e-02,4.598477184772491455e-01,1.528132706880569458e-01,-5.635771527886390686e-02,4.481410682201385498e-01,1.098545789718627930e-01,-5.886873230338096619e-02,-1.000000000000000000e+00,-1.000000000000000000e+00,-1.000000000000000000e+00,-1.000000000000000000e+00,-1.000000000000000000e+00,-1.000000000000000000e+00,-1.000000000000000000e+00,-1.000000000000000000e+00,-1.000000000000000000e+00,-1.000000000000000000e+00,-1.000000000000000000e+00,-1.000000000000000000e+00,-1.000000000000000000e+00,-1.000000000000000000e+00,-1.000000000000000000e+00,-1.000000000000000000e+00,-1.000000000000000000e+00,-1.000000000000000000e+00,-1.000000000000000000e+00,-1.000000000000000000e+00,-1.000000000000000000e+00,-1.000000000000000000e+00,-1.000000000000000000e+00,-1.000000000000000000e+00,-1.000000000000000000e+00,-1.000000000000000000e+00,-1.000000000000000000e+00,-1.000000000000000000e+00,-1.000000000000000000e+00,-1.000000000000000000e+00,-1.000000000000000000e+00,-1.000000000000000000e+00,-1.000000000000000000e+00,-1.000000000000000000e+00,-1.000000000000000000e+00,-1.000000000000000000e+00,-1.000000000000000000e+00,-1.000000000000000000e+00,-1.000000000000000000e+00,-1.000000000000000000e+00,-1.000000000000000000e+00,-1.000000000000000000e+00,-1.000000000000000000e+00,-1.000000000000000000e+00,-1.000000000000000000e+00,-1.000000000000000000e+00,-1.000000000000000000e+00,-1.000000000000000000e+00,-1.000000000000000000e+00,-1.000000000000000000e+00,-1.000000000000000000e+00,-1.000000000000000000e+00,-1.000000000000000000e+00,-1.000000000000000000e+00,-1.000000000000000000e+00,-1.000000000000000000e+00,-1.000000000000000000e+00,-1.000000000000000000e+00,-1.000000000000000000e+00,-1.000000000000000000e+00,-1.000000000000000000e+00,-1.000000000000000000e+00,-1.000000000000000000e+00
5.351460576057434082e-01,5.561990737915039062e-01,1.868830423745748703e-07,5.871971249580383301e-01,5.281229019165039062e-01,-1.528110448271036148e-02,6.304361224174499512e-01,4.604319930076599121e-01,-2.388920076191425323e-02,6.673145294189453125e-01,4.108540415763854980e-01,-3.384656831622123718e-02,7.022337317466735840e-01,3.871388435363769531e-01,-4.421186447143554688e-02,6.227392554283142090e-01,3.251557052135467529e-01,-8.594594895839691162e-03,6.490925550460815430e-01,2.379242628812789917e-01,-2.489933371543884277e-02,6.595748662948608398e-01,1.870227009057998657e-01,-3.951938450336456299e-02,6.638822555541992188e-01,1.458037942647933960e-01,-4.980107769370079041e-02,5.937005281448364258e-01,2.974319756031036377e-01,-1.430150028318166733e-02,6.056036353111267090e-01,1.812176704406738281e-01,-2.713760733604431152e-02,6.082943677902221680e-01,1.128864735364913940e-01,-3.923662006855010986e-02,6.061027050018310547e-01,5.819189548492431641e-02,-4.781015217304229736e-02,5.623893141746520996e-01,2.933911085128784180e-01,-2.312205918133258820e-02,5.642986297607421875e-01,1.825586259365081787e-01,-3.669533133506774902e-02,5.613195300102233887e-01,1.171322464942932129e-01,-4.700486361980438232e-02,5.566748380661010742e-01,6.137040257453918457e-02,-5.374520272016525269e-02,5.286325216293334961e-01,3.120389580726623535e-01,-3.377682715654373169e-02,5.176811814308166504e-01,2.279411107301712036e-01,-4.601034894585609436e-02,5.090606212615966797e-01,1.770134568214416504e-01,-5.044577270746231079e-02,5.010094046592712402e-01,1.298157423734664917e-01,-5.291887372732162476e-02,-1.000000000000000000e+00,-1.000000000000000000e+00,-1.000000000000000000e+00,-1.000000000000000000e+00,-1.000000000000000000e+00,-1.000000000000000000e+00,-1.000000000000000000e+00,-1.000000000000000000e+00,-1.000000000000000000e+00,-1.000000000000000000e+00,-1.000000000000000000e+00,-1.000000000000000000e+00,-1.000000000000000000e+00,-1.000000000000000000e+00,-1.000000000000000000e+00,-1.000000000000000000e+00,-1.000000000000000000e+00,-1.000000000000000000e+00,-1.000000000000000000e+00,-1.000000000000000000e+00,-1.000000000000000000e+00,-1.000000000000000000e+00,-1.000000000000000000e+00,-1.000000000000000000e+00,-1.000000000000000000e+00,-1.000000000000000000e+00,-1.000000000000000000e+00,-1.000000000000000000e+00,-1.000000000000000000e+00,-1.000000000000000000e+00,-1.000000000000000000e+00,-1.000000000000000000e+00,-1.000000000000000000e+00,-1.000000000000000000e+00,-1.000000000000000000e+00,-1.000000000000000000e+00,-1.000000000000000000e+00,-1.000000000000000000e+00,-1.000000000000000000e+00,-1.000000000000000000e+00,-1.000000000000000000e+00,-1.000000000000000000e+00,-1.000000000000000000e+00,-1.000000000000000000e+00,-1.000000000000000000e+00,-1.000000000000000000e+00,-1.000000000000000000e+00,-1.000000000000000000e+00,-1.000000000000000000e+00,-1.000000000000000000e+00,-1.000000000000000000e+00,-1.000000000000000000e+00,-1.000000000000000000e+00,-1.000000000000000000e+00,-1.000000000000000000e+00,-1.000000000000000000e+00,-1.000000000000000000e+00,-1.000000000000000000e+00,-1.000000000000000000e+00,-1.000000000000000000e+00,-1.000000000000000000e+00,-1.000000000000000000e+00,-1.000000000000000000e+00
5.470137000083923340e-01,5.945568680763244629e-01,1.844248913585033733e-07,6.039494276046752930e-01,5.850677490234375000e-01,-1.419005636125802994e-02,6.549466848373413086e-01,5.246133208274841309e-01,-1.978768035769462585e-02,6.955751180648803711e-01,4.820528030395507812e-01,-2.659181319177150726e-02,7.290120124816894531e-01,4.637190103530883789e-01,-3.395830839872360229e-02,6.546533107757568359e-01,3.864213228225708008e-01,-6.896883714944124222e-03,6.888434886932373047e-01,3.119865655899047852e-01,-2.124974317848682404e-02,7.074071168899536133e-01,2.643281221389770508e-01,-3.509496524930000305e-02,7.198767662048339844e-01,2.236912399530410767e-01,-4.542307183146476746e-02,6.262500882148742676e-01,3.485532402992248535e-01,-1.248278282582759857e-02,6.464568972587585449e-01,2.391648292541503906e-01,-2.338068373501300812e-02,6.569443941116333008e-01,1.760539263486862183e-01,-3.470671176910400391e-02,6.618057489395141602e-01,1.236377209424972534e-01,-4.319961369037628174e-02,5.948535799980163574e-01,3.364099264144897461e-01,-2.091634273529052734e-02,6.057094335556030273e-01,2.318904697895050049e-01,-3.283857181668281555e-02,6.106641888618469238e-01,1.694710254669189453e-01,-4.221332445740699768e-02,6.131414175033569336e-01,1.134406775236129761e-01,-4.888704419136047363e-02,5.602005124092102051e-01,3.474297225475311279e-01,-3.122144751250743866e-02,5.577749609947204590e-01,2.644438743591308594e-01,-4.288563132286071777e-02,5.549759864807128906e-01,2.132709622383117676e-01,-4.682208970189094543e-02,5.517874956130981445e-01,1.659485548734664917e-01,-4.907364025712013245e-02,-1.000000000000000000e+00,-1.000000000000000000e+00,-1.000000000000000000e+00,-1.000000000000000000e+00,-1.000000000000000000e+00,-1.000000000000000000e+00,-1.000000000000000000e+00,-1.000000000000000000e+00,-1.000000000000000000e+00,-1.000000000000000000e+00,-1.000000000000000000e+00,-1.000000000000000000e+00,-1.000000000000000000e+00,-1.000000000000000000e+00,-1.000000000000000000e+00,-1.000000000000000000e+00,-1.000000000000000000e+00,-1.000000000000000000e+00,-1.000000000000000000e+00,-1.000000000000000000e+00,-1.000000000000000000e+00,-1.000000000000000000e+00,-1.000000000000000000e+00,-1.000000000000000000e+00,-1.000000000000000000e+00,-1.000000000000000000e+00,-1.000000000000000000e+00,-1.000000000000000000e+00,-1.000000000000000000e+00,-1.000000000000000000e+00,-1.000000000000000000e+00,-1.000000000000000000e+00,-1.000000000000000000e+00,-1.000000000000000000e+00,-1.000000000000000000e+00,-1.000000000000000000e+00,-1.000000000000000000e+00,-1.000000000000000000e+00,-1.000000000000000000e+00,-1.000000000000000000e+00,-1.000000000000000000e+00,-1.000000000000000000e+00,-1.000000000000000000e+00,-1.000000000000000000e+00,-1.000000000000000000e+00,-1.000000000000000000e+00,-1.000000000000000000e+00,-1.000000000000000000e+00,-1.000000000000000000e+00,-1.000000000000000000e+00,-1.000000000000000000e+00,-1.000000000000000000e+00,-1.000000000000000000e+00,-1.000000000000000000e+00,-1.000000000000000000e+00,-1.000000000000000000e+00,-1.000000000000000000e+00,-1.000000000000000000e+00,-1.000000000000000000e+00,-1.000000000000000000e+00,-1.000000000000000000e+00,-1.000000000000000000e+00,-1.000000000000000000e+00
5.548440217971801758e-01,6.094838976860046387e-01,2.337979196909145685e-07,6.115866899490356445e-01,6.137279272079467773e-01,-1.849558204412460327e-02,6.683746576309204102e-01,5.740028023719787598e-01,-2.673833630979061127e-02,7.138735651969909668e-01,5.401847958564758301e-01,-3.525577485561370850e-02,7.494574785232543945e-01,5.274353027343750000e-01,-4.392293468117713928e-02,6.777542233467102051e-01,4.397993087768554688e-01,-1.198839396238327026e-02,7.166002988815307617e-01,3.742034137248992920e-01,-2.753217332065105438e-02,7.398794889450073242e-01,3.319521844387054443e-01,-4.161564260721206665e-02,7.586407065391540527e-01,2.946453690528869629e-01,-5.204264447093009949e-02,6.536222100257873535e-01,3.939792811870574951e-01,-1.534665841609239578e-02,6.842645406723022461e-01,2.983164191246032715e-01,-2.736212685704231262e-02,7.027785181999206543e-01,2.409164905548095703e-01,-3.893456235527992249e-02,7.166469693183898926e-01,1.905947327613830566e-01,-4.769717529416084290e-02,6.245466470718383789e-01,3.740849494934082031e-01,-2.177151478826999664e-02,6.461607217788696289e-01,2.795750200748443604e-01,-3.485621884465217590e-02,6.578433513641357422e-01,2.231789231300354004e-01,-4.470903426408767700e-02,6.675467491149902344e-01,1.732097119092941284e-01,-5.165122821927070618e-02,5.902231931686401367e-01,3.776076436042785645e-01,-3.040099143981933594e-02,5.922040343284606934e-01,2.995896339416503906e-01,-4.298510402441024780e-02,5.933827757835388184e-01,2.501585483551025391e-01,-4.815433174371719360e-02,5.948037505149841309e-01,2.051241099834442139e-01,-5.121257156133651733e-02,-1.000000000000000000e+00,-1.000000000000000000e+00,-1.000000000000000000e+00,-1.000000000000000000e+00,-1.000000000000000000e+00,-1.000000000000000000e+00,-1.000000000000000000e+00,-1.000000000000000000e+00,-1.000000000000000000e+00,-1.000000000000000000e+00,-1.000000000000000000e+00,-1.000000000000000000e+00,-1.000000000000000000e+00,-1.000000000000000000e+00,-1.000000000000000000e+00,-1.000000000000000000e+00,-1.000000000000000000e+00,-1.000000000000000000e+00,-1.000000000000000000e+00,-1.000000000000000000e+00,-1.000000000000000000e+00,-1.000000000000000000e+00,-1.000000000000000000e+00,-1.000000000000000000e+00,-1.000000000000000000e+00,-1.000000000000000000e+00,-1.000000000000000000e+00,-1.000000000000000000e+00,-1.000000000000000000e+00,-1.000000000000000000e+00,-1.000000000000000000e+00,-1.000000000000000000e+00,-1.000000000000000000e+00,-1.000000000000000000e+00,-1.000000000000000000e+00,-1.000000000000000000e+00,-1.000000000000000000e+00,-1.000000000000000000e+00,-1.000000000000000000e+00,-1.000000000000000000e+00,-1.000000000000000000e+00,-1.000000000000000000e+00,-1.000000000000000000e+00,-1.000000000000000000e+00,-1.000000000000000000e+00,-1.000000000000000000e+00,-1.000000000000000000e+00,-1.000000000000000000e+00,-1.000000000000000000e+00,-1.000000000000000000e+00,-1.000000000000000000e+00,-1.000000000000000000e+00,-1.000000000000000000e+00,-1.000000000000000000e+00,-1.000000000000000000e+00,-1.000000000000000000e+00,-1.000000000000000000e+00,-1.000000000000000000e+00,-1.000000000000000000e+00,-1.000000000000000000e+00,-1.000000000000000000e+00,-1.000000000000000000e+00,-1.000000000000000000e+00
5.652865171432495117e-01,6.114063858985900879e-01,2.701107746361230966e-07,6.197165250778198242e-01,6.309366226196289062e-01,-2.350328303873538971e-02,6.782948374748229980e-01,6.033180356025695801e-01,-3.138904646039009094e-02,7.265904545783996582e-01,5.734157562255859375e-01,-3.800841420888900757e-02,7.645682692527770996e-01,5.608383417129516602e-01,-4.416422173380851746e-02,6.959806680679321289e-01,4.713215827941894531e-01,-1.272558793425559998e-02,7.385512590408325195e-01,4.129359722137451172e-01,-2.516138926148414612e-02,7.624784708023071289e-01,3.729848861694335938e-01,-3.644677624106407166e-02,7.821772694587707520e-01,3.382476568222045898e-01,-4.531749710440635681e-02,6.746365427970886230e-01,4.231044352054595947e-01,-1.242025010287761688e-02,7.081598043441772461e-01,3.328103423118591309e-01,-2.258314564824104309e-02,7.283459901809692383e-01,2.787335515022277832e-01,-3.266007080674171448e-02,7.437770962715148926e-01,2.333077341318130493e-01,-4.027345404028892517e-02,6.466086506843566895e-01,4.000417888164520264e-01,-1.571806520223617554e-02,6.739036440849304199e-01,3.129788339138031006e-01,-2.846626192331314087e-02,6.897010803222656250e-01,2.596869468688964844e-01,-3.909519687294960022e-02,7.037293910980224609e-01,2.136509418487548828e-01,-4.652541130781173706e-02,6.131842136383056641e-01,3.960197269916534424e-01,-2.159804105758666992e-02,6.180823445320129395e-01,3.240837454795837402e-01,-3.637048602104187012e-02,6.208810806274414062e-01,2.767370641231536865e-01,-4.434543102979660034e-02,6.248666644096374512e-01,2.315274477005004883e-01,-4.899216443300247192e-02,-1.000000000000000000e+00,-1.000000000000000000e+00,-1.000000000000000000e+00,-1.000000000000000000e+00,-1.000000000000000000e+00,-1.000000000000000000e+00,-1.000000000000000000e+00,-1.000000000000000000e+00,-1.000000000000000000e+00,-1.000000000000000000e+00,-1.000000000000000000e+00,-1.000000000000000000e+00,-1.000000000000000000e+00,-1.000000000000000000e+00,-1.000000000000000000e+00,-1.000000000000000000e+00,-1.000000000000000000e+00,-1.000000000000000000e+00,-1.000000000000000000e+00,-1.000000000000000000e+00,-1.000000000000000000e+00,-1.000000000000000000e+00,-1.000000000000000000e+00,-1.000000000000000000e+00,-1.000000000000000000e+00,-1.000000000000000000e+00,-1.000000000000000000e+00,-1.000000000000000000e+00,-1.000000000000000000e+00,-1.000000000000000000e+00,-1.000000000000000000e+00,-1.000000000000000000e+00,-1.000000000000000000e+00,-1.000000000000000000e+00,-1.000000000000000000e+00,-1.000000000000000000e+00,-1.000000000000000000e+00,-1.000000000000000000e+00,-1.000000000000000000e+00,-1.000000000000000000e+00,-1.000000000000000000e+00,-1.000000000000000000e+00,-1.000000000000000000e+00,-1.000000000000000000e+00,-1.000000000000000000e+00,-1.000000000000000000e+00,-1.000000000000000000e+00,-1.000000000000000000e+00,-1.000000000000000000e+00,-1.000000000000000000e+00,-1.000000000000000000e+00,-1.000000000000000000e+00,-1.000000000000000000e+00,-1.000000000000000000e+00,-1.000000000000000000e+00,-1.000000000000000000e+00,-1.000000000000000000e+00,-1.000000000000000000e+00,-1.000000000000000000e+00,-1.000000000000000000e+00,-1.000000000000000000e+00,-1.000000000000000000e+00,-1.000000000000000000e+00
5.701210498809814453e-01,6.085947751998901367e-01,2.857520655652479036e-07,6.221961975097656250e-01,6.277264952659606934e-01,-2.199955657124519348e-02,6.812137365341186523e-01,6.023372411727905273e-01,-2.963626198470592499e-02,7.292802929878234863e-01,5.741036534309387207e-01,-3.578429296612739563e-02,7.664046287536621094e-01,5.597653985023498535e-01,-4.136413335800170898e-02,6.987153291702270508e-01,4.703715145587921143e-01,-1.273440290242433548e-02,7.412428855895996094e-01,4.149808883666992188e-01,-2.453418821096420288e-02,7.663636207580566406e-01,3.774163126945495605e-01,-3.545000031590461731e-02,7.866299152374267578e-01,3.438521027565002441e-01,-4.394315183162689209e-02,6.784606575965881348e-01,4.243456721305847168e-01,-1.270904764533042908e-02,7.167735695838928223e-01,3.425337970256805420e-01,-2.182587981224060059e-02,7.387043237686157227e-01,2.897551655769348145e-01,-3.117043524980545044e-02,7.555942535400390625e-01,2.440398186445236206e-01,-3.841209039092063904e-02,6.514251828193664551e-01,4.004285037517547607e-01,-1.600273512303829193e-02,6.850658059120178223e-01,3.204686045646667480e-01,-2.676206268370151520e-02,7.045666575431823730e-01,2.710314989089965820e-01,-3.608012944459915161e-02,7.209025621414184570e-01,2.282548546791076660e-01,-4.306679591536521912e-02,6.182901859283447266e-01,3.939772248268127441e-01,-2.170636691153049469e-02,6.255731582641601562e-01,3.241667747497558594e-01,-3.402257710695266724e-02,6.316493153572082520e-01,2.761684656143188477e-01,-4.069464281201362610e-02,6.390696763992309570e-01,2.313593029975891113e-01,-4.481035843491554260e-02,-1.000000000000000000e+00,-1.000000000000000000e+00,-1.000000000000000000e+00,-1.000000000000000000e+00,-1.000000000000000000e+00,-1.000000000000000000e+00,-1.000000000000000000e+00,-1.000000000000000000e+00,-1.000000000000000000e+00,-1.000000000000000000e+00,-1.000000000000000000e+00,-1.000000000000000000e+00,-1.000000000000000000e+00,-1.000000000000000000e+00,-1.000000000000000000e+00,-1.000000000000000000e+00,-1.000000000000000000e+00,-1.000000000000000000e+00,-1.000000000000000000e+00,-1.000000000000000000e+00,-1.000000000000000000e+00,-1.000000000000000000e+00,-1.000000000000000000e+00,-1.000000000000000000e+00,-1.000000000000000000e+00,-1.000000000000000000e+00,-1.000000000000000000e+00,-1.000000000000000000e+00,-1.000000000000000000e+00,-1.000000000000000000e+00,-1.000000000000000000e+00,-1.000000000000000000e+00,-1.000000000000000000e+00,-1.000000000000000000e+00,-1.000000000000000000e+00,-1.000000000000000000e+00,-1.000000000000000000e+00,-1.000000000000000000e+00,-1.000000000000000000e+00,-1.000000000000000000e+00,-1.000000000000000000e+00,-1.000000000000000000e+00,-1.000000000000000000e+00,-1.000000000000000000e+00,-1.000000000000000000e+00,-1.000000000000000000e+00,-1.000000000000000000e+00,-1.000000000000000000e+00,-1.000000000000000000e+00,-1.000000000000000000e+00,-1.000000000000000000e+00,-1.000000000000000000e+00,-1.000000000000000000e+00,-1.000000000000000000e+00,-1.000000000000000000e+00,-1.000000000000000000e+00,-1.000000000000000000e+00,-1.000000000000000000e+00,-1.000000000000000000e+00,-1.000000000000000000e+00,-1.000000000000000000e+00,-1.000000000000000000e+00,-1.000000000000000000e+00
5.653545260429382324e-01,5.877252221107482910e-01,2.937663055035955040e-07,6.212990283966064453e-01,6.013190746307373047e-01,-2.088584005832672119e-02,6.801961660385131836e-01,5.715531110763549805e-01,-2.843263745307922363e-02,7.251380085945129395e-01,5.402243137359619141e-01,-3.519512712955474854e-02,7.614679336547851562e-01,5.245839357376098633e-01,-4.142206534743309021e-02,6.917793750762939453e-01,4.434787631034851074e-01,-1.205326709896326065e-02,7.337677478790283203e-01,3.830001354217529297e-01,-2.479820139706134796e-02,7.585262060165405273e-01,3.451668322086334229e-01,-3.627660125494003296e-02,7.794252038002014160e-01,3.114225864410400391e-01,-4.512747749686241150e-02,6.709514260292053223e-01,3.994095325469970703e-01,-1.309753675013780594e-02,7.059196829795837402e-01,3.151746392250061035e-01,-2.303181774914264679e-02,7.266907095909118652e-01,2.636837363243103027e-01,-3.297311067581176758e-02,7.436005473136901855e-01,2.194656729698181152e-01,-4.070705547928810120e-02,6.439664363861083984e-01,3.774628639221191406e-01,-1.745693944394588470e-02,6.737682223320007324e-01,2.950100302696228027e-01,-2.855674549937248230e-02,6.910683512687683105e-01,2.443547844886779785e-01,-3.733860701322555542e-02,7.067381739616394043e-01,1.998832225799560547e-01,-4.393296316266059875e-02,6.110453605651855469e-01,3.744513988494873047e-01,-2.426469512283802032e-02,6.187979578971862793e-01,3.036280870437622070e-01,-3.643221035599708557e-02,6.238574385643005371e-01,2.560791373252868652e-01,-4.248972982168197632e-02,6.292266845703125000e-01,2.118265926837921143e-01,-4.609055817127227783e-02,-1.000000000000000000e+00,-1.000000000000000000e+00,-1.000000000000000000e+00,-1.000000000000000000e+00,-1.000000000000000000e+00,-1.000000000000000000e+00,-1.000000000000000000e+00,-1.000000000000000000e+00,-1.000000000000000000e+00,-1.000000000000000000e+00,-1.000000000000000000e+00,-1.000000000000000000e+00,-1.000000000000000000e+00,-1.000000000000000000e+00,-1.000000000000000000e+00,-1.000000000000000000e+00,-1.000000000000000000e+00,-1.000000000000000000e+00,-1.000000000000000000e+00,-1.000000000000000000e+00,-1.000000000000000000e+00,-1.000000000000000000e+00,-1.000000000000000000e+00,-1.000000000000000000e+00,-1.000000000000000000e+00,-1.000000000000000000e+00,-1.000000000000000000e+00,-1.000000000000000000e+00,-1.000000000000000000e+00,-1.000000000000000000e+00,-1.000000000000000000e+00,-1.000000000000000000e+00,-1.000000000000000000e+00,-1.000000000000000000e+00,-1.000000000000000000e+00,-1.000000000000000000e+00,-1.000000000000000000e+00,-1.000000000000000000e+00,-1.000000000000000000e+00,-1.000000000000000000e+00,-1.000000000000000000e+00,-1.000000000000000000e+00,-1.000000000000000000e+00,-1.000000000000000000e+00,-1.000000000000000000e+00,-1.000000000000000000e+00,-1.000000000000000000e+00,-1.000000000000000000e+00,-1.000000000000000000e+00,-1.000000000000000000e+00,-1.000000000000000000e+00,-1.000000000000000000e+00,-1.000000000000000000e+00,-1.000000000000000000e+00,-1.000000000000000000e+00,-1.000000000000000000e+00,-1.000000000000000000e+00,-1.000000000000000000e+00,-1.000000000000000000e+00,-1.000000000000000000e+00,-1.000000000000000000e+00,-1.000000000000000000e+00,-1.000000000000000000e+00
5.604410767555236816e-01,5.612585544586181641e-01,2.826472780270705698e-07,6.131681203842163086e-01,5.629103779792785645e-01,-1.795627735555171967e-02,6.687611937522888184e-01,5.198712944984436035e-01,-2.400859445333480835e-02,7.124077677726745605e-01,4.881382584571838379e-01,-2.960880100727081299e-02,7.466968894004821777e-01,4.701281785964965820e-01,-3.513337671756744385e-02,6.739997863769531250e-01,3.991721868515014648e-01,-1.263886969536542892e-02,7.142069339752197266e-01,3.318537771701812744e-01,-2.604060061275959015e-02,7.372944951057434082e-01,2.895557284355163574e-01,-3.740566596388816833e-02,7.557120919227600098e-01,2.519244849681854248e-01,-4.598939791321754456e-02,6.512999534606933594e-01,3.581391870975494385e-01,-1.533774938434362411e-02,6.840890049934387207e-01,2.668906450271606445e-01,-2.601037919521331787e-02,7.042401432991027832e-01,2.130539715290069580e-01,-3.529547527432441711e-02,7.194645404815673828e-01,1.673083901405334473e-01,-4.234347864985466003e-02,6.236782670021057129e-01,3.387721776962280273e-01,-2.108026482164859772e-02,6.516270637512207031e-01,2.472237944602966309e-01,-3.311461210250854492e-02,6.681777834892272949e-01,1.944557428359985352e-01,-4.143147170543670654e-02,6.818539500236511230e-01,1.492655873298645020e-01,-4.743523523211479187e-02,5.919028520584106445e-01,3.404191434383392334e-01,-2.896496467292308807e-02,5.978251099586486816e-01,2.674017250537872314e-01,-4.216079041361808777e-02,6.005560755729675293e-01,2.193666994571685791e-01,-4.822142422199249268e-02,6.034610271453857422e-01,1.747013926506042480e-01,-5.166271701455116272e-02,-1.000000000000000000e+00,-1.000000000000000000e+00,-1.000000000000000000e+00,-1.000000000000000000e+00,-1.000000000000000000e+00,-1.000000000000000000e+00,-1.000000000000000000e+00,-1.000000000000000000e+00,-1.000000000000000000e+00,-1.000000000000000000e+00,-1.000000000000000000e+00,-1.000000000000000000e+00,-1.000000000000000000e+00,-1.000000000000000000e+00,-1.000000000000000000e+00,-1.000000000000000000e+00,-1.000000000000000000e+00,-1.000000000000000000e+00,-1.000000000000000000e+00,-1.000000000000000000e+00,-1.000000000000000000e+00,-1.000000000000000000e+00,-1.000000000000000000e+00,-1.000000000000000000e+00,-1.000000000000000000e+00,-1.000000000000000000e+00,-1.000000000000000000e+00,-1.000000000000000000e+00,-1.000000000000000000e+00,-1.000000000000000000e+00,-1.000000000000000000e+00,-1.000000000000000000e+00,-1.000000000000000000e+00,-1.000000000000000000e+00,-1.000000000000000000e+00,-1.000000000000000000e+00,-1.000000000000000000e+00,-1.000000000000000000e+00,-1.000000000000000000e+00,-1.000000000000000000e+00,-1.000000000000000000e+00,-1.000000000000000000e+00,-1.000000000000000000e+00,-1.000000000000000000e+00,-1.000000000000000000e+00,-1.000000000000000000e+00,-1.000000000000000000e+00,-1.000000000000000000e+00,-1.000000000000000000e+00,-1.000000000000000000e+00,-1.000000000000000000e+00,-1.000000000000000000e+00,-1.000000000000000000e+00,-1.000000000000000000e+00,-1.000000000000000000e+00,-1.000000000000000000e+00,-1.000000000000000000e+00,-1.000000000000000000e+00,-1.000000000000000000e+00,-1.000000000000000000e+00,-1.000000000000000000e+00,-1.000000000000000000e+00,-1.000000000000000000e+00
5.494498610496520996e-01,5.271081328392028809e-01,3.311733394184557255e-07,6.045551300048828125e-01,5.115894079208374023e-01,-1.735187135636806488e-02,6.573789119720458984e-01,4.624463021755218506e-01,-2.480662055313587189e-02,6.968667507171630859e-01,4.223522841930389404e-01,-3.212638571858406067e-02,7.273629307746887207e-01,4.018705487251281738e-01,-3.978754580020904541e-02,6.520244479179382324e-01,3.412729501724243164e-01,-1.524628233164548874e-02,6.882039904594421387e-01,2.658759355545043945e-01,-3.031571209430694580e-02,7.077413797378540039e-01,2.192680984735488892e-01,-4.298695176839828491e-02,7.222222685813903809e-01,1.779097020626068115e-01,-5.225327983498573303e-02,6.257534027099609375e-01,3.086175620555877686e-01,-1.912046410143375397e-02,6.518003940582275391e-01,2.098797857761383057e-01,-3.196791931986808777e-02,6.661785244941711426e-01,1.493956148624420166e-01,-4.388180375099182129e-02,6.756246685981750488e-01,9.843438863754272461e-02,-5.281125009059906006e-02,5.955998897552490234e-01,2.957930564880371094e-01,-2.559713646769523621e-02,6.144809126853942871e-01,1.989331692457199097e-01,-3.885415568947792053e-02,6.260871887207031250e-01,1.397759318351745605e-01,-4.899909719824790955e-02,6.352593302726745605e-01,8.930259943008422852e-02,-5.635792016983032227e-02,5.618714690208435059e-01,3.017301559448242188e-01,-3.394599631428718567e-02,5.628020167350769043e-01,2.271546721458435059e-01,-4.721286520361900330e-02,5.636876821517944336e-01,1.781873106956481934e-01,-5.352596938610076904e-02,5.654065012931823730e-01,1.332290172576904297e-01,-5.734920129179954529e-02,-1.000000000000000000e+00,-1.000000000000000000e+00,-1.000000000000000000e+00,-1.000000000000000000e+00,-1.000000000000000000e+00,-1.000000000000000000e+00,-1.000000000000000000e+00,-1.000000000000000000e+00,-1.000000000000000000e+00,-1.000000000000000000e+00,-1.000000000000000000e+00,-1.000000000000000000e+00,-1.000000000000000000e+00,-1.000000000000000000e+00,-1.000000000000000000e+00,-1.000000000000000000e+00,-1.000000000000000000e+00,-1.000000000000000000e+00,-1.000000000000000000e+00,-1.000000000000000000e+00,-1.000000000000000000e+00,-1.000000000000000000e+00,-1.000000000000000000e+00,-1.000000000000000000e+00,-1.000000000000000000e+00,-1.000000000000000000e+00,-1.000000000000000000e+00,-1.000000000000000000e+00,-1.000000000000000000e+00,-1.000000000000000000e+00,-1.000000000000000000e+00,-1.000000000000000000e+00,-1.000000000000000000e+00,-1.000000000000000000e+00,-1.000000000000000000e+00,-1.000000000000000000e+00,-1.000000000000000000e+00,-1.000000000000000000e+00,-1.000000000000000000e+00,-1.000000000000000000e+00,-1.000000000000000000e+00,-1.000000000000000000e+00,-1.000000000000000000e+00,-1.000000000000000000e+00,-1.000000000000000000e+00,-1.000000000000000000e+00,-1.000000000000000000e+00,-1.000000000000000000e+00,-1.000000000000000000e+00,-1.000000000000000000e+00,-1.000000000000000000e+00,-1.000000000000000000e+00,-1.000000000000000000e+00,-1.000000000000000000e+00,-1.000000000000000000e+00,-1.000000000000000000e+00,-1.000000000000000000e+00,-1.000000000000000000e+00,-1.000000000000000000e+00,-1.000000000000000000e+00,-1.000000000000000000e+00,-1.000000000000000000e+00,-1.000000000000000000e+00
5.340974926948547363e-01,4.843942523002624512e-01,3.818572622549254447e-07,5.884071588516235352e-01,4.571819603443145752e-01,-1.983900740742683411e-02,6.370593905448913574e-01,4.001292884349822998e-01,-2.904772013425827026e-02,6.709149479866027832e-01,3.525480031967163086e-01,-3.791181370615959167e-02,7.006201744079589844e-01,3.259280025959014893e-01,-4.689017683267593384e-02,6.221294999122619629e-01,2.790151536464691162e-01,-1.450242288410663605e-02,6.519407033920288086e-01,2.006541788578033447e-01,-2.983922511339187622e-02,6.694092750549316406e-01,1.579562574625015259e-01,-4.358428344130516052e-02,6.833533644676208496e-01,1.219049543142318726e-01,-5.359713360667228699e-02,5.932494401931762695e-01,2.496377527713775635e-01,-1.726032048463821411e-02,6.108438968658447266e-01,1.480681002140045166e-01,-2.973151393234729767e-02,6.204205155372619629e-01,8.960148692131042480e-02,-4.277947172522544861e-02,6.272287964820861816e-01,4.160124063491821289e-02,-5.267891660332679749e-02,5.621825456619262695e-01,2.408049106597900391e-01,-2.302682213485240936e-02,5.730025768280029297e-01,1.411250233650207520e-01,-3.611023724079132080e-02,5.786598920822143555e-01,8.174061775207519531e-02,-4.695636779069900513e-02,5.838074684143066406e-01,3.261092305183410645e-02,-5.491613596677780151e-02,5.285106897354125977e-01,2.523877322673797607e-01,-3.089516796171665192e-02,5.224743485450744629e-01,1.799235641956329346e-01,-4.376601427793502808e-02,5.178934335708618164e-01,1.337141841650009155e-01,-5.000307783484458923e-02,5.152966380119323730e-01,9.156584739685058594e-02,-5.382756888866424561e-02,-1.000000000000000000e+00,-1.000000000000000000e+00,-1.000000000000000000e+00,-1.000000000000000000e+00,-1.000000000000000000e+00,-1.000000000000000000e+00,-1.000000000000000000e+00,-1.000000000000000000e+00,-1.000000000000000000e+00,-1.000000000000000000e+00,-1.000000000000000000e+00,-1.000000000000000000e+00,-1.000000000000000000e+00,-1.000000000000000000e+00,-1.000000000000000000e+00,-1.000000000000000000e+00,-1.000000000000000000e+00,-1.000000000000000000e+00,-1.000000000000000000e+00,-1.000000000000000000e+00,-1.000000000000000000e+00,-1.000000000000000000e+00,-1.000000000000000000e+00,-1.000000000000000000e+00,-1.000000000000000000e+00,-1.000000000000000000e+00,-1.000000000000000000e+00,-1.000000000000000000e+00,-1.000000000000000000e+00,-1.000000000000000000e+00,-1.000000000000000000e+00,-1.000000000000000000e+00,-1.000000000000000000e+00,-1.000000000000000000e+00,-1.000000000000000000e+00,-1.000000000000000000e+00,-1.000000000000000000e+00,-1.000000000000000000e+00,-1.000000000000000000e+00,-1.000000000000000000e+00,-1.000000000000000000e+00,-1.000000000000000000e+00,-1.000000000000000000e+00,-1.000000000000000000e+00,-1.000000000000000000e+00,-1.000000000000000000e+00,-1.000000000000000000e+00,-1.000000000000000000e+00,-1.000000000000000000e+00,-1.000000000000000000e+00,-1.000000000000000000e+00,-1.000000000000000000e+00,-1.000000000000000000e+00,-1.000000000000000000e+00,-1.000000000000000000e+00,-1.000000000000000000e+00,-1.000000000000000000e+00,-1.000000000000000000e+00,-1.000000000000000000e+00,-1.000000000000000000e+00,-1.000000000000000000e+00,-1.000000000000000000e+00,-1.000000000000000000e+00
5.198965072631835938e-01,4.513121247291564941e-01,4.834166702494258061e-07,5.683467388153076172e-01,4.130690097808837891e-01,-2.548190951347351074e-02,6.108539700508117676e-01,3.398602604866027832e-01,-3.749006986618041992e-02,6.396783590316772461e-01,2.787725925445556641e-01,-4.800000414252281189e-02,6.658201813697814941e-01,2.419856339693069458e-01,-5.868687108159065247e-02,5.894749760627746582e-01,2.257726490497589111e-01,-2.419562637805938721e-02,6.115950345993041992e-01,1.388912051916122437e-01,-4.627099633216857910e-02,6.269667148590087891e-01,9.373778104782104492e-02,-6.406898051500320435e-02,6.408926844596862793e-01,6.039975583553314209e-02,-7.608747482299804688e-02,5.599693655967712402e-01,2.036101967096328735e-01,-2.693929150700569153e-02,5.775874853134155273e-01,9.425054490566253662e-02,-4.470086842775344849e-02,5.906704664230346680e-01,2.943435311317443848e-02,-6.049800664186477661e-02,6.034688949584960938e-01,-2.098271250724792480e-02,-7.172875106334686279e-02,5.273746252059936523e-01,2.056028544902801514e-01,-3.330772742629051208e-02,5.346180200576782227e-01,9.596171975135803223e-02,-5.292663350701332092e-02,5.399689674377441406e-01,2.918833494186401367e-02,-6.806060671806335449e-02,5.482214689254760742e-01,-2.485981583595275879e-02,-7.832258194684982300e-02,4.916683435440063477e-01,2.299000471830368042e-01,-4.192761331796646118e-02,4.780803322792053223e-01,1.590988188982009888e-01,-6.120151281356811523e-02,4.678030312061309814e-01,1.124835312366485596e-01,-7.110358029603958130e-02,4.617118835449218750e-01,6.891337037086486816e-02,-7.720100879669189453e-02,-1.000000000000000000e+00,-1.000000000000000000e+00,-1.000000000000000000e+00,-1.000000000000000000e+00,-1.000000000000000000e+00,-1.000000000000000000e+00,-1.000000000000000000e+00,-1.000000000000000000e+00,-1.000000000000000000e+00,-1.000000000000000000e+00,-1.000000000000000000e+00,-1.000000000000000000e+00,-1.000000000000000000e+00,-1.000000000000000000e+00,-1.000000000000000000e+00,-1.000000000000000000e+00,-1.000000000000000000e+00,-1.000000000000000000e+00,-1.000000000000000000e+00,-1.000000000000000000e+00,-1.000000000000000000e+00,-1.000000000000000000e+00,-1.000000000000000000e+00,-1.000000000000000000e+00,-1.000000000000000000e+00,-1.000000000000000000e+00,-1.000000000000000000e+00,-1.000000000000000000e+00,-1.000000000000000000e+00,-1.000000000000000000e+00,-1.000000000000000000e+00,-1.000000000000000000e+00,-1.000000000000000000e+00,-1.000000000000000000e+00,-1.000000000000000000e+00,-1.000000000000000000e+00,-1.000000000000000000e+00,-1.000000000000000000e+00,-1.000000000000000000e+00,-1.000000000000000000e+00,-1.000000000000000000e+00,-1.000000000000000000e+00,-1.000000000000000000e+00,-1.000000000000000000e+00,-1.000000000000000000e+00,-1.000000000000000000e+00,-1.000000000000000000e+00,-1.000000000000000000e+00,-1.000000000000000000e+00,-1.000000000000000000e+00,-1.000000000000000000e+00,-1.000000000000000000e+00,-1.000000000000000000e+00,-1.000000000000000000e+00,-1.000000000000000000e+00,-1.000000000000000000e+00,-1.000000000000000000e+00,-1.000000000000000000e+00,-1.000000000000000000e+00,-1.000000000000000000e+00,-1.000000000000000000e+00,-1.000000000000000000e+00,-1.000000000000000000e+00
5.023517012596130371e-01,4.261083602905273438e-01,4.506082404986955225e-07,5.498370528221130371e-01,3.660777211189270020e-01,-2.133759483695030212e-02,5.850802063941955566e-01,2.755556106567382812e-01,-3.149983286857604980e-02,6.063233613967895508e-01,2.085338681936264038e-01,-4.136587306857109070e-02,6.221067309379577637e-01,1.712110638618469238e-01,-5.248375236988067627e-02,5.471370816230773926e-01,1.733109951019287109e-01,-2.464620769023895264e-02,5.606736540794372559e-01,7.863284647464752197e-02,-4.644348844885826111e-02,5.700574517250061035e-01,2.041323482990264893e-02,-6.420952826738357544e-02,5.785786509513854980e-01,-3.019815683364868164e-02,-7.704940438270568848e-02,5.133172273635864258e-01,1.637256443500518799e-01,-2.961162291467189789e-02,5.156740546226501465e-01,4.956813156604766846e-02,-4.904286190867424011e-02,5.173084139823913574e-01,-2.026993036270141602e-02,-6.611688435077667236e-02,5.196467638015747070e-01,-7.990056276321411133e-02,-7.837586104869842529e-02,4.815316796302795410e-01,1.786359548568725586e-01,-3.714691847562789917e-02,4.709975421428680420e-01,6.707239151000976562e-02,-5.703002959489822388e-02,4.645683765411376953e-01,-3.401935100555419922e-04,-7.134747505187988281e-02,4.614669978618621826e-01,-5.868369340896606445e-02,-8.119649440050125122e-02,4.510285258293151855e-01,2.143227458000183105e-01,-4.669507220387458801e-02,4.305793642997741699e-01,1.449779570102691650e-01,-6.507845222949981689e-02,4.157370924949645996e-01,1.025199741125106812e-01,-7.398332655429840088e-02,4.046742916107177734e-01,6.097616255283355713e-02,-7.962147146463394165e-02,-1.000000000000000000e+00,-1.000000000000000000e+00,-1.000000000000000000e+00,-1.000000000000000000e+00,-1.000000000000000000e+00,-1.000000000000000000e+00,-1.000000000000000000e+00,-1.000000000000000000e+00,-1.000000000000000000e+00,-1.000000000000000000e+00,-1.000000000000000000e+00,-1.000000000000000000e+00,-1.000000000000000000e+00,-1.000000000000000000e+00,-1.000000000000000000e+00,-1.000000000000000000e+00,-1.000000000000000000e+00,-1.000000000000000000e+00,-1.000000000000000000e+00,-1.000000000000000000e+00,-1.000000000000000000e+00,-1.000000000000000000e+00,-1.000000000000000000e+00,-1.000000000000000000e+00,-1.000000000000000000e+00,-1.000000000000000000e+00,-1.000000000000000000e+00,-1.000000000000000000e+00,-1.000000000000000000e+00,-1.000000000000000000e+00,-1.000000000000000000e+00,-1.000000000000000000e+00,-1.000000000000000000e+00,-1.000000000000000000e+00,-1.000000000000000000e+00,-1.000000000000000000e+00,-1.000000000000000000e+00,-1.000000000000000000e+00,-1.000000000000000000e+00,-1.000000000000000000e+00,-1.000000000000000000e+00,-1.000000000000000000e+00,-1.000000000000000000e+00,-1.000000000000000000e+00,-1.000000000000000000e+00,-1.000000000000000000e+00,-1.000000000000000000e+00,-1.000000000000000000e+00,-1.000000000000000000e+00,-1.000000000000000000e+00,-1.000000000000000000e+00,-1.000000000000000000e+00,-1.000000000000000000e+00,-1.000000000000000000e+00,-1.000000000000000000e+00,-1.000000000000000000e+00,-1.000000000000000000e+00,-1.000000000000000000e+00,-1.000000000000000000e+00,-1.000000000000000000e+00,-1.000000000000000000e+00,-1.000000000000000000e+00,-1.000000000000000000e+00
4.857140779495239258e-01,4.125045835971832275e-01,4.338514543178462191e-07,5.272188782691955566e-01,3.411357700824737549e-01,-2.400877326726913452e-02,5.499476194381713867e-01,2.356032729148864746e-01,-3.469255194067955017e-02,5.622777342796325684e-01,1.592017114162445068e-01,-4.469474032521247864e-02,5.736297965049743652e-01,1.185872703790664673e-01,-5.607360228896141052e-02,5.020282864570617676e-01,1.418474763631820679e-01,-2.693888172507286072e-02,5.064873695373535156e-01,4.031661152839660645e-02,-4.924926161766052246e-02,5.093964934349060059e-01,-2.259147167205810547e-02,-6.756151467561721802e-02,5.111913681030273438e-01,-7.642963528633117676e-02,-8.111049234867095947e-02,4.657288193702697754e-01,1.438487917184829712e-01,-3.089493326842784882e-02,4.478582739830017090e-01,3.084261715412139893e-02,-5.156271159648895264e-02,4.353238046169281006e-01,-3.592003881931304932e-02,-6.950896978378295898e-02,4.248771071434020996e-01,-9.186372160911560059e-02,-8.265428245067596436e-02,4.351786971092224121e-01,1.706760674715042114e-01,-3.768528997898101807e-02,4.083948135375976562e-01,6.622771918773651123e-02,-5.877480655908584595e-02,3.904585242271423340e-01,4.452213644981384277e-03,-7.358410954475402832e-02,3.762347400188446045e-01,-4.910457134246826172e-02,-8.391034603118896484e-02,4.092878699302673340e-01,2.180015295743942261e-01,-4.671084880828857422e-02,3.816215097904205322e-01,1.537713110446929932e-01,-6.621024012565612793e-02,3.621712923049926758e-01,1.147773042321205139e-01,-7.585354894399642944e-02,3.459486365318298340e-01,7.592532038688659668e-02,-8.216973394155502319e-02,-1.000000000000000000e+00,-1.000000000000000000e+00,-1.000000000000000000e+00,-1.000000000000000000e+00,-1.000000000000000000e+00,-1.000000000000000000e+00,-1.000000000000000000e+00,-1.000000000000000000e+00,-1.000000000000000000e+00,-1.000000000000000000e+00,-1.000000000000000000e+00,-1.000000000000000000e+00,-1.000000000000000000e+00,-1.000000000000000000e+00,-1.000000000000000000e+00,-1.000000000000000000e+00,-1.000000000000000000e+00,-1.000000000000000000e+00,-1.000000000000000000e+00,-1.000000000000000000e+00,-1.000000000000000000e+00,-1.000000000000000000e+00,-1.000000000000000000e+00,-1.000000000000000000e+00,-1.000000000000000000e+00,-1.000000000000000000e+00,-1.000000000000000000e+00,-1.000000000000000000e+00,-1.000000000000000000e+00,-1.000000000000000000e+00,-1.000000000000000000e+00,-1.000000000000000000e+00,-1.000000000000000000e+00,-1.000000000000000000e+00,-1.000000000000000000e+00,-1.000000000000000000e+00,-1.000000000000000000e+00,-1.000000000000000000e+00,-1.000000000000000000e+00,-1.000000000000000000e+00,-1.000000000000000000e+00,-1.000000000000000000e+00,-1.000000000000000000e+00,-1.000000000000000000e+00,-1.000000000000000000e+00,-1.000000000000000000e+00,-1.000000000000000000e+00,-1.000000000000000000e+00,-1.000000000000000000e+00,-1.000000000000000000e+00,-1.000000000000000000e+00,-1.000000000000000000e+00,-1.000000000000000000e+00,-1.000000000000000000e+00,-1.000000000000000000e+00,-1.000000000000000000e+00,-1.000000000000000000e+00,-1.000000000000000000e+00,-1.000000000000000000e+00,-1.000000000000000000e+00,-1.000000000000000000e+00,-1.000000000000000000e+00,-1.000000000000000000e+00
4.655818939208984375e-01,4.024323225021362305e-01,3.690463756811368512e-07,4.973191916942596436e-01,3.196848034858703613e-01,-2.367795072495937347e-02,5.089308619499206543e-01,2.083445787429809570e-01,-3.535982593894004822e-02,5.150038599967956543e-01,1.303723603487014771e-01,-4.609521850943565369e-02,5.224538445472717285e-01,8.865844458341598511e-02,-5.825871601700782776e-02,4.552746713161468506e-01,1.301071345806121826e-01,-3.174640610814094543e-02,4.439506232738494873e-01,3.232671320438385010e-02,-5.512097850441932678e-02,4.364538192749023438e-01,-2.857092022895812988e-02,-7.400495558977127075e-02,4.283234775066375732e-01,-8.004386723041534424e-02,-8.798142522573471069e-02,4.189837574958801270e-01,1.446293890476226807e-01,-3.658857196569442749e-02,3.811151683330535889e-01,3.616105020046234131e-02,-5.819793418049812317e-02,3.574075400829315186e-01,-2.513062953948974609e-02,-7.612375169992446899e-02,3.368433117866516113e-01,-7.557414472103118896e-02,-8.929641544818878174e-02,3.922505378723144531e-01,1.818171292543411255e-01,-4.381341487169265747e-02,3.490864932537078857e-01,8.786517381668090820e-02,-6.534697860479354858e-02,3.221815824508666992e-01,3.104279935359954834e-02,-8.022712171077728271e-02,2.993401885032653809e-01,-1.907573640346527100e-02,-9.075821191072463989e-02,3.729479312896728516e-01,2.375264167785644531e-01,-5.311056971549987793e-02,3.355942964553833008e-01,1.838010400533676147e-01,-7.242525368928909302e-02,3.106184601783752441e-01,1.521379649639129639e-01,-8.159892261028289795e-02,2.882646620273590088e-01,1.194579899311065674e-01,-8.781998604536056519e-02,-1.000000000000000000e+00,-1.000000000000000000e+00,-1.000000000000000000e+00,-1.000000000000000000e+00,-1.000000000000000000e+00,-1.000000000000000000e+00,-1.000000000000000000e+00,-1.000000000000000000e+00,-1.000000000000000000e+00,-1.000000000000000000e+00,-1.000000000000000000e+00,-1.000000000000000000e+00,-1.000000000000000000e+00,-1.000000000000000000e+00,-1.000000000000000000e+00,-1.000000000000000000e+00,-1.000000000000000000e+00,-1.000000000000000000e+00,-1.000000000000000000e+00,-1.000000000000000000e+00,-1.000000000000000000e+00,-1.000000000000000000e+00,-1.000000000000000000e+00,-1.000000000000000000e+00,-1.000000000000000000e+00,-1.000000000000000000e+00,-1.000000000000000000e+00,-1.000000000000000000e+00,-1.000000000000000000e+00,-1.000000000000000000e+00,-1.000000000000000000e+00,-1.000000000000000000e+00,-1.000000000000000000e+00,-1.000000000000000000e+00,-1.000000000000000000e+00,-1.000000000000000000e+00,-1.000000000000000000e+00,-1.000000000000000000e+00,-1.000000000000000000e+00,-1.000000000000000000e+00,-1.000000000000000000e+00,-1.000000000000000000e+00,-1.000000000000000000e+00,-1.000000000000000000e+00,-1.000000000000000000e+00,-1.000000000000000000e+00,-1.000000000000000000e+00,-1.000000000000000000e+00,-1.000000000000000000e+00,-1.000000000000000000e+00,-1.000000000000000000e+00,-1.000000000000000000e+00,-1.000000000000000000e+00,-1.000000000000000000e+00,-1.000000000000000000e+00,-1.000000000000000000e+00,-1.000000000000000000e+00,-1.000000000000000000e+00,-1.000000000000000000e+00,-1.000000000000000000e+00,-1.000000000000000000e+00,-1.000000000000000000e+00,-1.000000000000000000e+00
4.411722719669342041e-01,4.082511067390441895e-01,2.713963453970791306e-07,4.660022854804992676e-01,3.158549070358276367e-01,-2.090376988053321838e-02,4.672063589096069336e-01,2.031153887510299683e-01,-3.304097801446914673e-02,4.663492739200592041e-01,1.247765719890594482e-01,-4.503687471151351929e-02,4.758160114288330078e-01,7.743529230356216431e-02,-5.857105925679206848e-02,4.102427363395690918e-01,1.345264464616775513e-01,-2.868505753576755524e-02,3.834842741489410400e-01,4.613196849822998047e-02,-5.185346677899360657e-02,3.661596775054931641e-01,-4.090696573257446289e-03,-7.023908197879791260e-02,3.491236269474029541e-01,-4.206632077693939209e-02,-8.381053060293197632e-02,3.786285221576690674e-01,1.603004932403564453e-01,-3.563937544822692871e-02,3.398146033287048340e-01,6.577949970960617065e-02,-5.842667818069458008e-02,3.105701804161071777e-01,1.473809778690338135e-02,-7.710145413875579834e-02,2.821232080459594727e-01,-2.232439815998077393e-02,-9.073452651500701904e-02,3.545430302619934082e-01,2.069651335477828979e-01,-4.513675719499588013e-02,3.087040781974792480e-01,1.250658780336380005e-01,-6.816311925649642944e-02,2.761920690536499023e-01,7.900131493806838989e-02,-8.402541279792785645e-02,2.470224797725677490e-01,4.170458018779754639e-02,-9.505073726177215576e-02,3.357996344566345215e-01,2.712679803371429443e-01,-5.631498247385025024e-02,2.920017242431640625e-01,2.275117933750152588e-01,-7.755544036626815796e-02,2.620761394500732422e-01,2.036805897951126099e-01,-8.811769634485244751e-02,2.347578108310699463e-01,1.793977171182632446e-01,-9.527221322059631348e-02,-1.000000000000000000e+00,-1.000000000000000000e+00,-1.000000000000000000e+00,-1.000000000000000000e+00,-1.000000000000000000e+00,-1.000000000000000000e+00,-1.000000000000000000e+00,-1.000000000000000000e+00,-1.000000000000000000e+00,-1.000000000000000000e+00,-1.000000000000000000e+00,-1.000000000000000000e+00,-1.000000000000000000e+00,-1.000000000000000000e+00,-1.000000000000000000e+00,-1.000000000000000000e+00,-1.000000000000000000e+00,-1.000000000000000000e+00,-1.000000000000000000e+00,-1.000000000000000000e+00,-1.000000000000000000e+00,-1.000000000000000000e+00,-1.000000000000000000e+00,-1.000000000000000000e+00,-1.000000000000000000e+00,-1.000000000000000000e+00,-1.000000000000000000e+00,-1.000000000000000000e+00,-1.000000000000000000e+00,-1.000000000000000000e+00,-1.000000000000000000e+00,-1.000000000000000000e+00,-1.000000000000000000e+00,-1.000000000000000000e+00,-1.000000000000000000e+00,-1.000000000000000000e+00,-1.000000000000000000e+00,-1.000000000000000000e+00,-1.000000000000000000e+00,-1.000000000000000000e+00,-1.000000000000000000e+00,-1.000000000000000000e+00,-1.000000000000000000e+00,-1.000000000000000000e+00,-1.000000000000000000e+00,-1.000000000000000000e+00,-1.000000000000000000e+00,-1.000000000000000000e+00,-1.000000000000000000e+00,-1.000000000000000000e+00,-1.000000000000000000e+00,-1.000000000000000000e+00,-1.000000000000000000e+00,-1.000000000000000000e+00,-1.000000000000000000e+00,-1.000000000000000000e+00,-1.000000000000000000e+00,-1.000000000000000000e+00,-1.000000000000000000e+00,-1.000000000000000000e+00,-1.000000000000000000e+00,-1.000000000000000000e+00,-1.000000000000000000e+00
4.162208437919616699e-01,4.216822385787963867e-01,3.474293066574318800e-07,4.387722909450531006e-01,3.297007083892822266e-01,-2.296502515673637390e-02,4.329573512077331543e-01,2.200316041707992554e-01,-3.577408939599990845e-02,4.267669022083282471e-01,1.431048810482025146e-01,-4.778406769037246704e-02,4.315362572669982910e-01,8.887805044651031494e-02,-6.163425371050834656e-02,3.679138720035552979e-01,1.566400825977325439e-01,-3.693373873829841614e-02,3.346988558769226074e-01,6.254097819328308105e-02,-6.124746426939964294e-02,3.137422800064086914e-01,6.018266081809997559e-03,-7.965321093797683716e-02,2.930292487144470215e-01,-3.778173029422760010e-02,-9.312830865383148193e-02,3.372546434402465820e-01,1.933075636625289917e-01,-4.343039169907569885e-02,2.881344556808471680e-01,9.884456545114517212e-02,-6.783284246921539307e-02,2.523872256278991699e-01,4.987250268459320068e-02,-8.722900599241256714e-02,2.187112569808959961e-01,1.717147231101989746e-02,-1.010195910930633545e-01,3.178752958774566650e-01,2.496232837438583374e-01,-5.186852440237998962e-02,2.649518847465515137e-01,1.763309389352798462e-01,-7.579211890697479248e-02,2.281934767961502075e-01,1.367815732955932617e-01,-9.235487133264541626e-02,1.949026435613632202e-01,1.073993816971778870e-01,-1.034985184669494629e-01,3.061344921588897705e-01,3.219347596168518066e-01,-6.194752454757690430e-02,2.599083781242370605e-01,2.817226350307464600e-01,-8.432754129171371460e-02,2.290802597999572754e-01,2.596655488014221191e-01,-9.521034359931945801e-02,2.004102915525436401e-01,2.386865168809890747e-01,-1.021029502153396606e-01,-1.000000000000000000e+00,-1.000000000000000000e+00,-1.000000000000000000e+00,-1.000000000000000000e+00,-1.000000000000000000e+00,-1.000000000000000000e+00,-1.000000000000000000e+00,-1.000000000000000000e+00,-1.000000000000000000e+00,-1.000000000000000000e+00,-1.000000000000000000e+00,-1.000000000000000000e+00,-1.000000000000000000e+00,-1.000000000000000000e+00,-1.000000000000000000e+00,-1.000000000000000000e+00,-1.000000000000000000e+00,-1.000000000000000000e+00,-1.000000000000000000e+00,-1.000000000000000000e+00,-1.000000000000000000e+00,-1.000000000000000000e+00,-1.000000000000000000e+00,-1.000000000000000000e+00,-1.000000000000000000e+00,-1.000000000000000000e+00,-1.000000000000000000e+00,-1.000000000000000000e+00,-1.000000000000000000e+00,-1.000000000000000000e+00,-1.000000000000000000e+00,-1.000000000000000000e+00,-1.000000000000000000e+00,-1.000000000000000000e+00,-1.000000000000000000e+00,-1.000000000000000000e+00,-1.000000000000000000e+00,-1.000000000000000000e+00,-1.000000000000000000e+00,-1.000000000000000000e+00,-1.000000000000000000e+00,-1.000000000000000000e+00,-1.000000000000000000e+00,-1.000000000000000000e+00,-1.000000000000000000e+00,-1.000000000000000000e+00,-1.000000000000000000e+00,-1.000000000000000000e+00,-1.000000000000000000e+00,-1.000000000000000000e+00,-1.000000000000000000e+00,-1.000000000000000000e+00,-1.000000000000000000e+00,-1.000000000000000000e+00,-1.000000000000000000e+00,-1.000000000000000000e+00,-1.000000000000000000e+00,-1.000000000000000000e+00,-1.000000000000000000e+00,-1.000000000000000000e+00,-1.000000000000000000e+00,-1.000000000000000000e+00,-1.000000000000000000e+00
3.995289504528045654e-01,4.421048164367675781e-01,3.093995815106609371e-07,4.186012446880340576e-01,3.479802310466766357e-01,-2.780697308480739594e-02,4.046543538570404053e-01,2.419537752866744995e-01,-4.137330129742622375e-02,3.886899948120117188e-01,1.668426692485809326e-01,-5.314085260033607483e-02,3.900294899940490723e-01,1.088976114988327026e-01,-6.625977903604507446e-02,3.322043716907501221e-01,1.967654228210449219e-01,-3.936344757676124573e-02,2.927032113075256348e-01,1.170055270195007324e-01,-6.275998055934906006e-02,2.676745653152465820e-01,6.922525167465209961e-02,-7.951597124338150024e-02,2.437697499990463257e-01,3.122377395629882812e-02,-9.237355738878250122e-02,3.022851645946502686e-01,2.381376922130584717e-01,-4.235431551933288574e-02,2.458934336900711060e-01,1.583984494209289551e-01,-6.613829731941223145e-02,2.100719958543777466e-01,1.128194108605384827e-01,-8.459664881229400635e-02,1.771242916584014893e-01,7.881544530391693115e-02,-9.839054197072982788e-02,2.865090072154998779e-01,2.942382097244262695e-01,-4.779250174760818481e-02,2.257349044084548950e-01,2.404988855123519897e-01,-7.190020382404327393e-02,1.868542879819869995e-01,2.076893597841262817e-01,-8.876277506351470947e-02,1.528688222169876099e-01,1.800972223281860352e-01,-1.004540994763374329e-01,2.802189588546752930e-01,3.621793985366821289e-01,-5.532818660140037537e-02,2.299449145793914795e-01,3.324995338916778564e-01,-7.779383659362792969e-02,1.982979327440261841e-01,3.141105175018310547e-01,-9.034855663776397705e-02,1.691623479127883911e-01,2.944674193859100342e-01,-9.907476603984832764e-02,-1.000000000000000000e+00,-1.000000000000000000e+00,-1.000000000000000000e+00,-1.000000000000000000e+00,-1.000000000000000000e+00,-1.000000000000000000e+00,-1.000000000000000000e+00,-1.000000000000000000e+00,-1.000000000000000000e+00,-1.000000000000000000e+00,-1.000000000000000000e+00,-1.000000000000000000e+00,-1.000000000000000000e+00,-1.000000000000000000e+00,-1.000000000000000000e+00,-1.000000000000000000e+00,-1.000000000000000000e+00,-1.000000000000000000e+00,-1.000000000000000000e+00,-1.000000000000000000e+00,-1.000000000000000000e+00,-1.000000000000000000e+00,-1.000000000000000000e+00,-1.000000000000000000e+00,-1.000000000000000000e+00,-1.000000000000000000e+00,-1.000000000000000000e+00,-1.000000000000000000e+00,-1.000000000000000000e+00,-1.000000000000000000e+00,-1.000000000000000000e+00,-1.000000000000000000e+00,-1.000000000000000000e+00,-1.000000000000000000e+00,-1.000000000000000000e+00,-1.000000000000000000e+00,-1.000000000000000000e+00,-1.000000000000000000e+00,-1.000000000000000000e+00,-1.000000000000000000e+00,-1.000000000000000000e+00,-1.000000000000000000e+00,-1.000000000000000000e+00,-1.000000000000000000e+00,-1.000000000000000000e+00,-1.000000000000000000e+00,-1.000000000000000000e+00,-1.000000000000000000e+00,-1.000000000000000000e+00,-1.000000000000000000e+00,-1.000000000000000000e+00,-1.000000000000000000e+00,-1.000000000000000000e+00,-1.000000000000000000e+00,-1.000000000000000000e+00,-1.000000000000000000e+00,-1.000000000000000000e+00,-1.000000000000000000e+00,-1.000000000000000000e+00,-1.000000000000000000e+00,-1.000000000000000000e+00,-1.000000000000000000e+00,-1.000000000000000000e+00
3.791968226432800293e-01,4.751597046852111816e-01,3.079107671055680839e-07,3.951345086097717285e-01,3.828151524066925049e-01,-2.921997196972370148e-02,3.771180808544158936e-01,2.810774445533752441e-01,-4.241963475942611694e-02,3.567336797714233398e-01,1.996923983097076416e-01,-5.311087891459465027e-02,3.530099391937255859e-01,1.333233863115310669e-01,-6.429080665111541748e-02,3.025737106800079346e-01,2.394447773694992065e-01,-3.746071085333824158e-02,2.581628859043121338e-01,1.671725213527679443e-01,-6.081039831042289734e-02,2.306769490242004395e-01,1.197039484977722168e-01,-7.775450497865676880e-02,2.041040509939193726e-01,7.977138459682464600e-02,-9.044196456670761108e-02,2.725292444229125977e-01,2.791456878185272217e-01,-3.854637965559959412e-02,2.111213952302932739e-01,2.120035439729690552e-01,-6.054542958736419678e-02,1.724110394716262817e-01,1.731666028499603271e-01,-7.631447911262512207e-02,1.367007941007614136e-01,1.431156247854232788e-01,-8.763066679239273071e-02,2.575230002403259277e-01,3.335559070110321045e-01,-4.239935427904129028e-02,1.949797868728637695e-01,2.882750332355499268e-01,-6.446866691112518311e-02,1.560655087232589722e-01,2.608563005924224854e-01,-7.765953242778778076e-02,1.207594126462936401e-01,2.368712723255157471e-01,-8.613774925470352173e-02,2.535347938537597656e-01,3.997758924961090088e-01,-4.881560802459716797e-02,2.021813690662384033e-01,3.788170218467712402e-01,-6.966618448495864868e-02,1.706628501415252686e-01,3.671001493930816650e-01,-7.959017902612686157e-02,1.409602612257003784e-01,3.547266423702239990e-01,-8.550804853439331055e-02,-1.000000000000000000e+00,-1.000000000000000000e+00,-1.000000000000000000e+00,-1.000000000000000000e+00,-1.000000000000000000e+00,-1.000000000000000000e+00,-1.000000000000000000e+00,-1.000000000000000000e+00,-1.000000000000000000e+00,-1.000000000000000000e+00,-1.000000000000000000e+00,-1.000000000000000000e+00,-1.000000000000000000e+00,-1.000000000000000000e+00,-1.000000000000000000e+00,-1.000000000000000000e+00,-1.000000000000000000e+00,-1.000000000000000000e+00,-1.000000000000000000e+00,-1.000000000000000000e+00,-1.000000000000000000e+00,-1.000000000000000000e+00,-1.000000000000000000e+00,-1.000000000000000000e+00,-1.000000000000000000e+00,-1.000000000000000000e+00,-1.000000000000000000e+00,-1.000000000000000000e+00,-1.000000000000000000e+00,-1.000000000000000000e+00,-1.000000000000000000e+00,-1.000000000000000000e+00,-1.000000000000000000e+00,-1.000000000000000000e+00,-1.000000000000000000e+00,-1.000000000000000000e+00,-1.000000000000000000e+00,-1.000000000000000000e+00,-1.000000000000000000e+00,-1.000000000000000000e+00,-1.000000000000000000e+00,-1.000000000000000000e+00,-1.000000000000000000e+00,-1.000000000000000000e+00,-1.000000000000000000e+00,-1.000000000000000000e+00,-1.000000000000000000e+00,-1.000000000000000000e+00,-1.000000000000000000e+00,-1.000000000000000000e+00,-1.000000000000000000e+00,-1.000000000000000000e+00,-1.000000000000000000e+00,-1.000000000000000000e+00,-1.000000000000000000e+00,-1.000000000000000000e+00,-1.000000000000000000e+00,-1.000000000000000000e+00,-1.000000000000000000e+00,-1.000000000000000000e+00,-1.000000000000000000e+00,-1.000000000000000000e+00,-1.000000000000000000e+00
3.692218959331512451e-01,4.937645792961120605e-01,3.049380836728232680e-07,3.790227770805358887e-01,4.020923376083374023e-01,-2.840147539973258972e-02,3.558778464794158936e-01,3.066803216934204102e-01,-4.054149612784385681e-02,3.316853642463684082e-01,2.287782728672027588e-01,-5.068337917327880859e-02,3.239835500717163086e-01,1.602005362510681152e-01,-6.078021973371505737e-02,2.756889164447784424e-01,2.736655771732330322e-01,-2.898552827537059784e-02,2.300667911767959595e-01,2.018325626850128174e-01,-4.929405823349952698e-02,2.004725337028503418e-01,1.578717082738876343e-01,-6.456024199724197388e-02,1.726960539817810059e-01,1.223063170909881592e-01,-7.612793147563934326e-02,2.476979941129684448e-01,3.171207308769226074e-01,-2.910400740802288055e-02,1.835114061832427979e-01,2.597646415233612061e-01,-4.830012843012809753e-02,1.441166102886199951e-01,2.246357500553131104e-01,-6.242137402296066284e-02,1.090711355209350586e-01,1.968776285648345947e-01,-7.215756177902221680e-02,2.356165647506713867e-01,3.710180521011352539e-01,-3.243200853466987610e-02,1.720691919326782227e-01,3.349438011646270752e-01,-5.189208686351776123e-02,1.331204473972320557e-01,3.105260729789733887e-01,-6.376018375158309937e-02,9.804046154022216797e-02,2.867190539836883545e-01,-7.120370864868164062e-02,2.358522117137908936e-01,4.329434633255004883e-01,-3.848374634981155396e-02,1.855241656303405762e-01,4.168780446052551270e-01,-5.693671479821205139e-02,1.551565378904342651e-01,4.068222343921661377e-01,-6.575074046850204468e-02,1.266873031854629517e-01,3.943716883659362793e-01,-7.069366425275802612e-02,-1.000000000000000000e+00,-1.000000000000000000e+00,-1.000000000000000000e+00,-1.000000000000000000e+00,-1.000000000000000000e+00,-1.000000000000000000e+00,-1.000000000000000000e+00,-1.000000000000000000e+00,-1.000000000000000000e+00,-1.000000000000000000e+00,-1.000000000000000000e+00,-1.000000000000000000e+00,-1.000000000000000000e+00,-1.000000000000000000e+00,-1.000000000000000000e+00,-1.000000000000000000e+00,-1.000000000000000000e+00,-1.000000000000000000e+00,-1.000000000000000000e+00,-1.000000000000000000e+00,-1.000000000000000000e+00,-1.000000000000000000e+00,-1.000000000000000000e+00,-1.000000000000000000e+00,-1.000000000000000000e+00,-1.000000000000000000e+00,-1.000000000000000000e+00,-1.000000000000000000e+00,-1.000000000000000000e+00,-1.000000000000000000e+00,-1.000000000000000000e+00,-1.000000000000000000e+00,-1.000000000000000000e+00,-1.000000000000000000e+00,-1.000000000000000000e+00,-1.000000000000000000e+00,-1.000000000000000000e+00,-1.000000000000000000e+00,-1.000000000000000000e+00,-1.000000000000000000e+00,-1.000000000000000000e+00,-1.000000000000000000e+00,-1.000000000000000000e+00,-1.000000000000000000e+00,-1.000000000000000000e+00,-1.000000000000000000e+00,-1.000000000000000000e+00,-1.000000000000000000e+00,-1.000000000000000000e+00,-1.000000000000000000e+00,-1.000000000000000000e+00,-1.000000000000000000e+00,-1.000000000000000000e+00,-1.000000000000000000e+00,-1.000000000000000000e+00,-1.000000000000000000e+00,-1.000000000000000000e+00,-1.000000000000000000e+00,-1.000000000000000000e+00,-1.000000000000000000e+00,-1.000000000000000000e+00,-1.000000000000000000e+00,-1.000000000000000000e+00
3.636121451854705811e-01,5.057781338691711426e-01,2.916587789059121860e-07,3.713916540145874023e-01,4.132409095764160156e-01,-2.760777622461318970e-02,3.461600542068481445e-01,3.202842175960540771e-01,-3.926496207714080811e-02,3.191131651401519775e-01,2.421342730522155762e-01,-4.889735206961631775e-02,3.060933649539947510e-01,1.721362322568893433e-01,-5.811117216944694519e-02,2.631597220897674561e-01,2.881403267383575439e-01,-2.478042617440223694e-02,2.148688733577728271e-01,2.188149392604827881e-01,-4.328105226159095764e-02,1.823358088731765747e-01,1.803270727396011353e-01,-5.756410583853721619e-02,1.523762941360473633e-01,1.493494510650634766e-01,-6.873014569282531738e-02,2.360347807407379150e-01,3.341769576072692871e-01,-2.501854673027992249e-02,1.688064634799957275e-01,2.813913822174072266e-01,-4.246105253696441650e-02,1.283928900957107544e-01,2.528117597103118896e-01,-5.614959076046943665e-02,9.315548837184906006e-02,2.295118868350982666e-01,-6.570012122392654419e-02,2.257677763700485229e-01,3.896086215972900391e-01,-2.854282036423683167e-02,1.620007157325744629e-01,3.555859029293060303e-01,-4.687986895442008972e-02,1.222770959138870239e-01,3.351955413818359375e-01,-5.846637487411499023e-02,8.576564490795135498e-02,3.141939342021942139e-01,-6.592191755771636963e-02,2.288386076688766479e-01,4.516156613826751709e-01,-3.475028276443481445e-02,1.787256002426147461e-01,4.377335906028747559e-01,-5.299795791506767273e-02,1.472342014312744141e-01,4.308825433254241943e-01,-6.155771389603614807e-02,1.166930943727493286e-01,4.201667904853820801e-01,-6.630894541740417480e-02,-1.000000000000000000e+00,-1.000000000000000000e+00,-1.000000000000000000e+00,-1.000000000000000000e+00,-1.000000000000000000e+00,-1.000000000000000000e+00,-1.000000000000000000e+00,-1.000000000000000000e+00,-1.000000000000000000e+00,-1.000000000000000000e+00,-1.000000000000000000e+00,-1.000000000000000000e+00,-1.000000000000000000e+00,-1.000000000000000000e+00,-1.000000000000000000e+00,-1.000000000000000000e+00,-1.000000000000000000e+00,-1.000000000000000000e+00,-1.000000000000000000e+00,-1.000000000000000000e+00,-1.000000000000000000e+00,-1.000000000000000000e+00,-1.000000000000000000e+00,-1.000000000000000000e+00,-1.000000000000000000e+00,-1.000000000000000000e+00,-1.000000000000000000e+00,-1.000000000000000000e+00,-1.000000000000000000e+00,-1.000000000000000000e+00,-1.000000000000000000e+00,-1.000000000000000000e+00,-1.000000000000000000e+00,-1.000000000000000000e+00,-1.000000000000000000e+00,-1.000000000000000000e+00,-1.000000000000000000e+00,-1.000000000000000000e+00,-1.000000000000000000e+00,-1.000000000000000000e+00,-1.000000000000000000e+00,-1.000000000000000000e+00,-1.000000000000000000e+00,-1.000000000000000000e+00,-1.000000000000000000e+00,-1.000000000000000000e+00,-1.000000000000000000e+00,-1.000000000000000000e+00,-1.000000000000000000e+00,-1.000000000000000000e+00,-1.000000000000000000e+00,-1.000000000000000000e+00,-1.000000000000000000e+00,-1.000000000000000000e+00,-1.000000000000000000e+00,-1.000000000000000000e+00,-1.000000000000000000e+00,-1.000000000000000000e+00,-1.000000000000000000e+00,-1.000000000000000000e+00,-1.000000000000000000e+00,-1.000000000000000000e+00,-1.000000000000000000e+00
3.639081120491027832e-01,5.077145695686340332e-01,2.740243019161425764e-07,3.730599582195281982e-01,4.126308858394622803e-01,-2.581872604787349701e-02,3.470647633075714111e-01,3.180037736892700195e-01,-3.595102578401565552e-02,3.193761706352233887e-01,2.383177280426025391e-01,-4.435745999217033386e-02,3.050077259540557861e-01,1.701727807521820068e-01,-5.238414555788040161e-02,2.610919177532196045e-01,2.904200255870819092e-01,-2.263760939240455627e-02,2.135203927755355835e-01,2.198652178049087524e-01,-3.967794030904769897e-02,1.812024861574172974e-01,1.802072077989578247e-01,-5.289037153124809265e-02,1.523013114929199219e-01,1.491355150938034058e-01,-6.328982114791870117e-02,2.346231043338775635e-01,3.368884623050689697e-01,-2.332395873963832855e-02,1.677568554878234863e-01,2.816464602947235107e-01,-3.909540176391601562e-02,1.274575740098953247e-01,2.507014274597167969e-01,-5.175798013806343079e-02,9.338845312595367432e-02,2.287981808185577393e-01,-6.084533780813217163e-02,2.251267135143280029e-01,3.908679485321044922e-01,-2.721858583390712738e-02,1.615746170282363892e-01,3.545315563678741455e-01,-4.391899704933166504e-02,1.214234083890914917e-01,3.312785625457763672e-01,-5.564169958233833313e-02,8.516612648963928223e-02,3.101699352264404297e-01,-6.359846144914627075e-02,2.286037653684616089e-01,4.500432014465332031e-01,-3.366208449006080627e-02,1.779674887657165527e-01,4.379488527774810791e-01,-5.044976249337196350e-02,1.454741656780242920e-01,4.289766848087310791e-01,-5.906634032726287842e-02,1.151394993066787720e-01,4.166260659694671631e-01,-6.430959701538085938e-02,-1.000000000000000000e+00,-1.000000000000000000e+00,-1.000000000000000000e+00,-1.000000000000000000e+00,-1.000000000000000000e+00,-1.000000000000000000e+00,-1.000000000000000000e+00,-1.000000000000000000e+00,-1.000000000000000000e+00,-1.000000000000000000e+00,-1.000000000000000000e+00,-1.000000000000000000e+00,-1.000000000000000000e+00,-1.000000000000000000e+00,-1.000000000000000000e+00,-1.000000000000000000e+00,-1.000000000000000000e+00,-1.000000000000000000e+00,-1.000000000000000000e+00,-1.000000000000000000e+00,-1.000000000000000000e+00,-1.000000000000000000e+00,-1.000000000000000000e+00,-1.000000000000000000e+00,-1.000000000000000000e+00,-1.000000000000000000e+00,-1.000000000000000000e+00,-1.000000000000000000e+00,-1.000000000000000000e+00,-1.000000000000000000e+00,-1.000000000000000000e+00,-1.000000000000000000e+00,-1.000000000000000000e+00,-1.000000000000000000e+00,-1.000000000000000000e+00,-1.000000000000000000e+00,-1.000000000000000000e+00,-1.000000000000000000e+00,-1.000000000000000000e+00,-1.000000000000000000e+00,-1.000000000000000000e+00,-1.000000000000000000e+00,-1.000000000000000000e+00,-1.000000000000000000e+00,-1.000000000000000000e+00,-1.000000000000000000e+00,-1.000000000000000000e+00,-1.000000000000000000e+00,-1.000000000000000000e+00,-1.000000000000000000e+00,-1.000000000000000000e+00,-1.000000000000000000e+00,-1.000000000000000000e+00,-1.000000000000000000e+00,-1.000000000000000000e+00,-1.000000000000000000e+00,-1.000000000000000000e+00,-1.000000000000000000e+00,-1.000000000000000000e+00,-1.000000000000000000e+00,-1.000000000000000000e+00,-1.000000000000000000e+00,-1.000000000000000000e+00
